cfg,seed,condition,image,focus_score,feature_score,flag_focus,flag_features,flag_either,pearson,mean_sigma,flag_focus_or_sigma
chipstain_nll,0,clean,0,0.04575068928450787,3.5919671203403625,False,False,False,0.8084973644864345,0.0381014049053192,False
chipstain_nll,0,blur σ=1 px,0,3.899899222078282,877.8792464267603,True,True,True,0.092409971068012,0.1940323561429977,True
chipstain_nll,0,blur σ=2 px,0,7.35054361019836,182989.00779559358,True,True,True,0.0564265974594615,0.3675092160701751,True
chipstain_nll,0,blur σ=4 px,0,11.15481464374789,533246.5890795348,True,True,True,0.0752390043682287,0.4075464606285095,True
chipstain_nll,0,noise 10 %,0,0.46710726894169796,34.88949862148576,False,False,False,0.4891775554954394,0.1450380235910415,True
chipstain_nll,0,noise 20 %,0,0.8960093510185106,45.175405772798946,True,False,True,0.3205880718167833,0.1972539126873016,True
chipstain_nll,0,modality: DPC,0,5.5209248366213375,629749.9148666845,True,True,True,0.0582843858571591,0.5337189435958862,True
chipstain_nll,0,clean,1,0.057781069251605144,5.122545962692694,False,False,False,0.783099460531468,0.0607368350028991,False
chipstain_nll,0,blur σ=1 px,1,3.799506720376904,774.2782389969481,True,True,True,0.0602355991774831,0.1632803082466125,True
chipstain_nll,0,blur σ=2 px,1,7.1469150411026865,251812.43491219298,True,True,True,0.0302149594169843,0.3661313951015472,True
chipstain_nll,0,blur σ=4 px,1,10.864507208019738,660805.2598373507,True,True,True,0.0619656937635196,0.4197033643722534,True
chipstain_nll,0,noise 10 %,1,0.49638728573272217,35.55307612955606,True,False,True,0.4874017242662915,0.1597632616758346,True
chipstain_nll,0,noise 20 %,1,0.937072411963648,48.36193194389251,True,False,True,0.3076903107007012,0.202142521739006,True
chipstain_nll,0,modality: DPC,1,5.0572750171073695,362553.3858047141,True,True,True,0.0132961717263598,0.5060898661613464,True
chipstain_nll,0,clean,2,0.18037047775673243,2.6792881848916346,False,False,False,0.797875288424987,0.0462436974048614,False
chipstain_nll,0,blur σ=1 px,2,2.8209439324747896,7442.248029152045,True,True,True,0.2990176608025392,0.2066843956708908,True
chipstain_nll,0,blur σ=2 px,2,5.692290035327132,442948.78566858615,True,True,True,0.1665400346101119,0.4075629711151123,True
chipstain_nll,0,blur σ=4 px,2,9.392137126371765,1067696.6924052776,True,True,True,0.1677001521126312,0.4755359292030334,True
chipstain_nll,0,noise 10 %,2,0.604652140843741,35.49648723416838,True,False,True,0.5536276080033216,0.1499046385288238,True
chipstain_nll,0,noise 20 %,2,1.0054009427056358,42.00821409131291,True,False,True,0.3921301194800202,0.1961921453475952,True
chipstain_nll,0,modality: DPC,2,5.168069382139641,352104.32354621217,True,True,True,0.1587923967677582,0.4858557283878326,True
chipstain_nll,0,clean,3,0.09276428975930837,11.179087642614101,False,False,False,0.7181816027678588,0.0899185091257095,False
chipstain_nll,0,blur σ=1 px,3,2.7122701432516543,6104.162477191029,True,True,True,0.2411458093594776,0.1932093650102615,True
chipstain_nll,0,blur σ=2 px,3,5.08827816873516,298031.83287533704,True,True,True,0.1551266128007588,0.3867662250995636,True
chipstain_nll,0,blur σ=4 px,3,8.55086349138362,867978.922843909,True,True,True,0.1464065942858269,0.4648125767707824,True
chipstain_nll,0,noise 10 %,3,0.49288143387090455,27.9279830035818,True,False,True,0.524308051225307,0.1781638711690902,True
chipstain_nll,0,noise 20 %,3,1.007527411946073,41.01452119892045,True,False,True,0.3554251485693135,0.2106220722198486,True
chipstain_nll,0,modality: DPC,3,5.081342983609809,317799.360547709,True,True,True,0.1442063669466047,0.4352900385856628,True
chipstain_nll,0,clean,4,0.2758464589549069,5.237156405560815,False,False,False,0.7887706063282894,0.055678516626358,False
chipstain_nll,0,blur σ=1 px,4,2.787296559599588,4388.889745446441,True,True,True,0.2419489998479156,0.1560669541358947,True
chipstain_nll,0,blur σ=2 px,4,5.870328468046767,280800.6628792583,True,True,True,0.1142071497945544,0.3610664904117584,True
chipstain_nll,0,blur σ=4 px,4,9.345853019431951,790419.1414762142,True,True,True,0.1099438743255563,0.4440895020961761,True
chipstain_nll,0,noise 10 %,4,0.6722090667245396,37.403249672168634,True,False,True,0.5913528431060237,0.1458871811628341,True
chipstain_nll,0,noise 20 %,4,1.0636434705345883,42.451131523092265,True,False,True,0.4077822033828417,0.2017717212438583,True
chipstain_nll,0,modality: DPC,4,5.002704212259178,191399.44407209466,True,True,True,0.1064639722545756,0.4597300589084625,True
chipstain_nll,0,clean,5,0.3371262957948119,19.41461199699734,False,False,False,0.708567696244343,0.099079430103302,False
chipstain_nll,0,blur σ=1 px,5,2.8245341615358726,5136.047175753766,True,True,True,0.1616088143057883,0.2261969745159149,True
chipstain_nll,0,blur σ=2 px,5,4.989581187094065,188315.3733459171,True,True,True,0.1545423036175804,0.3806818127632141,True
chipstain_nll,0,blur σ=4 px,5,7.982329920325723,334034.4750994056,True,True,True,0.1528090502214957,0.3985390365123749,True
chipstain_nll,0,noise 10 %,5,0.38109084601558785,28.072436603604697,False,False,False,0.551218654148805,0.1676924526691436,True
chipstain_nll,0,noise 20 %,5,0.9870961683517894,41.82131005429422,True,False,True,0.4060688543807176,0.2063552439212799,True
chipstain_nll,0,modality: DPC,5,5.19841098283569,197176.35460990475,True,True,True,0.156394352906732,0.3722075819969177,True
chipstain_nll,0,clean,6,0.008087969632805073,5.850455343799036,False,False,False,0.7923087117169532,0.0704388543963432,False
chipstain_nll,0,blur σ=1 px,6,2.76212241256349,11993.415377604248,True,True,True,0.2914876735339747,0.2458118498325348,True
chipstain_nll,0,blur σ=2 px,6,5.3523578211916645,202888.3349700787,True,True,True,0.1159301944095463,0.3501409292221069,True
chipstain_nll,0,blur σ=4 px,6,8.635473177243627,552408.9903997753,True,True,True,0.0893171873982878,0.4023155570030212,True
chipstain_nll,0,noise 10 %,6,0.5247024106127262,28.99902050308489,True,False,True,0.5830425560024721,0.1610077917575836,True
chipstain_nll,0,noise 20 %,6,1.0075202798834926,40.57996271264906,True,False,True,0.4065196411113524,0.2045124024152755,True
chipstain_nll,0,modality: DPC,6,5.244579446777384,402694.98369932116,True,True,True,0.1145965399482515,0.4531256556510925,True
chipstain_nll,0,clean,7,0.22800374779840643,12.227629656160246,False,False,False,0.7416268166704103,0.0979629531502723,False
chipstain_nll,0,blur σ=1 px,7,2.6442700330321887,863.574292967366,True,True,True,0.3066051868979542,0.1638244390487671,True
chipstain_nll,0,blur σ=2 px,7,5.61439043204728,131951.91974172354,True,True,True,0.0544089440454951,0.3571869432926178,True
chipstain_nll,0,blur σ=4 px,7,9.192153464032588,659510.3115535204,True,True,True,0.057355999408742,0.4483218491077423,True
chipstain_nll,0,noise 10 %,7,0.6343448339414111,27.82713670973991,True,False,True,0.5863878303364536,0.1453096866607666,True
chipstain_nll,0,noise 20 %,7,1.0476673321169292,41.28643494426193,True,False,True,0.4015621654744441,0.1945380568504333,True
chipstain_nll,0,modality: DPC,7,5.159559008654245,314620.2019307678,True,True,True,0.0786433725434371,0.43733811378479,True
chipstain_nll,0,clean,8,0.1998772475703875,2.8739967874487933,False,False,False,0.8424027416069596,0.0352765992283821,False
chipstain_nll,0,blur σ=1 px,8,3.3596226977722314,415.3444311669647,True,True,True,0.3179119278330029,0.1256448477506637,True
chipstain_nll,0,blur σ=2 px,8,6.804698728216713,49639.006278543944,True,True,True,0.0368932224792583,0.3467547595500946,True
chipstain_nll,0,blur σ=4 px,8,10.570405727005557,376840.27679704205,True,True,True,0.0790125542790473,0.4272944629192352,True
chipstain_nll,0,noise 10 %,8,0.5772746793054482,40.3836830192647,True,False,True,0.5513528483033523,0.1317926198244094,True
chipstain_nll,0,noise 20 %,8,0.9679147069116091,44.83268889761774,True,False,True,0.386600401130726,0.1865560412406921,True
chipstain_nll,0,modality: DPC,8,5.344608847647927,441873.4977837579,True,True,True,0.1104161534734834,0.560914158821106,True
chipstain_nll,0,clean,9,0.3832935315429039,7.457445821442772,False,False,False,0.7850868017262791,0.0612515397369861,False
chipstain_nll,0,blur σ=1 px,9,3.2040259516242884,361.6135229068089,True,True,True,0.2408611669154731,0.0821548327803611,True
chipstain_nll,0,blur σ=2 px,9,6.690605074211096,73734.95381374999,True,True,True,0.0495680329408566,0.3619959950447082,True
chipstain_nll,0,blur σ=4 px,9,10.463297850660288,542875.2085141243,True,True,True,0.1241100787048235,0.4440532326698303,True
chipstain_nll,0,noise 10 %,9,0.6970183605429986,34.72726198772607,True,False,True,0.5610934950736488,0.1549429595470428,True
chipstain_nll,0,noise 20 %,9,1.042271012471003,45.23589088098551,True,False,True,0.3574243522007923,0.2017780989408493,True
chipstain_nll,0,modality: DPC,9,4.771630029243484,159437.12940641638,True,True,True,0.053826029870785,0.5013371706008911,True
chipstain_nll,0,clean,10,0.2423844073846624,6.378180838315439,False,False,False,0.794494432604764,0.0220752786844968,False
chipstain_nll,0,blur σ=1 px,10,4.623404014560214,7077.058104901929,True,True,True,0.0727103577037198,0.2151352316141128,True
chipstain_nll,0,blur σ=2 px,10,8.263219095895062,294483.93519349705,True,True,True,0.0916913201420706,0.3649096190929413,True
chipstain_nll,0,blur σ=4 px,10,11.903956541350047,609797.7597931445,True,True,True,0.1239610693952742,0.4109005331993103,True
chipstain_nll,0,noise 10 %,10,0.2759117602186967,47.71404913786279,False,False,False,0.414210458918409,0.1395490020513534,True
chipstain_nll,0,noise 20 %,10,0.7799510706865993,49.10446997716501,True,False,True,0.2460197466904027,0.1949207782745361,True
chipstain_nll,0,modality: DPC,10,5.97260627662641,893398.298498016,True,True,True,0.0844623138773879,0.5609118342399597,True
chipstain_nll,0,clean,11,0.03689973268463602,2.8813625210973006,False,False,False,0.7409109799264573,0.0336654596030712,False
chipstain_nll,0,blur σ=1 px,11,4.390981673680985,3341.9645304637934,True,True,True,0.0600622643693068,0.1935572922229766,True
chipstain_nll,0,blur σ=2 px,11,8.042220932416887,251711.75579505172,True,True,True,0.0660382199886022,0.3716581463813782,True
chipstain_nll,0,blur σ=4 px,11,11.667637090266505,620777.1916622594,True,True,True,0.1117040501282242,0.4156160950660705,True
chipstain_nll,0,noise 10 %,11,0.4217811527308687,43.25160335383225,False,False,False,0.4623880152353398,0.1423240303993225,True
chipstain_nll,0,noise 20 %,11,0.8606210652985915,46.66288048160596,True,False,True,0.2860272241653477,0.1975042670965194,True
chipstain_nll,0,modality: DPC,11,5.369809875297368,512847.04942411266,True,True,True,0.0482693763290616,0.5695441365242004,True
chipstain_nll,0,clean,12,0.72719544026552,8.824428522712065,True,False,True,0.7629508202740327,0.0414624810218811,True
chipstain_nll,0,blur σ=1 px,12,4.5030323735353885,106826.46325298268,True,True,True,0.0551774502355412,0.3036502301692962,True
chipstain_nll,0,blur σ=2 px,12,7.381134788909712,582969.6006184338,True,True,True,0.0738406674337705,0.3889047503471374,True
chipstain_nll,0,blur σ=4 px,12,11.002805398138591,838775.7903329647,True,True,True,0.0868909920019002,0.4179017841815948,True
chipstain_nll,0,noise 10 %,12,0.04993481520001679,43.59991363881586,False,False,False,0.4474393436179995,0.1348163485527038,True
chipstain_nll,0,noise 20 %,12,0.6721100408317191,48.09115556543764,True,False,True,0.2654245217563463,0.19380883872509,True
chipstain_nll,0,modality: DPC,12,5.896543328807319,1060505.142859978,True,True,True,0.0774307792792516,0.525646984577179,True
chipstain_nll,0,clean,13,0.4472931851041706,6.520219424490747,False,False,False,0.6980394949804177,0.0395249873399734,False
chipstain_nll,0,blur σ=1 px,13,4.3737637309152735,50321.58538743358,True,True,True,0.0391758680116506,0.2585919201374054,True
chipstain_nll,0,blur σ=2 px,13,7.43958735685054,456190.8594042901,True,True,True,0.0403674674688781,0.3676480650901794,True
chipstain_nll,0,blur σ=4 px,13,11.126606210173595,722853.7828425831,True,True,True,0.0694088902767427,0.4032775163650512,True
chipstain_nll,0,noise 10 %,13,0.15412463816761973,39.475832731617736,False,False,False,0.4222141563520662,0.1387970000505447,True
chipstain_nll,0,noise 20 %,13,0.7168737495882412,47.32127832025947,True,False,True,0.2251978147629429,0.1960365325212478,True
chipstain_nll,0,modality: DPC,13,5.481503692917686,760912.2997302366,True,True,True,0.0011252252569372,0.5280905365943909,True
chipstain_nll,0,clean,14,0.7314481211199624,8.065762259469404,True,False,True,0.8053876563658824,0.0465197302401065,True
chipstain_nll,0,blur σ=1 px,14,4.267746819223614,59062.41863014297,True,True,True,0.0720999689057944,0.3009829521179199,True
chipstain_nll,0,blur σ=2 px,14,7.196407571558957,447200.2032121338,True,True,True,0.046697192399959,0.3874790072441101,True
chipstain_nll,0,blur σ=4 px,14,10.815921090898398,665337.5461627352,True,True,True,0.0420559684497166,0.4112137258052826,True
chipstain_nll,0,noise 10 %,14,0.06498784538388996,40.63379552551875,False,False,False,0.4805598828132913,0.1423387378454208,True
chipstain_nll,0,noise 20 %,14,0.6806370353537629,46.913494436018695,True,False,True,0.3031811062170781,0.1949829012155532,True
chipstain_nll,0,modality: DPC,14,5.937231548209419,915043.974965731,True,True,True,0.0540716064245303,0.5589598417282104,True
chipstain_nll,0,clean,15,0.5341866151209765,7.956915987024097,True,False,True,0.7653367678510609,0.0658214539289474,True
chipstain_nll,0,blur σ=1 px,15,4.024075501447166,59056.22025136486,True,True,True,0.0224955657527691,0.3046227097511291,True
chipstain_nll,0,blur σ=2 px,15,6.908350870988361,517853.8040240067,True,True,True,0.0207684308871332,0.3959536850452423,True
chipstain_nll,0,blur σ=4 px,15,10.567238573744008,783653.2901322753,True,True,True,0.0279159181533054,0.4197188317775726,True
chipstain_nll,0,noise 10 %,15,0.14024977982794407,40.94976103540355,False,False,False,0.4843525902344112,0.1485068500041961,True
chipstain_nll,0,noise 20 %,15,0.7177154116991981,49.08904828611108,True,False,True,0.286155849887145,0.1986194401979446,True
chipstain_nll,0,modality: DPC,15,5.38803983426327,549933.2251916109,True,True,True,-0.0042141951600956,0.5857840776443481,True
chipstain_nll,0,clean,16,0.37504902970620846,6.707424337971909,False,False,False,0.8198376171748422,0.0388405174016952,False
chipstain_nll,0,blur σ=1 px,16,4.699958542889303,13171.697521208453,True,True,True,-0.0061696413133087,0.2305012792348861,True
chipstain_nll,0,blur σ=2 px,16,8.2164351989758,233726.33321976537,True,True,True,0.0028986912109317,0.3573355376720428,True
chipstain_nll,0,blur σ=4 px,16,12.005043895946972,491821.5005197206,True,True,True,0.0291990678394676,0.3973367214202881,True
chipstain_nll,0,noise 10 %,16,0.2109029448079817,47.016156576627665,False,False,False,0.4802383343379839,0.1331318914890289,False
chipstain_nll,0,noise 20 %,16,0.7611936252046847,49.03030229838975,True,False,True,0.2878508332344677,0.1943539083003997,True
chipstain_nll,0,modality: DPC,16,5.727518222065436,897225.0688263077,True,True,True,0.1044711494491884,0.497884452342987,True
chipstain_nll,0,clean,17,0.37047561560139153,7.078115208278387,False,False,False,0.7702050812610348,0.0593766421079635,False
chipstain_nll,0,blur σ=1 px,17,4.11101438936201,30188.20371560693,True,True,True,-0.0085823326513453,0.2400363534688949,True
chipstain_nll,0,blur σ=2 px,17,7.0875750936306865,342901.85825899855,True,True,True,-0.0003469368187847,0.3793748319149017,True
chipstain_nll,0,blur σ=4 px,17,10.741498660941915,595583.0995929086,True,True,True,0.0129871549863478,0.4180962741374969,True
chipstain_nll,0,noise 10 %,17,0.19713392386913647,33.40740421423298,False,False,False,0.5022352697331764,0.1491225659847259,True
chipstain_nll,0,noise 20 %,17,0.7491682842222,46.4311019121002,True,False,True,0.3134847958906788,0.1980990618467331,True
chipstain_nll,0,modality: DPC,17,5.464399317941364,639657.2887138616,True,True,True,0.0538509557773861,0.4969785213470459,True
chipstain_nll,0,clean,18,0.462942009755166,9.5602183083418,False,False,False,0.7922903203247288,0.0201321970671415,False
chipstain_nll,0,blur σ=1 px,18,4.4870390872380055,8840.701452748457,True,True,True,0.1215846952690986,0.206092432141304,True
chipstain_nll,0,blur σ=2 px,18,7.536508795557481,381707.683508664,True,True,True,0.1411799379837836,0.3754026889801025,True
chipstain_nll,0,blur σ=4 px,18,11.503833939495355,636449.6217567401,True,True,True,0.1362586101140756,0.4287236332893371,True
chipstain_nll,0,noise 10 %,18,0.20423780645714473,45.879571668056634,False,False,False,0.4002369203251099,0.1575269252061844,True
chipstain_nll,0,noise 20 %,18,0.7795194594252135,50.97497071556872,True,False,True,0.2523086458635188,0.2000584602355957,True
chipstain_nll,0,modality: DPC,18,6.304421633387965,1295153.8783121528,True,True,True,0.1856846606314967,0.4848575294017792,True
chipstain_nll,0,clean,19,0.5246141621094869,6.6655578626480105,True,False,True,0.783277663361181,0.0263339951634407,True
chipstain_nll,0,blur σ=1 px,19,4.576635849164393,59633.33541820502,True,True,True,0.0450253662148123,0.2943281531333923,True
chipstain_nll,0,blur σ=2 px,19,7.507713507086075,577774.3987277931,True,True,True,0.0684867753183987,0.4264372587203979,True
chipstain_nll,0,blur σ=4 px,19,11.533701860443502,852343.2511427372,True,True,True,0.0719320832312901,0.4690819978713989,True
chipstain_nll,0,noise 10 %,19,0.17125967015075616,44.175342380798895,False,False,False,0.3864347615555004,0.158521756529808,True
chipstain_nll,0,noise 20 %,19,0.7858830652730123,50.27197460069812,True,False,True,0.2269721109059319,0.20005664229393,True
chipstain_nll,0,modality: DPC,19,5.633598602565174,1014253.469936455,True,True,True,0.0721886783697055,0.4690910577774048,True
chipstain_nll,0,clean,20,0.14510532547730984,3.0000666273839105,False,False,False,0.8034620066143038,0.0327147655189037,False
chipstain_nll,0,blur σ=1 px,20,3.939924614844377,13297.523823084513,True,True,True,0.14780527580697,0.3149073421955108,True
chipstain_nll,0,blur σ=2 px,20,7.34595944104693,500772.6791413947,True,True,True,0.1465824078663957,0.4764224290847778,True
chipstain_nll,0,blur σ=4 px,20,11.117347375260232,1058699.1454822698,True,True,True,0.1780659041298413,0.5014428496360779,True
chipstain_nll,0,noise 10 %,20,0.49206136558015534,48.53765104089658,True,False,True,0.5109350068582726,0.1389322578907013,True
chipstain_nll,0,noise 20 %,20,0.9088316189969718,44.810960390247445,True,False,True,0.3346112120492862,0.1961734890937805,True
chipstain_nll,0,modality: DPC,20,5.558575648748518,501189.57886769454,True,True,True,0.1152262137559194,0.5997259020805359,True
chipstain_nll,0,clean,21,0.041234197152802465,5.1853228843622885,False,False,False,0.7364707549210471,0.0529897026717662,False
chipstain_nll,0,blur σ=1 px,21,3.803623039022177,32243.682396837943,True,True,True,0.1120474886738711,0.3842667937278747,True
chipstain_nll,0,blur σ=2 px,21,7.305672688973047,627833.4019612723,True,True,True,0.1462167664400641,0.4947461187839508,True
chipstain_nll,0,blur σ=4 px,21,11.11813687636646,1244653.3755760381,True,True,True,0.187133931419609,0.5238252878189087,True
chipstain_nll,0,noise 10 %,21,0.4532708416001273,39.464802598159444,False,False,False,0.5183029322104427,0.1375971585512161,True
chipstain_nll,0,noise 20 %,21,0.8977604673032842,46.033829019602855,True,False,True,0.3053458133290433,0.1948870122432708,True
chipstain_nll,0,modality: DPC,21,5.2806086681044455,305836.94146962167,True,True,True,0.1120229397823895,0.572398841381073,True
chipstain_nll,0,clean,22,0.23651331172541484,3.1278353287716256,False,False,False,0.8024027667357476,0.0381147488951683,False
chipstain_nll,0,blur σ=1 px,22,3.0948001432314793,406.55795831620827,True,True,True,0.2075655171111321,0.1617393493652343,True
chipstain_nll,0,blur σ=2 px,22,6.1911668517198555,160594.27446665833,True,True,True,0.0995027452800152,0.3948923349380493,True
chipstain_nll,0,blur σ=4 px,22,10.007185844391147,558008.6597828609,True,True,True,0.0986050425723779,0.4414034783840179,True
chipstain_nll,0,noise 10 %,22,0.5981858340557351,32.812077272436916,True,False,True,0.551121017783138,0.1525097489356994,True
chipstain_nll,0,noise 20 %,22,0.9748156424133109,41.54734341594297,True,False,True,0.3993963226020997,0.198621392250061,True
chipstain_nll,0,modality: DPC,22,5.224814799131462,340324.3363067756,True,True,True,0.1114210341609592,0.5158109664916992,True
chipstain_nll,0,clean,23,0.01336022943090423,19.26765168749643,False,False,False,0.6648797190480806,0.120689257979393,False
chipstain_nll,0,blur σ=1 px,23,2.898375487081953,10971.905895090897,True,True,True,0.1304260987148251,0.2854409515857696,True
chipstain_nll,0,blur σ=2 px,23,5.727085410816262,278777.7791976129,True,True,True,0.0996622794599383,0.4242688417434692,True
chipstain_nll,0,blur σ=4 px,23,9.298382683715229,699063.5462465197,True,True,True,0.0834374141771435,0.4694819450378418,True
chipstain_nll,0,noise 10 %,23,0.49601774160313206,28.008626734552845,True,False,True,0.5194711646221731,0.1639306098222732,True
chipstain_nll,0,noise 20 %,23,0.9662334775892726,41.12902763178563,True,False,True,0.3551298772457484,0.2059264481067657,True
chipstain_nll,0,modality: DPC,23,4.96590577404946,197310.74607943298,True,True,True,0.1424137094277881,0.457820177078247,True
chipstain_nll,0,clean,24,0.24122216011823028,8.013447612516792,False,False,False,0.8163543150433961,0.0317630283534526,False
chipstain_nll,0,blur σ=1 px,24,3.4531849065275826,56942.423983469205,True,True,True,0.0654579154286473,0.3009511828422546,True
chipstain_nll,0,blur σ=2 px,24,6.974273993379438,618687.8704363598,True,True,True,0.0200392191090048,0.4481987953186035,True
chipstain_nll,0,blur σ=4 px,24,10.815856194992922,1227448.1323713777,True,True,True,0.0483289961376931,0.5129649043083191,True
chipstain_nll,0,noise 10 %,24,0.587236563542906,43.14505325570676,True,False,True,0.519237022449644,0.1351482421159744,True
chipstain_nll,0,noise 20 %,24,0.9632178489512206,47.979078470774176,True,False,True,0.3488848779246719,0.1933050900697708,True
chipstain_nll,0,modality: DPC,24,5.277985066871864,664858.32286361,True,True,True,0.0881943064860109,0.509730875492096,True
chipstain_nll,0,clean,25,0.3937403160273978,5.2244731539508695,False,False,False,0.7679239719412916,0.0664504319429397,False
chipstain_nll,0,blur σ=1 px,25,2.9892421614513998,17272.31461589054,True,True,True,0.0733064399697281,0.2593208849430084,True
chipstain_nll,0,blur σ=2 px,25,6.120158004822712,340758.27659890865,True,True,True,-0.0386522839416633,0.4078440964221954,True
chipstain_nll,0,blur σ=4 px,25,9.926604401470941,928376.3800876406,True,True,True,0.020980390399382,0.4859446883201599,True
chipstain_nll,0,noise 10 %,25,0.7139113712387648,41.417957989299715,True,False,True,0.5379148648088762,0.1471938192844391,True
chipstain_nll,0,noise 20 %,25,1.0454910365952672,47.33360440920518,True,False,True,0.338546067669644,0.2015769481658935,True
chipstain_nll,0,modality: DPC,25,4.695371668804133,291190.84002060554,True,True,True,0.0378749283093119,0.4561417698860168,True
chipstain_nll,0,clean,26,0.1649259243280813,4.8555746955225185,False,False,False,0.8188944944282325,0.0371186509728431,False
chipstain_nll,0,blur σ=1 px,26,3.126599180497477,3640.3574875353456,True,True,True,0.3037815295412722,0.1698256134986877,True
chipstain_nll,0,blur σ=2 px,26,5.892399721417679,240285.2879834592,True,True,True,0.1604540921141395,0.3914652466773987,True
chipstain_nll,0,blur σ=4 px,26,9.450312166583911,542558.9481938372,True,True,True,0.1360155323148035,0.4464299976825714,True
chipstain_nll,0,noise 10 %,26,0.3843535296595255,35.81791104565996,False,False,False,0.5367300514435486,0.1581609398126602,True
chipstain_nll,0,noise 20 %,26,0.889681126865741,42.575196427911635,True,False,True,0.3871927991026175,0.2014449387788772,True
chipstain_nll,0,modality: DPC,26,5.577498284110718,612845.7880037581,True,True,True,0.1087579785337227,0.4953498542308807,True
chipstain_nll,0,clean,27,0.19438243005652725,9.831516770780782,False,False,False,0.7715791395185535,0.065861240029335,False
chipstain_nll,0,blur σ=1 px,27,3.069025007247223,2315.9147471594233,True,True,True,0.2974564011725522,0.1699343621730804,True
chipstain_nll,0,blur σ=2 px,27,5.783725071169571,263599.44133381953,True,True,True,0.1439621774021817,0.3927150964736938,True
chipstain_nll,0,blur σ=4 px,27,9.248931086619717,718594.6486011827,True,True,True,0.1176136764939254,0.4582835137844085,True
chipstain_nll,0,noise 10 %,27,0.3907444146892408,31.85820039870845,False,False,False,0.5631828385201616,0.1633964776992797,True
chipstain_nll,0,noise 20 %,27,0.9101908000776369,41.88567177940587,True,False,True,0.3967773297286588,0.2050096094608307,True
chipstain_nll,0,modality: DPC,27,5.307172879294268,463641.032700574,True,True,True,0.0494562672528661,0.4445128440856933,True
chipstain_nll,0,clean,28,0.35951011941284694,6.412685541047594,False,False,False,0.7978692726965317,0.0272035561501979,False
chipstain_nll,0,blur σ=1 px,28,3.7076846807649186,17646.382424388306,True,True,True,0.1195408623113508,0.2404795140028,True
chipstain_nll,0,blur σ=2 px,28,6.732857572232428,381768.48457649583,True,True,True,0.0487927463534765,0.3890349566936493,True
chipstain_nll,0,blur σ=4 px,28,10.371696501803475,625719.3236634079,True,True,True,0.0524908435138545,0.4251836836338043,True
chipstain_nll,0,noise 10 %,28,0.24288419074739528,40.13242617158171,False,False,False,0.5015750745032372,0.1539740860462188,True
chipstain_nll,0,noise 20 %,28,0.7917150230499719,49.88102706553332,True,False,True,0.3412815995918823,0.2002003043889999,True
chipstain_nll,0,modality: DPC,28,5.95636974255463,1055604.3174999445,True,True,True,0.0518585638966359,0.4956820011138916,True
chipstain_nll,0,clean,29,0.21641269499125906,4.804814034278049,False,False,False,0.7582363759436379,0.0532520227134227,False
chipstain_nll,0,blur σ=1 px,29,3.8351933046194553,100589.0110237368,True,True,True,-0.0237423546454635,0.3007199168205261,True
chipstain_nll,0,blur σ=2 px,29,7.108604322351813,584874.3902349522,True,True,True,-0.0418146275478619,0.4252998232841491,True
chipstain_nll,0,blur σ=4 px,29,10.856499085966881,945962.42491098,True,True,True,-0.016565992826398,0.4654200971126556,True
chipstain_nll,0,noise 10 %,29,0.3097284193977266,45.52586479725727,False,False,False,0.4572964546300395,0.1479586362838745,True
chipstain_nll,0,noise 20 %,29,0.8382520508760903,47.62267999020926,True,False,True,0.269951336704389,0.1980682760477066,True
chipstain_nll,0,modality: DPC,29,5.350436819885936,725839.4029106996,True,True,True,-0.0312395460913237,0.5017789602279663,True
chipstain_nll,0,clean,30,0.5320444658847303,8.793427895473993,True,False,True,0.8141531180210173,0.0375766530632972,True
chipstain_nll,0,blur σ=1 px,30,4.904670223953873,71728.24325582602,True,True,True,0.0924372182211462,0.3441198468208313,True
chipstain_nll,0,blur σ=2 px,30,8.46058175715949,619016.6141203254,True,True,True,0.1352208648824221,0.4512980580329895,True
chipstain_nll,0,blur σ=4 px,30,12.092748556084363,946433.7101138034,True,True,True,0.1594218055487535,0.4690178632736206,True
chipstain_nll,0,noise 10 %,30,0.16592566117331642,45.07271741633976,False,False,False,0.4354965317116885,0.1419798880815506,True
chipstain_nll,0,noise 20 %,30,0.7742626482411992,49.0807312932454,True,False,True,0.2727772152419961,0.1967513412237167,True
chipstain_nll,0,modality: DPC,30,6.00700356674843,924416.6050941392,True,True,True,0.1264755786116637,0.5869823694229126,True
chipstain_nll,0,clean,31,0.5088151405015914,5.085698741656276,True,False,True,0.7663465466994107,0.0496386773884296,True
chipstain_nll,0,blur σ=1 px,31,4.80903270950473,180456.0720977195,True,True,True,0.0754957129531918,0.4074155390262604,True
chipstain_nll,0,blur σ=2 px,31,8.006289297514162,881580.1777208883,True,True,True,0.1303680151735368,0.4982192516326904,True
chipstain_nll,0,blur σ=4 px,31,11.59227764793114,1238138.7299993625,True,True,True,0.152333833251418,0.5168154239654541,True
chipstain_nll,0,noise 10 %,31,0.17324642458041153,46.75811806730475,False,False,False,0.4281519776233221,0.1526801735162735,True
chipstain_nll,0,noise 20 %,31,0.7815156506104165,49.209712732808114,True,False,True,0.2393560626493688,0.1990922093391418,True
chipstain_nll,0,modality: DPC,31,5.259482761069256,436558.5631870747,True,True,True,0.0538223685314224,0.6155216097831726,True
chipstain_nll,0,clean,32,0.7562834954635833,11.061522731545779,True,False,True,0.8142168896720342,0.0353858135640621,True
chipstain_nll,0,blur σ=1 px,32,5.300867204254842,79874.70484957668,True,True,True,0.0878097805313185,0.3173360228538513,True
chipstain_nll,0,blur σ=2 px,32,8.82185214769804,551865.5038608902,True,True,True,0.0920217152140417,0.4151344895362854,True
chipstain_nll,0,blur σ=4 px,32,12.1766772320339,804314.9481563903,True,True,True,0.0954090014918175,0.4418094754219055,True
chipstain_nll,0,noise 10 %,32,0.09026880638344296,50.918376657387576,False,False,False,0.3931018507857454,0.1434507817029953,True
chipstain_nll,0,noise 20 %,32,0.731121748312493,52.426747665082914,True,False,True,0.2269511089961844,0.1958888322114944,True
chipstain_nll,0,modality: DPC,32,5.768438609151213,1070525.324294615,True,True,True,0.0467109230026277,0.5631065964698792,True
chipstain_nll,0,clean,33,0.4518797105881144,7.240267973658096,False,False,False,0.7983810400673054,0.0401594601571559,False
chipstain_nll,0,blur σ=1 px,33,4.567309293221296,135124.9236089875,True,True,True,0.0674611497260905,0.3689227104187011,True
chipstain_nll,0,blur σ=2 px,33,7.822658338676453,718987.281146785,True,True,True,0.0548353824956693,0.4505731165409088,True
chipstain_nll,0,blur σ=4 px,33,11.64725602759373,1047526.2376189259,True,True,True,0.0852700932844445,0.480843037366867,True
chipstain_nll,0,noise 10 %,33,0.18920259904615147,42.409518779232535,False,False,False,0.4311538669163266,0.1516004204750061,True
chipstain_nll,0,noise 20 %,33,0.7592991237707803,49.16641437833142,True,False,True,0.2473389878339458,0.1988528072834015,True
chipstain_nll,0,modality: DPC,33,5.17430817401585,864854.7575180324,True,True,True,0.0272638999825725,0.5694941878318787,True
chipstain_nll,0,clean,34,0.4679565398163755,13.164592475353231,True,False,True,0.8532265393737606,0.0302075091749429,True
chipstain_nll,0,blur σ=1 px,34,4.845059531388356,12921.0072008233,True,True,True,0.2369971234705534,0.2807213962078094,True
chipstain_nll,0,blur σ=2 px,34,8.455656381375368,370626.2426182456,True,True,True,0.1914928812706228,0.3942197263240814,True
chipstain_nll,0,blur σ=4 px,34,12.210984853775708,669164.3629941093,True,True,True,0.2070287870762493,0.4276823699474334,True
chipstain_nll,0,noise 10 %,34,0.18691451154323352,48.92113581381868,False,False,False,0.4976443284622953,0.126748114824295,False
chipstain_nll,0,noise 20 %,34,0.7545625196959871,47.85119365234045,True,False,True,0.2770577349119536,0.1907982379198074,True
chipstain_nll,0,modality: DPC,34,5.686875196213262,826141.2432195087,True,True,True,0.1804387472080555,0.5329436659812927,True
chipstain_nll,0,clean,35,0.29505661780366366,8.857685485108384,False,False,False,0.8017528745599493,0.0373130030930042,False
chipstain_nll,0,blur σ=1 px,35,4.395503395830699,6994.837238243672,True,True,True,0.1806289610797952,0.269429475069046,True
chipstain_nll,0,blur σ=2 px,35,7.667652803456876,417493.38753586984,True,True,True,0.1539272803490014,0.4263786673545837,True
chipstain_nll,0,blur σ=4 px,35,11.429856486783516,776695.0460373631,True,True,True,0.1749157232441937,0.4538676142692566,True
chipstain_nll,0,noise 10 %,35,0.26623978429499906,47.017734474405174,False,False,False,0.5016296656207322,0.1426108628511428,True
chipstain_nll,0,noise 20 %,35,0.7965661674316582,47.75573971414914,True,False,True,0.2742396846495435,0.1959298700094223,True
chipstain_nll,0,modality: DPC,35,4.977877008306062,453917.87096909113,True,True,True,0.0692136949169971,0.5114622712135315,True
chipstain_nll,0,clean,36,0.031092145780273167,4.299061323678516,False,False,False,0.8274944360954128,0.0283853560686111,False
chipstain_nll,0,blur σ=1 px,36,3.9719241192235484,264423.00720457296,True,True,True,0.0485673811216991,0.3731594085693359,True
chipstain_nll,0,blur σ=2 px,36,7.505813844470707,1035755.4137529668,True,True,True,0.017521037153567,0.4785383343696594,True
chipstain_nll,0,blur σ=4 px,36,11.338320163327547,1618816.9318574797,True,True,True,0.0465689491379169,0.5251371264457703,True
chipstain_nll,0,noise 10 %,36,0.42745635630177004,48.89689232464199,False,False,False,0.5312377020522675,0.1199754327535629,False
chipstain_nll,0,noise 20 %,36,0.8646162352884563,49.38626785090434,True,False,True,0.3410117673886708,0.1886976808309555,True
chipstain_nll,0,modality: DPC,36,5.678084524966869,851926.0296128875,True,True,True,0.0857564111548468,0.516992449760437,True
chipstain_nll,0,clean,37,0.09665667672216333,3.5492083914555823,False,False,False,0.7749303502808161,0.0417846366763114,False
chipstain_nll,0,blur σ=1 px,37,3.63947430056838,117494.29083292531,True,True,True,-0.0165223851000953,0.3295707404613495,True
chipstain_nll,0,blur σ=2 px,37,6.78450419364874,746187.358904349,True,True,True,-0.0049421344139191,0.4505604803562164,True
chipstain_nll,0,blur σ=4 px,37,10.37968496865159,1377304.8338935415,True,True,True,0.0297710059305951,0.5055493116378784,True
chipstain_nll,0,noise 10 %,37,0.4703507954829156,39.12312085230413,True,False,True,0.5061049802711267,0.1357588768005371,True
chipstain_nll,0,noise 20 %,37,0.8863883121877799,45.72686555867269,True,False,True,0.319193741544163,0.1927147656679153,True
chipstain_nll,0,modality: DPC,37,4.991118506922804,438420.24752156326,True,True,True,0.0190028542919264,0.4883922338485718,True
chipstain_nll,0,clean,38,0.11099511146545324,3.981316326512962,False,False,False,0.8322997556758189,0.0289113502949476,False
chipstain_nll,0,blur σ=1 px,38,3.927001831811968,57987.8830594606,True,True,True,0.0876145366988683,0.3431232273578644,True
chipstain_nll,0,blur σ=2 px,38,7.167356358240272,726700.5263027755,True,True,True,0.1352390657440174,0.4661937952041626,True
chipstain_nll,0,blur σ=4 px,38,10.529431640087441,1191458.5737888135,True,True,True,0.1445155854383969,0.4969428777694702,True
chipstain_nll,0,noise 10 %,38,0.32861438489362216,49.735438675583026,False,False,False,0.527909057902972,0.1367212831974029,True
chipstain_nll,0,noise 20 %,38,0.801113640194967,45.1160567534386,True,False,True,0.3613121635698391,0.1914374828338623,True
chipstain_nll,0,modality: DPC,38,5.742137241701901,654020.6032903615,True,True,True,0.0881188313190108,0.5522729754447937,True
chipstain_nll,0,clean,39,0.21751210993607495,2.839089435633181,False,False,False,0.7825846407888319,0.0562761612236499,False
chipstain_nll,0,blur σ=1 px,39,3.698203140750463,6658.881682500814,True,True,True,0.0428133582755991,0.295206606388092,True
chipstain_nll,0,blur σ=2 px,39,6.967154214771712,532548.3016191205,True,True,True,0.065440457568518,0.455588549375534,True
chipstain_nll,0,blur σ=4 px,39,10.503257214033576,1138086.7063017355,True,True,True,0.1305947259397322,0.4923913180828094,True
chipstain_nll,0,noise 10 %,39,0.5606061106404063,38.62220146019225,True,False,True,0.5431339055922668,0.1486730575561523,True
chipstain_nll,0,noise 20 %,39,0.9325316437537301,45.15676826136014,True,False,True,0.3575033938656839,0.1978708058595657,True
chipstain_nll,0,modality: DPC,39,5.000356760519013,287265.6119791283,True,True,True,-0.017349125972107,0.5433443784713745,True
chipstain_nll,0,clean,40,0.12727955057971369,3.533396844926342,False,False,False,0.8065936276046092,0.0270186103880405,False
chipstain_nll,0,blur σ=1 px,40,3.800044431763265,44435.710966161416,True,True,True,0.1241571743111034,0.2805540561676025,True
chipstain_nll,0,blur σ=2 px,40,6.972795915357882,474008.01241614786,True,True,True,0.0675235421243263,0.4053153991699219,True
chipstain_nll,0,blur σ=4 px,40,10.423520429720805,815253.2045233437,True,True,True,0.0689515248563514,0.4539935290813446,True
chipstain_nll,0,noise 10 %,40,0.3303496502049783,44.77607970310528,False,False,False,0.4774552759411558,0.1455053985118866,True
chipstain_nll,0,noise 20 %,40,0.7987020470550683,45.07040170308214,True,False,True,0.3169848713389788,0.1950837820768356,True
chipstain_nll,0,modality: DPC,40,5.635786809323721,912284.8616297903,True,True,True,0.0807402148038371,0.5401247143745422,True
chipstain_nll,0,clean,41,0.012610723312983893,3.116835223834908,False,False,False,0.7470665424710052,0.0444342754781246,False
chipstain_nll,0,blur σ=1 px,41,3.527284883856795,41595.60202447863,True,True,True,0.0927364234063158,0.2603861093521118,True
chipstain_nll,0,blur σ=2 px,41,6.690801846971964,474469.5395143723,True,True,True,0.0237163340996096,0.3893449306488037,True
chipstain_nll,0,blur σ=4 px,41,10.265892358050747,851035.4420524925,True,True,True,0.0308502558720721,0.4466641545295715,True
chipstain_nll,0,noise 10 %,41,0.4101940121241089,43.90268100413098,False,False,False,0.4776756885865962,0.1465705037117004,True
chipstain_nll,0,noise 20 %,41,0.8304381318366149,43.21301607561286,True,False,True,0.303980905177689,0.1959430128335952,True
chipstain_nll,0,modality: DPC,41,5.3316887818323515,607554.25175819,True,True,True,0.0528597713199075,0.52115398645401,True
chipstain_nll,0,clean,42,0.23070619631061975,4.020824278330672,False,False,False,0.8511346295372124,0.0281215198338031,False
chipstain_nll,0,blur σ=1 px,42,4.458925495095203,40483.44410113023,True,True,True,0.1365476794777509,0.3305670619010925,True
chipstain_nll,0,blur σ=2 px,42,7.877083198262178,592907.9976424697,True,True,True,0.1414307470676234,0.4359753429889679,True
chipstain_nll,0,blur σ=4 px,42,11.456139336456049,1000818.6654151477,True,True,True,0.1766284418052825,0.4594438076019287,True
chipstain_nll,0,noise 10 %,42,0.2682372003553771,39.39868294727965,False,False,False,0.4877814844878687,0.1373214274644851,True
chipstain_nll,0,noise 20 %,42,0.7680744959554535,46.26214685317247,True,False,True,0.3071203481294319,0.1947043240070343,True
chipstain_nll,0,modality: DPC,42,5.925615511548244,731962.5977550332,True,True,True,0.1367225493657954,0.5834053754806519,True
chipstain_nll,0,clean,43,0.054312871372805736,3.4986684590338073,False,False,False,0.7976812670858302,0.0494846738874912,False
chipstain_nll,0,blur σ=1 px,43,3.811492399830343,10838.699220269646,True,True,True,0.1611279796184114,0.2985369563102722,True
chipstain_nll,0,blur σ=2 px,43,6.877299355771281,406158.3083739548,True,True,True,0.170716049589919,0.4192445874214172,True
chipstain_nll,0,blur σ=4 px,43,10.637902486658044,833087.0392629367,True,True,True,0.1975619638972973,0.4403231739997864,True
chipstain_nll,0,noise 10 %,43,0.4078473475955964,37.38304668714599,False,False,False,0.5368502077387683,0.1422192454338073,True
chipstain_nll,0,noise 20 %,43,0.8144596024830842,45.32817354908375,True,False,True,0.343396414702015,0.1945736855268478,True
chipstain_nll,0,modality: DPC,43,5.718830099360555,623237.0084463321,True,True,True,0.1302897557177255,0.5721838474273682,True
chipstain_nll,0,clean,44,0.29948898015348613,12.849584487406455,False,False,False,0.7762841018350994,0.0211942307651042,False
chipstain_nll,0,blur σ=1 px,44,4.096986146431903,30057.317491805723,True,True,True,0.0542618660386615,0.2904122173786163,True
chipstain_nll,0,blur σ=2 px,44,7.365969627524437,451963.6376150806,True,True,True,0.0784325682347334,0.420222133398056,True
chipstain_nll,0,blur σ=4 px,44,11.061650972481576,753562.3444642968,True,True,True,0.0957215139590486,0.4572042226791382,True
chipstain_nll,0,noise 10 %,44,0.24369664544412903,42.780930688891225,False,False,False,0.3798567640216445,0.1534921079874038,True
chipstain_nll,0,noise 20 %,44,0.7552608651565574,48.82332793042203,True,False,True,0.2494617658069392,0.1971920132637024,True
chipstain_nll,0,modality: DPC,44,5.604693248106193,1114017.2656725005,True,True,True,0.1653364736930899,0.5196253657341003,True
chipstain_nll,0,clean,45,0.0879595641186339,7.712590811929432,False,False,False,0.7166013450341968,0.0277999639511108,False
chipstain_nll,0,blur σ=1 px,45,3.9641852062796263,5922.200341191134,True,True,True,-0.0013274705261881,0.2415807694196701,True
chipstain_nll,0,blur σ=2 px,45,7.30325595342747,302983.7373207416,True,True,True,0.0044845702998808,0.3953185081481933,True
chipstain_nll,0,blur σ=4 px,45,11.174021878451269,613652.9174952792,True,True,True,0.0416112785456171,0.4398965537548065,True
chipstain_nll,0,noise 10 %,45,0.3506485968016355,42.349389701997964,False,False,False,0.3927239516664187,0.1553745716810226,True
chipstain_nll,0,noise 20 %,45,0.7992631013779684,47.19161132071988,True,False,True,0.2510432931701073,0.1989190727472305,True
chipstain_nll,0,modality: DPC,45,5.350314194248865,810981.4561607529,True,True,True,0.0668795736721016,0.530587375164032,True
chipstain_nll,0,clean,46,0.16468108322354916,3.139499660539363,False,False,False,0.8005359920657639,0.0288227759301662,False
chipstain_nll,0,blur σ=1 px,46,3.6567990044209457,12731.900892526452,True,True,True,0.0729149240191082,0.2298330664634704,True
chipstain_nll,0,blur σ=2 px,46,6.645886869156304,331773.58859096456,True,True,True,0.0270455743709195,0.3798167407512665,True
chipstain_nll,0,blur σ=4 px,46,9.896579655254383,624572.3778781649,True,True,True,0.0083076408573655,0.4308419525623321,True
chipstain_nll,0,noise 10 %,46,0.34277638616648665,38.43466361760082,False,False,False,0.4609621439893846,0.1581713706254959,True
chipstain_nll,0,noise 20 %,46,0.8351458601007383,44.673766554053636,True,False,True,0.2962556508722638,0.2007646858692169,True
chipstain_nll,0,modality: DPC,46,5.540953156065434,887294.7765890132,True,True,True,0.0877431032349837,0.4587003886699676,True
chipstain_nll,0,clean,47,0.18585044052163582,6.98583615721254,False,False,False,0.7313043358868587,0.0604431517422199,False
chipstain_nll,0,blur σ=1 px,47,3.1306082974934597,13014.014451990826,True,True,True,0.1251175882472859,0.2265999019145965,True
chipstain_nll,0,blur σ=2 px,47,5.8257728306647705,203410.40710067764,True,True,True,-0.0057684616861706,0.3534542322158813,True
chipstain_nll,0,blur σ=4 px,47,9.306661844174217,394249.7584628265,True,True,True,-0.0462389147629758,0.3996853232383728,True
chipstain_nll,0,noise 10 %,47,0.38348991940020716,34.51738770833031,False,False,False,0.4872101587779984,0.1681261211633682,True
chipstain_nll,0,noise 20 %,47,0.9008249573368078,43.73753680177786,True,False,True,0.3283176753140866,0.205786257982254,True
chipstain_nll,0,modality: DPC,47,5.400766919354841,711400.4288023624,True,True,True,0.0142434491372797,0.4387600719928741,True
chipstain_nll,0,clean,48,0.019185191715005045,3.6040050580666074,False,False,False,0.8066179229143685,0.0429465025663375,False
chipstain_nll,0,blur σ=1 px,48,3.167258617559963,5457.027612611062,True,True,True,0.1778783459054393,0.251945286989212,True
chipstain_nll,0,blur σ=2 px,48,6.1176615363302815,329091.50569117937,True,True,True,0.09076097603593,0.4285893142223358,True
chipstain_nll,0,blur σ=4 px,48,9.562286556345402,821379.8547810494,True,True,True,0.1113686161828668,0.495414525270462,True
chipstain_nll,0,noise 10 %,48,0.46172899798086575,42.36217792201051,False,False,False,0.5567784370455975,0.1461527794599533,True
chipstain_nll,0,noise 20 %,48,0.9206612876314452,42.74682895226361,True,False,True,0.4164252555210216,0.1926663219928741,True
chipstain_nll,0,modality: DPC,48,5.767410598569387,551747.6337481128,True,True,True,0.1195711392194072,0.4827097654342651,True
chipstain_nll,0,clean,49,0.0956661364318956,15.703996749768889,False,False,False,0.747730705777041,0.0919864401221275,False
chipstain_nll,0,blur σ=1 px,49,2.887377301443438,1589.9553730193195,True,True,True,0.1347179953845144,0.2297635823488235,True
chipstain_nll,0,blur σ=2 px,49,5.6529193607984665,119553.0817116486,True,True,True,0.0601687097908806,0.382297933101654,True
chipstain_nll,0,blur σ=4 px,49,9.148670680722907,456727.65927152266,True,True,True,0.0949652886282635,0.4612387418746948,True
chipstain_nll,0,noise 10 %,49,0.5441176484358596,38.31376232606843,True,False,True,0.5675568404946931,0.1490338891744613,True
chipstain_nll,0,noise 20 %,49,0.9882189231573257,40.66117641977152,True,False,True,0.4097967613871755,0.1979694664478302,True
chipstain_nll,0,modality: DPC,49,5.251307112489041,254483.114762312,True,True,True,0.068931324618431,0.4568514823913574,True
chipstain_nll,1,clean,0,0.04575068928450787,7.83168096448238,False,False,False,0.8196753937715471,0.0267638694494962,False
chipstain_nll,1,blur σ=1 px,0,3.899899222078282,414.25422599228904,True,True,True,0.5783261525774602,0.0140165751799941,True
chipstain_nll,1,blur σ=2 px,0,7.35054361019836,523.7688235664356,True,True,True,0.0819786084209279,0.0084426645189523,True
chipstain_nll,1,blur σ=4 px,0,11.15481464374789,521.9742898643567,True,True,True,-0.0127238515813183,0.0080564795061945,True
chipstain_nll,1,noise 10 %,0,0.46710726894169796,266.5242952117633,False,True,True,0.4520697680486107,0.1590906381607055,True
chipstain_nll,1,noise 20 %,0,0.8960093510185106,322.1915802667536,True,True,True,0.2985772874192908,0.1949102133512497,True
chipstain_nll,1,modality: DPC,0,5.5209248366213375,1034.4402476322512,True,True,True,0.4915398636277147,0.0145792104303836,True
chipstain_nll,1,clean,1,0.057781069251605144,13.660449642825922,False,False,False,0.7895270265339345,0.0433827824890613,False
chipstain_nll,1,blur σ=1 px,1,3.799506720376904,421.24745458628007,True,True,True,0.4122481092365639,0.0132730882614851,True
chipstain_nll,1,blur σ=2 px,1,7.1469150411026865,532.9398695931737,True,True,True,0.2067401267034997,0.008497648872435,True
chipstain_nll,1,blur σ=4 px,1,10.864507208019738,533.6820088229377,True,True,True,0.007502841607501,0.0080571258440613,True
chipstain_nll,1,noise 10 %,1,0.49638728573272217,205.89892552042076,True,True,True,0.4627384391271943,0.1650888919830322,True
chipstain_nll,1,noise 20 %,1,0.937072411963648,325.854906643073,True,True,True,0.2881308402533983,0.198987677693367,True
chipstain_nll,1,modality: DPC,1,5.0572750171073695,1050.2868461732062,True,True,True,0.4555534455859923,0.0149380033835768,True
chipstain_nll,1,clean,2,0.18037047775673243,26.77269402696785,False,False,False,0.6104884978105125,0.061648353934288,False
chipstain_nll,1,blur σ=1 px,2,2.8209439324747896,334.7677000378384,True,True,True,0.4863607519108524,0.0223635118454694,True
chipstain_nll,1,blur σ=2 px,2,5.692290035327132,482.8651296128438,True,True,True,0.2059350404482779,0.0098803378641605,True
chipstain_nll,1,blur σ=4 px,2,9.392137126371765,524.6298597910688,True,True,True,0.0331476172772046,0.0081100687384605,True
chipstain_nll,1,noise 10 %,2,0.604652140843741,160.01943619076056,True,True,True,0.3634606112115635,0.1952256262302398,True
chipstain_nll,1,noise 20 %,2,1.0054009427056358,224.97062154030942,True,True,True,0.2921193878753022,0.2225974053144455,True
chipstain_nll,1,modality: DPC,2,5.168069382139641,1075.9514150532286,True,True,True,0.5105417811601244,0.0152158848941326,True
chipstain_nll,1,clean,3,0.09276428975930837,28.92616008590438,False,False,False,0.5398370748593708,0.1005948260426521,False
chipstain_nll,1,blur σ=1 px,3,2.7122701432516543,332.5941104043529,True,True,True,0.372907215593582,0.0232285503298044,True
chipstain_nll,1,blur σ=2 px,3,5.08827816873516,436.0540510738177,True,True,True,0.2660962170024945,0.0119304461404681,True
chipstain_nll,1,blur σ=4 px,3,8.55086349138362,491.8388858505923,True,True,True,0.1293725629312399,0.0085534313693642,True
chipstain_nll,1,noise 10 %,3,0.49288143387090455,153.8177533279218,True,True,True,0.3705135697628657,0.2000416666269302,True
chipstain_nll,1,noise 20 %,3,1.007527411946073,182.98600365692317,True,True,True,0.2989821533158787,0.2160167247056961,True
chipstain_nll,1,modality: DPC,3,5.081342983609809,1066.6360853384583,True,True,True,0.4115941520234421,0.0151220867410302,True
chipstain_nll,1,clean,4,0.2758464589549069,25.512320343897457,False,False,False,0.7976353384252799,0.0538653135299682,False
chipstain_nll,1,blur σ=1 px,4,2.787296559599588,300.1249007694973,True,True,True,0.4200783618538836,0.0240186545997858,True
chipstain_nll,1,blur σ=2 px,4,5.870328468046767,468.0844112933269,True,True,True,0.1361724814436915,0.0098405973985791,True
chipstain_nll,1,blur σ=4 px,4,9.345853019431951,508.2067866278363,True,True,True,0.022488525838632,0.0081694861873984,True
chipstain_nll,1,noise 10 %,4,0.6722090667245396,152.239621268743,True,True,True,0.5802280052223934,0.1573710739612579,True
chipstain_nll,1,noise 20 %,4,1.0636434705345883,261.63197979551757,True,True,True,0.3922015324146267,0.1997420340776443,True
chipstain_nll,1,modality: DPC,4,5.002704212259178,1148.9169912902244,True,True,True,0.4842878739656937,0.0154866566881537,True
chipstain_nll,1,clean,5,0.3371262957948119,67.58688125631471,False,True,True,0.5232905658558248,0.123795174062252,True
chipstain_nll,1,blur σ=1 px,5,2.8245341615358726,321.7713881075952,True,True,True,0.3755080096637093,0.0266956277191638,True
chipstain_nll,1,blur σ=2 px,5,4.989581187094065,446.9266974902123,True,True,True,0.2694890130131694,0.0131077812984585,True
chipstain_nll,1,blur σ=4 px,5,7.982329920325723,477.9009532818222,True,True,True,0.1722498665497702,0.0091433497145771,True
chipstain_nll,1,noise 10 %,5,0.38109084601558785,422.56634503556705,False,True,True,0.344842589903325,0.2374521493911743,True
chipstain_nll,1,noise 20 %,5,0.9870961683517894,317.5571019405769,True,True,True,0.3070576169161136,0.2440449744462967,True
chipstain_nll,1,modality: DPC,5,5.19841098283569,1308.6294247391518,True,True,True,0.3564930397654534,0.0146967032924294,True
chipstain_nll,1,clean,6,0.008087969632805073,34.07410490170998,False,False,False,0.6141065269671385,0.0672386214137077,False
chipstain_nll,1,blur σ=1 px,6,2.76212241256349,298.7640283241175,True,True,True,0.5250251759311707,0.0221891775727272,True
chipstain_nll,1,blur σ=2 px,6,5.3523578211916645,434.1998075656245,True,True,True,0.3918989199371083,0.0115136001259088,True
chipstain_nll,1,blur σ=4 px,6,8.635473177243627,488.50632700492196,True,True,True,0.2407946313378118,0.0085766380652785,True
chipstain_nll,1,noise 10 %,6,0.5247024106127262,173.99519797877122,True,True,True,0.3866258816580299,0.2052741348743438,True
chipstain_nll,1,noise 20 %,6,1.0075202798834926,212.93467680202448,True,True,True,0.2930797176226881,0.2328311204910278,True
chipstain_nll,1,modality: DPC,6,5.244579446777384,1116.2544834797443,True,True,True,0.5464727089984599,0.0151678575202822,True
chipstain_nll,1,clean,7,0.22800374779840643,24.351437021162223,False,False,False,0.7115194514300236,0.0864012390375137,False
chipstain_nll,1,blur σ=1 px,7,2.6442700330321887,308.2879020630278,True,True,True,0.486860268615932,0.0269690323621034,True
chipstain_nll,1,blur σ=2 px,7,5.61439043204728,418.18833200272377,True,True,True,0.2524648447394964,0.0104337874799966,True
chipstain_nll,1,blur σ=4 px,7,9.192153464032588,521.642806981787,True,True,True,0.1238477656810754,0.0081926630809903,True
chipstain_nll,1,noise 10 %,7,0.6343448339414111,108.95726841755538,True,True,True,0.4893472204683443,0.1710955798625946,True
chipstain_nll,1,noise 20 %,7,1.0476673321169292,194.72886802015054,True,True,True,0.3720276457267847,0.2001859247684478,True
chipstain_nll,1,modality: DPC,7,5.159559008654245,1117.9624325929458,True,True,True,0.4345029959655915,0.0145013490691781,True
chipstain_nll,1,clean,8,0.1998772475703875,17.11640343732025,False,False,False,0.8413505690722336,0.0349280461668968,False
chipstain_nll,1,blur σ=1 px,8,3.3596226977722314,386.18116898225765,True,True,True,0.6955513282254528,0.0187338273972272,True
chipstain_nll,1,blur σ=2 px,8,6.804698728216713,491.1723828679642,True,True,True,0.1134669845674456,0.008646790869534,True
chipstain_nll,1,blur σ=4 px,8,10.570405727005557,518.9412508305383,True,True,True,-0.0278476850992766,0.0079737016931176,True
chipstain_nll,1,noise 10 %,8,0.5772746793054482,164.87460800063283,True,True,True,0.4854696053851312,0.1489654928445816,True
chipstain_nll,1,noise 20 %,8,0.9679147069116091,199.03373016533368,True,True,True,0.3782700745802989,0.1878695040941238,True
chipstain_nll,1,modality: DPC,8,5.344608847647927,1031.0859974664938,True,True,True,0.497908585610777,0.0148339811712503,True
chipstain_nll,1,clean,9,0.3832935315429039,29.972963583635366,False,False,False,0.7756954592181688,0.064534991979599,False
chipstain_nll,1,blur σ=1 px,9,3.2040259516242884,442.21890913379764,True,True,True,0.3711349834909,0.0172290876507759,True
chipstain_nll,1,blur σ=2 px,9,6.690605074211096,527.2073384766238,True,True,True,0.1172994574426372,0.0086486227810382,True
chipstain_nll,1,blur σ=4 px,9,10.463297850660288,538.9560076618417,True,True,True,-0.0380613684629244,0.008023896254599,True
chipstain_nll,1,noise 10 %,9,0.6970183605429986,162.98290037648925,True,True,True,0.5282720388984622,0.1666622906923294,True
chipstain_nll,1,noise 20 %,9,1.042271012471003,282.94316977980804,True,True,True,0.3415778176663069,0.2021383494138717,True
chipstain_nll,1,modality: DPC,9,4.771630029243484,1046.8647499264875,True,True,True,0.4207998061609231,0.0154418060556054,True
chipstain_nll,1,clean,10,0.2423844073846624,13.677753176259694,False,False,False,0.7961565651213663,0.0192178934812545,False
chipstain_nll,1,blur σ=1 px,10,4.623404014560214,529.998498420744,True,True,True,0.3390369868027972,0.0105765974149107,True
chipstain_nll,1,blur σ=2 px,10,8.263219095895062,548.5257295274105,True,True,True,0.0572760345192592,0.008246405981481,True
chipstain_nll,1,blur σ=4 px,10,11.903956541350047,522.1821204313345,True,True,True,0.0107807732895739,0.0081038558855652,True
chipstain_nll,1,noise 10 %,10,0.2759117602186967,322.9330329269139,False,True,True,0.3753912424501706,0.1598402112722396,True
chipstain_nll,1,noise 20 %,10,0.7799510706865993,319.12823280158926,True,True,True,0.2300469476689474,0.1921610534191131,True
chipstain_nll,1,modality: DPC,10,5.97260627662641,1036.7374077927411,True,True,True,0.5636739131869803,0.0142810326069593,True
chipstain_nll,1,clean,11,0.03689973268463602,11.83000410230441,False,False,False,0.7395592228336445,0.031386312097311,False
chipstain_nll,1,blur σ=1 px,11,4.390981673680985,490.8018728787392,True,True,True,0.3460675339367315,0.0113347535952925,True
chipstain_nll,1,blur σ=2 px,11,8.042220932416887,548.2886990381003,True,True,True,0.0508714610496047,0.0082804830744862,True
chipstain_nll,1,blur σ=4 px,11,11.667637090266505,529.140144559363,True,True,True,0.0279110630245048,0.0081058321520686,True
chipstain_nll,1,noise 10 %,11,0.4217811527308687,234.48273938205287,False,True,True,0.4138357766034534,0.1609866321086883,True
chipstain_nll,1,noise 20 %,11,0.8606210652985915,311.4930926100591,True,True,True,0.2602164899491626,0.1941746473312378,True
chipstain_nll,1,modality: DPC,11,5.369809875297368,1020.0932164469602,True,True,True,0.515311738248149,0.0145264621824026,True
chipstain_nll,1,clean,12,0.72719544026552,22.210461978841664,True,False,True,0.7873459891058078,0.0190813355147838,True
chipstain_nll,1,blur σ=1 px,12,4.5030323735353885,553.8884751692987,True,True,True,0.3913336556329372,0.0104703269898891,True
chipstain_nll,1,blur σ=2 px,12,7.381134788909712,529.5163684334601,True,True,True,0.2296259734231129,0.0086480611935257,True
chipstain_nll,1,blur σ=4 px,12,11.002805398138591,519.3948098086137,True,True,True,0.0153139656756657,0.008264317177236,True
chipstain_nll,1,noise 10 %,12,0.04993481520001679,320.02019004427405,False,True,True,0.3870955285319322,0.1596846133470535,True
chipstain_nll,1,noise 20 %,12,0.6721100408317191,310.01033162459095,True,True,True,0.2463062256315752,0.1928067058324813,True
chipstain_nll,1,modality: DPC,12,5.896543328807319,1059.080340898992,True,True,True,0.5881946094001329,0.0142929432913661,True
chipstain_nll,1,clean,13,0.4472931851041706,12.998229326422177,False,False,False,0.7204353928145033,0.0284369979053735,False
chipstain_nll,1,blur σ=1 px,13,4.3737637309152735,543.8755988443442,True,True,True,0.3950721089808834,0.011083728633821,True
chipstain_nll,1,blur σ=2 px,13,7.43958735685054,526.1941686468164,True,True,True,0.2197142189381275,0.0084984861314296,True
chipstain_nll,1,blur σ=4 px,13,11.126606210173595,519.5799838588232,True,True,True,0.0215369189232459,0.0081916451454162,True
chipstain_nll,1,noise 10 %,13,0.15412463816761973,296.2867226250913,False,True,True,0.3692313267339936,0.1634686887264251,True
chipstain_nll,1,noise 20 %,13,0.7168737495882412,326.4501297242773,True,True,True,0.213387134230488,0.1950218826532364,True
chipstain_nll,1,modality: DPC,13,5.481503692917686,997.8116701085554,True,True,True,0.5574790073436923,0.0145139321684837,True
chipstain_nll,1,clean,14,0.7314481211199624,18.80667141164614,True,False,True,0.8367553436187898,0.0205669533461332,True
chipstain_nll,1,blur σ=1 px,14,4.267746819223614,581.5543996249758,True,True,True,0.4928405935034838,0.0107192732393741,True
chipstain_nll,1,blur σ=2 px,14,7.196407571558957,523.6154061161333,True,True,True,0.3282952388763797,0.0086612254381179,True
chipstain_nll,1,blur σ=4 px,14,10.815921090898398,517.7185505559012,True,True,True,0.0212353085356649,0.0081990864127874,True
chipstain_nll,1,noise 10 %,14,0.06498784538388996,307.1946469056116,False,True,True,0.4285603917328407,0.1612292379140854,True
chipstain_nll,1,noise 20 %,14,0.6806370353537629,319.65864780166095,True,True,True,0.2851646885457095,0.1924638450145721,True
chipstain_nll,1,modality: DPC,14,5.937231548209419,1060.3795854143716,True,True,True,0.5808232463286872,0.0145508097484707,True
chipstain_nll,1,clean,15,0.5341866151209765,12.526491355631277,True,False,True,0.8051097770175671,0.0300345607101917,True
chipstain_nll,1,blur σ=1 px,15,4.024075501447166,582.8990052603215,True,True,True,0.3841749114057189,0.0113033261150121,True
chipstain_nll,1,blur σ=2 px,15,6.908350870988361,536.9891316372049,True,True,True,0.347027006929627,0.0088964402675628,True
chipstain_nll,1,blur σ=4 px,15,10.567238573744008,531.4750549028267,True,True,True,0.1336119435939254,0.0082207759842276,True
chipstain_nll,1,noise 10 %,15,0.14024977982794407,272.4815622982852,False,True,True,0.4313429994152115,0.1656606644392013,True
chipstain_nll,1,noise 20 %,15,0.7177154116991981,327.34260751885023,True,True,True,0.2625671875665885,0.1965866982936859,True
chipstain_nll,1,modality: DPC,15,5.38803983426327,1025.0557547186038,True,True,True,0.5461623756910916,0.0149299642071127,True
chipstain_nll,1,clean,16,0.37504902970620846,12.18642205847889,False,False,False,0.8370302924030893,0.0199741832911968,False
chipstain_nll,1,blur σ=1 px,16,4.699958542889303,509.8011146023296,True,True,True,0.4464113594853958,0.010088674724102,True
chipstain_nll,1,blur σ=2 px,16,8.2164351989758,550.502029443231,True,True,True,0.1025644247477941,0.0082069719210267,True
chipstain_nll,1,blur σ=4 px,16,12.005043895946972,529.7915310287966,True,True,True,-0.0018452349242745,0.0080914311110973,True
chipstain_nll,1,noise 10 %,16,0.2109029448079817,321.95572129401864,False,True,True,0.424625733241757,0.1544162034988403,True
chipstain_nll,1,noise 20 %,16,0.7611936252046847,325.4240855036041,True,True,True,0.2600835907428135,0.1915720701217651,True
chipstain_nll,1,modality: DPC,16,5.727518222065436,1011.6422723646485,True,True,True,0.5739586779964796,0.0144499903544783,True
chipstain_nll,1,clean,17,0.37047561560139153,15.332891537528383,False,False,False,0.7940828855482484,0.0341606400907039,False
chipstain_nll,1,blur σ=1 px,17,4.11101438936201,479.11067168250105,True,True,True,0.2889895523342569,0.0114249745383858,True
chipstain_nll,1,blur σ=2 px,17,7.0875750936306865,535.4933352520743,True,True,True,0.1296392404842109,0.0087720835581421,True
chipstain_nll,1,blur σ=4 px,17,10.741498660941915,540.4310164874336,True,True,True,0.023208589129504,0.0081189908087253,True
chipstain_nll,1,noise 10 %,17,0.19713392386913647,232.71779707672712,False,True,True,0.4645686301744063,0.1647463142871856,True
chipstain_nll,1,noise 20 %,17,0.7491682842222,308.45361056310924,True,True,True,0.2975854207573457,0.1954555809497833,True
chipstain_nll,1,modality: DPC,17,5.464399317941364,1007.373944668573,True,True,True,0.5320470436346157,0.0145498383790254,True
chipstain_nll,1,clean,18,0.462942009755166,21.42841616070862,False,False,False,0.8030650402972942,0.018295107409358,False
chipstain_nll,1,blur σ=1 px,18,4.4870390872380055,599.2063822995354,True,True,True,0.4808461422027007,0.0097113596275448,True
chipstain_nll,1,blur σ=2 px,18,7.536508795557481,556.7154230362044,True,True,True,0.2981340319321049,0.0082973334938287,True
chipstain_nll,1,blur σ=4 px,18,11.503833939495355,536.1577858852733,True,True,True,0.0325544470965378,0.0080473320558667,True
chipstain_nll,1,noise 10 %,18,0.20423780645714473,297.41521106219614,False,True,True,0.3654392313874531,0.1693506389856338,True
chipstain_nll,1,noise 20 %,18,0.7795194594252135,355.35492303482806,True,True,True,0.2350366285717527,0.1956710815429687,True
chipstain_nll,1,modality: DPC,18,6.304421633387965,1030.0457233811103,True,True,True,0.4907904348207811,0.014063243754208,True
chipstain_nll,1,clean,19,0.5246141621094869,18.455672992581903,True,False,True,0.7858709790595507,0.0250176917761564,True
chipstain_nll,1,blur σ=1 px,19,4.576635849164393,599.7272089893834,True,True,True,0.4077492814203384,0.0096108671277761,True
chipstain_nll,1,blur σ=2 px,19,7.507713507086075,578.4096186950096,True,True,True,0.265978310497775,0.0082608927041292,True
chipstain_nll,1,blur σ=4 px,19,11.533701860443502,568.4730837754369,True,True,True,0.0342256714072742,0.0080501837655901,True
chipstain_nll,1,noise 10 %,19,0.17125967015075616,297.11159901786027,False,True,True,0.3558752546040297,0.1701012998819351,True
chipstain_nll,1,noise 20 %,19,0.7858830652730123,368.6745136070062,True,True,True,0.2151864042033085,0.1969794034957885,True
chipstain_nll,1,modality: DPC,19,5.633598602565174,992.134857473242,True,True,True,0.515534364650335,0.0144743444398045,True
chipstain_nll,1,clean,20,0.14510532547730984,7.129986158407655,False,False,False,0.8131246217653839,0.0292534288018941,False
chipstain_nll,1,blur σ=1 px,20,3.939924614844377,433.8183346554844,True,True,True,0.4717671948987216,0.0134182646870613,True
chipstain_nll,1,blur σ=2 px,20,7.34595944104693,552.3572482717283,True,True,True,0.1624586486133174,0.0082761775702238,True
chipstain_nll,1,blur σ=4 px,20,11.117347375260232,566.8530589158424,True,True,True,0.0590079426138304,0.0079585844650864,True
chipstain_nll,1,noise 10 %,20,0.49206136558015534,293.0672783239151,True,True,True,0.4888453946674986,0.1550580263137817,True
chipstain_nll,1,noise 20 %,20,0.9088316189969718,261.23971436690806,True,True,True,0.3192930075712928,0.1951322704553604,True
chipstain_nll,1,modality: DPC,20,5.558575648748518,1064.5707987690698,True,True,True,0.5153481514440035,0.0147304469719529,True
chipstain_nll,1,clean,21,0.041234197152802465,18.6530610549128,False,False,False,0.7125830464000219,0.0499514229595661,False
chipstain_nll,1,blur σ=1 px,21,3.803623039022177,412.2543125723443,True,True,True,0.3618581527497711,0.0135523006319999,True
chipstain_nll,1,blur σ=2 px,21,7.305672688973047,560.3712624766312,True,True,True,0.0922426006281196,0.0083108693361282,True
chipstain_nll,1,blur σ=4 px,21,11.11813687636646,573.858211013681,True,True,True,0.0417635211448863,0.0079639609903097,True
chipstain_nll,1,noise 10 %,21,0.4532708416001273,168.9012828567444,False,True,True,0.4634845526462254,0.1610197573900222,True
chipstain_nll,1,noise 20 %,21,0.8977604673032842,265.1970153690223,True,True,True,0.2777775376965994,0.2005205750465393,True
chipstain_nll,1,modality: DPC,21,5.2806086681044455,1053.7485722294796,True,True,True,0.3731229335389285,0.0145098064094781,True
chipstain_nll,1,clean,22,0.23651331172541484,10.122918884322097,False,False,False,0.8017749559674379,0.0352443791925907,False
chipstain_nll,1,blur σ=1 px,22,3.0948001432314793,354.26368107956125,True,True,True,0.4951256854625145,0.0178692750632762,True
chipstain_nll,1,blur σ=2 px,22,6.1911668517198555,496.1763995721559,True,True,True,0.2427608319554883,0.0091692768037319,True
chipstain_nll,1,blur σ=4 px,22,10.007185844391147,519.6500846047607,True,True,True,0.0594537636245806,0.008050886914134,True
chipstain_nll,1,noise 10 %,22,0.5981858340557351,170.01467231149906,True,True,True,0.5243474290589771,0.1628453880548477,True
chipstain_nll,1,noise 20 %,22,0.9748156424133109,252.5658452370515,True,True,True,0.369684721443373,0.1961438804864883,True
chipstain_nll,1,modality: DPC,22,5.224814799131462,1087.9197697742368,True,True,True,0.5729540537171495,0.0151365948840975,True
chipstain_nll,1,clean,23,0.01336022943090423,18.08123507991083,False,False,False,0.5306667269381827,0.0847582146525383,False
chipstain_nll,1,blur σ=1 px,23,2.898375487081953,327.8884436338652,True,True,True,0.397294355533264,0.0201729796826839,True
chipstain_nll,1,blur σ=2 px,23,5.727085410816262,493.3917826140612,True,True,True,0.3233735665292786,0.0103481467813253,True
chipstain_nll,1,blur σ=4 px,23,9.298382683715229,541.0972020614713,True,True,True,0.1249248452826059,0.008243934251368,True
chipstain_nll,1,noise 10 %,23,0.49601774160313206,137.7062856569465,True,True,True,0.352759389660605,0.1967040747404098,True
chipstain_nll,1,noise 20 %,23,0.9662334775892726,191.33824879787034,True,True,True,0.2855536633012818,0.2154088914394378,True
chipstain_nll,1,modality: DPC,23,4.96590577404946,1166.556468378272,True,True,True,0.4564261208924363,0.0153930215165019,True
chipstain_nll,1,clean,24,0.24122216011823028,14.736874530332145,False,False,False,0.8274514956184654,0.0283554829657077,False
chipstain_nll,1,blur σ=1 px,24,3.4531849065275826,459.4959138966048,True,True,True,0.5282314852669548,0.0145902587100863,True
chipstain_nll,1,blur σ=2 px,24,6.974273993379438,525.1592121057527,True,True,True,0.1824038386647952,0.0085103791207075,True
chipstain_nll,1,blur σ=4 px,24,10.815856194992922,533.8721609277062,True,True,True,-0.0273693734742929,0.0080136330798268,True
chipstain_nll,1,noise 10 %,24,0.587236563542906,275.20958145440244,True,True,True,0.4976188842746535,0.1528739184141159,True
chipstain_nll,1,noise 20 %,24,0.9632178489512206,272.96794174938805,True,True,True,0.3292545556613845,0.1922629177570343,True
chipstain_nll,1,modality: DPC,24,5.277985066871864,1047.7345408202875,True,True,True,0.5275077378937754,0.0150567246600985,True
chipstain_nll,1,clean,25,0.3937403160273978,17.18498452008336,False,False,False,0.7339804446253542,0.0559894815087318,False
chipstain_nll,1,blur σ=1 px,25,2.9892421614513998,414.8859351451756,True,True,True,0.4489675643401456,0.0187631845474243,True
chipstain_nll,1,blur σ=2 px,25,6.120158004822712,502.7460350381099,True,True,True,0.213970873780215,0.0092144329100847,True
chipstain_nll,1,blur σ=4 px,25,9.926604401470941,527.1522054343008,True,True,True,0.0380079664551863,0.0080709401518106,True
chipstain_nll,1,noise 10 %,25,0.7139113712387648,167.53185973469496,True,True,True,0.5061964198830046,0.1629552543163299,True
chipstain_nll,1,noise 20 %,25,1.0454910365952672,316.86913427914135,True,True,True,0.3075555593569286,0.2001238912343979,True
chipstain_nll,1,modality: DPC,25,4.695371668804133,1105.0556639954887,True,True,True,0.4600345154681982,0.0155416540801525,True
chipstain_nll,1,clean,26,0.1649259243280813,14.103896632747938,False,False,False,0.8212378814015167,0.0369005873799324,False
chipstain_nll,1,blur σ=1 px,26,3.126599180497477,370.6911139555327,True,True,True,0.4757183534901451,0.0168004315346479,True
chipstain_nll,1,blur σ=2 px,26,5.892399721417679,483.3482667835121,True,True,True,0.3584460102256896,0.0099213058128952,True
chipstain_nll,1,blur σ=4 px,26,9.450312166583911,518.3185439060006,True,True,True,0.1792471728642799,0.0082578090950846,True
chipstain_nll,1,noise 10 %,26,0.3843535296595255,246.6391198111167,False,True,True,0.5152656385146805,0.1632806062698364,True
chipstain_nll,1,noise 20 %,26,0.889681126865741,245.08850920054735,True,True,True,0.371893682890151,0.1982183754444122,True
chipstain_nll,1,modality: DPC,26,5.577498284110718,1051.8180192498562,True,True,True,0.4469566465439006,0.0145402150228619,True
chipstain_nll,1,clean,27,0.19438243005652725,32.4433534575063,False,False,False,0.7730527062877622,0.0677743405103683,False
chipstain_nll,1,blur σ=1 px,27,3.069025007247223,319.8121714957776,True,True,True,0.4789073082539181,0.0196211691945791,True
chipstain_nll,1,blur σ=2 px,27,5.783725071169571,477.48128848840406,True,True,True,0.3278424619100298,0.010258562862873,True
chipstain_nll,1,blur σ=4 px,27,9.248931086619717,537.0815856904486,True,True,True,0.0914203972217393,0.0082823364064097,True
chipstain_nll,1,noise 10 %,27,0.3907444146892408,121.47263979334515,False,True,True,0.4822741687096921,0.1750482469797134,True
chipstain_nll,1,noise 20 %,27,0.9101908000776369,182.68063364532068,True,True,True,0.3264837414628649,0.2131574749946594,True
chipstain_nll,1,modality: DPC,27,5.307172879294268,1005.91841672079,True,True,True,0.4757021470920325,0.0145916519686579,True
chipstain_nll,1,clean,28,0.35951011941284694,15.447926115104398,False,False,False,0.8041930120732778,0.0218809321522712,False
chipstain_nll,1,blur σ=1 px,28,3.7076846807649186,539.914915189109,True,True,True,0.5558724423036229,0.0133022926747798,True
chipstain_nll,1,blur σ=2 px,28,6.732857572232428,530.1265670721589,True,True,True,0.44703802919015,0.0090600000694394,True
chipstain_nll,1,blur σ=4 px,28,10.371696501803475,528.1872581395565,True,True,True,0.1254139332986779,0.0081079453229904,True
chipstain_nll,1,noise 10 %,28,0.24288419074739528,307.69412101387485,False,True,True,0.4708779717564583,0.1667227894067764,True
chipstain_nll,1,noise 20 %,28,0.7917150230499719,283.09747987893536,True,True,True,0.3217034631909501,0.1968326717615127,True
chipstain_nll,1,modality: DPC,28,5.95636974255463,1018.3009087553729,True,True,True,0.5043738380201499,0.0143515719100832,True
chipstain_nll,1,clean,29,0.21641269499125906,12.134078985543223,False,False,False,0.7767902646935002,0.0326191484928131,False
chipstain_nll,1,blur σ=1 px,29,3.8351933046194553,507.93675169709286,True,True,True,0.3993157087678629,0.0125744007527828,True
chipstain_nll,1,blur σ=2 px,29,7.108604322351813,555.1643092352889,True,True,True,0.2346981064485367,0.008597114123404,True
chipstain_nll,1,blur σ=4 px,29,10.856499085966881,567.6394093217856,True,True,True,0.0393901632546504,0.0080722998827695,True
chipstain_nll,1,noise 10 %,29,0.3097284193977266,277.9622639217877,False,True,True,0.4229877145240891,0.1624186784029007,True
chipstain_nll,1,noise 20 %,29,0.8382520508760903,293.9232098449509,True,True,True,0.2416355742557396,0.195859670639038,True
chipstain_nll,1,modality: DPC,29,5.350436819885936,1029.0592892003808,True,True,True,0.4628516936079561,0.0143424225971102,True
chipstain_nll,1,clean,30,0.5320444658847303,16.630017597822377,True,False,True,0.8516259857970807,0.0167287327349185,True
chipstain_nll,1,blur σ=1 px,30,4.904670223953873,531.8428968854524,True,True,True,0.6015794900204529,0.0100248297676444,True
chipstain_nll,1,blur σ=2 px,30,8.46058175715949,567.7528849576868,True,True,True,0.1466575488303042,0.0081282472237944,True
chipstain_nll,1,blur σ=4 px,30,12.092748556084363,558.5239539975638,True,True,True,0.043718017747482,0.0080485679209232,True
chipstain_nll,1,noise 10 %,30,0.16592566117331642,285.23171128566804,False,True,True,0.3833679437515281,0.1607558280229568,True
chipstain_nll,1,noise 20 %,30,0.7742626482411992,317.64954287448893,True,True,True,0.2494274839242359,0.1934844702482223,True
chipstain_nll,1,modality: DPC,30,6.00700356674843,1083.0370111781635,True,True,True,0.5628443407893304,0.0143294837325811,True
chipstain_nll,1,clean,31,0.5088151405015914,11.615062411103532,True,False,True,0.8008430135546898,0.029001535847783,True
chipstain_nll,1,blur σ=1 px,31,4.80903270950473,564.1696786620595,True,True,True,0.2828948541911231,0.0098297074437141,True
chipstain_nll,1,blur σ=2 px,31,8.006289297514162,582.5203097497769,True,True,True,0.1982427537203173,0.0082482220605015,True
chipstain_nll,1,blur σ=4 px,31,11.59227764793114,583.7626576708509,True,True,True,0.0269264086929343,0.0080728894099593,True
chipstain_nll,1,noise 10 %,31,0.17324642458041153,248.2337179401632,False,True,True,0.3992168235558548,0.1646438241004943,True
chipstain_nll,1,noise 20 %,31,0.7815156506104165,331.61955182568596,True,True,True,0.2285320866216694,0.1972488611936569,True
chipstain_nll,1,modality: DPC,31,5.259482761069256,1040.6928457011868,True,True,True,0.4934670950501857,0.0149304801598191,True
chipstain_nll,1,clean,32,0.7562834954635833,21.406417984501033,True,False,True,0.8246123257674779,0.017876423895359,True
chipstain_nll,1,blur σ=1 px,32,5.300867204254842,582.097854098673,True,True,True,0.4557619631996233,0.0091243786737322,True
chipstain_nll,1,blur σ=2 px,32,8.82185214769804,557.3069494924673,True,True,True,0.2446242236851289,0.0081534394994378,True
chipstain_nll,1,blur σ=4 px,32,12.1766772320339,542.9773755100421,True,True,True,0.0292823181562714,0.0080828918144106,True
chipstain_nll,1,noise 10 %,32,0.09026880638344296,272.77015327966507,False,True,True,0.3294087808957993,0.1629340201616287,True
chipstain_nll,1,noise 20 %,32,0.731121748312493,332.8974540833383,True,True,True,0.1986338637173207,0.1928422302007675,True
chipstain_nll,1,modality: DPC,32,5.768438609151213,1103.4875145997278,True,True,True,0.407881645523447,0.0144773628562688,True
chipstain_nll,1,clean,33,0.4518797105881144,13.457721023660575,False,False,False,0.8135573655805518,0.0258138757199049,False
chipstain_nll,1,blur σ=1 px,33,4.567309293221296,562.2231629760661,True,True,True,0.4880470823327892,0.0102151008322834,True
chipstain_nll,1,blur σ=2 px,33,7.822658338676453,561.4536576530078,True,True,True,0.282963122828039,0.0083309654146432,True
chipstain_nll,1,blur σ=4 px,33,11.64725602759373,569.8259775204913,True,True,True,0.0674180175229011,0.0081005785614252,True
chipstain_nll,1,noise 10 %,33,0.18920259904615147,231.4166013909727,False,True,True,0.384180203863711,0.1676882058382034,True
chipstain_nll,1,noise 20 %,33,0.7592991237707803,314.5375297328528,True,True,True,0.2197824454298419,0.1971409022808075,True
chipstain_nll,1,modality: DPC,33,5.17430817401585,1044.541262829422,True,True,True,0.5205537020737062,0.0149379568174481,True
chipstain_nll,1,clean,34,0.4679565398163755,22.620541524526672,True,False,True,0.8648267523932526,0.0228814408183097,True
chipstain_nll,1,blur σ=1 px,34,4.845059531388356,480.975358237968,True,True,True,0.5627195460498035,0.0105859860777854,True
chipstain_nll,1,blur σ=2 px,34,8.455656381375368,536.6857336535057,True,True,True,0.0162999886027061,0.0081954700872302,True
chipstain_nll,1,blur σ=4 px,34,12.210984853775708,530.0408327773092,True,True,True,-0.0110969935443149,0.0080889286473393,True
chipstain_nll,1,noise 10 %,34,0.18691451154323352,290.04177215866724,False,True,True,0.4388652510678986,0.1504929512739181,True
chipstain_nll,1,noise 20 %,34,0.7545625196959871,292.1474565271217,True,True,True,0.2801550869206979,0.1895480901002884,True
chipstain_nll,1,modality: DPC,34,5.686875196213262,1049.85155418613,True,True,True,0.6253727995889102,0.0143624413758516,True
chipstain_nll,1,clean,35,0.29505661780366366,15.613824566022302,False,False,False,0.8098767116330459,0.037725169211626,False
chipstain_nll,1,blur σ=1 px,35,4.395503395830699,488.5836942926927,True,True,True,0.3252792964496384,0.0112662259489297,True
chipstain_nll,1,blur σ=2 px,35,7.667652803456876,547.1941853444133,True,True,True,0.1148848207749301,0.008358122780919,True
chipstain_nll,1,blur σ=4 px,35,11.429856486783516,547.0261037316608,True,True,True,0.0021939464284404,0.0081051401793956,True
chipstain_nll,1,noise 10 %,35,0.26623978429499906,212.0877724079611,False,True,True,0.4591158374594776,0.15810626745224,True
chipstain_nll,1,noise 20 %,35,0.7965661674316582,257.6296157008194,True,True,True,0.2655827224092126,0.2000102251768112,True
chipstain_nll,1,modality: DPC,35,4.977877008306062,1007.6743251503748,True,True,True,0.4318287473014865,0.0148834055289626,True
chipstain_nll,1,clean,36,0.031092145780273167,8.444450397360493,False,False,False,0.8290115908194204,0.0236308705061674,False
chipstain_nll,1,blur σ=1 px,36,3.9719241192235484,499.33494369249655,True,True,True,0.6486433091067777,0.0134256165474653,True
chipstain_nll,1,blur σ=2 px,36,7.505813844470707,533.836747190309,True,True,True,0.0567218374809132,0.0084190685302019,True
chipstain_nll,1,blur σ=4 px,36,11.338320163327547,525.2337922396771,True,True,True,-0.0013333883413149,0.0081175453960895,True
chipstain_nll,1,noise 10 %,36,0.42745635630177004,302.0624098992075,False,True,True,0.4857419257436934,0.142552301287651,True
chipstain_nll,1,noise 20 %,36,0.8646162352884563,319.7597464297553,True,True,True,0.3174093341113053,0.1894398778676986,True
chipstain_nll,1,modality: DPC,36,5.678084524966869,1071.3315478500128,True,True,True,0.5788848615566043,0.0146988360211253,True
chipstain_nll,1,clean,37,0.09665667672216333,11.136805936817337,False,False,False,0.7810866341543574,0.0385475531220436,False
chipstain_nll,1,blur σ=1 px,37,3.63947430056838,532.4226371976702,True,True,True,0.3491741761120617,0.0144511638209223,True
chipstain_nll,1,blur σ=2 px,37,6.78450419364874,526.8702662808112,True,True,True,0.0963265830978015,0.0089073134586215,True
chipstain_nll,1,blur σ=4 px,37,10.37968496865159,519.3266410646527,True,True,True,0.0175573506476976,0.0081471130251884,True
chipstain_nll,1,noise 10 %,37,0.4703507954829156,260.1144190401191,True,True,True,0.4794000091909807,0.14853036403656,True
chipstain_nll,1,noise 20 %,37,0.8863883121877799,322.239896019766,True,True,True,0.2988034163296921,0.192030057311058,True
chipstain_nll,1,modality: DPC,37,4.991118506922804,1040.5021480350824,True,True,True,0.4283847827892834,0.0150944460183382,True
chipstain_nll,1,clean,38,0.11099511146545324,11.72122198387586,False,False,False,0.8349780586854408,0.027079289779067,False
chipstain_nll,1,blur σ=1 px,38,3.927001831811968,502.55030176116026,True,True,True,0.4766344273283353,0.012858928181231,True
chipstain_nll,1,blur σ=2 px,38,7.167356358240272,525.1408127136929,True,True,True,0.3053495290830225,0.0088611943647265,True
chipstain_nll,1,blur σ=4 px,38,10.529431640087441,521.3505112687983,True,True,True,0.1219735666690209,0.0082457829266786,True
chipstain_nll,1,noise 10 %,38,0.32861438489362216,292.5963334845164,False,True,True,0.5048894970519429,0.1584208607673645,True
chipstain_nll,1,noise 20 %,38,0.801113640194967,233.43271019993233,True,True,True,0.3503262979875045,0.1923184543848037,True
chipstain_nll,1,modality: DPC,38,5.742137241701901,1045.6721436105595,True,True,True,0.575623860126475,0.014536484144628,True
chipstain_nll,1,clean,39,0.21751210993607495,10.98004000419558,False,False,False,0.6352191413019197,0.0587622299790382,False
chipstain_nll,1,blur σ=1 px,39,3.698203140750463,465.9019321005943,True,True,True,0.4312474991905112,0.0140883978456258,True
chipstain_nll,1,blur σ=2 px,39,6.967154214771712,531.8444172254787,True,True,True,0.2330933283307175,0.0087554985657334,True
chipstain_nll,1,blur σ=4 px,39,10.503257214033576,523.9452230927945,True,True,True,0.1302726575310146,0.0082192495465278,True
chipstain_nll,1,noise 10 %,39,0.5606061106404063,177.99027144205024,True,True,True,0.4494772630288677,0.1667961031198501,True
chipstain_nll,1,noise 20 %,39,0.9325316437537301,216.5390811455315,True,True,True,0.3191590419966658,0.198496863245964,True
chipstain_nll,1,modality: DPC,39,5.000356760519013,1028.9471253759089,True,True,True,0.5296962691795182,0.0150010352954268,True
chipstain_nll,1,clean,40,0.12727955057971369,6.920636891277918,False,False,False,0.8141824875322863,0.0232502445578575,False
chipstain_nll,1,blur σ=1 px,40,3.800044431763265,466.5357386725877,True,True,True,0.491116548507078,0.0139161795377731,True
chipstain_nll,1,blur σ=2 px,40,6.972795915357882,499.46394171479403,True,True,True,0.2092040886562097,0.0089057795703411,True
chipstain_nll,1,blur σ=4 px,40,10.423520429720805,516.5526354887028,True,True,True,0.024282495063778,0.0082654850557446,True
chipstain_nll,1,noise 10 %,40,0.3303496502049783,331.31175749656126,False,True,True,0.4376976015259741,0.1607826650142669,True
chipstain_nll,1,noise 20 %,40,0.7987020470550683,271.907397067734,True,True,True,0.3058244759026873,0.1939340382814407,True
chipstain_nll,1,modality: DPC,40,5.635786809323721,1057.1326222432172,True,True,True,0.5983209280799203,0.0147601123899221,True
chipstain_nll,1,clean,41,0.012610723312983893,7.118500934094415,False,False,False,0.7541233230657964,0.0384743809700012,False
chipstain_nll,1,blur σ=1 px,41,3.527284883856795,441.65846704462774,True,True,True,0.3652314247285653,0.0149454455822706,True
chipstain_nll,1,blur σ=2 px,41,6.690801846971964,496.56254015639377,True,True,True,0.2460357699843422,0.0090567646548151,True
chipstain_nll,1,blur σ=4 px,41,10.265892358050747,514.1139822934848,True,True,True,0.0780425324060571,0.0082132359966635,True
chipstain_nll,1,noise 10 %,41,0.4101940121241089,244.20904077782808,False,True,True,0.4511243757286665,0.1650863289833068,True
chipstain_nll,1,noise 20 %,41,0.8304381318366149,258.0354930602257,True,True,True,0.2903501477952411,0.1960999369621276,True
chipstain_nll,1,modality: DPC,41,5.3316887818323515,1019.4308956386938,True,True,True,0.4030123211928517,0.0146358180791139,True
chipstain_nll,1,clean,42,0.23070619631061975,8.386220224092366,False,False,False,0.8542295392816918,0.0219809040427207,False
chipstain_nll,1,blur σ=1 px,42,4.458925495095203,488.9393632733588,True,True,True,0.4998438583801896,0.0109564773738384,True
chipstain_nll,1,blur σ=2 px,42,7.877083198262178,530.0898447599193,True,True,True,0.273699800870003,0.0084704328328371,True
chipstain_nll,1,blur σ=4 px,42,11.456139336456049,521.5047559351224,True,True,True,0.0579038212187004,0.0082068108022212,True
chipstain_nll,1,noise 10 %,42,0.2682372003553771,268.8311538225746,False,True,True,0.4432944377308862,0.1566614210605621,True
chipstain_nll,1,noise 20 %,42,0.7680744959554535,300.6527403250883,True,True,True,0.3012239249001709,0.1930672377347946,True
chipstain_nll,1,modality: DPC,42,5.925615511548244,1107.1179445148032,True,True,True,0.6015981983973632,0.014346701093018,True
chipstain_nll,1,clean,43,0.054312871372805736,12.381549212023787,False,False,False,0.8065615961908135,0.0378336645662784,False
chipstain_nll,1,blur σ=1 px,43,3.811492399830343,448.2977378625005,True,True,True,0.4630642557937067,0.0130869792774319,True
chipstain_nll,1,blur σ=2 px,43,6.877299355771281,500.0340964847798,True,True,True,0.270684402028764,0.0088876644149422,True
chipstain_nll,1,blur σ=4 px,43,10.637902486658044,514.4162472048896,True,True,True,0.0642875434842252,0.0082140294834971,True
chipstain_nll,1,noise 10 %,43,0.4078473475955964,211.36770033921024,False,True,True,0.5041627351532687,0.1606064587831497,True
chipstain_nll,1,noise 20 %,43,0.8144596024830842,242.50436389835923,True,True,True,0.3533872300534036,0.1993555426597595,True
chipstain_nll,1,modality: DPC,43,5.718830099360555,1097.071161243097,True,True,True,0.5155429390986493,0.0141254570335149,True
chipstain_nll,1,clean,44,0.29948898015348613,14.953275116812641,False,False,False,0.7823899294040824,0.0187202207744121,False
chipstain_nll,1,blur σ=1 px,44,4.096986146431903,498.7814716503056,True,True,True,0.4181789816648537,0.0112342778593301,True
chipstain_nll,1,blur σ=2 px,44,7.365969627524437,517.0845061757371,True,True,True,0.2736610759016705,0.0085844118148088,True
chipstain_nll,1,blur σ=4 px,44,11.061650972481576,522.2211561399491,True,True,True,0.0276823494189595,0.008132979273796,True
chipstain_nll,1,noise 10 %,44,0.24369664544412903,285.1099007868459,False,True,True,0.3508888357829757,0.168349951505661,True
chipstain_nll,1,noise 20 %,44,0.7552608651565574,302.65355265998244,True,True,True,0.2316775489734794,0.1957628428936004,True
chipstain_nll,1,modality: DPC,44,5.604693248106193,1067.0518245516862,True,True,True,0.5776651789897242,0.0149792376905679,True
chipstain_nll,1,clean,45,0.0879595641186339,8.640732452573099,False,False,False,0.7271594124610754,0.0268721356987953,False
chipstain_nll,1,blur σ=1 px,45,3.9641852062796263,481.34887858027395,True,True,True,0.283206508625961,0.0115161538124084,True
chipstain_nll,1,blur σ=2 px,45,7.30325595342747,521.7612967364181,True,True,True,0.1151490667619206,0.0084928544238209,True
chipstain_nll,1,blur σ=4 px,45,11.174021878451269,526.9962694472662,True,True,True,0.0338321404793773,0.008071013726294,True
chipstain_nll,1,noise 10 %,45,0.3506485968016355,268.6415974357119,False,True,True,0.3597372456353848,0.1685535758733749,True
chipstain_nll,1,noise 20 %,45,0.7992631013779684,325.22328540463144,True,True,True,0.2295728833371383,0.1964824199676513,True
chipstain_nll,1,modality: DPC,45,5.350314194248865,1042.3717200725457,True,True,True,0.4832930846829819,0.0148309934884309,True
chipstain_nll,1,clean,46,0.16468108322354916,5.478856445900975,False,False,False,0.8104757883809446,0.026847206056118,False
chipstain_nll,1,blur σ=1 px,46,3.6567990044209457,477.3360520727576,True,True,True,0.3706247240761774,0.0130163999274373,True
chipstain_nll,1,blur σ=2 px,46,6.645886869156304,513.16253884546,True,True,True,0.1808094354777097,0.0089418441057205,True
chipstain_nll,1,blur σ=4 px,46,9.896579655254383,517.2548957757198,True,True,True,0.0566680547794307,0.0082054026424884,True
chipstain_nll,1,noise 10 %,46,0.34277638616648665,335.850097817165,False,True,True,0.4374489030180798,0.16450896859169,True
chipstain_nll,1,noise 20 %,46,0.8351458601007383,338.4615772153534,True,True,True,0.277790643990941,0.1966831982135772,True
chipstain_nll,1,modality: DPC,46,5.540953156065434,1015.2090730084648,True,True,True,0.578122198985235,0.0148083446547389,True
chipstain_nll,1,clean,47,0.18585044052163582,18.520762652399796,False,False,False,0.7503790805503486,0.0434402003884315,False
chipstain_nll,1,blur σ=1 px,47,3.1306082974934597,413.66464801387446,True,True,True,0.4777209591941139,0.0169071406126022,True
chipstain_nll,1,blur σ=2 px,47,5.8257728306647705,477.4925560311406,True,True,True,0.3147049183680107,0.0099475076422095,True
chipstain_nll,1,blur σ=4 px,47,9.306661844174217,498.29873960417103,True,True,True,0.1336893025149279,0.0082944398745894,True
chipstain_nll,1,noise 10 %,47,0.38348991940020716,277.53998955381684,False,True,True,0.4675493031102204,0.1727475076913833,True
chipstain_nll,1,noise 20 %,47,0.9008249573368078,291.6426520095572,True,True,True,0.3013746349930353,0.2037546932697296,True
chipstain_nll,1,modality: DPC,47,5.400766919354841,989.1078628097564,True,True,True,0.5112092274559624,0.0149063980206847,True
chipstain_nll,1,clean,48,0.019185191715005045,23.031007762594385,False,False,False,0.5851144159236756,0.0667633861303329,False
chipstain_nll,1,blur σ=1 px,48,3.167258617559963,350.6257224856732,True,True,True,0.5192927929362738,0.019327076151967,True
chipstain_nll,1,blur σ=2 px,48,6.1176615363302815,463.61831533252115,True,True,True,0.2280688568559825,0.0096426429226994,True
chipstain_nll,1,blur σ=4 px,48,9.562286556345402,508.21372326503916,True,True,True,0.0995913897703912,0.0082143377512693,True
chipstain_nll,1,noise 10 %,48,0.46172899798086575,177.42646204471555,False,True,True,0.4400570656305949,0.1992155909538269,True
chipstain_nll,1,noise 20 %,48,0.9206612876314452,207.28330786452878,True,True,True,0.3726088748786005,0.2291891723871231,True
chipstain_nll,1,modality: DPC,48,5.767410598569387,1062.2850274326481,True,True,True,0.5046184581780346,0.0145177822560071,True
chipstain_nll,1,clean,49,0.0956661364318956,89.4972088754522,False,True,True,0.5282472752221511,0.1269910186529159,True
chipstain_nll,1,blur σ=1 px,49,2.887377301443438,310.56175808982584,True,True,True,0.4539254841593835,0.0242266040295362,True
chipstain_nll,1,blur σ=2 px,49,5.6529193607984665,463.3635989039881,True,True,True,0.2087542459731752,0.0103227468207478,True
chipstain_nll,1,blur σ=4 px,49,9.148670680722907,502.72134939811355,True,True,True,0.0713014660785926,0.00825753249228,True
chipstain_nll,1,noise 10 %,49,0.5441176484358596,188.43957549384703,True,True,True,0.4351636961454876,0.2242835313081741,True
chipstain_nll,1,noise 20 %,49,0.9882189231573257,195.33744428653122,True,True,True,0.3823513100421987,0.2332392930984497,True
chipstain_nll,1,modality: DPC,49,5.251307112489041,1014.9169302186435,True,True,True,0.4512349872233834,0.0148062752559781,True
chipstain_nll,2,clean,0,0.04575068928450787,7.111470900781413,False,False,False,0.8127300924320663,0.0320888869464397,False
chipstain_nll,2,blur σ=1 px,0,3.899899222078282,168.44252365728576,True,True,True,0.4559984440528702,0.0150821069255471,True
chipstain_nll,2,blur σ=2 px,0,7.35054361019836,280.6301614162973,True,True,True,0.1357839773129902,0.0116665540263056,True
chipstain_nll,2,blur σ=4 px,0,11.15481464374789,311.0555216045143,True,True,True,0.0670148227918549,0.0114174224436283,True
chipstain_nll,2,noise 10 %,0,0.46710726894169796,83.84948474195375,False,True,True,0.5045628368077072,0.1339174211025238,True
chipstain_nll,2,noise 20 %,0,0.8960093510185106,135.68625583119547,True,True,True,0.3076912020912502,0.1782644242048263,True
chipstain_nll,2,modality: DPC,0,5.5209248366213375,239.92136619118332,True,True,True,0.5034112145047057,0.0174413248896598,True
chipstain_nll,2,clean,1,0.057781069251605144,5.956544623074065,False,False,False,0.7790440629336356,0.0457500852644443,False
chipstain_nll,2,blur σ=1 px,1,3.799506720376904,301.0388331736241,True,True,True,0.3869506621618016,0.0148763991892337,True
chipstain_nll,2,blur σ=2 px,1,7.1469150411026865,427.7674787185641,True,True,True,0.2878627397928484,0.0118565261363983,True
chipstain_nll,2,blur σ=4 px,1,10.864507208019738,461.60661879333463,True,True,True,0.1621165354764539,0.011443393304944,True
chipstain_nll,2,noise 10 %,1,0.49638728573272217,102.88084114009541,True,True,True,0.4935386508682022,0.1511108726263046,True
chipstain_nll,2,noise 20 %,1,0.937072411963648,145.44360315683912,True,True,True,0.2986945025580148,0.1830010414123535,True
chipstain_nll,2,modality: DPC,1,5.0572750171073695,217.76887215058795,True,True,True,0.4827816778915519,0.0195899344980716,True
chipstain_nll,2,clean,2,0.18037047775673243,7.021135600823691,False,False,False,0.7972850612046262,0.0469224862754344,False
chipstain_nll,2,blur σ=1 px,2,2.8209439324747896,204.31568935749794,True,True,True,0.4370520726888465,0.0239386074244976,True
chipstain_nll,2,blur σ=2 px,2,5.692290035327132,327.70519379664916,True,True,True,0.2155573577919733,0.0137042105197906,True
chipstain_nll,2,blur σ=4 px,2,9.392137126371765,379.8644622526556,True,True,True,0.0875636341154609,0.011666570790112,True
chipstain_nll,2,noise 10 %,2,0.604652140843741,91.09089358869325,True,True,True,0.5735640855545195,0.141711801290512,True
chipstain_nll,2,noise 20 %,2,1.0054009427056358,138.33228071926905,True,True,True,0.3952926987257917,0.177388995885849,True
chipstain_nll,2,modality: DPC,2,5.168069382139641,220.52048623422138,True,True,True,0.5426323426857633,0.0211784224957227,True
chipstain_nll,2,clean,3,0.09276428975930837,15.945553823796214,False,False,False,0.7208823355835348,0.0876106098294258,False
chipstain_nll,2,blur σ=1 px,3,2.7122701432516543,239.54195779916446,True,True,True,0.3607424078139481,0.0248449649661779,True
chipstain_nll,2,blur σ=2 px,3,5.08827816873516,316.6365551751368,True,True,True,0.2809731615140263,0.0168754812330007,True
chipstain_nll,2,blur σ=4 px,3,8.55086349138362,386.74989885528555,True,True,True,0.1268600011232068,0.0122728664427995,True
chipstain_nll,2,noise 10 %,3,0.49288143387090455,125.50762549948485,True,True,True,0.5244490416823199,0.1660232096910476,True
chipstain_nll,2,noise 20 %,3,1.007527411946073,171.0597917590669,True,True,True,0.348281986155691,0.1882346272468567,True
chipstain_nll,2,modality: DPC,3,5.081342983609809,233.9539596803531,True,True,True,0.3625544926593055,0.0184843949973583,True
chipstain_nll,2,clean,4,0.2758464589549069,8.737912906422164,False,False,False,0.7877959432006663,0.0572729669511318,False
chipstain_nll,2,blur σ=1 px,4,2.787296559599588,231.57196233814204,True,True,True,0.3626743146371205,0.024552896618843,True
chipstain_nll,2,blur σ=2 px,4,5.870328468046767,357.49508192051195,True,True,True,0.1488285541323168,0.0137399276718497,True
chipstain_nll,2,blur σ=4 px,4,9.345853019431951,385.67771519117406,True,True,True,0.0631493568292751,0.0118059068918228,True
chipstain_nll,2,noise 10 %,4,0.6722090667245396,79.60980440686014,True,True,True,0.6037065227517034,0.1399047076702118,True
chipstain_nll,2,noise 20 %,4,1.0636434705345883,142.702556370004,True,True,True,0.4052458104290493,0.1795348972082138,True
chipstain_nll,2,modality: DPC,4,5.002704212259178,212.87075949332038,True,True,True,0.4884351958605035,0.0239003151655197,True
chipstain_nll,2,clean,5,0.3371262957948119,39.914990841460686,False,False,False,0.703711909930862,0.1009271070361137,False
chipstain_nll,2,blur σ=1 px,5,2.8245341615358726,262.278941556922,True,True,True,0.3536275415549,0.0286838505417108,True
chipstain_nll,2,blur σ=2 px,5,4.989581187094065,344.49873110033406,True,True,True,0.2757447581258074,0.0184394214302301,True
chipstain_nll,2,blur σ=4 px,5,7.982329920325723,352.00763853895415,True,True,True,0.2009649005744637,0.0132237896323204,True
chipstain_nll,2,noise 10 %,5,0.38109084601558785,120.79961032259438,False,True,True,0.5565061498172932,0.1558066457509994,True
chipstain_nll,2,noise 20 %,5,0.9870961683517894,183.28006617627054,True,True,True,0.4114516917489695,0.1826405376195907,True
chipstain_nll,2,modality: DPC,5,5.19841098283569,230.3768406359508,True,True,True,0.2928454347903825,0.0185559540987014,True
chipstain_nll,2,clean,6,0.008087969632805073,11.74637759282101,False,False,False,0.8001065987709314,0.0540094673633575,False
chipstain_nll,2,blur σ=1 px,6,2.76212241256349,249.74004651558195,True,True,True,0.5103239663733159,0.0253521893173456,True
chipstain_nll,2,blur σ=2 px,6,5.3523578211916645,310.9161288617341,True,True,True,0.4095365305824484,0.0160881951451301,True
chipstain_nll,2,blur σ=4 px,6,8.635473177243627,349.5764257764109,True,True,True,0.2362514959185341,0.0124085126444697,True
chipstain_nll,2,noise 10 %,6,0.5247024106127262,98.24613963611834,True,True,True,0.6001251975260653,0.149591252207756,True
chipstain_nll,2,noise 20 %,6,1.0075202798834926,160.13525171472992,True,True,True,0.4134426229520334,0.1838973760604858,True
chipstain_nll,2,modality: DPC,6,5.244579446777384,214.44708013293817,True,True,True,0.535854476640885,0.0210555531084537,True
chipstain_nll,2,clean,7,0.22800374779840643,15.785661208680645,False,False,False,0.7391489344791115,0.0818190723657608,False
chipstain_nll,2,blur σ=1 px,7,2.6442700330321887,165.9559805289353,True,True,True,0.4146554708157814,0.0232314001768827,True
chipstain_nll,2,blur σ=2 px,7,5.61439043204728,317.6099876413573,True,True,True,0.2589640526125613,0.0137350531294941,True
chipstain_nll,2,blur σ=4 px,7,9.192153464032588,409.62103675954967,True,True,True,0.2186197738132279,0.0116184279322624,True
chipstain_nll,2,noise 10 %,7,0.6343448339414111,59.57669710267805,True,True,True,0.5990664953422107,0.133075401186943,True
chipstain_nll,2,noise 20 %,7,1.0476673321169292,115.26519585839958,True,True,True,0.3959399982623977,0.1706500500440597,True
chipstain_nll,2,modality: DPC,7,5.159559008654245,236.16141608074668,True,True,True,0.3675971843064461,0.0177869983017444,True
chipstain_nll,2,clean,8,0.1998772475703875,59.58498214284578,False,True,True,0.8107370229849352,0.048825204372406,False
chipstain_nll,2,blur σ=1 px,8,3.3596226977722314,125.84245747509192,True,True,True,0.5116632640948776,0.0172634646296501,True
chipstain_nll,2,blur σ=2 px,8,6.804698728216713,265.83194533654836,True,True,True,0.1807363152394659,0.0116732157766819,True
chipstain_nll,2,blur σ=4 px,8,10.570405727005557,308.79908735925267,True,True,True,0.0697404450866776,0.0114135285839438,True
chipstain_nll,2,noise 10 %,8,0.5772746793054482,72.7324897486902,True,True,True,0.5634732525747147,0.130245178937912,True
chipstain_nll,2,noise 20 %,8,0.9679147069116091,118.01965219865394,True,True,True,0.3830421741432843,0.1695376336574554,True
chipstain_nll,2,modality: DPC,8,5.344608847647927,212.54771588594718,True,True,True,0.5800081728205804,0.0205111354589462,True
chipstain_nll,2,clean,9,0.3832935315429039,25.27482753859907,False,False,False,0.7712027268322824,0.065958634018898,False
chipstain_nll,2,blur σ=1 px,9,3.2040259516242884,194.78894119556156,True,True,True,0.2960825732499405,0.0160833578556776,True
chipstain_nll,2,blur σ=2 px,9,6.690605074211096,369.824510145145,True,True,True,0.1849194319389383,0.0119866244494915,True
chipstain_nll,2,blur σ=4 px,9,10.463297850660288,440.0895576324444,True,True,True,0.1652991755782305,0.0114299273118376,True
chipstain_nll,2,noise 10 %,9,0.6970183605429986,88.10840530928314,True,True,True,0.5532995142774522,0.1479765474796295,True
chipstain_nll,2,noise 20 %,9,1.042271012471003,145.20749010760983,True,True,True,0.3534134517267118,0.1801439225673675,True
chipstain_nll,2,modality: DPC,9,4.771630029243484,191.89925554427558,True,True,True,0.4541176067038778,0.023205567151308,True
chipstain_nll,2,clean,10,0.2423844073846624,24.391309804997572,False,False,False,0.7456275969807579,0.0414451994001865,False
chipstain_nll,2,blur σ=1 px,10,4.623404014560214,182.60550414735252,True,True,True,0.1855027384932038,0.0124306585639715,True
chipstain_nll,2,blur σ=2 px,10,8.263219095895062,309.9818321839254,True,True,True,0.0997935472169955,0.0114829940721392,True
chipstain_nll,2,blur σ=4 px,10,11.903956541350047,331.00324099066466,True,True,True,0.0489656684535327,0.0114094782620668,True
chipstain_nll,2,noise 10 %,10,0.2759117602186967,94.18699667141338,False,True,True,0.4108687800927975,0.1312146335840225,True
chipstain_nll,2,noise 20 %,10,0.7799510706865993,134.3673684748884,True,True,True,0.2321695361883052,0.176576629281044,True
chipstain_nll,2,modality: DPC,10,5.97260627662641,246.52063662878058,True,True,True,0.5843122116315345,0.0159519482403993,True
chipstain_nll,2,clean,11,0.03689973268463602,10.57646561959555,False,False,False,0.7227193118796829,0.0411539413034915,False
chipstain_nll,2,blur σ=1 px,11,4.390981673680985,223.6401212070058,True,True,True,0.1724378098670713,0.0126064904034137,True
chipstain_nll,2,blur σ=2 px,11,8.042220932416887,395.7679179395182,True,True,True,0.0999923521752794,0.0115198614075779,True
chipstain_nll,2,blur σ=4 px,11,11.667637090266505,429.0337348612741,True,True,True,0.0731183823397602,0.0113870482891798,True
chipstain_nll,2,noise 10 %,11,0.4217811527308687,90.47298996852136,False,True,True,0.4608604711762506,0.135831668972969,True
chipstain_nll,2,noise 20 %,11,0.8606210652985915,140.76143185285736,True,True,True,0.2715002565981915,0.1774514764547348,True
chipstain_nll,2,modality: DPC,11,5.369809875297368,218.09315987108155,True,True,True,0.5575919157394619,0.0191991105675697,True
chipstain_nll,2,clean,12,0.72719544026552,19.123024520686045,True,False,True,0.783017086692225,0.0275115799158811,True
chipstain_nll,2,blur σ=1 px,12,4.5030323735353885,218.28034423349925,True,True,True,0.3355266457167227,0.012988606467843,True
chipstain_nll,2,blur σ=2 px,12,7.381134788909712,311.95550767250677,True,True,True,0.1900555127869361,0.0118266874924302,True
chipstain_nll,2,blur σ=4 px,12,11.002805398138591,322.26859494589246,True,True,True,0.0845706364401432,0.0114374198019504,True
chipstain_nll,2,noise 10 %,12,0.04993481520001679,116.83660158873218,False,True,True,0.4200644336421455,0.1336824148893356,True
chipstain_nll,2,noise 20 %,12,0.6721100408317191,140.87172231108596,True,True,True,0.2474602590858753,0.1773643493652343,True
chipstain_nll,2,modality: DPC,12,5.896543328807319,247.00366756643163,True,True,True,0.5410775053511746,0.0153580475598573,True
chipstain_nll,2,clean,13,0.4472931851041706,14.704807603375025,False,False,False,0.7003524710057628,0.0359037294983863,False
chipstain_nll,2,blur σ=1 px,13,4.3737637309152735,211.5481155082368,True,True,True,0.3846153445250631,0.0132512412965297,True
chipstain_nll,2,blur σ=2 px,13,7.43958735685054,336.7347085563872,True,True,True,0.224239702517344,0.0116283809766173,True
chipstain_nll,2,blur σ=4 px,13,11.126606210173595,350.3293124300089,True,True,True,0.1155650371879978,0.0114223062992095,True
chipstain_nll,2,noise 10 %,13,0.15412463816761973,125.54285803118755,False,True,True,0.3872577392291305,0.1414044350385666,True
chipstain_nll,2,noise 20 %,13,0.7168737495882412,145.69380786933036,True,True,True,0.2149087165554999,0.1800002455711364,True
chipstain_nll,2,modality: DPC,13,5.481503692917686,224.15612916066985,True,True,True,0.4740102436960999,0.0179759413003921,True
chipstain_nll,2,clean,14,0.7314481211199624,24.595296932116508,True,False,True,0.8193376053433937,0.0307433065026998,True
chipstain_nll,2,blur σ=1 px,14,4.267746819223614,248.41298356256905,True,True,True,0.487901230282947,0.0135228056460618,True
chipstain_nll,2,blur σ=2 px,14,7.196407571558957,363.090858329607,True,True,True,0.324512188353348,0.0120834372937679,True
chipstain_nll,2,blur σ=4 px,14,10.815921090898398,374.6892119329878,True,True,True,0.1451892366266837,0.0114544769749045,True
chipstain_nll,2,noise 10 %,14,0.06498784538388996,91.16610257155207,False,True,True,0.4787857561199394,0.1348764151334762,True
chipstain_nll,2,noise 20 %,14,0.6806370353537629,146.87274917488818,True,True,True,0.2982166962402882,0.1785160452127456,True
chipstain_nll,2,modality: DPC,14,5.937231548209419,241.2032220905001,True,True,True,0.5798231590401649,0.0164522211998701,True
chipstain_nll,2,clean,15,0.5341866151209765,12.242028399711842,True,False,True,0.7981117971878845,0.0316534452140331,True
chipstain_nll,2,blur σ=1 px,15,4.024075501447166,326.831534196317,True,True,True,0.3889316692599624,0.0141049502417445,True
chipstain_nll,2,blur σ=2 px,15,6.908350870988361,420.01078981637636,True,True,True,0.3517555550605514,0.0124613372609019,True
chipstain_nll,2,blur σ=4 px,15,10.567238573744008,441.6166900883094,True,True,True,0.2402473389688712,0.0115613862872123,True
chipstain_nll,2,noise 10 %,15,0.14024977982794407,90.8299404429687,False,True,True,0.4744366257687537,0.1431747823953628,True
chipstain_nll,2,noise 20 %,15,0.7177154116991981,156.87196051044455,True,True,True,0.2791895082708336,0.1834708303213119,True
chipstain_nll,2,modality: DPC,15,5.38803983426327,216.28577134671175,True,True,True,0.5817879479224306,0.0187647305428981,True
chipstain_nll,2,clean,16,0.37504902970620846,18.885105601591434,False,False,False,0.819751196516472,0.0335177890956401,False
chipstain_nll,2,blur σ=1 px,16,4.699958542889303,179.458743766871,True,True,True,0.2794258181927047,0.0120014566928148,True
chipstain_nll,2,blur σ=2 px,16,8.2164351989758,310.66168015322916,True,True,True,0.2026151560985357,0.0115146078169345,True
chipstain_nll,2,blur σ=4 px,16,12.005043895946972,332.06289894798886,True,True,True,0.0642831239886079,0.0113955903798341,True
chipstain_nll,2,noise 10 %,16,0.2109029448079817,95.8847424623891,False,True,True,0.4817234818266449,0.1326975524425506,True
chipstain_nll,2,noise 20 %,16,0.7611936252046847,144.26066894937318,True,True,True,0.2806501505862407,0.1766256242990493,True
chipstain_nll,2,modality: DPC,16,5.727518222065436,234.044441699272,True,True,True,0.6578090855324941,0.017349412664771,True
chipstain_nll,2,clean,17,0.37047561560139153,9.916309978562433,False,False,False,0.7845117473177347,0.0380180664360523,False
chipstain_nll,2,blur σ=1 px,17,4.11101438936201,363.17273843300717,True,True,True,0.2658571744616586,0.0140109555795788,True
chipstain_nll,2,blur σ=2 px,17,7.0875750936306865,430.44374199527044,True,True,True,0.1437348490648025,0.0121233891695737,True
chipstain_nll,2,blur σ=4 px,17,10.741498660941915,455.5288393945776,True,True,True,0.1174512266957087,0.011460623703897,True
chipstain_nll,2,noise 10 %,17,0.19713392386913647,114.50226712990097,False,True,True,0.4943005399970882,0.1478967666625976,True
chipstain_nll,2,noise 20 %,17,0.7491682842222,172.19188217293456,True,True,True,0.3064779396502301,0.1818983405828476,True
chipstain_nll,2,modality: DPC,17,5.464399317941364,216.61285434433123,True,True,True,0.537032970101049,0.0184330232441425,True
chipstain_nll,2,clean,18,0.462942009755166,32.05671385740524,False,False,False,0.7631034110644792,0.0327614955604076,False
chipstain_nll,2,blur σ=1 px,18,4.4870390872380055,310.37933951365363,True,True,True,0.4558703855361195,0.0125597026199102,True
chipstain_nll,2,blur σ=2 px,18,7.536508795557481,458.06277645638534,True,True,True,0.3024664929410846,0.0117333084344863,True
chipstain_nll,2,blur σ=4 px,18,11.503833939495355,478.22260560084635,True,True,True,0.1724611387057913,0.01138845551759,True
chipstain_nll,2,noise 10 %,18,0.20423780645714473,123.85912906198419,False,True,True,0.3838107470074542,0.144659474492073,True
chipstain_nll,2,noise 20 %,18,0.7795194594252135,162.71544036574664,True,True,True,0.232771881710539,0.1818853020668029,True
chipstain_nll,2,modality: DPC,18,6.304421633387965,257.6993566703506,True,True,True,0.4939703018890279,0.0153008941560983,True
chipstain_nll,2,clean,19,0.5246141621094869,60.41458538059432,True,True,True,0.7656609747862388,0.0339629165828228,True
chipstain_nll,2,blur σ=1 px,19,4.576635849164393,363.85692780852156,True,True,True,0.4230199629393971,0.0126548046246171,True
chipstain_nll,2,blur σ=2 px,19,7.507713507086075,445.6799357993554,True,True,True,0.2528472106510563,0.0117311980575323,True
chipstain_nll,2,blur σ=4 px,19,11.533701860443502,456.9851607380914,True,True,True,0.1068974219942617,0.0114062251523137,True
chipstain_nll,2,noise 10 %,19,0.17125967015075616,134.00294908787944,False,True,True,0.3783824883464271,0.1488066911697387,True
chipstain_nll,2,noise 20 %,19,0.7858830652730123,172.88410807904964,True,True,True,0.2160477801527598,0.1825844943523407,True
chipstain_nll,2,modality: DPC,19,5.633598602565174,222.8242528161602,True,True,True,0.5515406227697339,0.0183820482343435,True
chipstain_nll,2,clean,20,0.14510532547730984,39.78239538992205,False,False,False,0.7976275346765371,0.0395157113671302,False
chipstain_nll,2,blur σ=1 px,20,3.939924614844377,292.847670537299,True,True,True,0.3925278782619147,0.015186290256679,True
chipstain_nll,2,blur σ=2 px,20,7.34595944104693,418.680821487107,True,True,True,0.2589528775141936,0.0116860391572117,True
chipstain_nll,2,blur σ=4 px,20,11.117347375260232,428.4921432788383,True,True,True,0.1457043036350382,0.0114232301712036,True
chipstain_nll,2,noise 10 %,20,0.49206136558015534,82.50800513799582,True,True,True,0.5193570226239913,0.1310062706470489,True
chipstain_nll,2,noise 20 %,20,0.9088316189969718,143.38840688953,True,True,True,0.321425971034371,0.1742163002490997,True
chipstain_nll,2,modality: DPC,20,5.558575648748518,223.40128783061365,True,True,True,0.5483943865708469,0.0199187770485878,True
chipstain_nll,2,clean,21,0.041234197152802465,8.899326370467037,False,False,False,0.7398110818358765,0.0469579324126243,False
chipstain_nll,2,blur σ=1 px,21,3.803623039022177,251.3172670488714,True,True,True,0.3243296870456855,0.0149429384618997,True
chipstain_nll,2,blur σ=2 px,21,7.305672688973047,393.34752331807806,True,True,True,0.2076748896205766,0.0116638280451297,True
chipstain_nll,2,blur σ=4 px,21,11.11813687636646,410.9716161865913,True,True,True,0.1245116458678168,0.0114565063267946,True
chipstain_nll,2,noise 10 %,21,0.4532708416001273,85.58659938102393,False,True,True,0.5554983898750755,0.1233773529529571,True
chipstain_nll,2,noise 20 %,21,0.8977604673032842,131.9855508211712,True,True,True,0.2911458455789114,0.1720511764287948,True
chipstain_nll,2,modality: DPC,21,5.2806086681044455,217.77350450853237,True,True,True,0.3490857943078401,0.0188569147139787,True
chipstain_nll,2,clean,22,0.23651331172541484,26.789834863030404,False,False,False,0.7973823426511202,0.0452995859086513,False
chipstain_nll,2,blur σ=1 px,22,3.0948001432314793,254.32376118321923,True,True,True,0.4503881127713172,0.0189971029758453,True
chipstain_nll,2,blur σ=2 px,22,6.1911668517198555,360.21107211930826,True,True,True,0.2612952729554065,0.0127690797671675,True
chipstain_nll,2,blur σ=4 px,22,10.007185844391147,400.30521439140574,True,True,True,0.2173817267090662,0.0115469740703701,True
chipstain_nll,2,noise 10 %,22,0.5981858340557351,76.46956276887863,True,True,True,0.5565282731734918,0.1434487253427505,True
chipstain_nll,2,noise 20 %,22,0.9748156424133109,135.88148632814833,True,True,True,0.3889785826933793,0.1781872808933258,True
chipstain_nll,2,modality: DPC,22,5.224814799131462,218.14774192076857,True,True,True,0.6285767924798703,0.0212412439286708,True
chipstain_nll,2,clean,23,0.01336022943090423,11.456607660458399,False,False,False,0.6993279098861246,0.0718533843755722,False
chipstain_nll,2,blur σ=1 px,23,2.898375487081953,261.796909104276,True,True,True,0.3892637509551541,0.0219927430152893,True
chipstain_nll,2,blur σ=2 px,23,5.727085410816262,373.9621029816694,True,True,True,0.3292332545660811,0.0147335035726428,True
chipstain_nll,2,blur σ=4 px,23,9.298382683715229,431.6611849408424,True,True,True,0.1432233621686248,0.0118374796584248,True
chipstain_nll,2,noise 10 %,23,0.49601774160313206,110.72746990383779,True,True,True,0.5375814200504665,0.1482366770505905,True
chipstain_nll,2,noise 20 %,23,0.9662334775892726,151.51928701724333,True,True,True,0.3608325164435005,0.1821686178445816,True
chipstain_nll,2,modality: DPC,23,4.96590577404946,214.72768039998542,True,True,True,0.4241409760474426,0.0211641285568475,True
chipstain_nll,2,clean,24,0.24122216011823028,264.44308725524627,False,True,True,0.7235802891596423,0.0811277404427528,False
chipstain_nll,2,blur σ=1 px,24,3.4531849065275826,218.90814245241503,True,True,True,0.3864632571605455,0.0155710140243172,True
chipstain_nll,2,blur σ=2 px,24,6.974273993379438,346.5395830897295,True,True,True,0.2461118785118195,0.011887458153069,True
chipstain_nll,2,blur σ=4 px,24,10.815856194992922,382.78916905944044,True,True,True,0.088535149961547,0.011463320814073,True
chipstain_nll,2,noise 10 %,24,0.587236563542906,87.81853264721657,True,True,True,0.5439612746197277,0.1258351802825927,True
chipstain_nll,2,noise 20 %,24,0.9632178489512206,118.24183840039844,True,True,True,0.3442792025233729,0.1706260442733764,True
chipstain_nll,2,modality: DPC,24,5.277985066871864,226.70594437008413,True,True,True,0.586401707091183,0.0200213436037302,True
chipstain_nll,2,clean,25,0.3937403160273978,6.142046790868236,False,False,False,0.7713633863130465,0.0546806566417217,False
chipstain_nll,2,blur σ=1 px,25,2.9892421614513998,182.56792045738285,True,True,True,0.3511078371750824,0.0178063809871673,True
chipstain_nll,2,blur σ=2 px,25,6.120158004822712,319.5462985554042,True,True,True,0.2111645129830942,0.0127766001969575,True
chipstain_nll,2,blur σ=4 px,25,9.926604401470941,374.90240024838346,True,True,True,0.1239297993661705,0.0115475859493017,True
chipstain_nll,2,noise 10 %,25,0.7139113712387648,69.59268372386155,True,True,True,0.5676676279443326,0.1354038268327713,True
chipstain_nll,2,noise 20 %,25,1.0454910365952672,126.49098799273216,True,True,True,0.3404094549061562,0.1772253960371017,True
chipstain_nll,2,modality: DPC,25,4.695371668804133,200.1213898022505,True,True,True,0.5359277756456734,0.0234477687627077,True
chipstain_nll,2,clean,26,0.1649259243280813,31.567783224876433,False,False,False,0.8177499357529755,0.0403848104178905,False
chipstain_nll,2,blur σ=1 px,26,3.126599180497477,332.47245401046007,True,True,True,0.4648756802629221,0.019433481618762,True
chipstain_nll,2,blur σ=2 px,26,5.892399721417679,409.2733189152856,True,True,True,0.3664633135701527,0.0140082025900483,True
chipstain_nll,2,blur σ=4 px,26,9.450312166583911,464.2725297680784,True,True,True,0.2322474106079849,0.0120008345693349,True
chipstain_nll,2,noise 10 %,26,0.3843535296595255,112.3622982698232,False,True,True,0.5504555426960097,0.1517107933759689,True
chipstain_nll,2,noise 20 %,26,0.889681126865741,167.3568464827145,True,True,True,0.376302308414649,0.182663157582283,True
chipstain_nll,2,modality: DPC,26,5.577498284110718,225.81141871978184,True,True,True,0.432924527068898,0.0179139375686645,True
chipstain_nll,2,clean,27,0.19438243005652725,14.14478230079853,False,False,False,0.7628796279445464,0.0704352632164955,False
chipstain_nll,2,blur σ=1 px,27,3.069025007247223,284.272180065318,True,True,True,0.4816012380900297,0.0217344816774129,True
chipstain_nll,2,blur σ=2 px,27,5.783725071169571,399.389363131856,True,True,True,0.3626238130965503,0.0146377915516495,True
chipstain_nll,2,blur σ=4 px,27,9.248931086619717,458.8457185980486,True,True,True,0.2072345414655871,0.0118289627134799,True
chipstain_nll,2,noise 10 %,27,0.3907444146892408,119.4478075442933,False,True,True,0.5621621226225305,0.1545780748128891,True
chipstain_nll,2,noise 20 %,27,0.9101908000776369,174.63615068225735,True,True,True,0.3783585785727093,0.183839812874794,True
chipstain_nll,2,modality: DPC,27,5.307172879294268,227.18428236251262,True,True,True,0.4145013929890509,0.0181014779955148,True
chipstain_nll,2,clean,28,0.35951011941284694,47.800121996268594,False,True,True,0.781130118534046,0.0396483018994331,False
chipstain_nll,2,blur σ=1 px,28,3.7076846807649186,368.4556094580114,True,True,True,0.5551738300155659,0.0161646157503128,True
chipstain_nll,2,blur σ=2 px,28,6.732857572232428,436.34215725811003,True,True,True,0.4772531875630848,0.0129240406677126,True
chipstain_nll,2,blur σ=4 px,28,10.371696501803475,462.22899608060686,True,True,True,0.34785085921114,0.0116847548633813,True
chipstain_nll,2,noise 10 %,28,0.24288419074739528,116.94969185355228,False,True,True,0.4908792639623013,0.1468493044376373,True
chipstain_nll,2,noise 20 %,28,0.7917150230499719,171.36349400359254,True,True,True,0.3270701590614653,0.1828619241714477,True
chipstain_nll,2,modality: DPC,28,5.95636974255463,244.72027346772236,True,True,True,0.4929671658493817,0.0157401412725448,True
chipstain_nll,2,clean,29,0.21641269499125906,54.83668732777492,False,True,True,0.7580151295695893,0.0443144179880619,False
chipstain_nll,2,blur σ=1 px,29,3.8351933046194553,349.10802781303295,True,True,True,0.3783157469415624,0.0147386724129319,True
chipstain_nll,2,blur σ=2 px,29,7.108604322351813,421.9048870494533,True,True,True,0.277014476253382,0.0122902356088161,True
chipstain_nll,2,blur σ=4 px,29,10.856499085966881,443.7318949629158,True,True,True,0.1390280382185872,0.0114709418267011,True
chipstain_nll,2,noise 10 %,29,0.3097284193977266,95.11507896741489,False,True,True,0.4654865332052086,0.1413874626159668,True
chipstain_nll,2,noise 20 %,29,0.8382520508760903,140.804536974045,True,True,True,0.2657930908823465,0.1787760406732559,True
chipstain_nll,2,modality: DPC,29,5.350436819885936,220.18400895486926,True,True,True,0.5056116767673104,0.0183821767568588,True
chipstain_nll,2,clean,30,0.5320444658847303,25.6248560822483,True,False,True,0.8288310918408763,0.0246883612126112,True
chipstain_nll,2,blur σ=1 px,30,4.904670223953873,372.35261984329816,True,True,True,0.5446878054568325,0.012800732627511,True
chipstain_nll,2,blur σ=2 px,30,8.46058175715949,456.3937445559143,True,True,True,0.2580917779163566,0.0114866960793733,True
chipstain_nll,2,blur σ=4 px,30,12.092748556084363,457.6024929734069,True,True,True,0.1804147016657895,0.0114112822338938,True
chipstain_nll,2,noise 10 %,30,0.16592566117331642,108.4774039875975,False,True,True,0.4257664027042147,0.1346390545368194,True
chipstain_nll,2,noise 20 %,30,0.7742626482411992,151.83610535665966,True,True,True,0.2469431291254248,0.176769733428955,True
chipstain_nll,2,modality: DPC,30,6.00700356674843,256.44985210870414,True,True,True,0.5745613381695875,0.0155471228063106,True
chipstain_nll,2,clean,31,0.5088151405015914,57.99745815079023,True,True,True,0.7938213161679324,0.0322209745645523,True
chipstain_nll,2,blur σ=1 px,31,4.80903270950473,345.5781131133147,True,True,True,0.2880807433712816,0.0129553973674774,True
chipstain_nll,2,blur σ=2 px,31,8.006289297514162,430.62146889200193,True,True,True,0.2491143585945587,0.0116555178537964,True
chipstain_nll,2,blur σ=4 px,31,11.59227764793114,438.13894206639776,True,True,True,0.1594114096168845,0.0114278625696897,True
chipstain_nll,2,noise 10 %,31,0.17324642458041153,108.95515432675964,False,True,True,0.4306246844108555,0.1405931115150451,True
chipstain_nll,2,noise 20 %,31,0.7815156506104165,166.80481767259963,True,True,True,0.2251898133894208,0.1780625283718109,True
chipstain_nll,2,modality: DPC,31,5.259482761069256,218.15717979304574,True,True,True,0.5612964413865964,0.0199540946632623,True
chipstain_nll,2,clean,32,0.7562834954635833,20.961220025428805,True,False,True,0.8152995691176694,0.02359907515347,True
chipstain_nll,2,blur σ=1 px,32,5.300867204254842,362.8437958168372,True,True,True,0.4740225026688873,0.0119834933429956,True
chipstain_nll,2,blur σ=2 px,32,8.82185214769804,447.493277502519,True,True,True,0.3551254844758156,0.0115384059026837,True
chipstain_nll,2,blur σ=4 px,32,12.1766772320339,460.51650207181035,True,True,True,0.2275311725806567,0.011420888826251,True
chipstain_nll,2,noise 10 %,32,0.09026880638344296,112.6486455755884,False,True,True,0.3824935619202865,0.1367449462413787,True
chipstain_nll,2,noise 20 %,32,0.731121748312493,159.53044735236585,True,True,True,0.2096799743304335,0.1791770011186599,True
chipstain_nll,2,modality: DPC,32,5.768438609151213,243.7177069197961,True,True,True,0.4258638734431586,0.0156166143715381,True
chipstain_nll,2,clean,33,0.4518797105881144,29.32885220737717,False,False,False,0.8119419802889988,0.0291918776929378,False
chipstain_nll,2,blur σ=1 px,33,4.567309293221296,353.99627732327536,True,True,True,0.5008901064594251,0.0132275745272636,True
chipstain_nll,2,blur σ=2 px,33,7.822658338676453,434.53030892619137,True,True,True,0.3307561042122801,0.0117417918518185,True
chipstain_nll,2,blur σ=4 px,33,11.64725602759373,451.21312479386006,True,True,True,0.1830096310759752,0.0114133143797516,True
chipstain_nll,2,noise 10 %,33,0.18920259904615147,100.3007099717275,False,True,True,0.4326891670968539,0.1428712308406829,True
chipstain_nll,2,noise 20 %,33,0.7592991237707803,169.6341253607274,True,True,True,0.2348685085918518,0.180696353316307,True
chipstain_nll,2,modality: DPC,33,5.17430817401585,223.7584780311655,True,True,True,0.5701210332884755,0.0182003770023584,True
chipstain_nll,2,clean,34,0.4679565398163755,31.940159105241307,True,False,True,0.8530211584241822,0.0276451297104358,True
chipstain_nll,2,blur σ=1 px,34,4.845059531388356,248.01198152979873,True,True,True,0.3724869753308302,0.0122118089348077,True
chipstain_nll,2,blur σ=2 px,34,8.455656381375368,377.17685843406383,True,True,True,0.1236821898398358,0.011419728398323,True
chipstain_nll,2,blur σ=4 px,34,12.210984853775708,396.92172308327304,True,True,True,0.0587397758586202,0.0113900415599346,True
chipstain_nll,2,noise 10 %,34,0.18691451154323352,95.07260865188293,False,True,True,0.5233812386301072,0.1238758936524391,True
chipstain_nll,2,noise 20 %,34,0.7545625196959871,140.6014294866129,True,True,True,0.2771463191914521,0.174101248383522,True
chipstain_nll,2,modality: DPC,34,5.686875196213262,224.1510608671318,True,True,True,0.6535923080904814,0.017262514680624,True
chipstain_nll,2,clean,35,0.29505661780366366,13.724890063036423,False,False,False,0.792638355794984,0.0413440279662609,False
chipstain_nll,2,blur σ=1 px,35,4.395503395830699,331.51340022144046,True,True,True,0.2787016173090462,0.0132650360465049,True
chipstain_nll,2,blur σ=2 px,35,7.667652803456876,423.3674450393869,True,True,True,0.1413076147442461,0.0117597570642828,True
chipstain_nll,2,blur σ=4 px,35,11.429856486783516,440.25482534688416,True,True,True,0.0515420723779375,0.0114491432905197,True
chipstain_nll,2,noise 10 %,35,0.26623978429499906,84.99223432657571,False,True,True,0.5150777765046164,0.135143369436264,True
chipstain_nll,2,noise 20 %,35,0.7965661674316582,151.84881422438426,True,True,True,0.2565321919146131,0.1768946647644043,True
chipstain_nll,2,modality: DPC,35,4.977877008306062,198.95497577530324,True,True,True,0.4710674850942364,0.0206226967275142,True
chipstain_nll,2,clean,36,0.031092145780273167,182.24786012224536,False,True,True,0.7828975394034113,0.0449770241975784,False
chipstain_nll,2,blur σ=1 px,36,3.9719241192235484,262.07019093691866,True,True,True,0.4910267667068239,0.0144622940570116,True
chipstain_nll,2,blur σ=2 px,36,7.505813844470707,366.18812944576985,True,True,True,0.1673883599277254,0.0116427335888147,True
chipstain_nll,2,blur σ=4 px,36,11.338320163327547,387.7151541236095,True,True,True,0.0644076540038906,0.0114906979724764,True
chipstain_nll,2,noise 10 %,36,0.42745635630177004,942.0509934333119,False,True,True,0.5191582182414716,0.1433357149362564,True
chipstain_nll,2,noise 20 %,36,0.8646162352884563,121.32836301900889,True,True,True,0.3313960660178306,0.16544771194458,True
chipstain_nll,2,modality: DPC,36,5.678084524966869,239.84172674951802,True,True,True,0.6149553285759781,0.0176206938922405,True
chipstain_nll,2,clean,37,0.09665667672216333,108.29599081317474,False,True,True,0.7472051385533975,0.0513463988900184,False
chipstain_nll,2,blur σ=1 px,37,3.63947430056838,230.94072354899555,True,True,True,0.2075879900251145,0.0152228325605392,True
chipstain_nll,2,blur σ=2 px,37,6.78450419364874,349.72111994776367,True,True,True,0.063266787102837,0.0123863779008388,True
chipstain_nll,2,blur σ=4 px,37,10.37968496865159,391.4230709169589,True,True,True,0.0762426240307986,0.0115746753290295,True
chipstain_nll,2,noise 10 %,37,0.4703507954829156,172.1792277082673,True,True,True,0.5636847451103094,0.1232154592871666,True
chipstain_nll,2,noise 20 %,37,0.8863883121877799,115.35217896848766,True,True,True,0.3280071055024674,0.1691988706588745,True
chipstain_nll,2,modality: DPC,37,4.991118506922804,210.34354915834356,True,True,True,0.4988074935688634,0.0211614724248647,True
chipstain_nll,2,clean,38,0.11099511146545324,24.78582498058141,False,False,False,0.8113558231546503,0.0484857261180877,False
chipstain_nll,2,blur σ=1 px,38,3.927001831811968,216.10813851203864,True,True,True,0.476415433548933,0.0155385928228497,True
chipstain_nll,2,blur σ=2 px,38,7.167356358240272,345.5534538612017,True,True,True,0.287934946113206,0.0123346401378512,True
chipstain_nll,2,blur σ=4 px,38,10.529431640087441,376.12409714570254,True,True,True,0.2045546970883721,0.0115790944546461,True
chipstain_nll,2,noise 10 %,38,0.32861438489362216,84.48787729709886,False,True,True,0.5591511634435786,0.1290161162614822,True
chipstain_nll,2,noise 20 %,38,0.801113640194967,124.23447955090036,True,True,True,0.3626709119776933,0.1726645678281784,True
chipstain_nll,2,modality: DPC,38,5.742137241701901,226.5068234496011,True,True,True,0.6120200535020919,0.0179790891706943,True
chipstain_nll,2,clean,39,0.21751210993607495,5.264903108029372,False,False,False,0.7816919824683789,0.050427671521902,False
chipstain_nll,2,blur σ=1 px,39,3.698203140750463,207.37908197403212,True,True,True,0.360462736436354,0.0147295193746685,True
chipstain_nll,2,blur σ=2 px,39,6.967154214771712,349.39574993816296,True,True,True,0.2590111321016941,0.0122560020536184,True
chipstain_nll,2,blur σ=4 px,39,10.503257214033576,377.0170347611203,True,True,True,0.1861627899604864,0.0115315066650509,True
chipstain_nll,2,noise 10 %,39,0.5606061106404063,75.85922010864991,True,True,True,0.5548231466477048,0.1384738683700561,True
chipstain_nll,2,noise 20 %,39,0.9325316437537301,124.42789044452746,True,True,True,0.3468893189256954,0.1779407560825348,True
chipstain_nll,2,modality: DPC,39,5.000356760519013,200.14194716816127,True,True,True,0.5324792313274499,0.0218088813126087,True
chipstain_nll,2,clean,40,0.12727955057971369,47.33991945804362,False,True,True,0.7846039247778829,0.034544751048088,False
chipstain_nll,2,blur σ=1 px,40,3.800044431763265,195.89427886349603,True,True,True,0.4735927317570633,0.0163571033626794,True
chipstain_nll,2,blur σ=2 px,40,6.972795915357882,292.41130903595956,True,True,True,0.2216100518595848,0.0123729594051837,True
chipstain_nll,2,blur σ=4 px,40,10.423520429720805,301.7337566782659,True,True,True,0.0544841976991348,0.011509159579873,True
chipstain_nll,2,noise 10 %,40,0.3303496502049783,91.95144957940369,False,True,True,0.4745865779889338,0.1366097778081894,True
chipstain_nll,2,noise 20 %,40,0.7987020470550683,135.34995827174794,True,True,True,0.304347322060771,0.1774914115667343,True
chipstain_nll,2,modality: DPC,40,5.635786809323721,254.54945618463688,True,True,True,0.5945355437747684,0.0168520454317331,True
chipstain_nll,2,clean,41,0.012610723312983893,15.20459179453604,False,False,False,0.7329117258259863,0.0496052131056785,False
chipstain_nll,2,blur σ=1 px,41,3.527284883856795,195.7430252009896,True,True,True,0.3424209508103252,0.0167302619665861,True
chipstain_nll,2,blur σ=2 px,41,6.690801846971964,300.9655785871905,True,True,True,0.2423054998861605,0.012468259781599,True
chipstain_nll,2,blur σ=4 px,41,10.265892358050747,319.94861341260906,True,True,True,0.0773561473397741,0.0114998258650302,True
chipstain_nll,2,noise 10 %,41,0.4101940121241089,87.47364229542617,False,True,True,0.4814452561719302,0.1416762322187423,True
chipstain_nll,2,noise 20 %,41,0.8304381318366149,140.29301027817348,True,True,True,0.2976946462470377,0.1796295940876007,True
chipstain_nll,2,modality: DPC,41,5.3316887818323515,226.2375684989098,True,True,True,0.391725479678523,0.0177518390119075,True
chipstain_nll,2,clean,42,0.23070619631061975,9.175423656943796,False,False,False,0.8316085881490902,0.0307913571596145,False
chipstain_nll,2,blur σ=1 px,42,4.458925495095203,229.8359539201821,True,True,True,0.4643371364863034,0.013475346378982,True
chipstain_nll,2,blur σ=2 px,42,7.877083198262178,337.1849301762958,True,True,True,0.2828199624428656,0.0116813089698553,True
chipstain_nll,2,blur σ=4 px,42,11.456139336456049,355.32688393488917,True,True,True,0.1117960663497766,0.0114391399547457,True
chipstain_nll,2,noise 10 %,42,0.2682372003553771,106.09116129671749,False,True,True,0.4655543954741187,0.1334415227174759,True
chipstain_nll,2,noise 20 %,42,0.7680744959554535,133.01228870921182,True,True,True,0.2836006425660393,0.1762181222438812,True
chipstain_nll,2,modality: DPC,42,5.925615511548244,246.6350756942315,True,True,True,0.6103358079837489,0.016878418624401,True
chipstain_nll,2,clean,43,0.054312871372805736,5.6605828237345985,False,False,False,0.8110293109264549,0.03986232355237,False
chipstain_nll,2,blur σ=1 px,43,3.811492399830343,177.0669085521458,True,True,True,0.4272737182473979,0.0151918698102235,True
chipstain_nll,2,blur σ=2 px,43,6.877299355771281,293.8345879039453,True,True,True,0.302882514076265,0.0124244960024952,True
chipstain_nll,2,blur σ=4 px,43,10.637902486658044,325.9875795364771,True,True,True,0.1169318153888497,0.0114792715758085,True
chipstain_nll,2,noise 10 %,43,0.4078473475955964,94.14569799184268,False,True,True,0.5425492755842339,0.1359735429286956,True
chipstain_nll,2,noise 20 %,43,0.8144596024830842,135.88661290430076,True,True,True,0.3270655706631586,0.1764962375164032,True
chipstain_nll,2,modality: DPC,43,5.718830099360555,233.67300874374496,True,True,True,0.4694313278445208,0.0168468318879604,True
chipstain_nll,2,clean,44,0.29948898015348613,75.29401234939839,False,True,True,0.6992312759638702,0.0406384170055389,False
chipstain_nll,2,blur σ=1 px,44,4.096986146431903,200.44223841474982,True,True,True,0.3849122338441637,0.0137669602409005,True
chipstain_nll,2,blur σ=2 px,44,7.365969627524437,294.5197307886302,True,True,True,0.3005601116926272,0.0119219124317169,True
chipstain_nll,2,blur σ=4 px,44,11.061650972481576,299.5350247871855,True,True,True,0.0863088673630309,0.0114501379430294,True
chipstain_nll,2,noise 10 %,44,0.24369664544412903,100.98380290478106,False,True,True,0.3734911621815379,0.1391344368457794,True
chipstain_nll,2,noise 20 %,44,0.7552608651565574,146.45302527519004,True,True,True,0.2402572399660065,0.1779657155275344,True
chipstain_nll,2,modality: DPC,44,5.604693248106193,260.10739455013277,True,True,True,0.5744243847860304,0.0163026787340641,True
chipstain_nll,2,clean,45,0.0879595641186339,19.13258824849711,False,False,False,0.6997698783527112,0.0377369634807109,False
chipstain_nll,2,blur σ=1 px,45,3.9641852062796263,181.07282387960498,True,True,True,0.2720354452479896,0.0137514574453234,True
chipstain_nll,2,blur σ=2 px,45,7.30325595342747,298.0083397148429,True,True,True,0.1363400393644843,0.0117214210331439,True
chipstain_nll,2,blur σ=4 px,45,11.174021878451269,317.6716727236965,True,True,True,0.0557938472653237,0.011430992744863,True
chipstain_nll,2,noise 10 %,45,0.3506485968016355,111.43696128616986,False,True,True,0.388793955190001,0.1443423181772232,True
chipstain_nll,2,noise 20 %,45,0.7992631013779684,148.52569987321795,True,True,True,0.2402072399613181,0.1815418154001236,True
chipstain_nll,2,modality: DPC,45,5.350314194248865,237.761302258146,True,True,True,0.5425989599898179,0.0180828925222158,True
chipstain_nll,2,clean,46,0.16468108322354916,71.49201915116235,False,True,True,0.7729880637706502,0.043011900037527,False
chipstain_nll,2,blur σ=1 px,46,3.6567990044209457,218.20638495991903,True,True,True,0.3273043969922102,0.0153980748727917,True
chipstain_nll,2,blur σ=2 px,46,6.645886869156304,313.8953861326914,True,True,True,0.1660171685985665,0.0123336026445031,True
chipstain_nll,2,blur σ=4 px,46,9.896579655254383,319.4781821005183,True,True,True,0.0804990009233539,0.0115758217871189,True
chipstain_nll,2,noise 10 %,46,0.34277638616648665,111.13118004712952,False,True,True,0.4721447226392376,0.147864744067192,True
chipstain_nll,2,noise 20 %,46,0.8351458601007383,152.88010337073834,True,True,True,0.2923411542432309,0.1812262833118438,True
chipstain_nll,2,modality: DPC,46,5.540953156065434,238.09604080909372,True,True,True,0.6079358886776547,0.017743906006217,True
chipstain_nll,2,clean,47,0.18585044052163582,20.13944180618811,False,False,False,0.7409489820731843,0.046613834798336,False
chipstain_nll,2,blur σ=1 px,47,3.1306082974934597,263.6556608883657,True,True,True,0.4680620177405152,0.0194750130176544,True
chipstain_nll,2,blur σ=2 px,47,5.8257728306647705,321.8471105873281,True,True,True,0.3342614726699372,0.0135785089805722,True
chipstain_nll,2,blur σ=4 px,47,9.306661844174217,301.9158165682619,True,True,True,0.2055471051025712,0.0117121422663331,True
chipstain_nll,2,noise 10 %,47,0.38348991940020716,113.10938860631715,False,True,True,0.4899883368760286,0.1541385352611541,True
chipstain_nll,2,noise 20 %,47,0.9008249573368078,166.3802337818961,True,True,True,0.3193041837730867,0.1856358498334884,True
chipstain_nll,2,modality: DPC,47,5.400766919354841,229.66366433868237,True,True,True,0.5100091466598782,0.0177309960126876,True
chipstain_nll,2,clean,48,0.019185191715005045,17.315156818117753,False,False,False,0.7997033694603257,0.0491123646497726,False
chipstain_nll,2,blur σ=1 px,48,3.167258617559963,215.40568901874548,True,True,True,0.5053505985817173,0.0219023954123258,True
chipstain_nll,2,blur σ=2 px,48,6.1176615363302815,324.6288564470571,True,True,True,0.2209060058149468,0.0134172178804874,True
chipstain_nll,2,blur σ=4 px,48,9.562286556345402,371.3364245589132,True,True,True,0.1791814096233811,0.0118061350658535,True
chipstain_nll,2,noise 10 %,48,0.46172899798086575,105.37985966420173,False,True,True,0.5865901827610438,0.1377212256193161,True
chipstain_nll,2,noise 20 %,48,0.9206612876314452,146.12513400072442,True,True,True,0.4323321364370872,0.1760451644659042,True
chipstain_nll,2,modality: DPC,48,5.767410598569387,219.5286755611209,True,True,True,0.4763684590394685,0.01880569383502,True
chipstain_nll,2,clean,49,0.0956661364318956,11.419617149088882,False,False,False,0.7653683466325172,0.0677867084741592,False
chipstain_nll,2,blur σ=1 px,49,2.887377301443438,257.3365673967938,True,True,True,0.4120796944532595,0.0243620108813047,True
chipstain_nll,2,blur σ=2 px,49,5.6529193607984665,328.389455411819,True,True,True,0.2120846876920142,0.0141511373221874,True
chipstain_nll,2,blur σ=4 px,49,9.148670680722907,369.0347270286123,True,True,True,0.109828889356748,0.0117785166949033,True
chipstain_nll,2,noise 10 %,49,0.5441176484358596,101.06959989761536,True,True,True,0.6070852215979057,0.1419486999511718,True
chipstain_nll,2,noise 20 %,49,0.9882189231573257,151.874240192783,True,True,True,0.4307794943711651,0.1784287989139557,True
chipstain_nll,2,modality: DPC,49,5.251307112489041,210.4373924999499,True,True,True,0.4452577209231338,0.0203659292310476,True
