mae,psnr,ssim,pearson,seg_f1,seg_precision,seg_recall,seg_f1_realfluo,n_ref,n_pred,n_realfluo,spearman_mu_err,ause_mu,gain20_mu,spearman_grad_err,ause_grad,gain20_grad,gain20_oracle,run,well,field,timepoint,spearman_unc_err,ause,gain20,mean_sigma,cfg,seed,spearman_epi_err,ause_epi,mean_sigma_epi,spearman_ale_err,ause_ale,mean_sigma_ale
0.0194812586699517,25.7792493308356,0.906400756511292,0.7975354202843625,0.7310344822626397,0.803030303030303,0.6708860759493671,0.8111888106943127,79,66,64,0.0001036035366799,0.4351644052997244,0.4133675098419189,0.271114353783274,0.3004922975536778,0.4665006399154663,0.6289256811141968,baseline_unet_s0,R05-C03,0,1,,,,,baseline_unet,0,,,,,,
0.0236036371147637,25.609114706144645,0.8823839839739296,0.7966043372713184,0.6835443032981894,0.7105263157894737,0.6585365853658537,0.824324323830168,82,76,66,0.0165727513440986,0.3920032740847778,0.3135984539985657,0.2514524027820037,0.2795907477406044,0.3686520457267761,0.5100555419921875,baseline_unet_s0,R05-C03,0,10,,,,,baseline_unet,0,,,,,,
0.0281108992634063,23.88195910317236,0.8398529516219624,0.7607176406555477,0.7384615379621827,0.7659574468085106,0.7128712871287128,0.734463276346133,101,94,76,0.3398099531062908,0.2574612055174504,0.4026664495468139,0.2468238629448075,0.2806295020225475,0.4250691533088684,0.5555970668792725,baseline_unet_s0,R05-C03,0,50,,,,,baseline_unet,0,,,,,,
0.0306222590301376,23.197495311093856,0.8127348159146582,0.7698287779478963,0.655172413295981,0.7089552238805971,0.6089743589743589,0.7482517477558803,156,134,130,0.2362706447687491,0.2575645901150286,0.4882616996765136,0.3477267383011646,0.2161309874688144,0.4955629110336303,0.592836856842041,baseline_unet_s0,R05-C03,0,100,,,,,baseline_unet,0,,,,,,
0.0376073288181862,21.67882613643971,0.7659177276513058,0.7242588398067096,0.555294117149719,0.5989847715736041,0.5175438596491229,0.6568627446049596,228,197,180,0.5023698619710079,0.1776970144537376,0.5478843450546265,0.5090116071235826,0.1853012213755107,0.4988212585449219,0.6576895713806152,baseline_unet_s0,R05-C03,0,150,,,,,baseline_unet,0,,,,,,
0.022578011005452,24.472637137825984,0.8927307924437506,0.8154037506532282,0.8060836496917405,0.8548387096774194,0.762589928057554,0.8396946559904142,139,124,123,0.0744165811204684,0.2873153935351474,0.5714516639709473,0.3831065590318751,0.2091832044810933,0.5999229550361633,0.7030631303787231,baseline_unet_s0,R05-C03,1,1,,,,,baseline_unet,0,,,,,,
0.0265587085874624,23.62301022319878,0.8665151990145054,0.7786322252892922,0.8421052626581963,0.8633093525179856,0.821917808219178,0.8142857137866326,146,139,134,0.2096846368135984,0.2517648729383094,0.6111740469932556,0.4110761530122974,0.1950493611885697,0.6172226667404175,0.7087677717208862,baseline_unet_s0,R05-C03,1,10,,,,,baseline_unet,0,,,,,,
0.0369305190583131,21.6175652624262,0.7952796209047527,0.6974161272568683,0.6649214654694635,0.6939890710382514,0.6381909547738693,0.7582417577461206,199,183,165,0.5009536911070621,0.1747873490831757,0.6482700705528259,0.5451837778899394,0.173010242558395,0.5378372073173523,0.7316913604736328,baseline_unet_s0,R05-C03,1,50,,,,,baseline_unet,0,,,,,,
0.0461421249137886,20.504220615924705,0.7258256637197427,0.6804817956190831,0.6033333328344221,0.6328671328671329,0.5764331210191083,0.7423423418509925,314,286,241,0.5994576926152707,0.1811500930687513,0.4976524114608764,0.5959294759810563,0.1921833258533234,0.3914605379104614,0.7020047903060913,baseline_unet_s0,R05-C03,1,100,,,,,baseline_unet,0,,,,,,
0.0657493580145081,18.12234899537364,0.6080564566641956,0.5330672644979799,0.4224598925609968,0.5031847133757962,0.3640552995391705,0.6417112294593926,434,314,314,0.6123057341761386,0.2517192057691448,0.3148377537727356,0.5834365488032897,0.2686312394519772,0.2486938834190368,0.6549704074859619,baseline_unet_s0,R05-C03,1,150,,,,,baseline_unet,0,,,,,,
0.0311158129028927,22.041563232125803,0.8677195090288942,0.8097933964337372,0.8144044316334281,0.84,0.7903225806451613,0.8045977006518034,186,175,162,0.3127004134434651,0.1883537847513845,0.6347112059593201,0.3730654806533582,0.1744264768725544,0.6332622170448303,0.7070242762565613,baseline_unet_s0,R05-C03,10,1,,,,,baseline_unet,0,,,,,,
0.0335325351689694,21.52332080039345,0.839779898657692,0.7722787222157311,0.8020304563528047,0.797979797979798,0.8061224489795918,0.8096514740321283,196,198,177,0.3103284042709985,0.2123443357772573,0.6661884784698486,0.4708459936218652,0.1679281216788504,0.6243157386779785,0.7435107231140137,baseline_unet_s0,R05-C03,10,10,,,,,baseline_unet,0,,,,,,
0.0417561378900143,20.580815637236434,0.7796415859309613,0.7555230314911693,0.7586206891552018,0.7644787644787645,0.752851711026616,0.7886178856812496,263,259,229,0.5326931275433517,0.1735851350945503,0.6141929030418396,0.553107757213813,0.1736839199893437,0.4971792697906494,0.7327559590339661,baseline_unet_s0,R05-C03,10,50,,,,,baseline_unet,0,,,,,,
0.0569303384361118,19.21618454737571,0.6751989644857266,0.6547638243976661,0.5784447471149717,0.6217008797653959,0.5408163265306123,0.6551724133010964,392,341,304,0.6027599151244362,0.2386295957300386,0.3608992099761963,0.6076787354198507,0.2283592184305075,0.2776278257369995,0.6660912036895752,baseline_unet_s0,R05-C03,10,100,,,,,baseline_unet,0,,,,,,
0.079130226217859,17.21447579732558,0.5590750938657308,0.5687212464087305,0.4347826082055982,0.5061728395061729,0.3810408921933085,0.6048565116588842,538,405,368,0.5459251241873886,0.3485182919922032,0.2128447890281677,0.5390100793487982,0.3366400316783854,0.1734827756881714,0.5908153057098389,baseline_unet_s0,R05-C03,10,150,,,,,baseline_unet,0,,,,,,
0.0286234643272863,22.849887306214924,0.8711027781543611,0.8063572808527889,0.8150684926507787,0.8263888888888888,0.8040540540540541,0.8413284127883879,148,144,123,0.0203387572689375,0.3506556104408863,0.5855919122695923,0.4007949733562562,0.1925098633274139,0.6050207018852234,0.686880350112915,baseline_unet_s0,R05-C03,11,1,,,,,baseline_unet,0,,,,,,
0.0313564041490821,22.53968049968169,0.848998337973819,0.7800465470330386,0.8060606055606244,0.8109756097560976,0.8012048192771084,0.7622149832166706,166,164,141,0.3807671859504272,0.1898524641954829,0.6424278020858765,0.4951535305428205,0.1529893054069171,0.618918240070343,0.7157827019691467,baseline_unet_s0,R05-C03,11,10,,,,,baseline_unet,0,,,,,,
0.0355762592791769,21.828895632195575,0.8098174107710578,0.7744593939062984,0.7516198699104815,0.7631578947368421,0.7404255319148936,0.7664399087992142,235,228,206,0.4995257817556974,0.1652332059939688,0.644629180431366,0.5484519815849496,0.1585520984701672,0.5421463251113892,0.7311738729476929,baseline_unet_s0,R05-C03,11,50,,,,,baseline_unet,0,,,,,,
0.0482137638553852,20.018813842682164,0.7307283236746067,0.7155432118067425,0.577443608524647,0.617363344051447,0.5423728813559322,0.7104851325261742,354,311,285,0.5914887573781069,0.1651821315839005,0.4992573857307434,0.6114727218091115,0.1687364079550979,0.4074577093124389,0.7078045606613159,baseline_unet_s0,R05-C03,11,100,,,,,baseline_unet,0,,,,,,
0.0668593210643234,18.25265609121938,0.6178707165982207,0.6112200045769676,0.4315245473164507,0.5138461538461538,0.3719376391982182,0.6025974021112194,449,325,321,0.5700896288758888,0.2661406461671886,0.2896493673324585,0.5754868419446674,0.2664135537894935,0.2468950152397155,0.6423889994621277,baseline_unet_s0,R05-C03,11,150,,,,,baseline_unet,0,,,,,,
0.0238282842324178,24.46377758445278,0.8863470752630391,0.8392966444770075,0.8396226410096119,0.8557692307692307,0.8240740740740741,0.8780487799892445,108,104,97,-0.0210697060026104,0.389041960180617,0.4525612592697143,0.1836938853422672,0.3201367385147173,0.4861510396003723,0.6326383352279663,baseline_unet_s0,R05-C03,12,1,,,,,baseline_unet,0,,,,,,
0.0235048970290491,24.545657384946132,0.8828130504730202,0.8404824054315816,0.8776371303017678,0.8888888888888888,0.8666666666666667,0.9170305671867433,120,117,109,0.1857290717750248,0.2991625668543543,0.4747005701065063,0.1561374394266895,0.3099416402129179,0.497233510017395,0.6258195638656616,baseline_unet_s0,R05-C03,12,10,,,,,baseline_unet,0,,,,,,
0.0326551371724915,22.880819375329487,0.8172922847856073,0.8095533645757141,0.8227424744163936,0.825503355704698,0.82,0.8158844760377432,150,149,127,0.3888387184878791,0.2298377631666451,0.4847409725189209,0.1795531504614653,0.2975438722670037,0.4830808043479919,0.5879354476928711,baseline_unet_s0,R05-C03,12,50,,,,,baseline_unet,0,,,,,,
0.0400875849728266,21.142039314984252,0.7578623944615459,0.7604660262335198,0.7361419063736362,0.7410714285714286,0.7312775330396476,0.7447306786589077,227,224,200,0.3296695056373177,0.2330183622712602,0.5661119222640991,0.3798434687140719,0.2277439098605035,0.4848219156265259,0.6675176024436951,baseline_unet_s0,R05-C03,12,100,,,,,baseline_unet,0,,,,,,
0.0580866769587669,18.78443801389643,0.6515979220204164,0.6701589349964959,0.482352940678378,0.5141065830721003,0.4542936288088642,0.7723935384151751,361,319,320,0.4830102480212166,0.2101407121899863,0.4222410321235657,0.5010033412500849,0.2131168976896921,0.3509086370468139,0.6709471344947815,baseline_unet_s0,R05-C03,12,150,,,,,baseline_unet,0,,,,,,
0.0160291235036445,28.007240251123633,0.9173200639126606,0.7887989918622121,0.8358208950233905,0.8,0.875,0.7333333328355556,32,35,28,-0.0865718813657567,0.5313256358438011,0.2117574214935302,0.1587254531840792,0.4126450877321311,0.3055923581123352,0.5345370173454285,baseline_unet_s0,R05-C03,13,1,,,,,baseline_unet,0,,,,,,
0.0207784259457861,27.843550760555264,0.889337377757964,0.7944426879269656,0.7894736837160664,0.7142857142857143,0.8823529411764706,0.799999999501065,34,42,31,-0.1146639726310405,0.4245558532009625,0.1748219728469848,0.1559687017072115,0.3314996989261595,0.2426176071166992,0.4085288047790527,baseline_unet_s0,R05-C03,13,10,,,,,baseline_unet,0,,,,,,
0.0289066638850596,25.767316735682307,0.823912465812836,0.7403527079428901,0.7476635509022621,0.7272727272727273,0.7692307692307693,0.7472527467629514,52,55,39,-0.0347561149205287,0.2555055801818704,0.2096753120422363,0.1923418692112294,0.2197817805381422,0.2487549185752868,0.3456624150276184,baseline_unet_s0,R05-C03,13,50,,,,,baseline_unet,0,,,,,,
0.0329509865476649,24.676926252412983,0.7784541152631845,0.7219583409944638,0.5987261141497018,0.5949367088607594,0.6025641025641025,0.729927006808887,78,79,59,0.073328306942635,0.2198538163643162,0.2702714800834656,0.1922204301329482,0.18571205220508,0.3011788129806518,0.3744903206825256,baseline_unet_s0,R05-C03,13,100,,,,,baseline_unet,0,,,,,,
0.0315155052152075,24.070264696651723,0.7693879483795619,0.7106333471850399,0.5263157889740304,0.5405405405405406,0.5128205128205128,0.7254901955892444,117,111,87,0.3878519489937663,0.2096485185306846,0.4168993830680847,0.3084065765957462,0.2265416470773008,0.415982186794281,0.5053291320800781,baseline_unet_s0,R05-C03,13,150,,,,,baseline_unet,0,,,,,,
0.0149534125746303,27.64809713813545,0.9254071049145138,0.7672812396674045,0.7619047614079112,0.7058823529411765,0.8275862068965517,0.9090909085923968,29,34,26,-0.0992976458755716,0.4780527988678226,0.2757745385169983,0.2449181851910868,0.3479571318606287,0.3624663352966308,0.5762513875961304,baseline_unet_s0,R05-C03,14,1,,,,,baseline_unet,0,,,,,,
0.0166154209146421,27.73258255602665,0.9128371119803764,0.7800883596631019,0.7941176465592561,0.7714285714285715,0.8181818181818182,0.8571428566439909,33,35,30,-0.0716260812643726,0.4625850261063893,0.2229732871055603,0.1936855739316538,0.32690639797831,0.3205580711364746,0.5048931837081909,baseline_unet_s0,R05-C03,14,10,,,,,baseline_unet,0,,,,,,
0.0231473519168672,25.759090324348115,0.8542393960565523,0.6678013226675649,0.4418604646165495,0.4318181818181818,0.4523809523809524,0.7948717943747535,42,44,36,0.5205956291599906,0.2417885241164346,0.3969155550003052,0.1418179277891372,0.3701895585940803,0.3224064707756042,0.4961103796958923,baseline_unet_s0,R05-C03,14,50,,,,,baseline_unet,0,,,,,,
0.0266636937073363,24.35179712296398,0.8266370556913567,0.6781808943490285,0.4251968498937318,0.421875,0.4285714285714285,0.7413793098485433,63,64,53,0.2137860841113186,0.2538195871270516,0.3502504229545593,0.2390829528362383,0.2423407602181882,0.3809893727302551,0.4806476831436157,baseline_unet_s0,R05-C03,14,100,,,,,baseline_unet,0,,,,,,
0.0306415199643322,23.628634661323257,0.7903795967901655,0.6820782732077021,0.5084745757712024,0.5056179775280899,0.5113636363636364,0.603550295358846,88,89,81,0.3907153917552725,0.2100918954820231,0.4639622569084167,0.3415165054400982,0.2091134178275093,0.470422089099884,0.5482560396194458,baseline_unet_s0,R05-C03,14,150,,,,,baseline_unet,0,,,,,,
0.0147547664698078,27.38932014138425,0.927992455669064,0.8355235945152915,0.6741573028738794,0.7317073170731707,0.625,0.8172043005757891,48,41,45,-0.2297335095606801,0.5565508255403627,0.2775248885154724,0.2725258168364995,0.3234186360613476,0.3996188640594482,0.6008586883544922,baseline_unet_s0,R05-C03,15,1,,,,,baseline_unet,0,,,,,,
0.0175455207954418,27.22108226048644,0.9081052537236431,0.8274889571931555,0.7472527467542567,0.7906976744186046,0.7083333333333334,0.7032967027982128,48,43,43,-0.0960195877672923,0.4723073226301335,0.2712079882621765,0.2084104517654653,0.3144940131638013,0.3514060378074646,0.5335752964019775,baseline_unet_s0,R05-C03,15,10,,,,,baseline_unet,0,,,,,,
0.0247097070309109,24.632624494769995,0.8571029531527289,0.7292302807009591,0.6019417470785182,0.6739130434782609,0.543859649122807,0.7619047614084352,57,46,48,0.1710744601984307,0.3416822355703762,0.3256860971450805,0.2384006952895578,0.2642397694330402,0.3671956658363342,0.4948432445526123,baseline_unet_s0,R05-C03,15,50,,,,,baseline_unet,0,,,,,,
0.0268598193986299,24.151972061092728,0.8322177554652501,0.7807929387092837,0.6153846148859302,0.6486486486486487,0.5853658536585366,0.6887417213580107,82,74,69,0.1303714887298913,0.298393043199942,0.4111190438270569,0.3415493881460528,0.2074515794410718,0.4500160217285156,0.5261900424957275,baseline_unet_s0,R05-C03,15,100,,,,,baseline_unet,0,,,,,,
0.0312332734627734,22.21045260259115,0.8031434939077982,0.687639952723849,0.4977375560665015,0.5555555555555556,0.4508196721311475,0.6877828049352798,122,99,99,0.2713663157851138,0.2305542851916138,0.5380841493606567,0.3897921155027598,0.191577349049855,0.5490262508392334,0.6203784942626953,baseline_unet_s0,R05-C03,15,150,,,,,baseline_unet,0,,,,,,
0.016602902718763,27.06026296922831,0.9168582865650164,0.8265816994106309,0.7415730332094431,0.7857142857142857,0.7021276595744681,0.853932583771241,47,42,42,-0.0312991225991684,0.4886753445515265,0.3042020201683044,0.2555388399447862,0.3380040551950437,0.3874814510345459,0.5826219916343689,baseline_unet_s0,R05-C03,16,1,,,,,baseline_unet,0,,,,,,
0.0206097094745968,26.997165231182223,0.8951746958228844,0.8344458469804793,0.7865168534326473,0.7954545454545454,0.7777777777777778,0.863636363136622,45,44,43,-0.0320749545406359,0.4147627351012715,0.2406151294708252,0.252166833921674,0.2921821800174605,0.2998405694961548,0.4470970034599304,baseline_unet_s0,R05-C03,16,10,,,,,baseline_unet,0,,,,,,
0.0262351552821614,25.973818700460715,0.8452847075787072,0.8072941411709316,0.7187499995,0.71875,0.71875,0.8188976372953065,64,64,63,0.1841342461053736,0.2757013766615903,0.2787465453147888,0.2428204149933824,0.2258324825053963,0.3178410530090332,0.413263201713562,baseline_unet_s0,R05-C03,16,50,,,,,baseline_unet,0,,,,,,
0.0318257425422744,23.956485973364508,0.799176688017578,0.7495337069458957,0.5810055860948159,0.6265060240963856,0.5416666666666666,0.7709497201730283,96,83,83,0.3179799370594279,0.2228094341979888,0.3609108328819275,0.2890301201667817,0.2065739421212934,0.3817278742790222,0.4655110239982605,baseline_unet_s0,R05-C03,16,100,,,,,baseline_unet,0,,,,,,
0.0335023495207087,23.042830998260044,0.7772308389240338,0.7442558772355498,0.5296442682812729,0.5982142857142857,0.475177304964539,0.7878787873811123,141,112,123,0.3397142085644464,0.2374873896123144,0.4751514196395874,0.4470496844796627,0.1784940649528201,0.4901944398880005,0.5749225616455078,baseline_unet_s0,R05-C03,16,150,,,,,baseline_unet,0,,,,,,
0.0154304544944073,29.09555427961214,0.9220482487351684,0.781906049420501,0.6896551719233055,0.8,0.6060606060606061,0.5573770486836871,33,25,28,-0.1372720708501343,0.580968200553502,0.1944286823272705,0.2426129720824703,0.3802352246932294,0.292343258857727,0.4964014887809753,baseline_unet_s0,R05-C03,17,1,,,,,baseline_unet,0,,,,,,
0.0191453920451954,29.07436093704709,0.9006518699321826,0.7876899890252681,0.6769230764260353,0.7333333333333333,0.6285714285714286,0.7812499995043946,35,30,29,-0.0684853384261561,0.4375259968386959,0.1779441833496093,0.2514703186637164,0.3089603913343218,0.2277022004127502,0.3849149942398071,baseline_unet_s0,R05-C03,17,10,,,,,baseline_unet,0,,,,,,
0.0244042076413424,28.938163520055724,0.8507062082931489,0.8138245496587133,0.7941176465605536,0.84375,0.75,0.5937499995078124,36,32,28,-0.2895745386976163,0.3160560423916689,0.1123199462890625,0.3046620475941656,0.1614506383543441,0.1777870655059814,0.2460156083106994,baseline_unet_s0,R05-C03,17,50,,,,,baseline_unet,0,,,,,,
0.0269344873782676,28.145636073880823,0.8167736507954557,0.7886618374100369,0.6666666661686551,0.7115384615384616,0.6271186440677966,0.5940594054547593,59,52,42,0.0149864082560249,0.2199610334823644,0.1540653109550476,0.2405289083961195,0.1530707003921727,0.192177414894104,0.2473063468933105,baseline_unet_s0,R05-C03,17,100,,,,,baseline_unet,0,,,,,,
0.0305929009280231,25.738485817141033,0.786424964083804,0.7057002770927264,0.530120481428872,0.5569620253164557,0.5057471264367817,0.6710526310894217,87,79,65,0.1876186029521065,0.1893987672838084,0.2752646803855896,0.3048027551975116,0.1436335013831199,0.3056583404541015,0.3500682711601257,baseline_unet_s0,R05-C03,17,150,,,,,baseline_unet,0,,,,,,
0.0218674190116874,25.32852964741715,0.8958814449827077,0.8423159162491838,0.8466257663720878,0.8846153846153846,0.8117647058823529,0.7567567562678049,85,78,63,-0.1516427223666177,0.5101692328389387,0.3825680017471313,0.2334216601299532,0.3061388164791392,0.4396793842315674,0.5861856937408447,baseline_unet_s0,R05-C03,18,1,,,,,baseline_unet,0,,,,,,
0.0252949220216593,24.143999269302117,0.8705321640651678,0.8025136408885736,0.7444444439446913,0.7613636363636364,0.7282608695652174,0.7261146491963162,92,88,65,0.0242847901123342,0.3558204830082151,0.4080774188041687,0.2210574464029979,0.271096577638643,0.4484309554100036,0.5709208846092224,baseline_unet_s0,R05-C03,18,10,,,,,baseline_unet,0,,,,,,
0.0295934104988083,22.96367734780819,0.8241927309147894,0.7803476261442762,0.663461537962278,0.69,0.6388888888888888,0.6850828724468727,108,100,73,0.2861677696533235,0.3121305258885685,0.4670882821083069,0.3133075122747611,0.247174970899291,0.4840137958526611,0.5818192958831787,baseline_unet_s0,R05-C03,18,50,,,,,baseline_unet,0,,,,,,
0.0343526236147802,20.945028293223263,0.7979857621861142,0.7224611824862239,0.6586102714036929,0.6770186335403726,0.6411764705882353,0.617543859167744,170,161,115,0.2047581526727305,0.2623079206243044,0.6170939207077026,0.4198938349349538,0.1855461473980292,0.6038124561309814,0.6932758092880249,baseline_unet_s0,R05-C03,18,100,,,,,baseline_unet,0,,,,,,
0.0420870849759092,20.19500626601783,0.7557975096963044,0.7313868670145176,0.618937643843468,0.6568627450980392,0.5851528384279476,0.637974683057023,229,204,166,0.2950369137589727,0.269129366603352,0.5726727247238159,0.4477963717440797,0.1859587379563312,0.5036530494689941,0.672356367111206,baseline_unet_s0,R05-C03,18,150,,,,,baseline_unet,0,,,,,,
0.0259400603241619,23.85863182468349,0.878570621356235,0.7729959364119083,0.8163265301122968,0.8080808080808081,0.8247422680412371,0.8085106377983816,97,99,91,-0.1068304350195617,0.4005644333633574,0.4706379175186157,0.2458252501270632,0.2649678477784782,0.5119924545288086,0.6226239204406738,baseline_unet_s0,R05-C03,19,1,,,,,baseline_unet,0,,,,,,
0.0285063591478337,24.126525092757458,0.8615476225875753,0.8041172594687965,0.8518518513520232,0.8679245283018868,0.8363636363636363,0.7980769225785873,110,106,98,-0.1726962006519311,0.3921437894297951,0.4055168032646179,0.3057033409989999,0.22296275608782,0.4442067146301269,0.5391464233398438,baseline_unet_s0,R05-C03,19,10,,,,,baseline_unet,0,,,,,,
0.0296895233316756,23.106102646194525,0.8358476068479639,0.7636509347746493,0.7898089166974723,0.7848101265822784,0.7948717948717948,0.7728813554338638,156,158,139,0.3280001683348875,0.2402934921482571,0.5562207102775574,0.4070694482862423,0.209453926549931,0.5511002540588379,0.6346844434738159,baseline_unet_s0,R05-C03,19,50,,,,,baseline_unet,0,,,,,,
0.0416951917636404,20.862836585039013,0.7565167596183672,0.672307407946238,0.6530612239900041,0.6666666666666666,0.64,0.6969696964789944,225,216,171,0.5142922516912757,0.1784952075581845,0.5861526727676392,0.5928566366093524,0.1611524087801203,0.4781578779220581,0.6945184469223022,baseline_unet_s0,R05-C03,19,100,,,,,baseline_unet,0,,,,,,
0.0514904335297819,19.90232220572236,0.6868610891320855,0.6467816678552326,0.567260939534213,0.603448275862069,0.5351681957186545,0.5961199289650345,327,290,240,0.5913226715951133,0.1942387301713181,0.4307861924171448,0.6101284702082622,0.1841953661402326,0.3522471785545349,0.6690961122512817,baseline_unet_s0,R05-C03,19,150,,,,,baseline_unet,0,,,,,,
0.0219887992608942,24.796206235790667,0.8976133922546431,0.7998149914562902,0.7283950612286998,0.7468354430379747,0.7108433734939759,0.7114093954796629,83,79,66,0.0477134182293033,0.3728019463023931,0.453603446483612,0.2905661910181241,0.2718124246778235,0.5022317171096802,0.6279502511024475,baseline_unet_s0,R05-C03,2,1,,,,,baseline_unet,0,,,,,,
0.0257312764139219,24.880109013113344,0.879416452691326,0.8156988077338034,0.7719298240618309,0.7951807228915663,0.75,0.7581699341518219,88,83,65,0.0545425217568525,0.3400029662372342,0.3687312006950378,0.2504606327485994,0.2608565268778432,0.3983024954795837,0.505905270576477,baseline_unet_s0,R05-C03,2,10,,,,,baseline_unet,0,,,,,,
0.0319708361831757,23.641860751015624,0.8320454102672211,0.7887913658968669,0.7649769580254412,0.7757009345794392,0.7545454545454545,0.7596153841170487,110,107,98,0.2369914491670832,0.2080866374583161,0.3956930637359619,0.2703331572058973,0.2062215362744526,0.4086998701095581,0.4814261198043823,baseline_unet_s0,R05-C03,2,50,,,,,baseline_unet,0,,,,,,
0.0338102654191197,22.32256063885284,0.8065263603157351,0.7352587850009359,0.6271186435678604,0.6342857142857142,0.6201117318435754,0.6455696197619971,179,175,137,0.3933580229233156,0.1951806034924594,0.5831949710845947,0.4658038111620519,0.175343566976823,0.5499413013458252,0.6409670114517212,baseline_unet_s0,R05-C03,2,100,,,,,baseline_unet,0,,,,,,
0.0437796676404649,20.61903969069066,0.7484016571965547,0.7080616094117609,0.6352459011412338,0.6768558951965066,0.5984555984555985,0.7381974243989297,259,229,207,0.5560277147285282,0.1576505667694474,0.5589721202850342,0.5599214068754553,0.1612842955701818,0.4842970967292785,0.6804039478302002,baseline_unet_s0,R05-C03,2,150,,,,,baseline_unet,0,,,,,,
0.0232768433314756,23.56939764011097,0.8964938413117174,0.822863712038152,0.876106194190618,0.9,0.853448275862069,0.7809523804578684,116,110,94,-0.200854031567438,0.4079529725612057,0.559039831161499,0.3279777439045625,0.2039399280444437,0.602112889289856,0.7043856382369995,baseline_unet_s0,R05-C03,20,1,,,,,baseline_unet,0,,,,,,
0.0296455759214652,23.273780504963803,0.8478656430337378,0.7926325854769813,0.7860262003749738,0.8333333333333334,0.743801652892562,0.8214285709318001,121,108,103,0.2026701437887327,0.3228005754297,0.5040504336357117,0.2358295165459466,0.2729548856013695,0.5292531251907349,0.6309431791305542,baseline_unet_s0,R05-C03,20,10,,,,,baseline_unet,0,,,,,,
0.034794811784302,21.588770862740457,0.8058004531354925,0.7469934148595413,0.7405247808411461,0.7341040462427746,0.7470588235294118,0.7619047614079112,170,173,145,0.3992228398056977,0.2066208309469657,0.617761492729187,0.4052675170072304,0.1956351167604605,0.5811141729354858,0.6971559524536133,baseline_unet_s0,R05-C03,20,50,,,,,baseline_unet,0,,,,,,
0.0461148226702646,20.327923117620227,0.7358541687171936,0.7203982143430065,0.6233766228790221,0.6697674418604651,0.582995951417004,0.6447058818661203,247,215,178,0.4488452331577187,0.2603069661446106,0.53746497631073,0.5049271502448505,0.1858393223033695,0.4414296746253967,0.6946186423301697,baseline_unet_s0,R05-C03,20,100,,,,,baseline_unet,0,,,,,,
0.0628353158999845,17.835031028365023,0.6428773678760594,0.6357952006294968,0.453543306592865,0.5106382978723404,0.4079320113314447,0.679867986312295,353,282,253,0.4955866103160453,0.2364717378920233,0.4161130785942077,0.5558514284633145,0.2057937565834338,0.3539712429046631,0.7077223062515259,baseline_unet_s0,R05-C03,20,150,,,,,baseline_unet,0,,,,,,
0.0148720500296955,28.362576274822988,0.9235795077050502,0.8109965925707667,0.6216216211219868,0.6388888888888888,0.6052631578947368,0.7878787873902662,38,36,28,-0.2840948569330283,0.6359374282898264,0.2538928985595703,0.2784452811760301,0.3226839063971309,0.3906456232070923,0.5714328289031982,baseline_unet_s0,R05-C03,21,1,,,,,baseline_unet,0,,,,,,
0.0203678360783381,26.87755629723513,0.8918086628961451,0.7885894559702471,0.6829268287694825,0.717948717948718,0.6511627906976745,0.7199999995107556,43,39,32,-0.0071683045473115,0.4224013634731907,0.3203970789909363,0.2948527576665322,0.2830234393248088,0.3858293890953064,0.5218514800071716,baseline_unet_s0,R05-C03,21,10,,,,,baseline_unet,0,,,,,,
0.0274181796438139,26.02468537850789,0.8379594055026919,0.7696728808130668,0.6956521734130813,0.7017543859649122,0.6896551724137931,0.7766990286341784,58,57,45,0.1829096190804861,0.2445108460173606,0.2729763984680176,0.2431041705396386,0.2139907412763827,0.3017865419387817,0.3979323506355285,baseline_unet_s0,R05-C03,21,50,,,,,baseline_unet,0,,,,,,
0.0248451100498454,25.626513518083097,0.836142804709962,0.7634632571384242,0.6627906971768524,0.7125,0.6195652173913043,0.6666666661758879,92,80,70,0.1142344741695768,0.3449642186926763,0.3990781307220459,0.421852643154291,0.200383639212098,0.4302117228507995,0.5068496465682983,baseline_unet_s0,R05-C03,21,100,,,,,baseline_unet,0,,,,,,
0.0299178534619513,24.30100145783912,0.7985546905077239,0.7509995510312854,0.4848484843577824,0.5614035087719298,0.4266666666666667,0.6821705421489094,150,114,108,0.3574250587817328,0.2237265393712898,0.4742200970649719,0.4761287365391732,0.1752051387145768,0.4871851801872253,0.5554763674736023,baseline_unet_s0,R05-C03,21,150,,,,,baseline_unet,0,,,,,,
0.0131197050371562,29.57955410926864,0.933242209989549,0.8575452190743554,0.7741935478917793,0.8571428571428571,0.7058823529411765,0.8437499995019531,34,28,30,-0.3695158907701486,0.6740568321070693,0.1618348360061645,0.2561043005706515,0.3527102213762584,0.3049390316009521,0.518744945526123,baseline_unet_s0,R05-C03,22,1,,,,,baseline_unet,0,,,,,,
0.0185504257514165,28.350851367074977,0.9038993792440216,0.8322765513968292,0.7575757570831038,0.8620689655172413,0.6756756756756757,0.840579709647553,37,29,32,-0.3657363734715493,0.532750614565049,0.121636152267456,0.2304354558994008,0.2970573016565927,0.2291200160980224,0.3762646913528442,baseline_unet_s0,R05-C03,22,10,,,,,baseline_unet,0,,,,,,
0.0205008247609391,27.52512886130438,0.8731800633507454,0.8151961458285253,0.6666666661694993,0.7209302325581395,0.62,0.8723404250339519,50,43,44,-0.1612948421319991,0.403002374458912,0.2104210257530212,0.2566583620036997,0.2332960949058238,0.2698181271553039,0.3753032088279724,baseline_unet_s0,R05-C03,22,50,,,,,baseline_unet,0,,,,,,
0.0229764766171277,25.699132086746395,0.8381984477573218,0.7579643955662686,0.6153846148875739,0.6666666666666666,0.5714285714285714,0.7763157889792243,84,72,68,-0.0233808065145253,0.3647165476943839,0.3603495359420776,0.3369747065979916,0.2348927240175536,0.4010607004165649,0.5002347826957703,baseline_unet_s0,R05-C03,22,100,,,,,baseline_unet,0,,,,,,
0.0270305962351085,24.37053525156702,0.8039576695261083,0.7570984811364314,0.6666666661692638,0.7184466019417476,0.6218487394957983,0.7582938383707464,119,103,92,0.1834656793304811,0.2868174182595051,0.425492525100708,0.3531347890989877,0.2268517908712846,0.4389904737472534,0.5267200469970703,baseline_unet_s0,R05-C03,22,150,,,,,baseline_unet,0,,,,,,
0.0123790322987598,29.305354091630697,0.9346065415268932,0.8212985499202252,0.7272727267800734,0.8275862068965517,0.6486486486486487,0.8529411759744808,37,29,31,-0.3446748455995594,0.6988885502124803,0.1795476675033569,0.2524739508245868,0.3497900223320364,0.3282839059829712,0.5413848161697388,baseline_unet_s0,R05-C03,23,1,,,,,baseline_unet,0,,,,,,
0.014478480258899,28.784304278870906,0.9191554014682518,0.8127623129956258,0.6249999995078126,0.7142857142857143,0.5555555555555556,0.8307692302750296,36,28,29,-0.2820032256699364,0.6029089806233915,0.171744167804718,0.2209864526349617,0.337212181160878,0.2952224016189575,0.4783276915550232,baseline_unet_s0,R05-C03,23,10,,,,,baseline_unet,0,,,,,,
0.0195943382411403,28.36916528817962,0.8700261239844812,0.834658624959913,0.7294117642076123,0.775,0.6888888888888889,0.7469879513107853,45,40,38,0.1648731118164583,0.3755261635064228,0.1823599338531494,0.1839952954216365,0.3521116908653813,0.2339620590209961,0.3933131098747253,baseline_unet_s0,R05-C03,23,50,,,,,baseline_unet,0,,,,,,
0.0238003037814635,26.26215081781229,0.826630848757543,0.7654220952158473,0.5961538456555103,0.6326530612244898,0.5636363636363636,0.699999999505,55,49,45,0.1308792093775737,0.3224584350543432,0.2758873105049133,0.2522739231191169,0.2684538367058242,0.3096451163291931,0.4358359575271606,baseline_unet_s0,R05-C03,23,100,,,,,baseline_unet,0,,,,,,
0.0285870502276442,24.80366501636285,0.7849287457905655,0.7583961455690623,0.4963503644656614,0.53125,0.4657534246575342,0.7633587781325097,73,64,58,0.236890908909453,0.238784299480558,0.3094099760055542,0.2094226582261945,0.2474531384564046,0.3277912139892578,0.4230905175209045,baseline_unet_s0,R05-C03,23,150,,,,,baseline_unet,0,,,,,,
0.0163568226649592,26.55085709160113,0.92152638032803,0.861006527195476,0.8823529406766628,0.9,0.8653846153846154,0.9523809518809976,52,50,53,-0.2737303908548393,0.5062005522937216,0.3175085186958313,0.298057709129417,0.2739020531678258,0.4379863739013672,0.5925217866897583,baseline_unet_s0,R05-C03,24,1,,,,,baseline_unet,0,,,,,,
0.0181054572012654,26.5777848226655,0.9088891383343296,0.855183189569459,0.8595041317322586,0.896551724137931,0.8253968253968254,0.9105691051913544,63,58,60,-0.1415217087846862,0.4303518034610916,0.3112549781799316,0.1786324806586464,0.2886827487511367,0.3860663771629333,0.5392343997955322,baseline_unet_s0,R05-C03,24,10,,,,,baseline_unet,0,,,,,,
0.0235540861895619,24.257523195554267,0.8602635227762562,0.7946032276063492,0.7425149695598982,0.7469879518072289,0.7380952380952381,0.8139534878723633,84,83,88,0.057386888593599,0.3259155263487531,0.4369775056838989,0.1756264134632531,0.2546134554697915,0.4727935194969177,0.583251416683197,baseline_unet_s0,R05-C03,24,50,,,,,baseline_unet,0,,,,,,
0.0291375228854073,22.571672894731098,0.8120331394959904,0.7734460578825604,0.579365078867095,0.6186440677966102,0.5447761194029851,0.7999999995012994,134,118,121,0.1185688585920289,0.3330236968845273,0.5114052295684814,0.2834129005601881,0.2393254947814463,0.5308951139450073,0.6514195203781128,baseline_unet_s0,R05-C03,24,100,,,,,baseline_unet,0,,,,,,
0.0381994928462543,21.15814958674175,0.7522143495012309,0.7520470797628603,0.5427728608605912,0.5935483870967742,0.5,0.7988338187446388,184,155,159,0.2411010135500662,0.2812146864612722,0.5542460083961487,0.37484093696721,0.2052226961422426,0.5538241863250732,0.6780261993408203,baseline_unet_s0,R05-C03,24,150,,,,,baseline_unet,0,,,,,,
0.0177874006401193,26.59067272024494,0.9173275870417557,0.8323307144414018,0.8347826081959924,0.8571428571428571,0.8135593220338984,0.8867924523365965,59,56,47,-0.3140447335546819,0.5719312788661663,0.3315989971160888,0.1122734811626149,0.3507167039120656,0.3938586115837097,0.5804039239883423,baseline_unet_s0,R05-C03,3,1,,,,,baseline_unet,0,,,,,,
0.0217927943189552,26.218665210841444,0.8943733583091855,0.8243355086642512,0.7666666661688888,0.8214285714285714,0.71875,0.9059829054873256,64,56,53,-0.319387040747173,0.4830441061297665,0.2769351005554199,0.1968062952872207,0.2755660672991618,0.3368784189224243,0.4702343344688415,baseline_unet_s0,R05-C03,3,10,,,,,baseline_unet,0,,,,,,
0.0277141414157677,24.40369580513716,0.8392901939353028,0.7625626801505818,0.8050314460410585,0.8205128205128205,0.7901234567901234,0.7887323938761158,81,78,61,0.377983980401419,0.2209521818072476,0.3897230625152588,0.1207509584419152,0.3042665025568996,0.3884981870651245,0.5076350569725037,baseline_unet_s0,R05-C03,3,50,,,,,baseline_unet,0,,,,,,
0.0318218271110468,23.183999519323663,0.8105130848373507,0.7521620840534996,0.7091633461139347,0.7295081967213115,0.689922480620155,0.793248944651605,129,122,108,0.3215826410529447,0.2318549066346999,0.4773858785629272,0.2613615978187206,0.23342377185044,0.4711034297943115,0.5586008429527283,baseline_unet_s0,R05-C03,3,100,,,,,baseline_unet,0,,,,,,
0.0395914351925623,21.526462752918704,0.7572098697126298,0.7124022940943514,0.6285714280718367,0.6470588235294118,0.6111111111111112,0.6463414629193931,180,170,148,0.3850442102026886,0.2184190348323348,0.5637387037277222,0.482470238484977,0.1654626775981574,0.5275068283081055,0.6461714506149292,baseline_unet_s0,R05-C03,3,150,,,,,baseline_unet,0,,,,,,
0.0164878526501515,27.38925202441297,0.9184213287430176,0.8525789683831723,0.8943089425894639,0.9016393442622952,0.8870967741935484,0.9499999995005556,62,61,58,-0.2837937318311722,0.5752910728566175,0.3471024632453918,0.2318634701801301,0.3258443493827777,0.4225941300392151,0.6132539510726929,baseline_unet_s0,R05-C03,4,1,,,,,baseline_unet,0,,,,,,
0.021561286444999,26.664533267166867,0.888573078295721,0.8393687349580479,0.8444444439446913,0.8636363636363636,0.8260869565217391,0.8805970144258186,69,66,65,-0.1925724284011604,0.4766279425762246,0.3098328709602356,0.220395990058334,0.3035329540356113,0.3502429127693176,0.4987097382545471,baseline_unet_s0,R05-C03,4,10,,,,,baseline_unet,0,,,,,,
0.0234081670478329,25.717689734211937,0.8571745854582254,0.8161711151878788,0.8888888883889005,0.8932038834951457,0.8846153846153846,0.8965517236382343,104,103,99,0.2177062619184441,0.3035900831576471,0.4009632468223572,0.1948841415130064,0.3181654716881315,0.4097610116004944,0.5346464514732361,baseline_unet_s0,R05-C03,4,50,,,,,baseline_unet,0,,,,,,
0.0317944383306618,23.712475799129994,0.792810008796671,0.7682983878923285,0.7066666661666666,0.7066666666666667,0.7066666666666667,0.8842105258171744,150,150,135,0.4617765663816836,0.2006412344756576,0.4767931699752807,0.3084466122691358,0.2515605951037802,0.4757744669914245,0.5562055706977844,baseline_unet_s0,R05-C03,4,100,,,,,baseline_unet,0,,,,,,
0.0367147016229647,22.050284435822167,0.7687197919994576,0.730866914240238,0.6102564097574753,0.6397849462365591,0.5833333333333334,0.8095238090269588,204,186,174,0.3738958765452339,0.2045316490097278,0.5433708429336548,0.4609199790891367,0.1828271815528002,0.5094629526138306,0.6257834434509277,baseline_unet_s0,R05-C03,4,150,,,,,baseline_unet,0,,,,,,
0.0162976389220257,27.776474790672214,0.9211968046638388,0.823688603682441,0.7755102035868388,0.8636363636363636,0.7037037037037037,0.7608695647325141,54,44,38,-0.0527584823075852,0.4654920953578549,0.3056129217147827,0.1737766886449308,0.3679184382102996,0.371981143951416,0.5814540386199951,baseline_unet_s0,R05-C03,5,1,,,,,baseline_unet,0,,,,,,
0.0219703737754126,26.64858047308632,0.8924394827767063,0.7910558538025406,0.7818181813183471,0.7962962962962963,0.7678571428571429,0.7799999995071999,56,54,44,-0.0598327215682886,0.3631143050859457,0.2895961999893188,0.2492081747395005,0.2641147690567482,0.3508880138397217,0.4817326068878174,baseline_unet_s0,R05-C03,5,10,,,,,baseline_unet,0,,,,,,
0.0299694325867507,26.09065508826434,0.8325819461723297,0.8129998744775175,0.7352941171487889,0.78125,0.6944444444444444,0.7226890751523197,72,64,47,0.2461657533865216,0.1942021060452941,0.2296828031539917,0.137186916817457,0.2433331228498059,0.2381015419960022,0.3408153653144836,baseline_unet_s0,R05-C03,5,50,,,,,baseline_unet,0,,,,,,
0.0328416287339902,23.970293649232232,0.806010541987902,0.717723982827295,0.6363636358638015,0.6481481481481481,0.625,0.7319587623985545,112,108,82,0.5790853961068048,0.1509280402435683,0.4035138487815857,0.2602626110906605,0.2351674302998852,0.4185675382614136,0.4919732809066772,baseline_unet_s0,R05-C03,5,100,,,,,baseline_unet,0,,,,,,
0.0342574923784969,22.78600235321825,0.7909298675992802,0.7081213267438199,0.621359222801395,0.64,0.6037735849056604,0.6409266404525871,159,150,100,0.4830522443196348,0.15513329351236,0.5361247062683105,0.4734027424734434,0.1635008154387155,0.5308722853660583,0.6077741384506226,baseline_unet_s0,R05-C03,5,150,,,,,baseline_unet,0,,,,,,
0.0169571244824311,26.843932171426207,0.9150949206356368,0.8480208123096715,0.8602150532634986,0.851063829787234,0.8695652173913043,0.9230769225769836,46,47,45,-0.0973103126170935,0.4577850358156878,0.3028512597084045,0.093396905099223,0.4168295247456288,0.3622626066207886,0.6072157621383667,baseline_unet_s0,R05-C03,6,1,,,,,baseline_unet,0,,,,,,
0.0211404177232915,26.36650545167669,0.8900523614944226,0.8374305053545199,0.799999999500408,0.8235294117647058,0.7777777777777778,0.8952380947385034,54,51,51,-0.1762879464944229,0.42620623907238,0.2620570659637451,0.1250309241913565,0.3341781715040098,0.3184758424758911,0.4991244673728943,baseline_unet_s0,R05-C03,6,10,,,,,baseline_unet,0,,,,,,
0.0291544562031739,25.921787535074273,0.8282565970728749,0.8602549922595242,0.7517730491466225,0.7910447761194029,0.7162162162162162,0.7891156457585263,74,67,73,0.0202039550257368,0.2556682515324585,0.2121170759201049,0.0885569908986211,0.2642806134957198,0.2304929494857788,0.3568208813667297,baseline_unet_s0,R05-C03,6,50,,,,,baseline_unet,0,,,,,,
0.0314834834288925,23.503946966827073,0.7973784663334984,0.7866549558049367,0.5951219507221892,0.6421052631578947,0.5545454545454546,0.7135678387015479,110,95,89,0.3894396075756313,0.1962718810907876,0.4059674739837646,0.0944485505979015,0.3095683329161786,0.3946353793144226,0.5183473825454712,baseline_unet_s0,R05-C03,6,100,,,,,baseline_unet,0,,,,,,
0.0304256940782123,22.46972466655968,0.8060976963192062,0.7830851598023598,0.7045454540461719,0.7322834645669292,0.6788321167883211,0.7470817115644446,137,127,120,0.2737981033582801,0.2342482402759653,0.5304858684539795,0.256551859236117,0.2681355918534135,0.5337090492248535,0.6213177442550659,baseline_unet_s0,R05-C03,6,150,,,,,baseline_unet,0,,,,,,
0.0159800688388599,28.982891278764725,0.9175561202195236,0.7727849968418393,0.7843137249950018,0.8695652173913043,0.7142857142857143,0.9259259254266118,28,23,26,-0.0596390905702762,0.5647016004196889,0.1614733338356018,-0.0599042724416739,0.5358920565271756,0.1678201556205749,0.4679108262062073,baseline_unet_s0,R05-C03,7,1,,,,,baseline_unet,0,,,,,,
0.0207410022026822,28.35872221312919,0.888869564893512,0.7653943530751287,0.7741935478876171,0.8,0.75,0.8387096769198752,32,30,30,-0.2021723395361569,0.4746261225721869,0.1422312259674072,0.0183606056754136,0.3738301484732831,0.1735748052597046,0.3660030961036682,baseline_unet_s0,R05-C03,7,10,,,,,baseline_unet,0,,,,,,
0.0294507840297665,27.108070064402675,0.8151579129167335,0.7748407546867112,0.5945945941004382,0.6666666666666666,0.5365853658536586,0.6493506488527576,41,33,36,-0.0754119058942428,0.2955611770680106,0.128599464893341,-0.0330381528020551,0.2691547293861971,0.1268786787986755,0.2538838386535644,baseline_unet_s0,R05-C03,7,50,,,,,baseline_unet,0,,,,,,
0.0337126504760663,25.04921276332975,0.7690065074400493,0.6794389499772503,0.6153846148855284,0.6428571428571429,0.5901639344262295,0.7499999995039858,61,56,51,-0.0415293837317206,0.2306334593719149,0.1947426795959472,0.213462396709179,0.1676328247096568,0.2227956652641296,0.2997516393661499,baseline_unet_s0,R05-C03,7,100,,,,,baseline_unet,0,,,,,,
0.0378198471344745,23.824745208427075,0.7327296626789861,0.6839498208326488,0.5028571423599021,0.5432098765432098,0.4680851063829787,0.6540880498310985,94,81,65,0.1263582261384551,0.212733254294283,0.2399612665176391,0.1768264440611996,0.1745297368928073,0.2637803554534912,0.3359596133232116,baseline_unet_s0,R05-C03,7,150,,,,,baseline_unet,0,,,,,,
0.0193838507871682,26.30524514840755,0.9051512448787752,0.8168181478832922,0.7999999995001184,0.8125,0.7878787878787878,0.895999999501568,66,64,59,-0.0480640657388906,0.495393069866117,0.3477853536605835,0.2367851810824753,0.3453709212144811,0.4023968577384949,0.5788083076477051,baseline_unet_s0,R05-C03,8,1,,,,,baseline_unet,0,,,,,,
0.0223071223440722,25.887179256428148,0.8882592557847602,0.7924201905077528,0.8805970144253731,0.8805970149253731,0.8805970149253731,0.8593749995010986,67,67,61,-0.0845170955398748,0.4020948583976637,0.3486644625663757,0.3192002793281162,0.2373426038615433,0.4108518958091736,0.5272725820541382,baseline_unet_s0,R05-C03,8,10,,,,,baseline_unet,0,,,,,,
0.0306299003290736,24.669216672604787,0.8257419449279138,0.7768711703918613,0.7100591710977906,0.7228915662650602,0.6976744186046512,0.8095238090240929,86,83,82,0.282080519479406,0.2192062542318989,0.3283036947250366,0.2739814362719111,0.2040248308640848,0.3476369380950928,0.4293754696846008,baseline_unet_s0,R05-C03,8,50,,,,,baseline_unet,0,,,,,,
0.0335463469471535,22.978166529141745,0.7965261056357213,0.7174486817090673,0.6428571423582767,0.675,0.6136363636363636,0.7391304342935349,132,120,98,0.3726235677864614,0.230168508389421,0.4526415467262268,0.3897072635199478,0.193541250516895,0.4739236831665039,0.5542052388191223,baseline_unet_s0,R05-C03,8,100,,,,,baseline_unet,0,,,,,,
0.0382576682713666,21.907282948171456,0.7631467844100256,0.7036447067126623,0.5669781926478198,0.5986842105263158,0.5384615384615384,0.7003366998462288,169,152,128,0.5109865493214042,0.2124824318097297,0.5126988887786865,0.4777221237197501,0.1810224135789683,0.5028737783432007,0.6193875670433044,baseline_unet_s0,R05-C03,8,150,,,,,baseline_unet,0,,,,,,
0.0262659880663547,23.913751317824236,0.875167831903824,0.7977861651389654,0.7627906971752947,0.7961165048543689,0.7321428571428571,0.8309178738995076,112,103,95,0.0043267427158572,0.3769239508635399,0.4723542332649231,0.1503299437084145,0.3191353438501357,0.4956294894218445,0.6240828633308411,baseline_unet_s0,R05-C03,9,1,,,,,baseline_unet,0,,,,,,
0.0285387436095493,24.146590841932426,0.8562174307994695,0.7997390094644098,0.7659574463087371,0.782608695652174,0.75,0.8054298637570894,120,115,101,0.0563172813887901,0.3377439150801373,0.4538124799728393,0.301370728906135,0.247307273007787,0.4763486981391907,0.5811216831207275,baseline_unet_s0,R05-C03,9,10,,,,,baseline_unet,0,,,,,,
0.0354983426745558,22.816330339056854,0.8069724775078201,0.7749939863038525,0.7911392400068298,0.8169934640522876,0.7668711656441718,0.75510204032225,163,153,131,0.1349900356560791,0.2687135270984517,0.4853115677833557,0.3404064407722944,0.2036905794544402,0.4783306717872619,0.5616095066070557,baseline_unet_s0,R05-C03,9,50,,,,,baseline_unet,0,,,,,,
0.0422598716048816,21.13414208767813,0.754204994737457,0.7283830481869488,0.7210300424184918,0.7272727272727273,0.7148936170212766,0.724220623009276,235,231,182,0.4476409513317432,0.2022949265309997,0.5639088153839111,0.5389237507758783,0.1826156887603204,0.4689016342163086,0.683931827545166,baseline_unet_s0,R05-C03,9,100,,,,,baseline_unet,0,,,,,,
0.0550093235305641,19.344206013366055,0.693287509807915,0.6739977857484849,0.632683657672453,0.6698412698412698,0.5994318181818182,0.6110183634552635,352,315,247,0.6046369734881744,0.1823016969438083,0.432879090309143,0.5921828793486515,0.1979443746031866,0.3152809739112854,0.6663543581962585,baseline_unet_s0,R05-C03,9,150,,,,,baseline_unet,0,,,,,,
0.0199950683917767,25.538904296143514,0.9034176102434937,0.7880864183429606,0.7567567562590395,0.8115942028985508,0.7088607594936709,0.8111888106943127,79,69,64,0.0493609944319029,0.3837464252486432,0.4165866374969482,0.1426295131648262,0.3602883250546427,0.4357991218566894,0.6244078874588013,baseline_unet_s1,R05-C03,0,1,,,,,baseline_unet,1,,,,,,
0.0235975686050119,25.529844529111003,0.880010784421558,0.7964522219587435,0.7662337657358744,0.8194444444444444,0.7195121951219512,0.824324323830168,82,72,66,0.0134834552151528,0.4106113783099736,0.334980845451355,0.0309273688530042,0.3701950418108922,0.3525592088699341,0.52249675989151,baseline_unet_s1,R05-C03,0,10,,,,,baseline_unet,1,,,,,,
0.0320463983843878,23.709666600599142,0.8210509966715943,0.7590568928649313,0.7089947084970745,0.7613636363636364,0.6633663366336634,0.734463276346133,101,88,76,0.2607504124067235,0.2510223778962356,0.334423303604126,0.1837169565660515,0.2577122511042066,0.3560195565223694,0.4758937954902649,baseline_unet_s1,R05-C03,0,50,,,,,baseline_unet,1,,,,,,
0.0316329945151237,23.217544219790305,0.8082628540174317,0.7728748994882008,0.6394557818147993,0.6811594202898551,0.6025641025641025,0.7482517477558803,156,138,130,0.2212908657178651,0.2605723134494524,0.4720080494880676,0.3287642171688806,0.2120708870653504,0.4688290357589721,0.5608450174331665,baseline_unet_s1,R05-C03,0,100,,,,,baseline_unet,1,,,,,,
0.0388181658202435,21.677505182811853,0.7605137002851416,0.7257074562605369,0.606635070593293,0.6597938144329897,0.5614035087719298,0.6568627446049596,228,194,180,0.3885983261557578,0.2214053752591048,0.5177407264709473,0.4659932516739522,0.1822585543219294,0.4709672927856445,0.6241855621337891,baseline_unet_s1,R05-C03,0,150,,,,,baseline_unet,1,,,,,,
0.0225452387082003,24.583583613332177,0.8911150226318831,0.8230951488593475,0.8396946559904142,0.8943089430894309,0.7913669064748201,0.8396946559904142,139,123,123,-0.0073452531308345,0.4121037572070936,0.5601351261138916,0.364596194734099,0.222446757379476,0.5892772674560547,0.7031350135803223,baseline_unet_s1,R05-C03,1,1,,,,,baseline_unet,1,,,,,,
0.0289759271787266,23.175405065712976,0.8500952945642631,0.7582339235455374,0.816901407951101,0.8405797101449275,0.7945205479452054,0.8142857137866326,146,138,134,0.14962771188103,0.3940703073876312,0.5638182163238525,0.3770654289420146,0.2089575638617518,0.5895804762840271,0.683688223361969,baseline_unet_s1,R05-C03,1,10,,,,,baseline_unet,1,,,,,,
0.0341611834961791,22.57517439616933,0.7992733248658489,0.7356504150035439,0.6821705421360629,0.7021276595744681,0.6633165829145728,0.7582417577461206,199,188,165,0.4055480973101374,0.5108666234341517,0.5497426986694336,0.4790817834945184,0.1983138095906604,0.5292580127716064,0.6938130855560303,baseline_unet_s1,R05-C03,1,50,,,,,baseline_unet,1,,,,,,
0.0469507301729369,20.533761741370824,0.7225439936092131,0.6895129324726263,0.624999999500541,0.6462585034013606,0.6050955414012739,0.7423423418509925,314,294,241,0.5938067780859559,0.1793401770935594,0.5079587697982788,0.6028860191161586,0.1859541074306456,0.3906018137931824,0.6930620670318604,baseline_unet_s1,R05-C03,1,100,,,,,baseline_unet,1,,,,,,
0.0647964044927108,18.329853213413177,0.6159433594345722,0.552589526089737,0.4837451230453479,0.5552238805970149,0.4285714285714285,0.6417112294593926,434,335,314,0.613025226870342,0.3522320045256992,0.3169865012168884,0.5780778402659495,0.2589423695778953,0.2490144968032837,0.657376229763031,baseline_unet_s1,R05-C03,1,150,,,,,baseline_unet,1,,,,,,
0.0283120366458179,22.17988961885048,0.8748420814603456,0.8132472983157174,0.8264462804920428,0.847457627118644,0.8064516129032258,0.8045977006518034,186,177,162,0.2307093788963239,0.2249797613823346,0.6914952397346497,0.4699433034742347,0.1537550804983221,0.6815879344940186,0.7738786935806274,baseline_unet_s1,R05-C03,10,1,,,,,baseline_unet,1,,,,,,
0.0335916769115581,21.541504589902296,0.837509264430119,0.7734989265190377,0.791773778420338,0.7979274611398963,0.7857142857142857,0.8096514740321283,196,193,177,0.2483072696523183,0.25348252406809,0.6748850345611572,0.496887778194942,0.1562775699118202,0.6304126977920532,0.7475600242614746,baseline_unet_s1,R05-C03,10,10,,,,,baseline_unet,1,,,,,,
0.0419327266064788,20.623305943695648,0.7801004976356662,0.7581987931731813,0.7380497126931331,0.7423076923076923,0.7338403041825095,0.7886178856812496,263,260,229,0.5205328132450461,0.1842308607199075,0.6039676070213318,0.5591307077419414,0.1762987413195972,0.4860422015190124,0.7255332469940186,baseline_unet_s1,R05-C03,10,50,,,,,baseline_unet,1,,,,,,
0.0586634256257352,18.96436237290295,0.6702491475600093,0.6319896825838787,0.5675675670693353,0.603448275862069,0.5357142857142857,0.6551724133010964,392,348,304,0.6059464844046337,0.3760636805526925,0.3505330681800842,0.6153754082674674,0.2260216308034761,0.279259979724884,0.6686097383499146,baseline_unet_s1,R05-C03,10,100,,,,,baseline_unet,1,,,,,,
0.078703471527593,17.29784447657716,0.5661241888267748,0.571294499610058,0.4407484402554623,0.5,0.3940520446096654,0.6048565116588842,538,424,368,0.5653866015220567,0.3963521596524867,0.2212403416633606,0.5462865136195616,0.317814442559586,0.1742288470268249,0.5883597731590271,baseline_unet_s1,R05-C03,10,150,,,,,baseline_unet,1,,,,,,
0.0291536993459581,22.809347666996693,0.8690197191838445,0.804393313515213,0.8453608242424155,0.8601398601398601,0.831081081081081,0.8413284127883879,148,143,123,0.0291989038936206,0.3461862958927118,0.5809251666069031,0.319320959577703,0.2160316135167534,0.594301700592041,0.6737258434295654,baseline_unet_s1,R05-C03,11,1,,,,,baseline_unet,1,,,,,,
0.0318767084470287,22.366305234752556,0.8463080072532272,0.7705339247313157,0.7880597009925773,0.7810650887573964,0.7951807228915663,0.7622149832166706,166,169,141,0.3053818022540419,0.3361047843860288,0.6055786609649658,0.4731117231206636,0.1645839243869496,0.6105470061302185,0.7120318412780762,baseline_unet_s1,R05-C03,11,10,,,,,baseline_unet,1,,,,,,
0.0361948987612038,21.788823616267393,0.8089188272377831,0.7737797940900929,0.7608695647176275,0.7777777777777778,0.7446808510638298,0.7664399087992142,235,225,206,0.4777118070531472,0.181072568235011,0.6451586484909058,0.5858953196827621,0.1505589898473383,0.5348917841911316,0.726646363735199,baseline_unet_s1,R05-C03,11,50,,,,,baseline_unet,1,,,,,,
0.0482809199800664,20.112017498395783,0.7298605903012519,0.7222805245566205,0.5899705009759051,0.6172839506172839,0.5649717514124294,0.7104851325261742,354,324,285,0.6076523533063778,0.1605775931794262,0.4945790767669678,0.6213784030573369,0.1674525677667148,0.4006595611572265,0.7004179954528809,baseline_unet_s1,R05-C03,11,100,,,,,baseline_unet,1,,,,,,
0.0671209584801765,18.27253545823656,0.6169326681419568,0.6112237777891771,0.4055766788504805,0.4705882352941176,0.3563474387527839,0.6025974021112194,449,340,321,0.579641091365667,0.3159627933569711,0.2877106070518493,0.5753964411066881,0.2568959422486678,0.2549810409545898,0.6402771472930908,baseline_unet_s1,R05-C03,11,150,,,,,baseline_unet,1,,,,,,
0.024065264601993,24.39504547813251,0.8848514296652198,0.8363721784384349,0.8679245278020647,0.8846153846153846,0.8518518518518519,0.8780487799892445,108,104,97,0.0591554181339013,0.3734961137215292,0.4521788358688354,0.1201464148293596,0.357735577663509,0.4585552215576172,0.6224414110183716,baseline_unet_s1,R05-C03,12,1,,,,,baseline_unet,1,,,,,,
0.0245801031431293,24.464476767879923,0.875039868371737,0.8378979609026695,0.8512396689215217,0.8442622950819673,0.8583333333333333,0.9170305671867433,120,122,109,0.1912860593354829,0.3017964820672387,0.4736641645431518,0.147108602803424,0.3267951220577083,0.4675373435020447,0.6160701513290405,baseline_unet_s1,R05-C03,12,10,,,,,baseline_unet,1,,,,,,
0.0326913446262122,22.9023036015306,0.8156558870717993,0.8106771274643395,0.8172757470083112,0.8145695364238411,0.82,0.8158844760377432,150,151,127,0.4019384067596444,0.2201110605673487,0.5042262077331543,0.1727846879203431,0.2994678421597344,0.4915423989295959,0.587201714515686,baseline_unet_s1,R05-C03,12,50,,,,,baseline_unet,1,,,,,,
0.0405437929946193,21.14897209645426,0.7543299080021441,0.7600409538738961,0.728070174938606,0.7248908296943232,0.7312775330396476,0.7447306786589077,227,229,200,0.327494661226162,0.235348725947224,0.5640327334403992,0.3566420546615351,0.2295973969534207,0.4706320166587829,0.6556781530380249,baseline_unet_s1,R05-C03,12,100,,,,,baseline_unet,1,,,,,,
0.0579026762851154,18.82284714375831,0.6515203613031797,0.6737446572796417,0.5163204742799841,0.5559105431309904,0.481994459833795,0.7723935384151751,361,313,320,0.4730237204028107,0.2108719268339359,0.4220761656761169,0.4910572722066315,0.2140750727681344,0.349038302898407,0.6688993573188782,baseline_unet_s1,R05-C03,12,150,,,,,baseline_unet,1,,,,,,
0.0176279537460698,27.837932664485873,0.909492105348166,0.7867430267638011,0.787878787379247,0.7647058823529411,0.8125,0.7333333328355556,32,34,28,0.0523738834360526,0.4343451094221906,0.2365175485610962,-0.0904296460366918,0.5105814207054257,0.2135019898414611,0.4841811060905456,baseline_unet_s1,R05-C03,13,1,,,,,baseline_unet,1,,,,,,
0.0206811950454336,27.673001476172058,0.8844094948939123,0.7968465620808787,0.8333333328348764,0.7894736842105263,0.8823529411764706,0.799999999501065,34,38,31,0.2880713998449817,0.3365681466197914,0.2369874119758606,-0.2105723819237322,0.5217215721322546,0.1723610758781433,0.4301676154136657,baseline_unet_s1,R05-C03,13,10,,,,,baseline_unet,1,,,,,,
0.0299865291519045,25.520171944187545,0.8159169904666094,0.7370277429997975,0.7522935774827035,0.7192982456140351,0.7884615384615384,0.7472527467629514,52,57,39,0.0114226898177498,0.2600020758989652,0.2156326174736023,0.0564311796198032,0.2536679990224748,0.227366030216217,0.3464918732643127,baseline_unet_s1,R05-C03,13,50,,,,,baseline_unet,1,,,,,,
0.03451534771967,24.58959841564393,0.7671327852435632,0.7364803494839657,0.6335403721712896,0.6144578313253012,0.6538461538461539,0.729927006808887,78,83,59,0.1941703457083257,0.1964950421391797,0.2579088807106018,0.1206112593579041,0.2106113140373207,0.2750414609909057,0.362470269203186,baseline_unet_s1,R05-C03,13,100,,,,,baseline_unet,1,,,,,,
0.0321342749478449,24.14199666248766,0.7672829868788293,0.7268955884380021,0.4977777772785778,0.5185185185185185,0.4786324786324786,0.7254901955892444,117,108,87,0.2406556221759384,0.2265853715362566,0.3862152099609375,0.2800073560344554,0.212604303454471,0.391828179359436,0.4773737788200378,baseline_unet_s1,R05-C03,13,150,,,,,baseline_unet,1,,,,,,
0.0147613525911795,27.7611921579555,0.92649503683637,0.7749185412730959,0.7868852454028488,0.75,0.8275862068965517,0.9090909085923968,29,32,26,-0.1582323486734055,0.501520481524921,0.2544183135032654,0.0886953983428724,0.414545314082513,0.3102197647094726,0.5610852837562561,baseline_unet_s1,R05-C03,14,1,,,,,baseline_unet,1,,,,,,
0.0168642898447432,27.84128654777776,0.910644714209442,0.783844980231517,0.776119402485186,0.7647058823529411,0.7878787878787878,0.8571428566439909,33,34,30,0.0187343245700258,0.4266215115468715,0.2020297050476074,0.0468481788417499,0.3993595174423289,0.2742745876312256,0.4932935833930969,baseline_unet_s1,R05-C03,14,10,,,,,baseline_unet,1,,,,,,
0.0247440627061656,25.782547219500454,0.8486925640571505,0.6836423847553269,0.5581395343839912,0.5454545454545454,0.5714285714285714,0.7948717943747535,42,44,36,0.4397400681166635,0.2296015577029502,0.2838100790977478,0.0529499012502702,0.3513504632692188,0.2793126106262207,0.4398778080940246,baseline_unet_s1,R05-C03,14,50,,,,,baseline_unet,1,,,,,,
0.0288776515004335,24.207397421291887,0.8163471992676375,0.6777586611136304,0.4843749995001221,0.4769230769230769,0.492063492063492,0.7413793098485433,63,65,53,0.299425738442973,0.2081415908785296,0.3306792974472046,0.217908714980451,0.2316971635984561,0.3456536531448364,0.4356245398521423,baseline_unet_s1,R05-C03,14,100,,,,,baseline_unet,1,,,,,,
0.0316350390875364,23.67555672572671,0.784863721649738,0.6932569397128199,0.5393258421966923,0.5333333333333333,0.5454545454545454,0.603550295358846,88,90,81,0.3672251345695098,0.191484800867884,0.4487039446830749,0.3216668023013753,0.2086929320436825,0.4408117532730102,0.5237842798233032,baseline_unet_s1,R05-C03,14,150,,,,,baseline_unet,1,,,,,,
0.0155118521651992,27.387696276475335,0.924471796565236,0.8344192913526782,0.7045454540495868,0.775,0.6458333333333334,0.8172043005757891,48,40,45,-0.18785030337381,0.5448251140818754,0.2702772617340088,0.0859713103185405,0.4159071380926177,0.330267071723938,0.5793067216873169,baseline_unet_s1,R05-C03,15,1,,,,,baseline_unet,1,,,,,,
0.0188192801104749,26.837180173401233,0.903418169257888,0.810047431720998,0.7252747247762348,0.7674418604651163,0.6875,0.7032967027982128,48,43,43,-0.1516898551690453,0.577162363594865,0.2249794006347656,0.1161505430063459,0.3425648279778506,0.314443290233612,0.5055336952209473,baseline_unet_s1,R05-C03,15,10,,,,,baseline_unet,1,,,,,,
0.0264454473737125,24.449644277611053,0.8485336944763271,0.7101755835013708,0.6111111106126544,0.6470588235294118,0.5789473684210527,0.7619047614084352,57,51,48,0.113325218198995,0.5228455618979743,0.2766393423080444,0.1608702763464145,0.2536833534592686,0.3508436679840088,0.4701048135757446,baseline_unet_s1,R05-C03,15,50,,,,,baseline_unet,1,,,,,,
0.0305480714909294,23.837553698255853,0.8147719989487806,0.7672189793595929,0.7019867544705933,0.7681159420289855,0.6463414634146342,0.6887417213580107,82,69,69,0.2442003762971236,0.211389052633848,0.3398959040641784,0.1274104168998301,0.2258364993838622,0.3678834438323974,0.4432337284088135,baseline_unet_s1,R05-C03,15,100,,,,,baseline_unet,1,,,,,,
0.0320291989754559,22.16497414280448,0.8003445643605902,0.6842610572929152,0.5267857137897003,0.5784313725490197,0.4836065573770491,0.6877828049352798,122,102,99,0.2566449948138859,0.3533811694851529,0.4920319318771362,0.3816438350178133,0.1976246081303644,0.5188378095626831,0.6065629720687866,baseline_unet_s1,R05-C03,15,150,,,,,baseline_unet,1,,,,,,
0.0170659140015006,27.10335321840507,0.9148024041519056,0.8265500109033371,0.7586206891584092,0.825,0.7021276595744681,0.853932583771241,47,40,42,-0.0619560302897939,0.4777494699814626,0.2875207066535949,0.1009468327133909,0.4149957732542609,0.3229174017906189,0.5576138496398926,baseline_unet_s1,R05-C03,16,1,,,,,baseline_unet,1,,,,,,
0.0197153943235245,27.056236642409832,0.8977012437376178,0.8328803243379811,0.7777777772777777,0.7777777777777778,0.7777777777777778,0.863636363136622,45,45,43,0.0341146081903912,0.4264514302351845,0.258066177368164,0.0127103907546439,0.398044428985571,0.2698760032653808,0.4739770293235779,baseline_unet_s1,R05-C03,16,10,,,,,baseline_unet,1,,,,,,
0.027016487875533,26.013276588456783,0.844169223746718,0.8124838378433553,0.7343749995,0.734375,0.734375,0.8188976372953065,64,64,63,-0.0070660750561458,0.2652134821182769,0.2467456459999084,0.1993941746154334,0.1958866787862204,0.2905351519584656,0.3766483664512634,baseline_unet_s1,R05-C03,16,50,,,,,baseline_unet,1,,,,,,
0.0324230803765859,24.01472642653458,0.7958815909407567,0.7542270991339345,0.5444444439466667,0.5833333333333334,0.5104166666666666,0.7709497201730283,96,84,83,0.3096743437397176,0.269706209721744,0.3365440964698791,0.2585714853683334,0.191822128929205,0.370712399482727,0.4483522176742553,baseline_unet_s1,R05-C03,16,100,,,,,baseline_unet,1,,,,,,
0.0366905810414761,22.937012983098835,0.7632278396188568,0.7416028446063746,0.5312499995051575,0.591304347826087,0.4822695035460992,0.7878787873811123,141,115,123,0.2121105213121108,0.1901109541767598,0.4093313813209533,0.3130517024578735,0.1560998686588391,0.4350177645683288,0.5005950927734375,baseline_unet_s1,R05-C03,16,150,,,,,baseline_unet,1,,,,,,
0.0162448861153466,28.69849624076086,0.9171659496739316,0.7706327295750004,0.699999999505,0.7777777777777778,0.6363636363636364,0.5573770486836871,33,27,28,0.1384289893790901,0.3958265866651956,0.2396948337554931,-0.0275063250095467,0.5100554700785085,0.207465648651123,0.4909425973892212,baseline_unet_s1,R05-C03,17,1,,,,,baseline_unet,1,,,,,,
0.0185680371123425,29.03401033615252,0.8986779605231174,0.77699886141245,0.7499999995043944,0.8275862068965517,0.6857142857142857,0.7812499995043946,35,29,29,0.1667256770268663,0.3961297425568688,0.2055572271347046,-0.1029237428474947,0.4785018094720537,0.1623181104660034,0.4094788432121277,baseline_unet_s1,R05-C03,17,10,,,,,baseline_unet,1,,,,,,
0.0249328319674711,28.7301200368776,0.8474692533029481,0.8034044694294902,0.7941176465605536,0.84375,0.75,0.5937499995078124,36,32,28,-0.2075676427272393,0.3089857847337915,0.1117724776268005,0.0616025309152418,0.2272834907356519,0.1387839317321777,0.2425619959831237,baseline_unet_s1,R05-C03,17,50,,,,,baseline_unet,1,,,,,,
0.029955013387422,27.480202932994292,0.7945161349683612,0.7678272566074987,0.6728971957669664,0.75,0.6101694915254238,0.5940594054547593,59,48,42,-0.0130747123895273,0.2111197349173449,0.1389703750610351,0.0658914876342456,0.1824207159355672,0.1601510643959045,0.2314803600311279,baseline_unet_s1,R05-C03,17,100,,,,,baseline_unet,1,,,,,,
0.0334406542915517,25.577880225019204,0.7659027144564773,0.7126817896975429,0.548780487306737,0.5844155844155844,0.5172413793103449,0.6710526310894217,87,77,65,0.2154733688288718,0.1613557680432054,0.2322310209274292,0.1850035383809483,0.1441887003291882,0.2586629390716553,0.302371621131897,baseline_unet_s1,R05-C03,17,150,,,,,baseline_unet,1,,,,,,
0.0224203745417858,25.35976683062969,0.8933301930605465,0.8427928891395727,0.8484848479853075,0.875,0.8235294117647058,0.7567567562678049,85,80,63,0.037355199583553,0.3833118423425612,0.3843485713005066,0.0904061784626088,0.3623756536479107,0.3976099491119385,0.5738975405693054,baseline_unet_s1,R05-C03,18,1,,,,,baseline_unet,1,,,,,,
0.0257017114096112,24.07480265457408,0.8661500713473799,0.7988103088531222,0.7845303862404688,0.797752808988764,0.7717391304347826,0.7261146491963162,92,89,65,0.0830556831267717,0.3442204467225273,0.4192041754722595,0.2118119405700392,0.2882477929889237,0.4393206238746643,0.580817699432373,baseline_unet_s1,R05-C03,18,10,,,,,baseline_unet,1,,,,,,
0.0322177828506987,22.376717026071965,0.8141970371729729,0.7437230470591352,0.6919431274623661,0.7087378640776699,0.6759259259259259,0.6850828724468727,108,103,73,0.2501449474770949,0.5854938366294689,0.391758382320404,0.2765400807524253,0.2505028745757168,0.4598827958106994,0.5605058670043945,baseline_unet_s1,R05-C03,18,50,,,,,baseline_unet,1,,,,,,
0.0352407882501523,20.958613795240673,0.7953589838229029,0.7209647252304273,0.670694863548708,0.6894409937888198,0.6529411764705882,0.617543859167744,170,161,115,0.2694740687586442,0.2457466439662002,0.6045101881027222,0.3693276865053807,0.2045685079649483,0.5858747363090515,0.6726198196411133,baseline_unet_s1,R05-C03,18,100,,,,,baseline_unet,1,,,,,,
0.042840657372856,19.987540185004832,0.7559396656831855,0.7152997665192733,0.6267281101006074,0.6634146341463415,0.5938864628820961,0.637974683057023,229,205,166,0.3124821907886481,0.3563599382911698,0.5679755210876465,0.4197284372606671,0.1929880620174468,0.5015096068382263,0.6765145063400269,baseline_unet_s1,R05-C03,18,150,,,,,baseline_unet,1,,,,,,
0.0239644332990759,24.120134015240687,0.8872395413179213,0.781697572695003,0.8762886592938144,0.8762886597938144,0.8762886597938144,0.8085106377983816,97,97,91,-0.0712596721473353,0.3806184060469452,0.5162805318832397,0.2781379075528476,0.2480090720735491,0.5431383848190308,0.65998375415802,baseline_unet_s1,R05-C03,19,1,,,,,baseline_unet,1,,,,,,
0.027877028615791,24.105549317292876,0.8641169957587381,0.8025388185474335,0.8598130836125424,0.8846153846153846,0.8363636363636363,0.7980769225785873,110,104,98,-0.1386759840473869,0.4093892755766517,0.4290557503700256,0.1860145807098849,0.2645660608903669,0.4478408098220825,0.5520641207695007,baseline_unet_s1,R05-C03,19,10,,,,,baseline_unet,1,,,,,,
0.0315446125407768,23.134914746286764,0.8296461988752734,0.7721145342151805,0.7792207787208635,0.7894736842105263,0.7692307692307693,0.7728813554338638,156,152,139,0.3119700297448966,0.2191336093490871,0.5071506500244141,0.386753136378381,0.200008410172566,0.508710503578186,0.5824190378189087,baseline_unet_s1,R05-C03,19,50,,,,,baseline_unet,1,,,,,,
0.042155769957784,20.825811465628092,0.7564572952457939,0.6748858510551777,0.7037861910367508,0.7053571428571429,0.7022222222222222,0.6969696964789944,225,224,171,0.5238615375886647,0.1837506493469096,0.5910857915878296,0.6010754887611709,0.155526738806375,0.4717052578926086,0.690922200679779,baseline_unet_s1,R05-C03,19,100,,,,,baseline_unet,1,,,,,,
0.0530211582771209,19.7871064462998,0.6799872891971818,0.6422797246389009,0.565853658038596,0.6041666666666666,0.5321100917431193,0.5961199289650345,327,288,240,0.5823244227594561,0.2559289641108253,0.4138597249984741,0.6220038562151387,0.1827184979997631,0.3331074714660644,0.6612890958786011,baseline_unet_s1,R05-C03,19,150,,,,,baseline_unet,1,,,,,,
0.0220152234968293,24.996214435927243,0.8981859826301153,0.8094333871794945,0.7874999995007032,0.8181818181818182,0.7590361445783133,0.7114093954796629,83,77,66,-0.034643602724386,0.4114048453456423,0.4382499456405639,0.1521435918554347,0.3096420971555776,0.4626988172531128,0.6034025549888611,baseline_unet_s1,R05-C03,2,1,,,,,baseline_unet,1,,,,,,
0.0245797906852649,24.931842968556317,0.8816475399738796,0.8146643226035886,0.807228915164465,0.8589743589743589,0.7613636363636364,0.7581699341518219,88,78,65,0.1905348129441737,0.3148213777886773,0.3811366558074951,0.0672592145191579,0.3458081148875554,0.3883158564567566,0.5274313688278198,baseline_unet_s1,R05-C03,2,10,,,,,baseline_unet,1,,,,,,
0.0326587563611392,23.42573503534904,0.8294193920402638,0.7770038377807014,0.7420814474638111,0.7387387387387387,0.7454545454545455,0.7596153841170487,110,111,98,0.1800270320539899,0.218241227556429,0.3899158239364624,0.2526192173427889,0.2072850604997443,0.3947911858558655,0.4755093455314636,baseline_unet_s1,R05-C03,2,50,,,,,baseline_unet,1,,,,,,
0.0360314209322131,22.42898213561814,0.7984446388523073,0.747847081037864,0.6491228065186382,0.6809815950920245,0.6201117318435754,0.6455696197619971,179,163,137,0.4552015983162042,0.1664326204665013,0.5126004219055176,0.345225011463084,0.2024892775896045,0.4815565347671509,0.5692268013954163,baseline_unet_s1,R05-C03,2,100,,,,,baseline_unet,1,,,,,,
0.0444928919032338,20.636983003664938,0.7450376164597237,0.7103684640141165,0.6122448974608163,0.6493506493506493,0.5791505791505791,0.7381974243989297,259,231,207,0.5315198807113829,0.1592662178182225,0.557869553565979,0.5324129822351288,0.1622672893543385,0.4750338196754455,0.6692750453948975,baseline_unet_s1,R05-C03,2,150,,,,,baseline_unet,1,,,,,,
0.025007733842966,23.581609295822624,0.8856843275943717,0.8229858473315111,0.8609865465860161,0.897196261682243,0.8275862068965517,0.7809523804578684,116,107,94,-0.0399046168912078,0.3794937723292064,0.5077600479125977,0.2077207432532954,0.2744450087762151,0.5347964763641357,0.6622490882873535,baseline_unet_s1,R05-C03,20,1,,,,,baseline_unet,1,,,,,,
0.0293479538645478,23.272103692095428,0.8503272805944859,0.7889528604508546,0.8034188029193877,0.831858407079646,0.7768595041322314,0.8214285709318001,121,113,103,0.2678142762650111,0.4740825841083204,0.4699646234512329,0.1988047409355986,0.2887509859350313,0.531977653503418,0.6388920545578003,baseline_unet_s1,R05-C03,20,10,,,,,baseline_unet,1,,,,,,
0.0355360274572311,21.608709822421854,0.8020529628292278,0.7487697859548706,0.7604790414163289,0.774390243902439,0.7470588235294118,0.7619047614079112,170,164,145,0.3591166230559266,0.2522302774529277,0.5926018953323364,0.3506687169248679,0.2152609344589081,0.5535678267478943,0.673573911190033,baseline_unet_s1,R05-C03,20,50,,,,,baseline_unet,1,,,,,,
0.0470314088442919,20.209778144225208,0.7328238834523503,0.7105699701683246,0.6324786319801756,0.669683257918552,0.5991902834008097,0.6447058818661203,247,221,178,0.4205108870554551,0.3606120589373913,0.5148955583572388,0.4919398521071458,0.189503209682768,0.4283010363578796,0.6839504241943359,baseline_unet_s1,R05-C03,20,100,,,,,baseline_unet,1,,,,,,
0.0636438329963787,17.740171019136113,0.6415422147125087,0.6260818641127615,0.4853168464902475,0.5340136054421769,0.4447592067988669,0.679867986312295,353,294,253,0.4953640280842341,0.3423118062486495,0.4023753404617309,0.5401235243467155,0.2068067298755677,0.3523414731025696,0.7067650556564331,baseline_unet_s1,R05-C03,20,150,,,,,baseline_unet,1,,,,,,
0.0171431240666468,28.139754153826388,0.9137553433273734,0.8077641989972205,0.6760563375306486,0.7272727272727273,0.631578947368421,0.7878787873902662,38,33,28,0.0094046311872244,0.4702606660195315,0.2569237947463989,0.0083980507390077,0.4454679262557439,0.2664862275123596,0.511038601398468,baseline_unet_s1,R05-C03,21,1,,,,,baseline_unet,1,,,,,,
0.0209134195986482,27.00665886842288,0.8866648335031482,0.774845492003012,0.6590909085911673,0.6444444444444445,0.6744186046511628,0.7199999995107556,43,45,32,0.1193906026767892,0.4215699410019984,0.2799835205078125,0.0664721683286192,0.3743071430852821,0.3095718026161194,0.4969850182533264,baseline_unet_s1,R05-C03,21,10,,,,,baseline_unet,1,,,,,,
0.0294515722900316,25.106261099233187,0.8241863374480438,0.6926916749610154,0.566666666167222,0.5483870967741935,0.5862068965517241,0.7766990286341784,58,62,45,0.1287643104638662,0.4754883448701735,0.2242584824562072,0.115859192966232,0.2437813938637986,0.2978559136390686,0.3945692777633667,baseline_unet_s1,R05-C03,21,50,,,,,baseline_unet,1,,,,,,
0.0286993542315566,25.160640146720425,0.8171645411813915,0.7451719165497788,0.5964912275730652,0.6455696202531646,0.5543478260869565,0.6666666661758879,92,79,70,0.2291268833026659,0.2378628969119125,0.341296374797821,0.285660967480326,0.1961376490333105,0.3657605648040771,0.4426156878471374,baseline_unet_s1,R05-C03,21,100,,,,,baseline_unet,1,,,,,,
0.0319086697071562,23.951439943312465,0.7870555551840567,0.7264652225240871,0.4870848703544342,0.5454545454545454,0.44,0.6821705421489094,150,121,108,0.3825750424188121,0.2433770129892295,0.4415377974510193,0.4627238161850234,0.1674166028850778,0.4633156657218933,0.528232216835022,baseline_unet_s1,R05-C03,21,150,,,,,baseline_unet,1,,,,,,
0.0149187764507246,29.358768061931222,0.9244608327208078,0.847919404934366,0.8387096769240374,0.9285714285714286,0.7647058823529411,0.8437499995019531,34,28,30,-0.2451826208092243,0.5874106754348746,0.151656687259674,-0.014881949545586,0.4616005824273196,0.1996418833732605,0.4655836224555969,baseline_unet_s1,R05-C03,22,1,,,,,baseline_unet,1,,,,,,
0.0184834694126551,28.314194139740493,0.9006421472475525,0.8289159897520862,0.7761194024905326,0.8666666666666667,0.7027027027027027,0.840579709647553,37,30,32,-0.0370476853680095,0.4846529349614937,0.1542893648147583,-0.165521309446171,0.4837252498636105,0.1437674760818481,0.3996195197105407,baseline_unet_s1,R05-C03,22,10,,,,,baseline_unet,1,,,,,,
0.0239309549807326,27.5432055899267,0.8552622792929111,0.8326620968896014,0.7173913038516068,0.7857142857142857,0.66,0.8723404250339519,50,42,44,-0.2322500815173039,0.3053516449686546,0.1551254391670227,0.1330668925390676,0.2005325821032272,0.1905166506767273,0.283978521823883,baseline_unet_s1,R05-C03,22,50,,,,,baseline_unet,1,,,,,,
0.0274609508339072,25.626448458815325,0.8139446691258442,0.7696750259764588,0.614379084472126,0.6811594202898551,0.5595238095238095,0.7763157889792243,84,69,68,0.1597672609355443,0.233125526929837,0.2851899266242981,0.1943354223422766,0.2333812839435718,0.2982773184776306,0.382502019405365,baseline_unet_s1,R05-C03,22,100,,,,,baseline_unet,1,,,,,,
0.0280703529307731,24.36313754732463,0.7970441636561011,0.7594125321731252,0.7022222217238913,0.7452830188679245,0.6638655462184874,0.7582938383707464,119,106,92,0.1698862368364774,0.262268422592098,0.4059794545173645,0.2755786906130695,0.2399708821073776,0.4230676889419555,0.5048466324806213,baseline_unet_s1,R05-C03,22,150,,,,,baseline_unet,1,,,,,,
0.0136197390731595,28.87096425539625,0.9277918128326976,0.8013752857197388,0.761904761420005,0.9230769230769232,0.6486486486486487,0.8529411759744808,37,26,31,-0.2476492103128287,0.6401452421245921,0.1851841211318969,0.1032348949491862,0.4481935573766968,0.2516494393348694,0.5369478464126587,baseline_unet_s1,R05-C03,23,1,,,,,baseline_unet,1,,,,,,
0.0168697288498673,28.59216239859048,0.9073264450257054,0.8104549254381452,0.6984126979229024,0.8148148148148148,0.6111111111111112,0.8307692302750296,36,27,29,-0.1476741068801614,0.5133334544923445,0.1567481160163879,0.0136495009628142,0.4227355485503748,0.1754964590072631,0.4304802417755127,baseline_unet_s1,R05-C03,23,10,,,,,baseline_unet,1,,,,,,
0.0230208194803454,28.05616993593457,0.8524305043862983,0.8348294566995291,0.7764705877370242,0.825,0.7333333333333333,0.7469879513107853,45,40,38,0.1787180284851817,0.2925763638529127,0.1549885869026184,0.0800515315202379,0.332074372287011,0.1645847558975219,0.3289493322372436,baseline_unet_s1,R05-C03,23,50,,,,,baseline_unet,1,,,,,,
0.0272443854815472,26.16363897798879,0.8061415324909252,0.7742048144823367,0.5940594054445643,0.6521739130434783,0.5454545454545454,0.699999999505,55,46,45,0.222340627989494,0.2463401930524796,0.231817364692688,0.1024874317550902,0.2811180510438696,0.2260589599609375,0.3548629283905029,baseline_unet_s1,R05-C03,23,100,,,,,baseline_unet,1,,,,,,
0.0314836753734707,24.493664598317263,0.7668038880690835,0.7435742974113452,0.5142857137866326,0.5373134328358209,0.4931506849315068,0.7633587781325097,73,67,58,0.3148028192518055,0.1880339097266134,0.2815361618995666,0.0930774466955542,0.2650333974081465,0.2862634658813476,0.385344922542572,baseline_unet_s1,R05-C03,23,150,,,,,baseline_unet,1,,,,,,
0.0157259464509048,26.965116087002112,0.9246241538457104,0.8705736928208235,0.9615384610384616,0.9615384615384616,0.9615384615384616,0.9523809518809976,52,52,53,-0.2833433504140937,0.5025583267282241,0.3330951929092407,0.2048254433687678,0.3163733733053535,0.4113600850105285,0.5995340347290039,baseline_unet_s1,R05-C03,24,1,,,,,baseline_unet,1,,,,,,
0.0184232159459872,26.743734113621404,0.9070927169978452,0.8588817480285063,0.8455284547848502,0.8666666666666667,0.8253968253968254,0.9105691051913544,63,60,60,-0.1485192138362691,0.4280912674782269,0.2999458909034729,0.0692045627017429,0.3426470991900801,0.3433937430381775,0.5276298522949219,baseline_unet_s1,R05-C03,24,10,,,,,baseline_unet,1,,,,,,
0.0238996732325731,24.48992634406388,0.8586003962136731,0.8078780649033562,0.8414634141344437,0.8625,0.8214285714285714,0.8139534878723633,84,80,88,0.0665816291681732,0.3169530062280184,0.4173641204833984,0.1121669593827631,0.2751958621589412,0.4405526518821716,0.5574049949645996,baseline_unet_s1,R05-C03,24,50,,,,,baseline_unet,1,,,,,,
0.0297061675896879,22.702389379299973,0.8101129502317647,0.7759982322729017,0.6477732788558409,0.7079646017699115,0.5970149253731343,0.7999999995012994,134,113,121,0.0577509131634222,0.3572945724669592,0.480518102645874,0.2237920392533605,0.2552517809315029,0.4950544238090515,0.6230989694595337,baseline_unet_s1,R05-C03,24,100,,,,,baseline_unet,1,,,,,,
0.0384930690779316,21.23550415861471,0.7509030759839126,0.7533633134366061,0.5395894423183839,0.5859872611464968,0.5,0.7988338187446388,184,157,159,0.1958047366218135,0.2908714652699458,0.5350853204727173,0.3055343264267442,0.2194526443847425,0.5281985998153687,0.6577422618865967,baseline_unet_s1,R05-C03,24,150,,,,,baseline_unet,1,,,,,,
0.0195898648596552,26.134696472743393,0.9095408463288256,0.8109786909889367,0.8035714280728634,0.8490566037735849,0.7627118644067796,0.8867924523365965,59,53,47,-0.217937364668589,0.482232560966101,0.3293480277061462,-0.0143103077731664,0.373942694373637,0.3555442094802856,0.5371193885803223,baseline_unet_s1,R05-C03,3,1,,,,,baseline_unet,1,,,,,,
0.0218881069401672,26.01854362707921,0.8907691459613178,0.8152673190595918,0.7499999995022222,0.8035714285714286,0.703125,0.9059829054873256,64,56,53,-0.0567622467640293,0.4406763678799595,0.2864218950271606,-0.0314144109510007,0.3904405424800793,0.2991644144058227,0.4866455197334289,baseline_unet_s1,R05-C03,3,10,,,,,baseline_unet,1,,,,,,
0.0285087834020027,24.437658131822506,0.8370494503762212,0.770006562116925,0.7974683539307003,0.8181818181818182,0.7777777777777778,0.7887323938761158,81,77,61,0.2926418204801132,0.233336349215494,0.37810879945755,0.1610491163209726,0.2691508365872184,0.3895818591117859,0.4857592582702636,baseline_unet_s1,R05-C03,3,50,,,,,baseline_unet,1,,,,,,
0.0340768590754658,23.20786759331503,0.7965786071385121,0.7603931406344192,0.6799999995005119,0.7024793388429752,0.6589147286821705,0.793248944651605,129,121,108,0.444740715029373,0.1926937804880448,0.4257300496101379,0.1809063014042813,0.2561668851815224,0.4239621162414551,0.5091469287872314,baseline_unet_s1,R05-C03,3,100,,,,,baseline_unet,1,,,,,,
0.0407366390684868,21.4547934776842,0.7545297943814763,0.7093134138247501,0.6306818176820764,0.6453488372093024,0.6166666666666667,0.6463414629193931,180,172,148,0.3490608555494198,0.2333501659581307,0.5460326671600342,0.4550213192104294,0.1602139826997343,0.500537633895874,0.625476062297821,baseline_unet_s1,R05-C03,3,150,,,,,baseline_unet,1,,,,,,
0.0185018442695032,27.118736332758957,0.9106899255197228,0.8466464524331383,0.9193548382096772,0.9193548387096774,0.9193548387096774,0.9499999995005556,62,62,58,-0.2182274500435081,0.5621119402166529,0.3290882706642151,0.0411835363109331,0.4052246456573037,0.3545246720314026,0.5601080656051636,baseline_unet_s1,R05-C03,4,1,,,,,baseline_unet,1,,,,,,
0.0217485651115479,26.641018288160595,0.8881883926898978,0.8368696464058808,0.7857142852143877,0.7746478873239436,0.7971014492753623,0.8805970144258186,69,71,65,-0.1943993802067358,0.4973643015682681,0.3012734651565552,0.1869291521912812,0.3184521384367278,0.3364970088005066,0.4869121313095093,baseline_unet_s1,R05-C03,4,10,,,,,baseline_unet,1,,,,,,
0.0254258832471164,25.550620091714613,0.8478451745936504,0.8161051300917275,0.8585365848659607,0.8712871287128713,0.8461538461538461,0.8965517236382343,104,101,99,0.2237256330165274,0.2892817804721547,0.3737868070602417,0.1701076235185013,0.3117633027543947,0.3768991827964782,0.494667649269104,baseline_unet_s1,R05-C03,4,50,,,,,baseline_unet,1,,,,,,
0.033639500988615,23.59487192456622,0.7869936245432722,0.7699693749508948,0.7583892612449888,0.7635135135135135,0.7533333333333333,0.8842105258171744,150,148,135,0.3830474481339825,0.2049241967897643,0.4478262662887573,0.2460112845603444,0.2404504443878086,0.4432457089424133,0.5177097320556641,baseline_unet_s1,R05-C03,4,100,,,,,baseline_unet,1,,,,,,
0.0372682541576424,21.874868921923152,0.7674130383325697,0.717859125444837,0.6430379741840858,0.6649214659685864,0.6225490196078431,0.8095238090269588,204,191,174,0.3316384583951697,0.2924088324431196,0.5193938612937927,0.4373719426996721,0.1820541473102274,0.4955205917358398,0.6130611896514893,baseline_unet_s1,R05-C03,4,150,,,,,baseline_unet,1,,,,,,
0.016997071203642,27.74586203971055,0.917225934135717,0.8187246029499947,0.7551020403215327,0.8409090909090909,0.6851851851851852,0.7608695647325141,54,44,38,0.0984509666558102,0.3769246714440173,0.3149584531784057,0.0584354254316424,0.4426885330298689,0.3270399570465088,0.5457926392555237,baseline_unet_s1,R05-C03,5,1,,,,,baseline_unet,1,,,,,,
0.0213948088209489,26.68936442620226,0.8912404967781902,0.785742572387911,0.7207207202207614,0.7272727272727273,0.7142857142857143,0.7799999995071999,56,55,44,0.2641431352160483,0.3068666639281296,0.3275132179260254,-0.0389863465920499,0.4112636031307667,0.3114606142044067,0.5054970979690552,baseline_unet_s1,R05-C03,5,10,,,,,baseline_unet,1,,,,,,
0.0268906213794858,26.442690889935516,0.8451786516606288,0.8215831984881483,0.788321167384517,0.8307692307692308,0.75,0.7226890751523197,72,65,47,0.5035186856979934,0.1819916276923913,0.2858473658561706,-0.0509127968767573,0.3931803792445338,0.2477207779884338,0.3943986296653747,baseline_unet_s1,R05-C03,5,50,,,,,baseline_unet,1,,,,,,
0.0347721210677802,23.55103441160835,0.7953750600039381,0.7046179570510253,0.642201834362764,0.660377358490566,0.625,0.7319587623985545,112,106,82,0.646425713631993,0.1661063996463781,0.4079115390777588,0.2226802277671251,0.2507825036961512,0.421322226524353,0.4879894256591797,baseline_unet_s1,R05-C03,5,100,,,,,baseline_unet,1,,,,,,
0.0377015224815853,22.39825109099548,0.7772017250265285,0.6980818231458222,0.6006389771359103,0.6103896103896104,0.5911949685534591,0.6409266404525871,159,154,100,0.5957405153814059,0.1300685341751887,0.4824469089508056,0.3645666256744267,0.1955561476574644,0.4753562211990356,0.5620618462562561,baseline_unet_s1,R05-C03,5,150,,,,,baseline_unet,1,,,,,,
0.0178278873747808,26.703143918641356,0.9128360607906728,0.8388479247232334,0.9010989005989616,0.9111111111111112,0.8913043478260869,0.9230769225769836,46,45,45,0.08556030297463,0.3499129734899294,0.3041195273399353,-0.0587163077831775,0.5095533324392594,0.3086912035942077,0.5633141398429871,baseline_unet_s1,R05-C03,6,1,,,,,baseline_unet,1,,,,,,
0.0204833784213387,26.646299964782468,0.8900609748703966,0.8481367371864075,0.8679245278020647,0.8846153846153846,0.8518518518518519,0.8952380947385034,54,52,51,0.0926579155692448,0.3717060713544121,0.2790193557739258,-0.0838950297802678,0.4845344193333156,0.2807701826095581,0.5188365578651428,baseline_unet_s1,R05-C03,6,10,,,,,baseline_unet,1,,,,,,
0.0282094861479193,25.867220133778556,0.8316393306165585,0.8550463976650644,0.8028169009093434,0.8382352941176471,0.7702702702702703,0.7891156457585263,74,68,73,0.1674267509197752,0.2510374691667815,0.2288326025009155,-0.0219742153676735,0.3443157664899113,0.2270646095275879,0.3834321498870849,baseline_unet_s1,R05-C03,6,50,,,,,baseline_unet,1,,,,,,
0.0316586987622599,23.502778469756834,0.7954224252211334,0.7870425375184191,0.6048780482831646,0.6526315789473685,0.5636363636363636,0.7135678387015479,110,95,89,0.4508810240984752,0.1907632672437977,0.4103558659553528,0.0723980934737275,0.3271815216534827,0.3935961723327636,0.5150250196456909,baseline_unet_s1,R05-C03,6,100,,,,,baseline_unet,1,,,,,,
0.0302033952876279,22.527334282296444,0.8092683987422716,0.7832164192211625,0.6844106458887073,0.7142857142857143,0.656934306569343,0.7470817115644446,137,126,120,0.2480805299745128,0.2371535706353808,0.5255964994430542,0.2392166477963771,0.2726271936546056,0.520979642868042,0.6177185773849487,baseline_unet_s1,R05-C03,6,150,,,,,baseline_unet,1,,,,,,
0.0164084458081842,29.13637070347514,0.9154079176072026,0.7813358531900222,0.7307692302721892,0.7916666666666666,0.6785714285714286,0.9259259254266118,28,24,26,-0.0438379951390888,0.5147148782562765,0.1466062068939209,-0.2132995497310647,0.5735244743621012,0.1295419335365295,0.4139546155929565,baseline_unet_s1,R05-C03,7,1,,,,,baseline_unet,1,,,,,,
0.0201004273549189,28.34091683472603,0.8865518059179538,0.7555509220570087,0.741935483371488,0.7666666666666667,0.71875,0.8387096769198752,32,30,30,0.2035747470077374,0.3835114855269881,0.1722114086151123,-0.3063845245242425,0.5749459248601946,0.1174737811088562,0.3891123533248901,baseline_unet_s1,R05-C03,7,10,,,,,baseline_unet,1,,,,,,
0.027431768545802,27.222859679971165,0.8203331982039768,0.7678698471553194,0.6399999995043555,0.7058823529411765,0.5853658536585366,0.6493506488527576,41,34,36,0.2582970658300537,0.2664062024949681,0.1632973551750183,-0.2788228984457565,0.4649283233197546,0.1060200929641723,0.2892113924026489,baseline_unet_s1,R05-C03,7,50,,,,,baseline_unet,1,,,,,,
0.0340440337685414,25.097924595570895,0.7661527042254944,0.6949043752091784,0.5882352936179648,0.603448275862069,0.5737704918032787,0.7499999995039858,61,58,51,0.0242323275589976,0.2268805610098146,0.1979867815971374,0.1527519767268583,0.1898868540568441,0.2124320268630981,0.3013390898704529,baseline_unet_s1,R05-C03,7,100,,,,,baseline_unet,1,,,,,,
0.0388411598307946,23.731045578998344,0.7265441119921384,0.6848689341549995,0.5649717509143606,0.6024096385542169,0.5319148936170213,0.6540880498310985,94,83,65,0.1155610928862446,0.1953566012642854,0.2420774102210998,0.1721503006406542,0.1678396117224944,0.2597557306289673,0.3321477770805359,baseline_unet_s1,R05-C03,7,150,,,,,baseline_unet,1,,,,,,
0.020549600859939,26.12039738130898,0.9004516641950812,0.8075202354089279,0.7538461533462723,0.765625,0.7424242424242424,0.895999999501568,66,64,59,0.1116015922952204,0.3755563602039692,0.357859194278717,0.0121523495959739,0.4245408507623435,0.3516531586647033,0.544804573059082,baseline_unet_s1,R05-C03,8,1,,,,,baseline_unet,1,,,,,,
0.0227580509152009,25.808307164338625,0.8822261023378253,0.789233790399837,0.8382352936177551,0.8260869565217391,0.8507462686567164,0.8593749995010986,67,69,61,0.1317786821654356,0.4660735953744396,0.3497949242591858,0.0698752799471988,0.3389621614507265,0.3810545802116394,0.54365473985672,baseline_unet_s1,R05-C03,8,10,,,,,baseline_unet,1,,,,,,
0.0310108450729111,24.61458802400227,0.8217585982164396,0.7755670395441994,0.7411764700883045,0.75,0.7325581395348837,0.8095238090240929,86,84,82,0.1239094473096041,0.2584061026799896,0.3195363283157348,0.1754747090293902,0.2184491269381937,0.3341646790504455,0.4231950044631958,baseline_unet_s1,R05-C03,8,50,,,,,baseline_unet,1,,,,,,
0.0370693857814761,22.776603873513434,0.7756525302221179,0.7085749323990459,0.6196078426378777,0.6422764227642277,0.5984848484848485,0.7391304342935349,132,123,98,0.386950558766773,0.2515481376644818,0.3928665518760681,0.3018648852742114,0.1907096682630584,0.4254146218299866,0.4955633282661438,baseline_unet_s1,R05-C03,8,100,,,,,baseline_unet,1,,,,,,
0.0414743316474831,21.733501276448074,0.7448335833852624,0.6922619783001218,0.6134185298546274,0.6666666666666666,0.5680473372781065,0.7003366998462288,169,144,128,0.4449334815582045,0.2822057963480898,0.4454541206359863,0.3753186697040465,0.1795109572388462,0.4572184681892395,0.5603770017623901,baseline_unet_s1,R05-C03,8,150,,,,,baseline_unet,1,,,,,,
0.0260961112692785,23.91199664427663,0.8744190978678259,0.7959333621730966,0.8113207542185831,0.86,0.7678571428571429,0.8309178738995076,112,100,95,0.1079608169807719,0.3101234569480419,0.4709978103637695,0.1049780312734732,0.3414696169629052,0.4780268669128418,0.6236765384674072,baseline_unet_s1,R05-C03,9,1,,,,,baseline_unet,1,,,,,,
0.0282501876791187,24.10812345056329,0.859664645435878,0.8037605032870062,0.7982832613030264,0.8230088495575221,0.775,0.8054298637570894,120,113,101,0.2287368900384017,0.2848962378031301,0.4693564176559448,0.1380168345933155,0.3208308458380104,0.4722304344177246,0.5891143083572388,baseline_unet_s1,R05-C03,9,10,,,,,baseline_unet,1,,,,,,
0.036903380137124,22.706443119313327,0.802447885841952,0.7784976911542268,0.7924528296889957,0.8129032258064516,0.7730061349693251,0.75510204032225,163,155,131,0.1016707117154431,0.2518021442234395,0.4760234951972961,0.3333801000750491,0.1873484437737067,0.4605821371078491,0.5457839965820312,baseline_unet_s1,R05-C03,9,50,,,,,baseline_unet,1,,,,,,
0.0439505257140556,21.219157034050543,0.7547985575342604,0.7411507130622352,0.7586206891552559,0.7685589519650655,0.7489361702127659,0.724220623009276,235,229,182,0.4263068982917838,0.1855949967058721,0.5229374170303345,0.4951740832067217,0.179277973280893,0.4360103011131286,0.6350497007369995,baseline_unet_s1,R05-C03,9,100,,,,,baseline_unet,1,,,,,,
0.0556424711377887,19.383330654866683,0.6938956261589007,0.680824648754421,0.650746268158004,0.6855345911949685,0.6193181818181818,0.6110183634552635,352,318,247,0.6148707664062284,0.1913170249459374,0.4417654275894165,0.5963056452802306,0.192921989277559,0.320190966129303,0.6576706171035767,baseline_unet_s1,R05-C03,9,150,,,,,baseline_unet,1,,,,,,
0.0187497450248657,25.42060803942301,0.9107822219873724,0.7583845691737273,0.6713286708341727,0.75,0.6075949367088608,0.8111888106943127,79,64,64,0.0919251865185787,0.3224667767599547,0.4373341798782348,0.1732536002830159,0.2708384496227803,0.4647879004478454,0.6030697226524353,baseline_unet_s2,R05-C03,0,1,,,,,baseline_unet,2,,,,,,
0.0189689206934822,25.31356282268696,0.8969364622160592,0.7624413351865217,0.5540540535598978,0.6212121212121212,0.5,0.824324323830168,82,66,66,0.0124649351909421,0.3802627174015828,0.4495189785957336,0.2566957586779183,0.2820268651507052,0.4875614643096924,0.6578490138053894,baseline_unet_s2,R05-C03,0,10,,,,,baseline_unet,2,,,,,,
0.028219436981342,23.21772175356531,0.8320904546451301,0.7111363105558013,0.5326086951569589,0.5903614457831325,0.4851485148514851,0.734463276346133,101,83,76,0.1105446523341652,0.3084634703503295,0.4094324707984924,0.2443658336981338,0.2624778468719032,0.4400330185890198,0.5697455406188965,baseline_unet_s2,R05-C03,0,50,,,,,baseline_unet,2,,,,,,
0.0339075354176185,22.23211443339089,0.7805617515585448,0.7020671121312057,0.428044279954249,0.5043478260869565,0.3717948717948718,0.7482517477558803,156,115,130,0.4298095563073905,0.2164336690307836,0.4679189920425415,0.2778876815249636,0.2515746911033837,0.4730200171470642,0.5877865552902222,baseline_unet_s2,R05-C03,0,100,,,,,baseline_unet,2,,,,,,
0.0390657125898391,21.240418858738735,0.7458607844743974,0.6869751907118726,0.4146341458477572,0.467032967032967,0.3728070175438596,0.6568627446049596,228,182,180,0.5209665013803673,0.176960033067372,0.5131257176399231,0.4969177948183719,0.181335656163472,0.5044556856155396,0.6510741710662842,baseline_unet_s2,R05-C03,0,150,,,,,baseline_unet,2,,,,,,
0.0259396164218023,24.060143234293346,0.8778959751084956,0.7929323590816992,0.6923076918100887,0.743801652892562,0.6474820143884892,0.8396946559904142,139,121,123,0.1746152743402183,0.2430925269401018,0.5112759470939636,0.2231233348746931,0.2422333237433237,0.515296220779419,0.5953173637390137,baseline_unet_s2,R05-C03,1,1,,,,,baseline_unet,2,,,,,,
0.0273949165146703,23.225582269212957,0.8564030292468515,0.7283540797713244,0.6759581876534618,0.6879432624113475,0.6643835616438356,0.8142857137866326,146,141,134,0.2698307550006757,0.2280089571768211,0.5989054441452026,0.3462279807236537,0.2143557588195754,0.5978084206581116,0.6958264112472534,baseline_unet_s2,R05-C03,1,10,,,,,baseline_unet,2,,,,,,
0.0339331349791924,22.167392603997634,0.7973179829275081,0.6893384267973904,0.5265957441825628,0.559322033898305,0.4974874371859296,0.7582417577461206,199,177,165,0.4344968730880366,0.2076976617445843,0.5863707661628723,0.4590410703382219,0.2016326839331964,0.5647187232971191,0.7099311351776123,baseline_unet_s2,R05-C03,1,50,,,,,baseline_unet,2,,,,,,
0.0461289606252077,20.17454819856606,0.7081971364018241,0.6346996149145223,0.3992932857250809,0.4484126984126984,0.3598726114649681,0.7423423418509925,314,252,241,0.5595414398414946,0.2045615834365447,0.4532819390296936,0.5435448529359048,0.2166198344299519,0.4167141318321228,0.7167754173278809,baseline_unet_s2,R05-C03,1,100,,,,,baseline_unet,2,,,,,,
0.0677234131889863,17.61295384096863,0.5837771927440107,0.4553038213176379,0.2354651158132943,0.3188976377952756,0.1866359447004608,0.6417112294593926,434,254,314,0.5422797607133788,0.2669092131345362,0.2744864225387573,0.498549371314095,0.3484321884347804,0.242440640926361,0.6901837587356567,baseline_unet_s2,R05-C03,1,150,,,,,baseline_unet,2,,,,,,
0.0357325321519767,21.100383853426298,0.8403405752041807,0.769613734216036,0.6966292129841559,0.7294117647058823,0.6666666666666666,0.8045977006518034,186,170,162,0.2836906446016971,0.1959730972734377,0.5926581621170044,0.3146618875882107,0.201452602871826,0.5802826881408691,0.6655763387680054,baseline_unet_s2,R05-C03,10,1,,,,,baseline_unet,2,,,,,,
0.0370142872407514,20.708066337438904,0.8163194600398219,0.7255698663446911,0.692111958787535,0.6903553299492385,0.6938775510204082,0.8096514740321283,196,197,177,0.4023695460040782,0.1727627296947075,0.633246660232544,0.4205648650026393,0.1741122815682255,0.613192617893219,0.730873703956604,baseline_unet_s2,R05-C03,10,10,,,,,baseline_unet,2,,,,,,
0.0441329198631743,19.871384608865274,0.7560110869941303,0.710939689439878,0.6011787814259015,0.6219512195121951,0.5817490494296578,0.7886178856812496,263,246,229,0.5132712483899164,0.1857014089999838,0.5756052732467651,0.5286681970999495,0.1840745872953766,0.5276637077331543,0.7488246560096741,baseline_unet_s2,R05-C03,10,50,,,,,baseline_unet,2,,,,,,
0.0612321744610593,18.37510167378917,0.6403225186192703,0.5721098405678148,0.3612334796876494,0.4256055363321799,0.3137755102040816,0.6551724133010964,392,289,304,0.5788311130783742,0.2608784051736164,0.3068586587905884,0.5646380091533674,0.2773940696088161,0.279645025730133,0.6871610283851624,baseline_unet_s2,R05-C03,10,100,,,,,baseline_unet,2,,,,,,
0.0860732469269862,16.374433829923245,0.514636854843586,0.4857586962225076,0.2479908146826918,0.3243243243243243,0.2007434944237918,0.6048565116588842,538,333,368,0.5113329139440864,0.3435533318682668,0.1890274286270141,0.4864063038852965,0.3826749367632482,0.1733896136283874,0.6060339212417603,baseline_unet_s2,R05-C03,10,150,,,,,baseline_unet,2,,,,,,
0.0298545741635413,22.14693425783321,0.8663724556271497,0.7727099276016698,0.72164948403623,0.7342657342657343,0.7094594594594594,0.8413284127883879,148,143,123,0.3784419939332673,0.1653197658384713,0.6138371825218201,0.3874850870187011,0.1700483275107457,0.6193332672119141,0.6884511709213257,baseline_unet_s2,R05-C03,11,1,,,,,baseline_unet,2,,,,,,
0.031406005959174,22.206156125743085,0.8469860187571754,0.7575935006084077,0.6848484843485032,0.6890243902439024,0.6807228915662651,0.7622149832166706,166,164,141,0.4300358046872155,0.1619659947102063,0.5994521975517273,0.4286822247267412,0.1658829312451681,0.5983327627182007,0.7006525993347168,baseline_unet_s2,R05-C03,11,10,,,,,baseline_unet,2,,,,,,
0.0379621429075025,21.01854334586637,0.7850873607062117,0.7215792435379185,0.5866666661676543,0.6139534883720931,0.5617021276595745,0.7664399087992142,235,215,206,0.4927210760217368,0.1883706164076802,0.5820801854133606,0.5030211945647431,0.1788845236088211,0.5535507202148438,0.7360605001449585,baseline_unet_s2,R05-C03,11,50,,,,,baseline_unet,2,,,,,,
0.0516343118015639,19.23441465557348,0.6934605205707043,0.6563909756569521,0.3580645156391051,0.4172932330827067,0.3135593220338983,0.7104851325261742,354,266,285,0.5772831080362021,0.1848747108453201,0.4638811349868774,0.5670708246240321,0.1950554863974702,0.4346084594726562,0.7294661998748779,baseline_unet_s2,R05-C03,11,100,,,,,baseline_unet,2,,,,,,
0.0742005348097582,17.21134840832788,0.5698349469818604,0.5042481091594319,0.2042553186864081,0.28125,0.1603563474387528,0.6025974021112194,449,256,321,0.5413262332640687,0.278828623874581,0.2658535242080688,0.494228018839516,0.3204935775127747,0.2531590461730957,0.6678981184959412,baseline_unet_s2,R05-C03,11,150,,,,,baseline_unet,2,,,,,,
0.0238851527483316,23.753878792045825,0.8857710110154231,0.8118994273447391,0.7425742569281443,0.7978723404255319,0.6944444444444444,0.8780487799892445,108,94,97,0.183787762016709,0.266383243990161,0.5209721922874451,0.2953758287792496,0.2432660811340371,0.5384392142295837,0.6569794416427612,baseline_unet_s2,R05-C03,12,1,,,,,baseline_unet,2,,,,,,
0.0247119001161943,23.889205498779607,0.8697838494080542,0.8151310776263146,0.7672413788109393,0.7946428571428571,0.7416666666666667,0.9170305671867433,120,112,109,0.1522093655806708,0.3019598960765232,0.5042398571968079,0.2502265920588294,0.2788168441303754,0.5177432894706726,0.6512249708175659,baseline_unet_s2,R05-C03,12,10,,,,,baseline_unet,2,,,,,,
0.0342881961511845,22.073133925899153,0.7964380839000877,0.7651778877951398,0.6048109960640521,0.624113475177305,0.5866666666666667,0.8158844760377432,150,141,127,0.2215234366793119,0.2764120959032097,0.5075814723968506,0.2068533753777225,0.2703001080668877,0.5080795288085938,0.6098529100418091,baseline_unet_s2,R05-C03,12,50,,,,,baseline_unet,2,,,,,,
0.0434227695954209,20.39764845127813,0.7268988337612738,0.7121391256932887,0.5821596239153056,0.6231155778894473,0.5462555066079295,0.7447306786589077,227,199,200,0.3620345489299545,0.2352882561979866,0.5090033411979675,0.288869506727467,0.246344914269552,0.4932627081871032,0.6552057266235352,baseline_unet_s2,R05-C03,12,100,,,,,baseline_unet,2,,,,,,
0.0608888285425561,17.94713364918698,0.6264532518684762,0.5944699267394806,0.3135313526536342,0.3877551020408163,0.2631578947368421,0.7723935384151751,361,245,320,0.4283302541637512,0.241295591401028,0.3771865963935852,0.4301264517653981,0.2513137118755973,0.3538166284561157,0.7112014889717102,baseline_unet_s2,R05-C03,12,150,,,,,baseline_unet,2,,,,,,
0.0143401288965854,28.28169704605251,0.9250972659009402,0.7536142534459618,0.7575757570762167,0.7352941176470589,0.78125,0.7333333328355556,32,34,28,0.02931925751506,0.4351161598879666,0.2799403071403503,0.1819630655593739,0.3684371170903956,0.3185151815414428,0.542438268661499,baseline_unet_s2,R05-C03,13,1,,,,,baseline_unet,2,,,,,,
0.0156064422721936,28.10518985310869,0.9060047599384744,0.7488024857346901,0.7323943656980758,0.7027027027027027,0.7647058823529411,0.799999999501065,34,37,31,-0.0023472263135681,0.4676153699522386,0.2896654009819031,0.1972183569406063,0.3839166275758006,0.3259274959564209,0.5640126466751099,baseline_unet_s2,R05-C03,13,10,,,,,baseline_unet,2,,,,,,
0.0240407021572762,26.072240988437553,0.842087169686747,0.6890094311001761,0.5686274504805844,0.58,0.5576923076923077,0.7472527467629514,52,50,39,0.0597712904421585,0.3383814607432421,0.2642444372177124,0.158805830288793,0.309952958071435,0.2884612679481506,0.4393887519836426,baseline_unet_s2,R05-C03,13,50,,,,,baseline_unet,2,,,,,,
0.0302983221920071,24.79000226043377,0.7846028316660029,0.6590558057441589,0.3783783778798393,0.4,0.358974358974359,0.729927006808887,78,70,59,0.0805631133732342,0.2732768190979127,0.2739794254302978,0.1591276764582886,0.2530611857308244,0.2893350124359131,0.4073204398155212,baseline_unet_s2,R05-C03,13,100,,,,,baseline_unet,2,,,,,,
0.0352086554581999,23.83512129122039,0.7343703006317668,0.6524416113034763,0.3999999995065306,0.4516129032258064,0.358974358974359,0.7254901955892444,117,93,87,0.1524825458567873,0.2428054258581608,0.311063289642334,0.1664988547075902,0.229032426083344,0.3280624747276306,0.4216305613517761,baseline_unet_s2,R05-C03,13,150,,,,,baseline_unet,2,,,,,,
0.0152850626453959,27.241715851264846,0.9267997631769636,0.7319207338482162,0.5999999995005556,0.5806451612903226,0.6206896551724138,0.9090909085923968,29,31,26,-0.0015945358830985,0.3819521966460208,0.2891517877578735,0.1046892410057622,0.3301913541728031,0.3384172320365906,0.4976191520690918,baseline_unet_s2,R05-C03,14,1,,,,,baseline_unet,2,,,,,,
0.0140030952753863,27.56272217975768,0.9218684797459932,0.7467859028888543,0.6249999995004882,0.6451612903225806,0.6060606060606061,0.8571428566439909,33,31,30,-0.1055948337612298,0.455452570116497,0.3016307950019836,0.2182848827924693,0.3216996928953039,0.3875313997268677,0.5864309072494507,baseline_unet_s2,R05-C03,14,10,,,,,baseline_unet,2,,,,,,
0.021684179929566,25.796160017341663,0.8618482960178354,0.6362958902722996,0.3950617278957475,0.4102564102564102,0.3809523809523809,0.7948717943747535,42,39,36,0.0893014267155515,0.3646475849809912,0.2589015364646911,0.178068452197209,0.3133091269456519,0.3064404726028442,0.4726208448410034,baseline_unet_s2,R05-C03,14,50,,,,,baseline_unet,2,,,,,,
0.0269364789164275,24.12692474501188,0.8192017775199862,0.636653297190795,0.3859649117862419,0.4313725490196078,0.3492063492063492,0.7413793098485433,63,51,53,0.2464362723979695,0.2878444745065805,0.3338257670402527,0.1791624663028129,0.2759590246552615,0.3473805785179138,0.4785218238830566,baseline_unet_s2,R05-C03,14,100,,,,,baseline_unet,2,,,,,,
0.0315847038776047,23.62562761285094,0.7751672304426136,0.6457272216724321,0.3717948713030901,0.4264705882352941,0.3295454545454545,0.603550295358846,88,68,81,0.2935417425030261,0.2289266460094953,0.379169762134552,0.2673289917644634,0.2221848776057894,0.3867418766021728,0.4811634421348572,baseline_unet_s2,R05-C03,14,150,,,,,baseline_unet,2,,,,,,
0.0167082945944706,26.512348297546794,0.925642116390858,0.7995809390735394,0.7045454540495868,0.775,0.6458333333333334,0.8172043005757891,48,40,45,0.0783612975814222,0.3178352353031406,0.3398374915122986,0.102500805491106,0.3130535772924966,0.3542948365211487,0.4974843859672546,baseline_unet_s2,R05-C03,15,1,,,,,baseline_unet,2,,,,,,
0.0158147217833027,26.32988797704563,0.915798596203726,0.7784403865115435,0.6206896546777645,0.6923076923076923,0.5625,0.7032967027982128,48,39,43,0.021465473605059,0.3853334676945813,0.3886431455612182,0.1871212737848162,0.325241076995132,0.4290534853935241,0.6243886947631836,baseline_unet_s2,R05-C03,15,10,,,,,baseline_unet,2,,,,,,
0.022965261696898,24.695704016796025,0.8619187426540736,0.7279557334727688,0.5346534648548181,0.6136363636363636,0.4736842105263157,0.7619047614084352,57,44,48,0.1062787124763703,0.3227371603116841,0.3272870182991028,0.1733230931947064,0.3043015934428209,0.3663793206214905,0.5236124396324158,baseline_unet_s2,R05-C03,15,50,,,,,baseline_unet,2,,,,,,
0.0271032850423944,23.270573471741596,0.8274172938831643,0.725673008251609,0.4324324319382761,0.4848484848484848,0.3902439024390244,0.6887417213580107,82,66,69,0.2702455980415162,0.2623801565108478,0.4171851873397827,0.242965444636641,0.262937757491384,0.424285352230072,0.5628273487091064,baseline_unet_s2,R05-C03,15,100,,,,,baseline_unet,2,,,,,,
0.033653343859196,21.591918109200066,0.7820513675797234,0.6289112833886229,0.3069306925909225,0.3875,0.2540983606557377,0.6877828049352798,122,80,99,0.2473922625907054,0.2204224737976622,0.4967521429061889,0.3127920928617523,0.2085688298485941,0.4870437979698181,0.5923503041267395,baseline_unet_s2,R05-C03,15,150,,,,,baseline_unet,2,,,,,,
0.0159334441446062,26.392560848889165,0.9241994345972968,0.8017336836997314,0.5333333328343209,0.5581395348837209,0.5106382978723404,0.853932583771241,47,43,42,0.0004923571615252,0.3703453016558675,0.3557257056236267,0.1465564775018865,0.3100474538887338,0.3965208530426025,0.5658384561538696,baseline_unet_s2,R05-C03,16,1,,,,,baseline_unet,2,,,,,,
0.0158793894648106,26.36034415540269,0.9119772993193326,0.7986268396234201,0.712643677661514,0.7380952380952381,0.6888888888888889,0.863636363136622,45,42,43,-0.0702568888925801,0.4339333913155291,0.3700324296951294,0.2368353201496777,0.322435962757776,0.4188407063484192,0.6266891360282898,baseline_unet_s2,R05-C03,16,10,,,,,baseline_unet,2,,,,,,
0.0240243099222677,25.112476157612225,0.8495118035290554,0.7416496818075616,0.5882352936205071,0.6363636363636364,0.546875,0.8188976372953065,64,55,63,0.1144950967541917,0.3293088772114649,0.3412191867828369,0.2257783944097885,0.2841285720932452,0.3851393461227417,0.5207005739212036,baseline_unet_s2,R05-C03,16,50,,,,,baseline_unet,2,,,,,,
0.0292560498699297,23.3071182186552,0.8087323542972145,0.6813842044939725,0.3720930227625744,0.4210526315789473,0.3333333333333333,0.7709497201730283,96,76,83,0.3205877604321543,0.2595235089776524,0.4505485892295837,0.3488916711692116,0.227136672160269,0.4633139967918396,0.567764401435852,baseline_unet_s2,R05-C03,16,100,,,,,baseline_unet,2,,,,,,
0.0351879586247298,22.152670145724596,0.7626986618718883,0.6717792265388173,0.3096234304785281,0.3775510204081632,0.2624113475177305,0.7878787873811123,141,98,123,0.3078440529691608,0.2345696229559278,0.4730876684188843,0.4082711922572596,0.1964638675744069,0.4788070917129516,0.5958629846572876,baseline_unet_s2,R05-C03,16,150,,,,,baseline_unet,2,,,,,,
0.0127269691364502,30.052701870446455,0.9340476071408852,0.7692439727849616,0.6551724133026159,0.76,0.5757575757575758,0.5573770486836871,33,25,28,-0.128406780410918,0.545078424215769,0.2120882272720337,0.2166353045085833,0.3572725834429799,0.3014004230499267,0.5219709873199463,baseline_unet_s2,R05-C03,17,1,,,,,baseline_unet,2,,,,,,
0.0137386349607994,30.24481346594974,0.9173754008457689,0.7557586221774351,0.6774193543470343,0.7777777777777778,0.6,0.7812499995043946,35,27,29,-0.1692860405213307,0.6131636416922079,0.176615834236145,0.2563081149080034,0.3800012077516899,0.2885326147079468,0.5207239389419556,baseline_unet_s2,R05-C03,17,10,,,,,baseline_unet,2,,,,,,
0.0207587808356338,29.2545975588214,0.86313736681586,0.7527865638962036,0.5507246371821046,0.5757575757575758,0.5277777777777778,0.5937499995078124,36,33,28,-0.1214539711998557,0.4075774117128569,0.1306294202804565,0.243933699926714,0.2921155546355228,0.2016431093215942,0.3457463979721069,baseline_unet_s2,R05-C03,17,50,,,,,baseline_unet,2,,,,,,
0.0257288572651626,27.85997702743858,0.813800936637876,0.6965345328689825,0.3673469382963349,0.4615384615384615,0.3050847457627119,0.5940594054547593,59,39,42,-0.079340269472787,0.3162877883911858,0.1376693248748779,0.2754835280741892,0.2166397611029464,0.1987096667289734,0.3031677603721618,baseline_unet_s2,R05-C03,17,100,,,,,baseline_unet,2,,,,,,
0.0301410850103912,26.087637843851375,0.7736849145095422,0.613940850162187,0.3076923072158051,0.3928571428571428,0.2528735632183908,0.6710526310894217,87,56,65,0.0979218554375292,0.2419843814635355,0.2070833444595337,0.2981064817400897,0.1875870506027069,0.2494969964027404,0.3358320593833923,baseline_unet_s2,R05-C03,17,150,,,,,baseline_unet,2,,,,,,
0.0205295954424301,24.748468566824727,0.9032180237329104,0.8183778583418151,0.7515151510156106,0.775,0.7294117647058823,0.7567567562678049,85,80,63,0.0010563264890758,0.3680698295274407,0.4773646593093872,0.3332659071374315,0.2254809636656538,0.5104005336761475,0.6340065598487854,baseline_unet_s2,R05-C03,18,1,,,,,baseline_unet,2,,,,,,
0.0230964517792637,23.67111816208784,0.8767032304534181,0.780923652293107,0.694610777948295,0.7733333333333333,0.6304347826086957,0.7261146491963162,92,75,65,-0.0530624381358434,0.3906031052796012,0.4838699102401733,0.3085844367521576,0.2457484383561183,0.5161697268486023,0.6571331024169922,baseline_unet_s2,R05-C03,18,10,,,,,baseline_unet,2,,,,,,
0.0301996905978851,22.18729366195648,0.8209885728602753,0.7394837601025199,0.5615763541818534,0.6,0.5277777777777778,0.6850828724468727,108,95,73,0.0360241511184505,0.3321486708167891,0.4442520141601562,0.2036357362867877,0.2615065493324066,0.4666113257408142,0.5852054357528687,baseline_unet_s2,R05-C03,18,50,,,,,baseline_unet,2,,,,,,
0.0368241138225446,20.37704522807388,0.776551513311903,0.6796320964447916,0.5126582273509853,0.5547945205479452,0.4764705882352941,0.617543859167744,170,146,115,0.191102988829046,0.2715214337368611,0.5598506927490234,0.2762337743254549,0.2288912146476061,0.5533676743507385,0.6611433029174805,baseline_unet_s2,R05-C03,18,100,,,,,baseline_unet,2,,,,,,
0.0432307734968374,19.67272771418254,0.7413946967855881,0.6983620302882434,0.4854368927101165,0.546448087431694,0.4366812227074236,0.637974683057023,229,183,166,0.2996764241001809,0.2374470266465093,0.5744362473487854,0.3976098589025104,0.1938862902888259,0.5481759905815125,0.6799678802490234,baseline_unet_s2,R05-C03,18,150,,,,,baseline_unet,2,,,,,,
0.022923957110284,23.97431753293581,0.8863120099414554,0.7538595267583795,0.7638190949777026,0.7450980392156863,0.7835051546391752,0.8085106377983816,97,102,91,0.1886233066362575,0.268914915819279,0.550859272480011,0.3682796896830804,0.2133917266480004,0.5585672855377197,0.670661211013794,baseline_unet_s2,R05-C03,19,1,,,,,baseline_unet,2,,,,,,
0.0235944014656071,24.00405164140865,0.8744269071049215,0.776416920689177,0.7523809518820861,0.79,0.7181818181818181,0.7980769225785873,110,100,98,0.1756462932790684,0.2981911104656417,0.5429781079292297,0.3868283919164702,0.223873124010692,0.5475187301635742,0.6657040119171143,baseline_unet_s2,R05-C03,19,10,,,,,baseline_unet,2,,,,,,
0.0318505668225963,22.511400994774412,0.8096449601626899,0.7088570136059287,0.6354515045176676,0.6643356643356644,0.6089743589743589,0.7728813554338638,156,143,139,0.2637157100575436,0.2551923962947972,0.5258342623710632,0.3905507593226334,0.2090751930577506,0.5276321172714233,0.6174944639205933,baseline_unet_s2,R05-C03,19,50,,,,,baseline_unet,2,,,,,,
0.0404535064979276,20.574870959682656,0.7494393403187721,0.6092965359963023,0.4528301881811254,0.4824120603015075,0.4266666666666667,0.6969696964789944,225,199,171,0.4855035541354935,0.2030494060808114,0.5244632959365845,0.5359810342161171,0.1789657728876321,0.4942036271095276,0.6939716339111328,baseline_unet_s2,R05-C03,19,100,,,,,baseline_unet,2,,,,,,
0.0519126809924943,19.48174454603909,0.6657245155115791,0.5894411155554605,0.3226950349737248,0.3839662447257383,0.2782874617737003,0.5961199289650345,327,237,240,0.5582835812737247,0.2135154323783011,0.3876298069953918,0.5451194081547014,0.2244238728457888,0.3569168448448181,0.6950931549072266,baseline_unet_s2,R05-C03,19,150,,,,,baseline_unet,2,,,,,,
0.0211223776471746,23.976382335192493,0.8998934407855718,0.750779866599365,0.6322580640186471,0.6805555555555556,0.5903614457831325,0.7114093954796629,83,72,66,0.2316455858068569,0.230548964375305,0.5252383947372437,0.2718358232193036,0.2386418361213165,0.5309511423110962,0.6464184522628784,baseline_unet_s2,R05-C03,2,1,,,,,baseline_unet,2,,,,,,
0.0206628654484484,24.425068124426307,0.8930085644841363,0.783493537797868,0.6867469874536217,0.7307692307692307,0.6477272727272727,0.7581699341518219,88,78,65,0.238445982667976,0.2483219872696609,0.5256665945053101,0.3107870798813892,0.2562436319678073,0.5370633602142334,0.6648459434509277,baseline_unet_s2,R05-C03,2,10,,,,,baseline_unet,2,,,,,,
0.0287003252801616,23.17610254358098,0.8380883539971736,0.7455455512084931,0.5471698108214668,0.5686274509803921,0.5272727272727272,0.7596153841170487,110,102,98,0.3065916515882886,0.2325191270091193,0.4843406081199646,0.2849814923959621,0.2419421758037705,0.49008709192276,0.5825895071029663,baseline_unet_s2,R05-C03,2,50,,,,,baseline_unet,2,,,,,,
0.0360269625197055,21.917761226007975,0.7834550461450565,0.6982110363412118,0.4615384610436166,0.5136986301369864,0.4189944134078212,0.6455696197619971,179,146,137,0.3015261046467145,0.2164848184097967,0.4967759251594543,0.3845792208174953,0.1901869887620593,0.4960886836051941,0.598298192024231,baseline_unet_s2,R05-C03,2,100,,,,,baseline_unet,2,,,,,,
0.0469703591351353,19.749794570584577,0.7198159580301615,0.6247199640310033,0.3919821821398703,0.4631578947368421,0.3397683397683397,0.7381974243989297,259,190,207,0.4519495977726379,0.1926194116168991,0.4981562495231628,0.4455224562447337,0.1961646444006896,0.4840812087059021,0.6884039640426636,baseline_unet_s2,R05-C03,2,150,,,,,baseline_unet,2,,,,,,
0.0272611234817775,22.570300068419105,0.8779924621165023,0.7855565354708384,0.7022222217227061,0.7247706422018348,0.6810344827586207,0.7809523804578684,116,109,94,0.2085406335532157,0.2314230200519327,0.5618299245834351,0.3231532953244253,0.1945870637315399,0.5735570788383484,0.6518350839614868,baseline_unet_s2,R05-C03,20,1,,,,,baseline_unet,2,,,,,,
0.0280718518632819,22.79534580190811,0.8570667348334416,0.7614266321642731,0.5862068960526531,0.6126126126126126,0.5619834710743802,0.8214285709318001,121,111,103,0.3055771448043783,0.2891013070730771,0.5605995655059814,0.3242819445789522,0.2109517769104019,0.5952469706535339,0.6923586130142212,baseline_unet_s2,R05-C03,20,10,,,,,baseline_unet,2,,,,,,
0.0367442708983565,20.732369768194665,0.7876082102116756,0.6851860705892618,0.5047318607013702,0.54421768707483,0.4705882352941176,0.7619047614079112,170,147,145,0.2885492017579186,0.2627525945907751,0.5737162828445435,0.3388252282249341,0.222483967574969,0.5735001564025879,0.7057833671569824,baseline_unet_s2,R05-C03,20,50,,,,,baseline_unet,2,,,,,,
0.0459447903404118,19.80964415637391,0.7282559540846987,0.682605811901669,0.4573991026448049,0.5125628140703518,0.4129554655870445,0.6447058818661203,247,199,178,0.3989875889034044,0.2472019344944516,0.5091670751571655,0.4725180223838001,0.1941389959196952,0.4788627028465271,0.7223358154296875,baseline_unet_s2,R05-C03,20,100,,,,,baseline_unet,2,,,,,,
0.0669896230942768,17.01538977636352,0.6092209601270586,0.5668128447121922,0.2317290547918696,0.3125,0.1841359773371104,0.679867986312295,353,208,253,0.4365920892332179,0.2461198288332626,0.3949068188667297,0.465954896480143,0.251306885389715,0.378150463104248,0.7395284175872803,baseline_unet_s2,R05-C03,20,150,,,,,baseline_unet,2,,,,,,
0.014790396395645,28.142547461082195,0.9252861534184412,0.7821096612002405,0.6478873234461415,0.696969696969697,0.6052631578947368,0.7878787873902662,38,33,28,-0.0990776891259028,0.4579728071085713,0.3220955729484558,0.2325814618300824,0.29930281211831,0.3918340802192688,0.571544885635376,baseline_unet_s2,R05-C03,21,1,,,,,baseline_unet,2,,,,,,
0.0163830812294354,27.6501788220125,0.9075641926284732,0.7605885561541113,0.5432098760451151,0.5789473684210527,0.5116279069767442,0.7199999995107556,43,38,32,-0.0698925168678474,0.4761514845320611,0.3407132625579834,0.3052869297141001,0.3060690746166079,0.4165028929710388,0.5895875692367554,baseline_unet_s2,R05-C03,21,10,,,,,baseline_unet,2,,,,,,
0.0230890378194974,26.709548124112366,0.8545929967286119,0.7504081089725164,0.5818181813196694,0.6153846153846154,0.5517241379310345,0.7766990286341784,58,52,45,0.0595317521689883,0.3461658627221957,0.2741987705230713,0.2544973997402638,0.2742878560711683,0.3241220712661743,0.444761574268341,baseline_unet_s2,R05-C03,21,50,,,,,baseline_unet,2,,,,,,
0.0272768369857654,24.964507902493946,0.8132736239186047,0.6979223630084798,0.4171779136187286,0.4788732394366197,0.3695652173913043,0.6666666661758879,92,71,70,0.3521940867096876,0.2495223480772779,0.3861446976661682,0.3301265508927185,0.2310464740773262,0.4020891189575195,0.4891104102134704,baseline_unet_s2,R05-C03,21,100,,,,,baseline_unet,2,,,,,,
0.031207435843852,23.955142362435687,0.782974988194013,0.6915511744960002,0.3984374995147705,0.4811320754716981,0.34,0.6821705421489094,150,106,108,0.3403671714750924,0.2357456194775032,0.4430990815162658,0.4138989278119967,0.1873066457491314,0.4590874314308166,0.536768913269043,baseline_unet_s2,R05-C03,21,150,,,,,baseline_unet,2,,,,,,
0.0135752248093178,28.974070854947563,0.9313465868730956,0.8376640108055315,0.8064516124079085,0.8928571428571429,0.7352941176470589,0.8437499995019531,34,28,30,-0.0383813079215742,0.4579835024895319,0.2249419093132019,0.1393594750355416,0.3732962457859461,0.2904726862907409,0.5047218799591064,baseline_unet_s2,R05-C03,22,1,,,,,baseline_unet,2,,,,,,
0.0140149024374757,28.219590726338236,0.91821119773685,0.8113509666203191,0.749999999512207,0.8888888888888888,0.6486486486486487,0.840579709647553,37,27,32,-0.1055140567243783,0.5152000847245901,0.2245570421218872,0.1852244066603743,0.3982322445308555,0.3175191283226013,0.5600109696388245,baseline_unet_s2,R05-C03,22,10,,,,,baseline_unet,2,,,,,,
0.0207200250927322,26.852426292210065,0.862480056000347,0.7807505123852068,0.6444444439506173,0.725,0.58,0.8723404250339519,50,40,44,0.0031510382846233,0.3806192099564942,0.2160477042198181,0.1535883742092233,0.3398653474645396,0.2649728059768677,0.4352084994316101,baseline_unet_s2,R05-C03,22,50,,,,,baseline_unet,2,,,,,,
0.0275721831875435,24.874597976435165,0.8038262828661854,0.6984847070559755,0.4666666661738666,0.5303030303030303,0.4166666666666667,0.7763157889792243,84,66,68,0.2312585094517914,0.2587148411320128,0.2959111332893371,0.1634926729188401,0.2838136330575677,0.3132773637771606,0.4353576302528381,baseline_unet_s2,R05-C03,22,100,,,,,baseline_unet,2,,,,,,
0.0320856389076276,23.55163794816916,0.7634395792332862,0.6986637103424919,0.4905660372433695,0.5591397849462365,0.4369747899159664,0.7582938383707464,119,93,92,0.3178953843349131,0.25040343869109,0.3403445482254028,0.1913020758106707,0.2597092251513709,0.3608462810516357,0.467536985874176,baseline_unet_s2,R05-C03,22,150,,,,,baseline_unet,2,,,,,,
0.0143815232670818,28.512929527755073,0.9294571224450876,0.7873844739047242,0.6984126979279416,0.8461538461538461,0.5945945945945946,0.8529411759744808,37,26,31,0.0076331218684528,0.3900158205382246,0.2396544814109802,0.1047650868059484,0.3598708614508614,0.2655101418495178,0.4516971111297607,baseline_unet_s2,R05-C03,23,1,,,,,baseline_unet,2,,,,,,
0.0138812526951956,28.054756424371465,0.9173345950934352,0.7706563735012648,0.5483870962872008,0.6538461538461539,0.4722222222222222,0.8307692302750296,36,26,29,0.0206785844245104,0.4572923404535944,0.2743825912475586,0.1367040985533024,0.3933148993917592,0.3110280632972717,0.5529482364654541,baseline_unet_s2,R05-C03,23,10,,,,,baseline_unet,2,,,,,,
0.0199825664835038,27.373244251223383,0.8623358795811761,0.7755866900522981,0.5301204814312672,0.5789473684210527,0.4888888888888889,0.7469879513107853,45,38,38,0.1727846219594436,0.3787736526914118,0.2347012758255005,0.0952084061242151,0.3912436621811421,0.2495652437210083,0.4432582259178161,baseline_unet_s2,R05-C03,23,50,,,,,baseline_unet,2,,,,,,
0.0255087554872004,26.045005569618542,0.8111206699989164,0.7534668185005492,0.4752475242564454,0.5217391304347826,0.4363636363636363,0.699999999505,55,46,45,0.1590509258929656,0.3103548634386691,0.2414917349815368,0.1432080844202164,0.2964469526979927,0.2616753578186035,0.4035672545433044,baseline_unet_s2,R05-C03,23,100,,,,,baseline_unet,2,,,,,,
0.0301193039125176,24.18792835863394,0.7700880130684361,0.7180623712207526,0.3432835815935621,0.3770491803278688,0.3150684931506849,0.7633587781325097,73,61,58,0.1751456165465623,0.2645432490145228,0.3092464804649353,0.1781525448256989,0.2488042219481215,0.3210616111755371,0.4322179555892944,baseline_unet_s2,R05-C03,23,150,,,,,baseline_unet,2,,,,,,
0.0196894820246165,25.081419786561373,0.9106095583004644,0.8147704626667922,0.7399999995007999,0.7708333333333334,0.7115384615384616,0.9523809518809976,52,48,53,0.1019127645341288,0.2861571153239769,0.3747231960296631,0.1687006650889157,0.2661396825147282,0.419559121131897,0.5309273600578308,baseline_unet_s2,R05-C03,24,1,,,,,baseline_unet,2,,,,,,
0.0181744308461664,25.35073726219583,0.9059478620541568,0.8122251075134758,0.6722689070647552,0.7142857142857143,0.6349206349206349,0.9105691051913544,63,56,60,0.0420032476615095,0.3338435644627333,0.4253028035163879,0.1433065542670889,0.2845589520099551,0.4605547785758972,0.6072291731834412,baseline_unet_s2,R05-C03,24,10,,,,,baseline_unet,2,,,,,,
0.0260867324116773,22.919629641308433,0.8336103417717334,0.7200338334879107,0.46249999950125,0.4868421052631579,0.4404761904761904,0.8139534878723633,84,76,88,0.1700627179320525,0.3368595927321343,0.4502161741256714,0.1610038506079764,0.2896663150800383,0.4970020651817322,0.6362086534500122,baseline_unet_s2,R05-C03,24,50,,,,,baseline_unet,2,,,,,,
0.0330475510097504,21.484301763368705,0.7828941809053265,0.6930485397887535,0.4102564097669662,0.48,0.3582089552238806,0.7999999995012994,134,100,121,0.1746696442080877,0.3853090016028626,0.4460439682006836,0.1921796172387578,0.2621116299780426,0.5058584213256836,0.6462432146072388,baseline_unet_s2,R05-C03,24,100,,,,,baseline_unet,2,,,,,,
0.043278986024507,20.00719547755089,0.7173447165670893,0.6657178945879261,0.3322475565229976,0.4146341463414634,0.2771739130434782,0.7988338187446388,184,123,159,0.2045962613807625,0.3719877492418885,0.4526515603065491,0.2562356789328315,0.2416213915341689,0.48969566822052,0.6782733798027039,baseline_unet_s2,R05-C03,24,150,,,,,baseline_unet,2,,,,,,
0.0178545569086573,25.89422443657206,0.9184636983839882,0.7956761136896691,0.7288135588220338,0.7288135593220338,0.7288135593220338,0.8867924523365965,59,59,47,0.1170333581447464,0.3014517384391513,0.416566789150238,0.1409631952671162,0.2937517057398558,0.42340749502182,0.568328857421875,baseline_unet_s2,R05-C03,3,1,,,,,baseline_unet,2,,,,,,
0.0176844703811009,25.569518400230344,0.9066686258688362,0.7773355767689926,0.6115702474355577,0.6491228070175439,0.578125,0.9059829054873256,64,57,53,0.0678371946584983,0.3429155022788185,0.441407561302185,0.1833796258332568,0.3181700892078032,0.4624818563461303,0.6377865076065063,baseline_unet_s2,R05-C03,3,10,,,,,baseline_unet,2,,,,,,
0.0266815242737154,23.91049032500012,0.8424759100511094,0.7186045182370039,0.612499999500078,0.620253164556962,0.6049382716049383,0.7887323938761158,81,79,61,0.254969020741539,0.2794412089187609,0.4268981218338012,0.211865252377314,0.2751737627114725,0.4327309131622314,0.5552612543106079,baseline_unet_s2,R05-C03,3,50,,,,,baseline_unet,2,,,,,,
0.0342076821991996,22.5788002179505,0.7877804374226857,0.698069832952318,0.5249999995028125,0.5675675675675675,0.4883720930232558,0.793248944651605,129,111,108,0.2994662750457843,0.2213779530864368,0.4483293890953064,0.2123429067849758,0.2368621826859965,0.4525225162506103,0.5431209802627563,baseline_unet_s2,R05-C03,3,100,,,,,baseline_unet,2,,,,,,
0.0411653865764552,21.00149792068813,0.7398477059778035,0.6459812975721573,0.41337385968681,0.4563758389261745,0.3777777777777777,0.6463414629193931,180,149,148,0.3476735528026936,0.2142285493421275,0.5093978047370911,0.3919700102175735,0.192955684134287,0.50247722864151,0.6405312418937683,baseline_unet_s2,R05-C03,3,150,,,,,baseline_unet,2,,,,,,
0.0173845576421996,26.334951511015312,0.9148731303197648,0.7997053429753713,0.7839999995000319,0.7777777777777778,0.7903225806451613,0.9499999995005556,62,63,58,0.1817437905723239,0.3056848048098658,0.4207656383514404,0.1476365210573016,0.307573174442399,0.4245540499687195,0.5969616770744324,baseline_unet_s2,R05-C03,4,1,,,,,baseline_unet,2,,,,,,
0.0183694244287036,26.334156380283957,0.896879955197509,0.7882619252688051,0.676691728824015,0.703125,0.6521739130434783,0.8805970144258186,69,64,65,0.1183127886505768,0.3472090374622839,0.4491965770721435,0.2531502895747444,0.3139274130204684,0.4620693922042846,0.6407119035720825,baseline_unet_s2,R05-C03,4,10,,,,,baseline_unet,2,,,,,,
0.025888215045891,25.001509331050936,0.8394468024709768,0.7704851557223779,0.6995073886628649,0.7171717171717171,0.6826923076923077,0.8965517236382343,104,99,99,0.1099630913508029,0.3062905746920076,0.3701341152191162,0.1985378889205651,0.2937061419665861,0.3797187805175781,0.5145902633666992,baseline_unet_s2,R05-C03,4,50,,,,,baseline_unet,2,,,,,,
0.0335585264795658,23.117582923611103,0.7773503633104596,0.7094986466880655,0.5106382973743775,0.5454545454545454,0.48,0.8842105258171744,150,132,135,0.1850008054346946,0.2482370173778723,0.437269389629364,0.2670488920848507,0.229233116080132,0.4432583451271057,0.5461705327033997,baseline_unet_s2,R05-C03,4,100,,,,,baseline_unet,2,,,,,,
0.0385639625851324,21.792640259574,0.7433368185554182,0.6979711338841993,0.5054347821146029,0.5670731707317073,0.4558823529411764,0.8095238090269588,204,164,174,0.3325639122423585,0.2173510926036164,0.4677504897117615,0.3118561110539035,0.224328019338261,0.4614221453666687,0.588219404220581,baseline_unet_s2,R05-C03,4,150,,,,,baseline_unet,2,,,,,,
0.0149947488213586,27.96998568212348,0.9287567200548408,0.8015815646273783,0.7272727267768594,0.8,0.6666666666666666,0.7608695647325141,54,45,38,0.137146733567377,0.3425897891574662,0.3587379455566406,0.1798090038530611,0.3164529130466979,0.3860664963722229,0.5649769306182861,baseline_unet_s2,R05-C03,5,1,,,,,baseline_unet,2,,,,,,
0.0165013000471875,27.178386516139057,0.9108628542285934,0.7391123989186803,0.5961538456568047,0.6458333333333334,0.5535714285714286,0.7799999995071999,56,48,44,0.1020904579373322,0.3625460661858782,0.4123584032058716,0.2632574017315864,0.3101648781967234,0.4408905506134033,0.6297361850738525,baseline_unet_s2,R05-C03,5,10,,,,,baseline_unet,2,,,,,,
0.0228349862076622,26.5243108905754,0.8637200964467443,0.7885819637652672,0.5384615379673372,0.603448275862069,0.4861111111111111,0.7226890751523197,72,58,47,0.1815325296223714,0.2839957577052544,0.3085542321205139,0.1798941756192335,0.2921583158945699,0.3201321959495544,0.4631008505821228,baseline_unet_s2,R05-C03,5,50,,,,,baseline_unet,2,,,,,,
0.0313848516266422,23.814514449668263,0.806447160226818,0.6339045006597831,0.3867924523317906,0.41,0.3660714285714285,0.7319587623985545,112,100,82,0.3475466690799686,0.1966835854128234,0.4300981760025024,0.3025607584144789,0.2029188125693312,0.4433133602142334,0.5232235193252563,baseline_unet_s2,R05-C03,5,100,,,,,baseline_unet,2,,,,,,
0.0342714177786059,22.443525339643536,0.7838214206963431,0.6405440308322936,0.3691275162807756,0.39568345323741,0.3459119496855345,0.6409266404525871,159,139,100,0.4172050799692703,0.183089948919868,0.4843427538871765,0.4274613505313743,0.1787338148390526,0.4802201390266418,0.5982458591461182,baseline_unet_s2,R05-C03,5,150,,,,,baseline_unet,2,,,,,,
0.0171796288407366,26.01808624029344,0.9187824868574296,0.8258338298647686,0.7777777772780247,0.7954545454545454,0.7608695652173914,0.9230769225769836,46,44,45,0.1454115251821255,0.319074645451267,0.3694388270378113,0.1095440566347774,0.3384209751813775,0.3893760442733764,0.5666589140892029,baseline_unet_s2,R05-C03,6,1,,,,,baseline_unet,2,,,,,,
0.0181016215340019,25.602877889141965,0.8998536079629024,0.8014705340256938,0.6981132070473478,0.7115384615384616,0.6851851851851852,0.8952380947385034,54,52,51,0.0480627695081862,0.3739848181157977,0.3901628851890564,0.1438786713693524,0.3556004976329195,0.4147612452507019,0.6361767053604126,baseline_unet_s2,R05-C03,6,10,,,,,baseline_unet,2,,,,,,
0.0239461445659134,24.98941273795252,0.8505217065835078,0.81008614071657,0.6762589923078514,0.7230769230769231,0.6351351351351351,0.7891156457585263,74,65,73,0.1212012699806906,0.3087161027788191,0.3377128839492798,0.0699369931785163,0.3574794321746197,0.3402539491653442,0.5197014808654785,baseline_unet_s2,R05-C03,6,50,,,,,baseline_unet,2,,,,,,
0.0316544610512672,22.785446538256625,0.7901659102367475,0.7425386143038931,0.4522613060382314,0.5056179775280899,0.4090909090909091,0.7135678387015479,110,89,89,0.2368682565944546,0.2316359766834718,0.4273454546928406,0.1205032308713019,0.2862128032786357,0.4248592853546142,0.5532404184341431,baseline_unet_s2,R05-C03,6,100,,,,,baseline_unet,2,,,,,,
0.0345791706165393,21.568270503302635,0.7745916566631279,0.7208801531728499,0.5140562244046385,0.5714285714285714,0.4671532846715328,0.7470817115644446,137,112,120,0.2058215252024212,0.2372608178093817,0.5042845606803894,0.2235945020174678,0.2485313443463057,0.5028084516525269,0.6004065275192261,baseline_unet_s2,R05-C03,6,150,,,,,baseline_unet,2,,,,,,
0.012816125123216,29.705348248315893,0.9320983188052075,0.7647999377537991,0.6274509798969626,0.6956521739130435,0.5714285714285714,0.9259259254266118,28,23,26,0.0392600436083332,0.4615702687692051,0.2182729840278625,0.0997489711285451,0.4125001113828848,0.2480065822601318,0.5033960342407227,baseline_unet_s2,R05-C03,7,1,,,,,baseline_unet,2,,,,,,
0.0143992008580952,29.087387674654956,0.910520399549235,0.7223592688392648,0.6101694910290146,0.6666666666666666,0.5625,0.8387096769198752,32,27,30,-0.0015267645336339,0.4898262088342714,0.2668429017066955,0.1913014384051501,0.406077642690335,0.2950848340988159,0.5520515441894531,baseline_unet_s2,R05-C03,7,10,,,,,baseline_unet,2,,,,,,
0.0216540369291656,27.726214170946175,0.8549451089726747,0.7218140947409398,0.5135135130193571,0.5757575757575758,0.4634146341463415,0.6493506488527576,41,33,36,0.090390680144214,0.343809014813573,0.2038768529891967,0.1674975065647752,0.3343747723936809,0.2152702808380127,0.3818526864051819,baseline_unet_s2,R05-C03,7,50,,,,,baseline_unet,2,,,,,,
0.028784075613741,25.329219558969132,0.7936213025466228,0.6186122067797433,0.4273504268513405,0.4464285714285714,0.4098360655737705,0.7499999995039858,61,56,51,0.1354875399644921,0.251929357576153,0.2494215965270996,0.1812772339907428,0.2492071617809605,0.2616686224937439,0.3791167736053467,baseline_unet_s2,R05-C03,7,100,,,,,baseline_unet,2,,,,,,
0.0338857282404729,23.787778672589948,0.7533307419511655,0.6193920872175531,0.3529411759761938,0.3947368421052631,0.3191489361702128,0.6540880498310985,94,76,65,0.2093835514770897,0.2307968561752128,0.2658427357673645,0.2033578337477939,0.222112550893457,0.2886269092559814,0.399355411529541,baseline_unet_s2,R05-C03,7,150,,,,,baseline_unet,2,,,,,,
0.0179288997843717,25.827751174004355,0.9104269648629948,0.7680224653217964,0.6769230764231953,0.6875,0.6666666666666666,0.895999999501568,66,64,59,0.0916065294645277,0.3592488603468761,0.4339956045150757,0.2000049182750069,0.2806908344234789,0.4590849280357361,0.6308521032333374,baseline_unet_s2,R05-C03,8,1,,,,,baseline_unet,2,,,,,,
0.0198214039235048,25.17408259003593,0.8872626226094609,0.70251855104348,0.621212120712236,0.6307692307692307,0.6119402985074627,0.8593749995010986,67,65,61,0.0805514074174812,0.4010555696834382,0.4604259133338928,0.320626101899654,0.2702165095171266,0.5066956877708435,0.6759167313575745,baseline_unet_s2,R05-C03,8,10,,,,,baseline_unet,2,,,,,,
0.0266649686199937,24.312754531238937,0.8339849141509652,0.7091630559511075,0.3950617278969669,0.4210526315789473,0.3720930232558139,0.8095238090240929,86,76,82,0.2853719309969254,0.3024037282079525,0.4109650254249573,0.2966519123280999,0.2537816211441148,0.4501515030860901,0.564978837966919,baseline_unet_s2,R05-C03,8,50,,,,,baseline_unet,2,,,,,,
0.0303421895885834,22.927601535450517,0.80596154516033,0.6789336748966067,0.4602510455305754,0.514018691588785,0.4166666666666667,0.7391304342935349,132,107,98,0.4571833049519094,0.2644562719718968,0.4905964732170105,0.4679152657815023,0.2090313692340609,0.4957252144813537,0.6261816620826721,baseline_unet_s2,R05-C03,8,100,,,,,baseline_unet,2,,,,,,
0.0389580227918887,21.324949439849444,0.7529493534938415,0.6301876469338935,0.3684210521378332,0.4148148148148148,0.3313609467455621,0.7003366998462288,169,135,128,0.5238695132154129,0.254348328696995,0.4712387323379516,0.4875453135466918,0.1881150931024438,0.4878350496292114,0.6481923460960388,baseline_unet_s2,R05-C03,8,150,,,,,baseline_unet,2,,,,,,
0.024358539111781,23.422911796815455,0.8826948272448593,0.754806896702967,0.6889952148135803,0.7422680412371134,0.6428571428571429,0.8309178738995076,112,97,95,0.245734016303117,0.2234027196350999,0.5465078353881836,0.2479606967291668,0.2402051904031606,0.5588473081588745,0.6754772663116455,baseline_unet_s2,R05-C03,9,1,,,,,baseline_unet,2,,,,,,
0.0246920687547556,23.89769763966261,0.8690608443336629,0.7513528244109461,0.7210300424189061,0.7433628318584071,0.7,0.8054298637570894,120,113,101,0.2559619157589972,0.2443447972788084,0.5672900676727295,0.3461521174133158,0.2397984205662349,0.570321798324585,0.691097617149353,baseline_unet_s2,R05-C03,9,10,,,,,baseline_unet,2,,,,,,
0.0341036047045779,22.35619364570992,0.8029240709975702,0.7233036983592251,0.6710097714888857,0.7152777777777778,0.6319018404907976,0.75510204032225,163,144,131,0.3033456467382868,0.2595404100969518,0.5104284286499023,0.3538626843722287,0.240953403412956,0.5026044845581055,0.626067042350769,baseline_unet_s2,R05-C03,9,50,,,,,baseline_unet,2,,,,,,
0.0429787164439423,20.59662441761309,0.7395573024768807,0.6748857106832594,0.4742729301500933,0.5,0.451063829787234,0.724220623009276,235,212,182,0.486079963031152,0.2198217073261459,0.5116419792175293,0.4890318630315745,0.2008234179096572,0.4866074323654175,0.6896957159042358,baseline_unet_s2,R05-C03,9,100,,,,,baseline_unet,2,,,,,,
0.0585610678802686,18.408822086384653,0.6646658426242241,0.5751170685821293,0.4368174722037378,0.4844290657439446,0.3977272727272727,0.6110183634552635,352,289,247,0.5522490405882217,0.2190452947907437,0.384727418422699,0.5558287905175526,0.2115905384912633,0.3302540183067322,0.6968294382095337,baseline_unet_s2,R05-C03,9,150,,,,,baseline_unet,2,,,,,,
0.0185286833533144,25.674860991171155,0.912545657831075,0.774475221163389,0.7114093954749786,0.7571428571428571,0.6708860759493671,0.8111888106943127,79,70,64,0.1270931671781367,0.311840639292254,0.4314566850662231,0.2113860848065784,0.2721134665522175,0.4666969180107116,0.6144440174102783,pretrained_l1_s0,R05-C03,0,1,,,,,pretrained_l1,0,,,,,,
0.0189049902481532,25.907714856691054,0.8977033081397561,0.797719372006448,0.6753246748267836,0.7222222222222222,0.6341463414634146,0.824324323830168,82,72,66,0.1138518805435568,0.3822704385526728,0.4290969371795654,0.2679727733898218,0.2978152533073057,0.4741228222846985,0.6388359069824219,pretrained_l1_s0,R05-C03,0,10,,,,,pretrained_l1,0,,,,,,
0.0279535775015011,23.842591946676915,0.8371616171919081,0.7568379039461239,0.68085106333256,0.735632183908046,0.6336633663366337,0.734463276346133,101,87,76,0.1851445225030648,0.313771074299921,0.4101665616035461,0.2104552092575388,0.2756771203481799,0.426133930683136,0.546319305896759,pretrained_l1_s0,R05-C03,0,50,,,,,pretrained_l1,0,,,,,,
0.0343619432362212,22.895634452507075,0.7851606732199033,0.7528349333095897,0.5624999995034722,0.6136363636363636,0.5192307692307693,0.7482517477558803,156,132,130,0.2370833942130159,0.2529194299313064,0.4247260093688965,0.2674048798440083,0.2295035288094258,0.4216983914375305,0.5205745697021484,pretrained_l1_s0,R05-C03,0,100,,,,,pretrained_l1,0,,,,,,
0.040077426815727,21.613035906004647,0.7502664905122788,0.7198601555846296,0.5533980577581299,0.6195652173913043,0.5,0.6568627446049596,228,184,180,0.4467701129353203,0.197338063507642,0.4887665510177612,0.4076418255683259,0.2079706228036312,0.454156756401062,0.5966213941574097,pretrained_l1_s0,R05-C03,0,150,,,,,pretrained_l1,0,,,,,,
0.0249171416733737,24.20449673354174,0.88288525954075,0.8008441484776466,0.7878787873801939,0.832,0.7482014388489209,0.8396946559904142,139,125,123,0.2551772212889625,0.2484589285859507,0.5574788451194763,0.3303004235237924,0.2163559540242587,0.5573650002479553,0.6521292924880981,pretrained_l1_s0,R05-C03,1,1,,,,,pretrained_l1,0,,,,,,
0.0271707583051836,23.598424255909354,0.8593048920548427,0.7799185480086451,0.7999999995000238,0.8055555555555556,0.7945205479452054,0.8142857137866326,146,144,134,0.222337922600043,0.2874817715371789,0.6038937568664551,0.4294567923668461,0.2093897089664814,0.5998773574829102,0.6953641176223755,pretrained_l1_s0,R05-C03,1,10,,,,,pretrained_l1,0,,,,,,
0.0348971128546512,22.592008572633603,0.8012663702157046,0.7554523614763516,0.6992287912740466,0.7157894736842105,0.6834170854271356,0.7582417577461206,199,190,165,0.4187473086992902,0.2165261703669579,0.5915278792381287,0.4710651387825743,0.2000470539641757,0.5301337838172913,0.6681334972381592,pretrained_l1_s0,R05-C03,1,50,,,,,pretrained_l1,0,,,,,,
0.0464579945080516,20.5151942460055,0.7256268814015455,0.6860013181674046,0.591596638157,0.6263345195729537,0.5605095541401274,0.7423423418509925,314,281,241,0.5807060967014255,0.1854658137625078,0.4960765838623047,0.5880883722157664,0.194327114568155,0.4035777449607849,0.6888697743415833,pretrained_l1_s0,R05-C03,1,100,,,,,pretrained_l1,0,,,,,,
0.0629921116265217,18.456320071573565,0.6236716160139314,0.5692971933021892,0.4461538456602104,0.5028901734104047,0.4009216589861751,0.6417112294593926,434,346,314,0.6176844405126015,0.2106793365868003,0.32945317029953,0.574197908568631,0.2648534508401977,0.2643675208091736,0.6596477627754211,pretrained_l1_s0,R05-C03,1,150,,,,,pretrained_l1,0,,,,,,
0.0329965740806789,21.691852875403505,0.8582539259391052,0.790803210353533,0.7857142852145272,0.8033707865168539,0.7688172043010753,0.8045977006518034,186,178,162,0.3598677312656585,0.1774317695884012,0.6227481365203857,0.3809705007325828,0.1827361669222947,0.6090981364250183,0.6831083297729492,pretrained_l1_s0,R05-C03,10,1,,,,,pretrained_l1,0,,,,,,
0.0344631639216266,21.421816006224766,0.8323924726608608,0.7664018443115641,0.7857142852142857,0.7857142857142857,0.7857142857142857,0.8096514740321283,196,196,177,0.4123044068099335,0.1841691087737541,0.6678792238235474,0.4923915432589492,0.1638130597097954,0.6236578822135925,0.7423181533813477,pretrained_l1_s0,R05-C03,10,10,,,,,pretrained_l1,0,,,,,,
0.0439866986189955,20.43472876293988,0.7663160490955817,0.7461924835380384,0.6961538456539128,0.7042801556420234,0.688212927756654,0.7886178856812496,263,257,229,0.4802159194735136,0.2014063106587417,0.5747567415237427,0.5254611599751103,0.185395581381396,0.4800435304641723,0.7034229636192322,pretrained_l1_s0,R05-C03,10,50,,,,,pretrained_l1,0,,,,,,
0.0579684073301028,19.15864258019138,0.672799532061848,0.6521170472659553,0.5266030008666769,0.5659824046920822,0.4923469387755102,0.6551724133010964,392,341,304,0.642611199061128,0.1859545861878678,0.3805401921272278,0.61793341711239,0.2133828679153546,0.2999448180198669,0.6607216596603394,pretrained_l1_s0,R05-C03,10,100,,,,,pretrained_l1,0,,,,,,
0.0793117875675904,17.21131974599033,0.5578314643214239,0.5684428985777039,0.4099895936798968,0.4657210401891253,0.3661710037174721,0.6048565116588842,538,423,368,0.5748029970671327,0.289103742521257,0.2195578217506408,0.5507260422079334,0.3189343331160575,0.1828416585922241,0.5905764102935791,pretrained_l1_s0,R05-C03,10,150,,,,,pretrained_l1,0,,,,,,
0.0281809597257357,22.788570593583252,0.872952037539495,0.8009549357378545,0.8231292512007035,0.8287671232876712,0.8175675675675675,0.8413284127883879,148,146,123,0.2330267036442768,0.2332679767818551,0.6394459009170532,0.4740186549485318,0.1556353011991121,0.6363884210586548,0.7101351022720337,pretrained_l1_s0,R05-C03,11,1,,,,,pretrained_l1,0,,,,,,
0.029962223695929,22.864052154793143,0.8569244676718694,0.7976295527122855,0.7975830810710016,0.8,0.7951807228915663,0.7622149832166706,166,165,141,0.3904596248857117,0.1657734592398319,0.6517441272735596,0.4344007471026929,0.166706187155665,0.63559490442276,0.7190299034118652,pretrained_l1_s0,R05-C03,11,10,,,,,pretrained_l1,0,,,,,,
0.0378963470689328,21.58682567183294,0.7984657863255318,0.7624268150335636,0.7461368648428676,0.7752293577981652,0.7191489361702128,0.7664399087992142,235,218,206,0.4264252971084419,0.2118231848613876,0.5934278964996338,0.5111991912027902,0.1802881538716705,0.5240498781204224,0.6872860193252563,pretrained_l1_s0,R05-C03,11,50,,,,,pretrained_l1,0,,,,,,
0.0488697289682963,19.837471142165057,0.7283562796939377,0.7019406607913176,0.559999999503981,0.6148648648648649,0.5141242937853108,0.7104851325261742,354,296,285,0.5937590587263752,0.1693710239078898,0.4819989204406738,0.5925794698462057,0.1839574385470333,0.4141327142715454,0.7068623900413513,pretrained_l1_s0,R05-C03,11,100,,,,,pretrained_l1,0,,,,,,
0.0683609784673021,18.138231934495916,0.6049842907286566,0.5992446560313177,0.4101265817878256,0.4750733137829912,0.3608017817371937,0.6025974021112194,449,341,321,0.5566249206279857,0.3577046991746342,0.2766982913017273,0.5692755399545135,0.2838253043068469,0.2468358874320984,0.6366645693778992,pretrained_l1_s0,R05-C03,11,150,,,,,pretrained_l1,0,,,,,,
0.0233659399339975,24.235164085250712,0.8908049166518553,0.829479243196486,0.8190476185480271,0.8431372549019608,0.7962962962962963,0.8780487799892445,108,102,97,0.0942628160569479,0.3153893432838366,0.5010319948196411,0.3202820689775233,0.2401134843794892,0.5184130668640137,0.6356011629104614,pretrained_l1_s0,R05-C03,12,1,,,,,pretrained_l1,0,,,,,,
0.0246060564476475,24.28171705952,0.875779430302862,0.8299235780276897,0.8860759488671687,0.8974358974358975,0.875,0.9170305671867433,120,117,109,0.1328010038118369,0.3374666020216268,0.4849862456321716,0.2558911628712418,0.2846700363872233,0.4830196499824524,0.6195449233055115,pretrained_l1_s0,R05-C03,12,10,,,,,pretrained_l1,0,,,,,,
0.0334603658706559,22.843071309694647,0.8110433205499814,0.8083972774303974,0.8239202652807363,0.8211920529801324,0.8266666666666667,0.8158844760377432,150,151,127,0.2695414005177067,0.2757290538618359,0.4876284003257751,0.1704196087735955,0.2844672596583495,0.4796486496925354,0.5707207918167114,pretrained_l1_s0,R05-C03,12,50,,,,,pretrained_l1,0,,,,,,
0.04378960613376,21.040788773314087,0.735292765297244,0.7533175224087861,0.7015945325301965,0.7264150943396226,0.6784140969162996,0.7447306786589077,227,212,200,0.4073355340990182,0.2120153200800234,0.5009496212005615,0.2356601381729746,0.2644560567623178,0.4447358846664428,0.5921006202697754,pretrained_l1_s0,R05-C03,12,100,,,,,pretrained_l1,0,,,,,,
0.0578839070483945,18.762071833414705,0.6515999958132098,0.6688049267147174,0.4662576682174197,0.5223367697594502,0.4210526315789473,0.7723935384151751,361,291,320,0.4999480928245541,0.194290206172144,0.4206424951553345,0.4627913723374414,0.2162286576087565,0.3768958449363708,0.6655212640762329,pretrained_l1_s0,R05-C03,12,150,,,,,pretrained_l1,0,,,,,,
0.0142415065257752,28.830044340410147,0.9257074687620396,0.7923216554156358,0.7352941171487889,0.6944444444444444,0.78125,0.7333333328355556,32,36,28,0.037170534421333,0.4466382428526703,0.2646157741546631,0.1908292104163304,0.3741642227943393,0.3093820214271545,0.5304432511329651,pretrained_l1_s0,R05-C03,13,1,,,,,pretrained_l1,0,,,,,,
0.0155340275504736,28.660794569565223,0.9062419966283124,0.7918694124178136,0.7222222217237654,0.6842105263157895,0.7647058823529411,0.799999999501065,34,38,31,0.0485506349336832,0.4993011810842246,0.2609198689460754,0.1819799305257925,0.413755184741287,0.3024386167526245,0.540134608745575,pretrained_l1_s0,R05-C03,13,10,,,,,pretrained_l1,0,,,,,,
0.0244390587729493,26.371040467128807,0.8412737834316785,0.7380831387922883,0.6981132070473478,0.6851851851851852,0.7115384615384616,0.7472527467629514,52,54,39,-0.0023737333191184,0.3790802210968376,0.2576552629470825,0.1702601242099456,0.296762717808024,0.2768319845199585,0.4149602055549621,pretrained_l1_s0,R05-C03,13,50,,,,,pretrained_l1,0,,,,,,
0.0312781341388648,24.917220829171043,0.7821819105023169,0.7157058694692767,0.564102563602564,0.5641025641025641,0.5641025641025641,0.729927006808887,78,78,59,0.0983844237516548,0.2683226941573666,0.2910271883010864,0.1754484492059859,0.2373427748831796,0.2982751131057739,0.3990241885185241,pretrained_l1_s0,R05-C03,13,100,,,,,pretrained_l1,0,,,,,,
0.036540782424378,23.739208905695904,0.7323702905964073,0.6971795651936938,0.4977777772785778,0.5185185185185185,0.4786324786324786,0.7254901955892444,117,108,87,0.2335055194603488,0.2287811084524285,0.3315341472625732,0.1693072546686969,0.2316825745183404,0.3300648927688598,0.4159423112869262,pretrained_l1_s0,R05-C03,13,150,,,,,pretrained_l1,0,,,,,,
0.0147128135998464,27.713805012910463,0.9266398850068408,0.7607575469845445,0.6999999995005555,0.6774193548387096,0.7241379310344828,0.9090909085923968,29,31,26,0.0335054989928182,0.4059262241992359,0.3092584609985351,0.136798132538028,0.3445157478525349,0.345715582370758,0.5467662811279297,pretrained_l1_s0,R05-C03,14,1,,,,,pretrained_l1,0,,,,,,
0.0149909439081228,27.676676637635964,0.9134743094037002,0.7602283024120048,0.7187499995004882,0.7419354838709677,0.696969696969697,0.8571428566439909,33,31,30,-0.0113590430633347,0.4725326229451784,0.299168586730957,0.2063836615544533,0.3753763153853298,0.3623880743980407,0.5885655879974365,pretrained_l1_s0,R05-C03,14,10,,,,,pretrained_l1,0,,,,,,
0.0230587941391772,26.031871439331667,0.854503358683562,0.68512635231968,0.4285714280714285,0.4285714285714285,0.4285714285714285,0.7948717943747535,42,42,36,0.1133298318609549,0.3509589475528502,0.2688739895820617,0.1861208139783577,0.304621982084153,0.2962182164192199,0.4418531060218811,pretrained_l1_s0,R05-C03,14,50,,,,,pretrained_l1,0,,,,,,
0.0296405908684619,24.293541899895757,0.8053119217100361,0.682299330880183,0.4603174598174603,0.4603174603174603,0.4603174603174603,0.7413793098485433,63,63,53,0.158986886199009,0.2595774309582261,0.3021817803382873,0.1732279493547672,0.244946159505078,0.3177427053451538,0.4255411624908447,pretrained_l1_s0,R05-C03,14,100,,,,,pretrained_l1,0,,,,,,
0.0350911476629371,23.79611428243605,0.758297274692625,0.7136243131213726,0.476744185546782,0.4880952380952381,0.4659090909090909,0.603550295358846,88,84,81,0.2034477402497003,0.2152622999370882,0.3350245952606201,0.2401681433694796,0.1990639786188589,0.3489114642143249,0.4273200035095215,pretrained_l1_s0,R05-C03,14,150,,,,,pretrained_l1,0,,,,,,
0.0152116361307586,26.96763045198228,0.929043402958442,0.8151283696250433,0.681818181322314,0.75,0.625,0.8172043005757891,48,40,45,-0.0331423498455223,0.4040852150990953,0.3332471847534179,0.1592978458444787,0.3221061585639931,0.3820714950561523,0.5619544982910156,pretrained_l1_s0,R05-C03,15,1,,,,,pretrained_l1,0,,,,,,
0.0163164374078097,26.545731614114917,0.91104417184998,0.7852204164842448,0.6279069762509464,0.7105263157894737,0.5625,0.7032967027982128,48,38,43,-0.1190847454480115,0.4630373643414625,0.3339836001396179,0.2320229075257733,0.3286433795470601,0.412588894367218,0.6204032301902771,pretrained_l1_s0,R05-C03,15,10,,,,,pretrained_l1,0,,,,,,
0.0238765253783709,25.45686136041997,0.8592635832884474,0.7840663782347188,0.6728971957638221,0.72,0.631578947368421,0.7619047614084352,57,50,48,0.0080414970086677,0.3579080676090765,0.286737859249115,0.170537002148318,0.2947488726782429,0.3198572397232055,0.4642283916473388,pretrained_l1_s0,R05-C03,15,50,,,,,pretrained_l1,0,,,,,,
0.0308869213000996,23.68991654799876,0.8074681444100517,0.7566873756298839,0.6315789468715374,0.6857142857142857,0.5853658536585366,0.6887417213580107,82,70,69,0.1174750736308278,0.2505599739685607,0.3432437777519226,0.1806995707850705,0.2358114390635868,0.3657156229019165,0.4646483659744262,pretrained_l1_s0,R05-C03,15,100,,,,,pretrained_l1,0,,,,,,
0.0376739548447887,22.023954973725296,0.7593164428514988,0.6784748225479623,0.3888888883972907,0.4468085106382978,0.3442622950819672,0.6877828049352798,122,94,99,0.2189731123683706,0.2161057663278307,0.389155626296997,0.2266133396964359,0.2105232144854241,0.4126951694488525,0.4965150952339172,pretrained_l1_s0,R05-C03,15,150,,,,,pretrained_l1,0,,,,,,
0.0158331105318797,26.837179298362116,0.923614677473112,0.8126074694310348,0.7209302320624662,0.7948717948717948,0.6595744680851063,0.853932583771241,47,39,42,-0.0292289834225792,0.3977509711642825,0.3427873253822326,0.1564057033840417,0.3234182456917822,0.3911642432212829,0.5749733448028564,pretrained_l1_s0,R05-C03,16,1,,,,,pretrained_l1,0,,,,,,
0.016293651484031,26.851266093755967,0.90939548262158,0.8176031702150895,0.7640449433202878,0.7727272727272727,0.7555555555555555,0.863636363136622,45,44,43,-0.0441159404749947,0.4697558966155917,0.3454768657684326,0.2147018747349411,0.3517842435763285,0.3946483135223388,0.6024564504623413,pretrained_l1_s0,R05-C03,16,10,,,,,pretrained_l1,0,,,,,,
0.0245913448279406,25.850564505211658,0.8486409461012905,0.7937372094405943,0.6562499995,0.65625,0.65625,0.8188976372953065,64,64,63,-0.0246415487395005,0.3760264660070314,0.3007521629333496,0.2239750589519697,0.2723098906398877,0.3410834074020386,0.4664276838302612,pretrained_l1_s0,R05-C03,16,50,,,,,pretrained_l1,0,,,,,,
0.032581088180645,23.762770509723257,0.7919439340011419,0.7339567140969421,0.5251396643071065,0.5662650602409639,0.4895833333333333,0.7709497201730283,96,83,83,0.106411134329687,0.2548719993681744,0.363112211227417,0.2456874208345064,0.2154061455390613,0.3900217413902282,0.4746590852737427,pretrained_l1_s0,R05-C03,16,100,,,,,pretrained_l1,0,,,,,,
0.0378923171619564,22.69619346300783,0.7488302184803091,0.724894936245018,0.501960783819331,0.5614035087719298,0.4539007092198581,0.7878787873811123,141,114,123,0.2542141511112759,0.2171329121587149,0.3971989750862121,0.2880339145676189,0.2102561773416289,0.4082659482955932,0.5077885389328003,pretrained_l1_s0,R05-C03,16,150,,,,,pretrained_l1,0,,,,,,
0.0127025616169895,30.000256182098127,0.933158110672262,0.7733640341261165,0.6101694910324619,0.6923076923076923,0.5454545454545454,0.5573770486836871,33,26,28,-0.1115999059194466,0.5595087502438633,0.2303345203399658,0.1893174518251282,0.3804533934633155,0.3017082810401916,0.532745361328125,pretrained_l1_s0,R05-C03,17,1,,,,,pretrained_l1,0,,,,,,
0.0140668924282719,30.27524659757387,0.9161007642427568,0.7924547311120363,0.7619047614109347,0.8571428571428571,0.6857142857142857,0.7812499995043946,35,28,29,-0.1466605128890814,0.6427551188063669,0.2079735398292541,0.2454778206417042,0.3877629693276078,0.3007679581642151,0.5102859735488892,pretrained_l1_s0,R05-C03,17,10,,,,,pretrained_l1,0,,,,,,
0.0218477898868514,29.104881236784134,0.8609022704946697,0.8036257111612236,0.7647058818546713,0.8125,0.7222222222222222,0.5937499995078124,36,32,28,-0.2201718989815387,0.4484200560840558,0.1318824887275695,0.2552212274236484,0.263340560071554,0.1989904642105102,0.3218711018562317,pretrained_l1_s0,R05-C03,17,50,,,,,pretrained_l1,0,,,,,,
0.0270072957188555,27.809557740104,0.80963424110208,0.769928235722496,0.4859813079164992,0.5416666666666666,0.4406779661016949,0.5940594054547593,59,48,42,-0.175225352132491,0.3214903585381711,0.1500343084335327,0.2780406531918287,0.1916647978153509,0.1944411396980285,0.2804557085037231,pretrained_l1_s0,R05-C03,17,100,,,,,pretrained_l1,0,,,,,,
0.0323041566739356,25.68080740408718,0.7676606568594168,0.7175930548039486,0.4025157227748902,0.4444444444444444,0.367816091954023,0.6710526310894217,87,72,65,-0.0224403674878415,0.2388227385798324,0.2317784428596496,0.3078532128896146,0.1599855544462453,0.259995698928833,0.3244108557701111,pretrained_l1_s0,R05-C03,17,150,,,,,pretrained_l1,0,,,,,,
0.0200369638115463,25.127638460987235,0.9068995470440512,0.8313086698128942,0.7999999995004591,0.825,0.7764705882352941,0.7567567562678049,85,80,63,-0.0560793742253211,0.4224736627854094,0.4683709740638733,0.3266850073402854,0.2379331554781186,0.5061874985694885,0.6320796012878418,pretrained_l1_s0,R05-C03,18,1,,,,,pretrained_l1,0,,,,,,
0.0229884233873549,24.130194555476617,0.8793646973100089,0.8013803444861431,0.7597765358132392,0.7816091954022989,0.7391304347826086,0.7261146491963162,92,87,65,-0.0902836486883005,0.4370912598766068,0.4742134213447571,0.3099830804233466,0.249369970708354,0.5073003768920898,0.6305434107780457,pretrained_l1_s0,R05-C03,18,10,,,,,pretrained_l1,0,,,,,,
0.0314006280759012,22.79444039425052,0.8194125266586466,0.774160004887285,0.679425836821135,0.7029702970297029,0.6574074074074074,0.6850828724468727,108,101,73,0.0040052779456419,0.3440672665462982,0.4346983432769775,0.1916233421976268,0.2551223487263973,0.4468576908111572,0.5476020574569702,pretrained_l1_s0,R05-C03,18,50,,,,,pretrained_l1,0,,,,,,
0.0395729925529187,20.78832831797159,0.766033249478106,0.7085369989176828,0.5874999995019531,0.6266666666666667,0.5529411764705883,0.617543859167744,170,150,115,0.219821039351733,0.2428915451701511,0.5213818550109863,0.2169595354975014,0.2450633836305212,0.5039814710617065,0.5977965593338013,pretrained_l1_s0,R05-C03,18,100,,,,,pretrained_l1,0,,,,,,
0.0436520546346695,20.058902370874723,0.7455822821188902,0.7223301702914724,0.6064814809832925,0.645320197044335,0.5720524017467249,0.637974683057023,229,203,166,0.4489097972648647,0.1795709155122219,0.5477825999259949,0.3654563488083935,0.2153493453375926,0.5067100524902344,0.645209550857544,pretrained_l1_s0,R05-C03,18,150,,,,,pretrained_l1,0,,,,,,
0.0231819032704857,24.10371420092281,0.8896355316279378,0.773090141908791,0.8020304563529078,0.79,0.8144329896907216,0.8085106377983816,97,100,91,0.1044060752041604,0.3408361496156671,0.5456305742263794,0.3948336361263543,0.2063792935720969,0.5663851499557495,0.6679998636245728,pretrained_l1_s0,R05-C03,19,1,,,,,pretrained_l1,0,,,,,,
0.0241708130233065,24.255395693628216,0.876716520010821,0.7972227680800367,0.8479262667812015,0.8598130841121495,0.8363636363636363,0.7980769225785873,110,107,98,0.0808155544222961,0.3656031950140874,0.5153120756149292,0.4078736815027841,0.216945048607818,0.5296378135681152,0.6384246349334717,pretrained_l1_s0,R05-C03,19,10,,,,,pretrained_l1,0,,,,,,
0.0335281134385807,22.77904349262911,0.812062009998799,0.747522491568916,0.7307692302692306,0.7307692307692307,0.7307692307692307,0.7728813554338638,156,156,139,0.2187630135542,0.2711287846587595,0.5017881989479065,0.3683413478259571,0.2140580754701918,0.4964978694915771,0.5784288644790649,pretrained_l1_s0,R05-C03,19,50,,,,,pretrained_l1,0,,,,,,
0.0429406368907226,20.700876611989575,0.7523931415854732,0.6663484230241989,0.6122448974593918,0.625,0.6,0.6969696964789944,225,216,171,0.5095820074237584,0.1714302282757681,0.5581825971603394,0.5493979882960006,0.1710761285460356,0.4783182740211487,0.6675093173980713,pretrained_l1_s0,R05-C03,19,100,,,,,pretrained_l1,0,,,,,,
0.0522146897290689,19.788134123053855,0.6856680327513582,0.6409700409588707,0.5140961852415534,0.5615942028985508,0.4740061162079511,0.5961199289650345,327,276,240,0.5967386273382478,0.1815046271203632,0.4181234836578369,0.5692085655248935,0.218161785900011,0.3493267893791199,0.6668025851249695,pretrained_l1_s0,R05-C03,19,150,,,,,pretrained_l1,0,,,,,,
0.020629581796526,24.724061738882884,0.9043653472985078,0.7891772635547087,0.770186334904209,0.7948717948717948,0.7469879518072289,0.7114093954796629,83,78,66,0.2318140911010528,0.2611023813094777,0.5330921411514282,0.3526062156463159,0.2121380417655667,0.5589072704315186,0.6571356058120728,pretrained_l1_s0,R05-C03,2,1,,,,,pretrained_l1,0,,,,,,
0.0213439199369921,24.763684144987216,0.8942581221665298,0.7989706328262046,0.7544910174655239,0.7974683544303798,0.7159090909090909,0.7581699341518219,88,79,65,0.1802717142851748,0.3171666974608553,0.49805748462677,0.3533679703090451,0.246603680210658,0.522771954536438,0.634792685508728,pretrained_l1_s0,R05-C03,2,10,,,,,pretrained_l1,0,,,,,,
0.0302824313330454,23.527667094620984,0.8380109163790364,0.7751804927355155,0.757990867079919,0.7614678899082569,0.7545454545454545,0.7596153841170487,110,109,98,0.1995427871674409,0.2585704641956591,0.4503557682037353,0.3171153858703913,0.2164477310115714,0.4520479440689087,0.5326613187789917,pretrained_l1_s0,R05-C03,2,50,,,,,pretrained_l1,0,,,,,,
0.0371736110427544,22.410694809276364,0.7910365834072438,0.7484832222905857,0.6627218929928748,0.7044025157232704,0.6256983240223464,0.6455696197619971,179,159,137,0.3896393230443458,0.1929211921786048,0.4884892106056213,0.3394787027434695,0.2000240201532119,0.474484384059906,0.542076826095581,pretrained_l1_s0,R05-C03,2,100,,,,,pretrained_l1,0,,,,,,
0.0476023755776061,20.420898864791685,0.7266232688161043,0.6944429004703794,0.5642105258198868,0.6203703703703703,0.5173745173745173,0.7381974243989297,259,216,207,0.4631204979146519,0.1711176064256739,0.5111767053604126,0.4745961208725452,0.1628319147955037,0.4628332853317261,0.6220510005950928,pretrained_l1_s0,R05-C03,2,150,,,,,pretrained_l1,0,,,,,,
0.0249760106457945,23.451225706544765,0.8906010536671121,0.8230922804258136,0.8545454540469422,0.903846153846154,0.8103448275862069,0.7809523804578684,116,104,94,0.0291977424436369,0.3271688378381459,0.5479716062545776,0.3391671250632882,0.2057005861737876,0.56514972448349,0.6518442630767822,pretrained_l1_s0,R05-C03,20,1,,,,,pretrained_l1,0,,,,,,
0.0273426750544741,23.58838318748895,0.8616847338004382,0.803279490618185,0.7777777772783622,0.8053097345132744,0.7520661157024794,0.8214285709318001,121,113,103,0.1083119276780784,0.3518463471567102,0.5489003658294678,0.336150571833214,0.227013671936811,0.5645396709442139,0.6604232788085938,pretrained_l1_s0,R05-C03,20,10,,,,,pretrained_l1,0,,,,,,
0.0385148122628548,21.40330397104996,0.7850714654931767,0.7358148132994126,0.6886227539911793,0.7012195121951219,0.6764705882352942,0.7619047614079112,170,164,145,0.2313372516918927,0.2868270826317862,0.5492803454399109,0.291898082682493,0.2325833896017494,0.5232257843017578,0.6273890733718872,pretrained_l1_s0,R05-C03,20,50,,,,,pretrained_l1,0,,,,,,
0.0470241249624768,20.260934775887343,0.7306888247509601,0.7152433930800385,0.5683760678776115,0.6018099547511312,0.5384615384615384,0.6447058818661203,247,221,178,0.4926884689919636,0.1820653383664204,0.5212458372116089,0.4755980898451135,0.2025799767688311,0.4385278224945068,0.6775691509246826,pretrained_l1_s0,R05-C03,20,100,,,,,pretrained_l1,0,,,,,,
0.064972824219483,17.783893196436274,0.6198216012357696,0.628769030601881,0.4496855340972519,0.5053003533568905,0.405099150141643,0.679867986312295,353,283,253,0.4924981427996643,0.3799852918858221,0.3833392858505249,0.4871075163361079,0.2784247917487237,0.3441619277000427,0.6878325939178467,pretrained_l1_s0,R05-C03,20,150,,,,,pretrained_l1,0,,,,,,
0.0144298304031052,28.715599424311872,0.9268344722350907,0.8158924975591044,0.7323943656996627,0.7878787878787878,0.6842105263157895,0.7878787873902662,38,33,28,-0.1039990269102462,0.5041706327691883,0.3101320266723633,0.1919714317917464,0.3357403146880519,0.3702566027641296,0.5709103345870972,pretrained_l1_s0,R05-C03,21,1,,,,,pretrained_l1,0,,,,,,
0.0172493094115827,27.62723795418193,0.9042249178248356,0.7957402875489402,0.7142857137859977,0.7317073170731707,0.6976744186046512,0.7199999995107556,43,41,32,-0.0796953041850264,0.5199770600600969,0.3444231748580932,0.2702129034446625,0.3199406277785362,0.4091086387634277,0.5776384472846985,pretrained_l1_s0,R05-C03,21,10,,,,,pretrained_l1,0,,,,,,
0.0254921251912699,26.123671961778005,0.844804716823367,0.759596017796818,0.5739130429782986,0.5789473684210527,0.5689655172413793,0.7766990286341784,58,57,45,-0.0797886076471831,0.3540277993706037,0.2842388153076172,0.2954918721432373,0.2244619596120792,0.3250300288200378,0.4285281300544739,pretrained_l1_s0,R05-C03,21,50,,,,,pretrained_l1,0,,,,,,
0.0305111280049493,24.860431890559568,0.8006500395187603,0.7307441766595754,0.5917159758352999,0.6493506493506493,0.5434782608695652,0.6666666661758879,92,77,70,0.1653062657638609,0.2482888991547604,0.3292914628982544,0.2617047254077878,0.2110774403545471,0.3444458842277527,0.426967442035675,pretrained_l1_s0,R05-C03,21,100,,,,,pretrained_l1,0,,,,,,
0.0339424409302804,24.01997804032044,0.769580560326371,0.7419634443330204,0.4754716976219295,0.5478260869565217,0.42,0.6821705421489094,150,115,108,0.4437873400844366,0.1739468609195351,0.4032784700393677,0.3653995794743453,0.196013394015401,0.4059619903564453,0.4756931662559509,pretrained_l1_s0,R05-C03,21,150,,,,,pretrained_l1,0,,,,,,
0.0129549368572444,29.545847548594292,0.9327680422254389,0.8553456464507675,0.793650793153943,0.8620689655172413,0.7352941176470589,0.8437499995019531,34,29,30,-0.2115988949705717,0.5789860271178028,0.1985058188438415,0.1313397654923305,0.403991436391762,0.2695786356925964,0.5245189070701599,pretrained_l1_s0,R05-C03,22,1,,,,,pretrained_l1,0,,,,,,
0.0146136504414873,28.40682796571492,0.9150737321194572,0.8194824876048703,0.7187499995122069,0.8518518518518519,0.6216216216216216,0.840579709647553,37,27,32,-0.2598555039843702,0.6261856085700367,0.1851257085800171,0.1598466492164894,0.4156984363895689,0.2691945433616638,0.5307478904724121,pretrained_l1_s0,R05-C03,22,10,,,,,pretrained_l1,0,,,,,,
0.0224462404172259,27.152388111497643,0.8535409938010375,0.8003822925965755,0.7096774188576713,0.7674418604651163,0.66,0.8723404250339519,50,43,44,-0.1386657039611981,0.4130643427371748,0.1801981329917907,0.116683559939986,0.3211388466555257,0.2160872817039489,0.381943941116333,pretrained_l1_s0,R05-C03,22,50,,,,,pretrained_l1,0,,,,,,
0.0301599141360999,24.99552846357616,0.792100610239759,0.7379499775386396,0.5935483866002913,0.647887323943662,0.5476190476190477,0.7763157889792243,84,71,68,0.0039957253978664,0.2798108138297966,0.2694109082221985,0.1600663654729166,0.2425355966998867,0.2841149568557739,0.3902125358581543,pretrained_l1_s0,R05-C03,22,100,,,,,pretrained_l1,0,,,,,,
0.033913137374932,23.853734699186255,0.7583492881194684,0.7369421681127338,0.6244343886432301,0.6764705882352942,0.5798319327731093,0.7582938383707464,119,102,92,0.1549137756951331,0.2344567543419678,0.3214690089225769,0.13534410347516,0.2509955925178869,0.3188819885253906,0.4160009026527405,pretrained_l1_s0,R05-C03,22,150,,,,,pretrained_l1,0,,,,,,
0.0131348892377687,29.24188971210504,0.9306265540434012,0.8142126301277569,0.687499999512207,0.8148148148148148,0.5945945945945946,0.8529411759744808,37,27,31,-0.1239155375199159,0.5173028003502831,0.2314649820327758,0.1028210859840695,0.4154021538525093,0.2717854976654053,0.5274878740310669,pretrained_l1_s0,R05-C03,23,1,,,,,pretrained_l1,0,,,,,,
0.0143084817704628,28.523583144008803,0.9127521585923566,0.7933911938463373,0.677419354351717,0.8076923076923077,0.5833333333333334,0.8307692302750296,36,26,29,-0.2181270810228844,0.6054413592136149,0.2128533124923706,0.1433142528609167,0.4268813351497373,0.2810454368591308,0.5476589202880859,pretrained_l1_s0,R05-C03,23,10,,,,,pretrained_l1,0,,,,,,
0.0215085758728756,27.992737750466,0.8583858231134381,0.8224428540484781,0.712643677661514,0.7380952380952381,0.6888888888888889,0.7469879513107853,45,42,38,-0.1437940866680749,0.4372879929054286,0.1625840067863464,0.1067084410336525,0.3359842624382516,0.191091775894165,0.3696471452713012,pretrained_l1_s0,R05-C03,23,50,,,,,pretrained_l1,0,,,,,,
0.0279162776694094,26.163921532122018,0.7970635976225854,0.7774866531969157,0.5825242713469695,0.625,0.5454545454545454,0.699999999505,55,48,45,-0.041017184010164,0.3186247828668568,0.2080072164535522,0.0965635978442433,0.2731843688290644,0.216856300830841,0.3491290211677551,pretrained_l1_s0,R05-C03,23,100,,,,,pretrained_l1,0,,,,,,
0.0337648253528385,24.159161652513085,0.748216817904395,0.7220071048269082,0.5103448270862306,0.5138888888888888,0.5068493150684932,0.7633587781325097,73,72,58,0.0166326653665504,0.2541766853931996,0.2726019620895386,0.1342457631136204,0.2263230035502499,0.2822032570838928,0.3810504674911499,pretrained_l1_s0,R05-C03,23,150,,,,,pretrained_l1,0,,,,,,
0.016969773130085,26.08377261370717,0.9187153920708896,0.84546341033411,0.8349514558107267,0.8431372549019608,0.8269230769230769,0.9523809518809976,52,51,53,-0.0039162850802262,0.3759854865235498,0.3920875191688537,0.173836659241318,0.3057507211701647,0.425667941570282,0.5936989784240723,pretrained_l1_s0,R05-C03,24,1,,,,,pretrained_l1,0,,,,,,
0.0173231417157462,26.04686146614088,0.9048537108697154,0.8386088124200927,0.7833333328345834,0.8245614035087719,0.746031746031746,0.9105691051913544,63,57,60,-0.1244175498642781,0.464593363360464,0.3893261551856994,0.1814084079312636,0.3381764255540191,0.426094651222229,0.6284253597259521,pretrained_l1_s0,R05-C03,24,10,,,,,pretrained_l1,0,,,,,,
0.026854399705507,23.98260097953692,0.833426337475442,0.7761794910902587,0.6867469874518798,0.6951219512195121,0.6785714285714286,0.8139534878723633,84,82,88,-0.0287606716135209,0.3753068252225295,0.3967443704605102,0.1433489920716318,0.2940463248228904,0.3991418480873108,0.5346026420593262,pretrained_l1_s0,R05-C03,24,50,,,,,pretrained_l1,0,,,,,,
0.0345180579446824,22.342216302917222,0.7775430700406075,0.7541103264886917,0.5245901634392636,0.5818181818181818,0.4776119402985074,0.7999999995012994,134,110,121,0.090295585049193,0.3074217547071965,0.4106494188308716,0.1145228470030138,0.2718348397554397,0.4191556572914123,0.5378907918930054,pretrained_l1_s0,R05-C03,24,100,,,,,pretrained_l1,0,,,,,,
0.0440696047273376,20.855056250209373,0.7103390963015395,0.7265175039937762,0.4680851058900048,0.5310344827586206,0.4184782608695652,0.7988338187446388,184,145,159,0.1930817959984943,0.2761427061619417,0.4601228833198547,0.1757607614813044,0.2495410122049658,0.4453281760215759,0.5770828127861023,pretrained_l1_s0,R05-C03,24,150,,,,,pretrained_l1,0,,,,,,
0.0173620697707845,26.26465443470272,0.919157116576798,0.8115707872573138,0.7413793098449762,0.7543859649122807,0.7288135593220338,0.8867924523365965,59,57,47,0.1607303798713287,0.3175446093369262,0.4210214018821716,0.1939395741410768,0.2989743851007429,0.4351819157600403,0.5935084223747253,pretrained_l1_s0,R05-C03,3,1,,,,,pretrained_l1,0,,,,,,
0.0181505724511317,26.026842640559916,0.9034380319371902,0.8047230997138235,0.7540983601569471,0.7931034482758621,0.71875,0.9059829054873256,64,58,53,0.0988016214697034,0.3974868819117323,0.4177623987197876,0.2310255504257679,0.3327126241018665,0.4359363913536072,0.6123908758163452,pretrained_l1_s0,R05-C03,3,10,,,,,pretrained_l1,0,,,,,,
0.0288414961260705,24.117684442801753,0.8324990880732592,0.7487271138161967,0.7307692302699704,0.76,0.7037037037037037,0.7887323938761158,81,75,61,0.2212278069129302,0.275284123617121,0.3924480676651001,0.2247138661389034,0.2565668191499522,0.405174195766449,0.5080211162567139,pretrained_l1_s0,R05-C03,3,50,,,,,pretrained_l1,0,,,,,,
0.0353482260028541,23.02460936320055,0.7859108018764632,0.7464717295965226,0.6584362134936748,0.7017543859649122,0.6201550387596899,0.793248944651605,129,114,108,0.3137471951743598,0.2169373930212917,0.4193516969680786,0.2028014452712202,0.237764370409538,0.4096037745475769,0.4963763952255249,pretrained_l1_s0,R05-C03,3,100,,,,,pretrained_l1,0,,,,,,
0.0425252727201158,21.402612680301623,0.7415618819748092,0.707638268564203,0.5988700559973188,0.6091954022988506,0.5888888888888889,0.6463414629193931,180,174,148,0.3767006503373457,0.192434910888828,0.504491925239563,0.4343943710584307,0.1690238291395117,0.4763575196266174,0.5883829593658447,pretrained_l1_s0,R05-C03,3,150,,,,,pretrained_l1,0,,,,,,
0.0175197442658628,26.847105678925814,0.9149468398262596,0.8235387628657,0.9032258059516128,0.9032258064516128,0.9032258064516128,0.9499999995005556,62,62,58,0.1533709674262073,0.3146185243787736,0.3900899887084961,0.2118481903297278,0.3015301996661014,0.4149832129478454,0.5811607837677002,pretrained_l1_s0,R05-C03,4,1,,,,,pretrained_l1,0,,,,,,
0.0186997180290975,26.635539871721026,0.8962992308486569,0.8242236547324784,0.8148148143150618,0.8333333333333334,0.7971014492753623,0.8805970144258186,69,66,65,0.1440531648131669,0.376706667072245,0.4033843278884887,0.2809332809938662,0.3168030141693701,0.4348063468933105,0.6063128113746643,pretrained_l1_s0,R05-C03,4,10,,,,,pretrained_l1,0,,,,,,
0.0264677751668465,25.290470396540385,0.8398513248792279,0.8002328559865036,0.8076923071923077,0.8076923076923077,0.8076923076923077,0.8965517236382343,104,104,99,0.1938591721945807,0.3042583541862215,0.359804093837738,0.194446704770471,0.3005158480252859,0.3635656833648681,0.4874685406684875,pretrained_l1_s0,R05-C03,4,50,,,,,pretrained_l1,0,,,,,,
0.0354592388869477,23.364274600810017,0.7743048811804184,0.7574388563529081,0.7070707065707581,0.7142857142857143,0.7,0.8842105258171744,150,147,135,0.2666251096188122,0.227574133145697,0.4270161986351013,0.256109287743134,0.2271970211081023,0.4225581884384155,0.502483606338501,pretrained_l1_s0,R05-C03,4,100,,,,,pretrained_l1,0,,,,,,
0.0411177154166262,21.891885844702404,0.7372858785960643,0.7213618649865038,0.6269430046829713,0.6648351648351648,0.5931372549019608,0.8095238090269588,204,182,174,0.2964446533944452,0.2133425923670186,0.451756477355957,0.2823636067967159,0.2153307432424844,0.4308801293373108,0.53407883644104,pretrained_l1_s0,R05-C03,4,150,,,,,pretrained_l1,0,,,,,,
0.0155610139357717,27.67197468540198,0.9264994745508172,0.7969222885534374,0.7999999995031999,0.8695652173913043,0.7407407407407407,0.7608695647325141,54,46,38,0.1254535030178015,0.3382600289742321,0.3740742206573486,0.2222979960048668,0.3043646565019421,0.4115253686904907,0.5830585956573486,pretrained_l1_s0,R05-C03,5,1,,,,,pretrained_l1,0,,,,,,
0.0178361154581153,26.68433448649733,0.90626004539728,0.7505492181088039,0.7454545449547108,0.7592592592592593,0.7321428571428571,0.7799999995071999,56,54,44,0.106892083505998,0.3732822170087206,0.407429039478302,0.2943669465419409,0.3020072744843699,0.4546470046043396,0.6154308319091797,pretrained_l1_s0,R05-C03,5,10,,,,,pretrained_l1,0,,,,,,
0.0242865297826693,26.487162751626027,0.8591620781174661,0.8014202967634899,0.7313432830848741,0.7903225806451613,0.6805555555555556,0.7226890751523197,72,62,47,0.1627301049005111,0.2976537506694746,0.3015023469924927,0.2397029245283386,0.2666940254274925,0.3212752342224121,0.4374417066574096,pretrained_l1_s0,R05-C03,5,50,,,,,pretrained_l1,0,,,,,,
0.0343083016499358,23.643661284288363,0.7953290792601194,0.6953637379664253,0.558139534384597,0.5825242718446602,0.5357142857142857,0.7319587623985545,112,103,82,0.2968707539563324,0.1968422346838085,0.3940075635910034,0.3087672799704625,0.1853870540965548,0.4040401577949524,0.477591872215271,pretrained_l1_s0,R05-C03,5,100,,,,,pretrained_l1,0,,,,,,
0.0392454647918105,22.38033456644258,0.7626189247939622,0.6881061897476011,0.5148514846497402,0.5416666666666666,0.490566037735849,0.6409266404525871,159,144,100,0.3594798774093941,0.1719900973962592,0.4419813156127929,0.3849477010456186,0.166183549047978,0.4422769546508789,0.5237044095993042,pretrained_l1_s0,R05-C03,5,150,,,,,pretrained_l1,0,,,,,,
0.0170022309492651,26.503921402436443,0.91904982549743,0.8348706275180919,0.9230769225769836,0.9333333333333332,0.9130434782608696,0.9230769225769836,46,45,45,0.146813269807801,0.3209573670685345,0.3603956699371338,0.1395910172209865,0.3430954093740582,0.378596544265747,0.5680740475654602,pretrained_l1_s0,R05-C03,6,1,,,,,pretrained_l1,0,,,,,,
0.018156290266844,26.288929134073665,0.8988939948444372,0.8295756555822925,0.8190476185480271,0.8431372549019608,0.7962962962962963,0.8952380947385034,54,51,51,0.1053866882369204,0.3724076401596152,0.3760973215103149,0.1445619584674934,0.3807910807219375,0.388929545879364,0.6065360307693481,pretrained_l1_s0,R05-C03,6,10,,,,,pretrained_l1,0,,,,,,
0.024204415096825,25.947146754116353,0.8489423612662296,0.8546774073317738,0.8251748246754365,0.855072463768116,0.7972972972972973,0.7891156457585263,74,69,73,0.1189490077840537,0.3423227322690633,0.2985379695892334,0.0731191161621434,0.3676686540708875,0.2947961688041687,0.4676682949066162,pretrained_l1_s0,R05-C03,6,50,,,,,pretrained_l1,0,,,,,,
0.0331234004897065,23.219005533301942,0.7823145410989192,0.7709276781999052,0.5799999995049999,0.6444444444444445,0.5272727272727272,0.7135678387015479,110,90,89,0.2268352301981814,0.2425589152654312,0.3789011240005493,0.0795431138269904,0.2968213134967835,0.3701013326644897,0.4948993325233459,pretrained_l1_s0,R05-C03,6,100,,,,,pretrained_l1,0,,,,,,
0.0361308292412867,21.874852720683325,0.7677908564964431,0.7417642472980638,0.6249999995024719,0.6722689075630253,0.583941605839416,0.7470817115644446,137,119,120,0.1203241173614917,0.2543736454979078,0.4207285642623901,0.137114795159416,0.2612171286450617,0.4141321182250976,0.5206727981567383,pretrained_l1_s0,R05-C03,6,150,,,,,pretrained_l1,0,,,,,,
0.0132569240922802,29.649699970665665,0.930072555791642,0.7679412707963589,0.7307692302721892,0.7916666666666666,0.6785714285714286,0.9259259254266118,28,24,26,0.0102075602074613,0.4761240162467085,0.2058231234550476,0.136765313248791,0.4143907416361018,0.2509180307388305,0.4977223873138428,pretrained_l1_s0,R05-C03,7,1,,,,,pretrained_l1,0,,,,,,
0.0150895253374975,28.90853259515793,0.9084712318394716,0.7372878914329817,0.8333333328355556,0.8928571428571429,0.78125,0.8387096769198752,32,28,30,0.0721297143728225,0.4950916056754235,0.2442682981491089,0.1910248844380574,0.419507938955511,0.2894213199615478,0.5275723934173584,pretrained_l1_s0,R05-C03,7,10,,,,,pretrained_l1,0,,,,,,
0.0223296036258706,27.797386844245473,0.8533384627167719,0.7565259438446454,0.6216216211274653,0.696969696969697,0.5609756097560976,0.6493506488527576,41,33,36,0.1068847192468287,0.3722857783027518,0.2015790343284607,0.1548539425051729,0.3350815864405354,0.2104608416557312,0.3662768602371216,pretrained_l1_s0,R05-C03,7,50,,,,,pretrained_l1,0,,,,,,
0.0297758530330453,25.312332899500372,0.7890236966948109,0.6575352477618549,0.4745762706870152,0.4912280701754385,0.4590163934426229,0.7499999995039858,61,57,51,0.1748662230233476,0.2633057808818754,0.252014696598053,0.1884487281291753,0.2426944108476268,0.2585085034370422,0.3613564372062683,pretrained_l1_s0,R05-C03,7,100,,,,,pretrained_l1,0,,,,,,
0.0359466666606789,23.732492339381025,0.7444497583614513,0.6669522163360394,0.4469273738029399,0.4705882352941176,0.425531914893617,0.6540880498310985,94,85,65,0.2067037211662527,0.2245247946223212,0.2934076189994812,0.2324130240154471,0.1936445750642638,0.311327576637268,0.390728235244751,pretrained_l1_s0,R05-C03,7,150,,,,,pretrained_l1,0,,,,,,
0.0178502637734558,26.075412419470393,0.9116041674556228,0.7856669681626424,0.7656249995004883,0.7903225806451613,0.7424242424242424,0.895999999501568,66,62,59,0.0980444116874707,0.3408088612915924,0.4318782687187195,0.2399021470626319,0.2785801675618328,0.4629040360450744,0.6285610795021057,pretrained_l1_s0,R05-C03,8,1,,,,,pretrained_l1,0,,,,,,
0.0201355972737243,25.591022247551393,0.8888367034075112,0.7644088458428676,0.8120300746879981,0.8181818181818182,0.8059701492537313,0.8593749995010986,67,66,61,0.1449761338967205,0.3732442372155453,0.4519415497779846,0.3198235709703311,0.2785497325362427,0.4913685321807861,0.6430935859680176,pretrained_l1_s0,R05-C03,8,10,,,,,pretrained_l1,0,,,,,,
0.0282403387099789,24.702766653597223,0.832816799196101,0.7696965627059736,0.658959537072271,0.6551724137931034,0.6627906976744186,0.8095238090240929,86,87,82,0.1300346980670361,0.2877073927027465,0.3854098320007324,0.3426086635302917,0.2140310413950868,0.4042420983314514,0.501032829284668,pretrained_l1_s0,R05-C03,8,50,,,,,pretrained_l1,0,,,,,,
0.0351226906242592,22.67706473932009,0.7887301796096075,0.7046518467440477,0.6190476185487529,0.65,0.5909090909090909,0.7391304342935349,132,120,98,0.378254929053056,0.2134768537905801,0.4537813067436218,0.4006204322971068,0.1927922745783728,0.4502965807914734,0.5418516993522644,pretrained_l1_s0,R05-C03,8,100,,,,,pretrained_l1,0,,,,,,
0.0412723429817441,21.59822792883715,0.7472641092075595,0.6850753629888857,0.5269841264867926,0.5684931506849316,0.4911242603550296,0.7003366998462288,169,146,128,0.4572043115626552,0.1880551656671057,0.4771336317062378,0.4453402097605412,0.176973923274103,0.4684473276138305,0.577402651309967,pretrained_l1_s0,R05-C03,8,150,,,,,pretrained_l1,0,,,,,,
0.0245696982422628,23.77359789678139,0.882049378826779,0.7778721508555492,0.7777777772784636,0.8076923076923077,0.75,0.8309178738995076,112,104,95,0.2418320379644897,0.246895221406892,0.5532525777816772,0.3201101111688142,0.2287614380470767,0.5657165050506592,0.6737350225448608,pretrained_l1_s0,R05-C03,9,1,,,,,pretrained_l1,0,,,,,,
0.0254590672548065,24.122500443353452,0.8680907751767966,0.7899832232671906,0.8017241374316291,0.8303571428571429,0.775,0.8054298637570894,120,112,101,0.2236660919080022,0.2878932265946646,0.5549538731575012,0.3859822700341153,0.2374688131726781,0.5612189173698425,0.6685411930084229,pretrained_l1_s0,R05-C03,9,10,,,,,pretrained_l1,0,,,,,,
0.0359707941419294,22.551784007204432,0.8012167503749497,0.7679394772649726,0.7795527151558145,0.8133333333333334,0.7484662576687117,0.75510204032225,163,150,131,0.2807500511322229,0.2612857993547963,0.4999579787254333,0.3697346852813357,0.2219412327321863,0.4859503507614136,0.5846672058105469,pretrained_l1_s0,R05-C03,9,50,,,,,pretrained_l1,0,,,,,,
0.044263349575336,21.1231949855536,0.7451380538811951,0.7370343491734241,0.684095860066736,0.7008928571428571,0.6680851063829787,0.724220623009276,235,224,182,0.4586026867209406,0.1926108439313522,0.5216410160064697,0.5043550980243369,0.1857641631162162,0.4474747776985168,0.6376338005065918,pretrained_l1_s0,R05-C03,9,100,,,,,pretrained_l1,0,,,,,,
0.0556648230816184,19.282398468454687,0.6903586296272373,0.6731892053207675,0.5928143707589372,0.6265822784810127,0.5625,0.6110183634552635,352,316,247,0.5783560750473966,0.1793331157852427,0.4325164556503296,0.5941149184948863,0.1847539057728529,0.3450042009353637,0.6590640544891357,pretrained_l1_s0,R05-C03,9,150,,,,,pretrained_l1,0,,,,,,
0.0184185784189215,25.792852827803408,0.9144114232472704,0.782167962294393,0.7199999995014222,0.7605633802816901,0.6835443037974683,0.8111888106943127,79,71,64,0.0662559705178024,0.3231543518292177,0.4312992095947265,0.1740896306905237,0.2786254510009792,0.4609296321868896,0.6112390756607056,pretrained_l1_s1,R05-C03,0,1,,,,,pretrained_l1,1,,,,,,
0.0186210050778794,25.90004804712379,0.9014648937299516,0.7975503742250728,0.7272727267748355,0.7777777777777778,0.6829268292682927,0.824324323830168,82,72,66,0.0319027718436069,0.3824056809605865,0.429360568523407,0.2271049475897676,0.3190500358423224,0.4643965363502502,0.6443465948104858,pretrained_l1_s1,R05-C03,0,10,,,,,pretrained_l1,1,,,,,,
0.0272537046165915,24.001199712421503,0.842201463813676,0.7670210991892342,0.7446808505666026,0.8045977011494253,0.693069306930693,0.734463276346133,101,87,76,0.1622635455859986,0.2979115249255188,0.4017107486724853,0.2006384137961567,0.288500139453682,0.4279073476791382,0.5587295293807983,pretrained_l1_s1,R05-C03,0,50,,,,,pretrained_l1,1,,,,,,
0.0322368525813444,23.148745492049414,0.8024380963132528,0.7688482454626844,0.6279863476249694,0.6715328467153284,0.5897435897435898,0.7482517477558803,156,137,130,0.2871948099900683,0.2296657391990679,0.4463579654693603,0.2667321143653297,0.2437265122835149,0.4472391009330749,0.5532982349395752,pretrained_l1_s1,R05-C03,0,100,,,,,pretrained_l1,1,,,,,,
0.0381446793428369,21.70139435482179,0.7669614534227663,0.7280363312937422,0.5888077853940716,0.6612021857923497,0.5307017543859649,0.6568627446049596,228,183,180,0.4765265394994132,0.1857220792427295,0.5186297297477722,0.4591733871168675,0.2002979157165169,0.4672496914863586,0.6331037282943726,pretrained_l1_s1,R05-C03,0,150,,,,,pretrained_l1,1,,,,,,
0.0246078548391232,24.383169133630886,0.8868845757741116,0.8095531166650418,0.7892720301534623,0.8442622950819673,0.7410071942446043,0.8396946559904142,139,122,123,0.2775080060259676,0.2267577095539697,0.5376119613647461,0.251491324977476,0.2415172034703159,0.5379065275192261,0.6351099610328674,pretrained_l1_s1,R05-C03,1,1,,,,,pretrained_l1,1,,,,,,
0.0258305355436351,23.844011412080057,0.8673392965240698,0.7843991880786124,0.8292682921830786,0.8439716312056738,0.815068493150685,0.8142857137866326,146,141,134,0.2287661129925631,0.2645663425843232,0.6137256622314453,0.3939079387427811,0.2147225649611081,0.6048250198364258,0.7023900151252747,pretrained_l1_s1,R05-C03,1,10,,,,,pretrained_l1,1,,,,,,
0.0318988894025518,22.949000079869503,0.8159391625895482,0.7602502052967934,0.7263427104976028,0.7395833333333334,0.7135678391959799,0.7582417577461206,199,192,165,0.4273001150528399,0.2076986744730197,0.6162624955177307,0.4728166577365465,0.2068046077608055,0.5635296702384949,0.6934690475463867,pretrained_l1_s1,R05-C03,1,50,,,,,pretrained_l1,1,,,,,,
0.0445310939498269,20.722065359072705,0.7338695207806305,0.6938365576527347,0.5546218482410338,0.5871886120996441,0.5254777070063694,0.7423423418509925,314,281,241,0.5690322775257236,0.1940875212105229,0.4959673285484314,0.5733073734630817,0.2062546515064507,0.3988906145095825,0.7033944725990295,pretrained_l1_s1,R05-C03,1,100,,,,,pretrained_l1,1,,,,,,
0.060839226167286,18.66106807473106,0.6339679074664368,0.5882921292680461,0.4438642292738787,0.5120481927710844,0.391705069124424,0.6417112294593926,434,332,314,0.5998207873017157,0.2301439245663426,0.3248433470726013,0.5778490623199193,0.2532419076632567,0.2705071568489074,0.6653021574020386,pretrained_l1_s1,R05-C03,1,150,,,,,pretrained_l1,1,,,,,,
0.0330752852905078,21.879065756119587,0.8581118665249543,0.8024214338070823,0.808864265428442,0.8342857142857143,0.7849462365591398,0.8045977006518034,186,175,162,0.3401642954422391,0.1789769927518599,0.5994846820831299,0.3364560044181053,0.1940266063560565,0.5888671875,0.6597945690155029,pretrained_l1_s1,R05-C03,10,1,,,,,pretrained_l1,1,,,,,,
0.033483456793464,21.64489894182011,0.8407204650030317,0.7800670318618824,0.8062015498876802,0.8167539267015707,0.7959183673469388,0.8096514740321283,196,191,177,0.3926567399477066,0.1812402773231421,0.6453641653060913,0.4319867287580773,0.1825034152050336,0.6007741093635559,0.7247891426086426,pretrained_l1_s1,R05-C03,10,10,,,,,pretrained_l1,1,,,,,,
0.0425059648090513,20.52863518400517,0.7770085674949605,0.7523353111907585,0.7364341080273197,0.7509881422924901,0.7224334600760456,0.7886178856812496,263,253,229,0.5677800275468499,0.1687322545500884,0.5951010584831238,0.5424856472670504,0.1857748240465938,0.4828238487243652,0.7241503000259399,pretrained_l1_s1,R05-C03,10,50,,,,,pretrained_l1,1,,,,,,
0.05586040107491,19.39422026343494,0.6843959222075363,0.6682728908001081,0.5714285709301734,0.6057142857142858,0.5408163265306123,0.6551724133010964,392,350,304,0.6266650441004513,0.2041289767067937,0.3718256950378418,0.6242269804374142,0.2125591921306023,0.2871642112731933,0.664790153503418,pretrained_l1_s1,R05-C03,10,100,,,,,pretrained_l1,1,,,,,,
0.0764180633122372,17.53854365947841,0.5749037955085203,0.6005317641839768,0.4423868307814442,0.4953917050691244,0.3996282527881041,0.6048565116588842,538,434,368,0.5791681298897517,0.2944366398684837,0.2270950078964233,0.5618008395884343,0.3023598715226323,0.1804904341697693,0.5881767272949219,pretrained_l1_s1,R05-C03,10,150,,,,,pretrained_l1,1,,,,,,
0.0278553840949024,22.83167698131216,0.8773526926566642,0.8037590843224621,0.7986348117867419,0.8068965517241379,0.7905405405405406,0.8413284127883879,148,145,123,0.290105577644377,0.2063249527645275,0.6228806972503662,0.4139072077875902,0.1698432351662291,0.6278573870658875,0.7005240321159363,pretrained_l1_s1,R05-C03,11,1,,,,,pretrained_l1,1,,,,,,
0.0296059257973947,23.05277572988766,0.8621166676219558,0.8040526836177819,0.7878787873788062,0.7926829268292683,0.7831325301204819,0.7622149832166706,166,164,141,0.4044836251601877,0.1594245047850532,0.6227846145629883,0.4056866929036329,0.1763590423100403,0.6024758815765381,0.6934814453125,pretrained_l1_s1,R05-C03,11,10,,,,,pretrained_l1,1,,,,,,
0.0365543493059173,21.656143691625328,0.8087833274891455,0.7665214352062054,0.7604395599401038,0.7863636363636364,0.7361702127659574,0.7664399087992142,235,220,206,0.5344807370781246,0.162940300823156,0.6215280890464783,0.5411593338204949,0.175113012849378,0.5299637317657471,0.7231882810592651,pretrained_l1_s1,R05-C03,11,50,,,,,pretrained_l1,1,,,,,,
0.0475876061076286,19.9871382264661,0.7371963424096282,0.7140340274139406,0.5987841940317624,0.6480263157894737,0.556497175141243,0.7104851325261742,354,304,285,0.5890004822140915,0.1715150568137339,0.4893853068351745,0.5774473630840402,0.1970582820394671,0.4084019660949707,0.7190256118774414,pretrained_l1_s1,R05-C03,11,100,,,,,pretrained_l1,1,,,,,,
0.0642873970254334,18.566601983634268,0.6361548169175044,0.6405522831511588,0.4514501886638732,0.5203488372093024,0.3986636971046771,0.6025974021112194,449,344,321,0.5936017790363778,0.236767566701109,0.2928832173347473,0.5941183808204968,0.2390986432630311,0.2567604780197143,0.6427857875823975,pretrained_l1_s1,R05-C03,11,150,,,,,pretrained_l1,1,,,,,,
0.0236184777010624,24.371909678494458,0.8792412805969607,0.8358635644152488,0.8612440186393168,0.8910891089108911,0.8333333333333334,0.8780487799892445,108,101,97,0.1405497232347863,0.6315271051889845,0.4309081435203552,0.2110097657710315,0.5534576345172785,0.458528459072113,0.6411054730415344,pretrained_l1_s1,R05-C03,12,1,,,,,pretrained_l1,1,,,,,,
0.0238481252607629,24.468471567130223,0.8759535722022613,0.8377733738573442,0.9075630247101192,0.9152542372881356,0.9,0.9170305671867433,120,118,109,0.120841735605039,0.3824279016262184,0.4650089740753174,0.2067561755550799,0.3371451680431587,0.481708824634552,0.6292432546615601,pretrained_l1_s1,R05-C03,12,10,,,,,pretrained_l1,1,,,,,,
0.0322057190315725,23.01386179398301,0.8186243923065323,0.8165667122304809,0.8175675670676588,0.8287671232876712,0.8066666666666666,0.8158844760377432,150,146,127,0.3505224207383801,0.2295999753485373,0.4947564005851745,0.1563098178327437,0.3071689717053204,0.4849972128868103,0.5874791145324707,pretrained_l1_s1,R05-C03,12,50,,,,,pretrained_l1,1,,,,,,
0.0418271071973692,21.226879600491195,0.746982256697895,0.7649353736082427,0.7351598168522653,0.7630331753554502,0.7092511013215859,0.7447306786589077,227,211,200,0.462497711120216,0.1919624454370886,0.5191183090209961,0.2465694982468651,0.2788083257508995,0.4389343857765198,0.6161666512489319,pretrained_l1_s1,R05-C03,12,100,,,,,pretrained_l1,1,,,,,,
0.0561803544038812,18.877697589228188,0.6643040848698296,0.6795719033303624,0.4999999995050611,0.5559322033898305,0.4542936288088642,0.7723935384151751,361,295,320,0.4932907128058709,0.2007999105572385,0.4297682046890259,0.4553046927503172,0.2275402548167182,0.3717511892318725,0.681979775428772,pretrained_l1_s1,R05-C03,12,150,,,,,pretrained_l1,1,,,,,,
0.0140463718118117,28.743823991628364,0.9276980698770174,0.7924112049835079,0.7647058818546713,0.7222222222222222,0.8125,0.7333333328355556,32,36,28,0.0475780623997051,0.4388328584705259,0.2666118144989013,0.1755018564227135,0.3715827531675999,0.3092119693756103,0.5410023331642151,pretrained_l1_s1,R05-C03,13,1,,,,,pretrained_l1,1,,,,,,
0.015403450135569,28.637562599837977,0.9075378838863236,0.7982590118266716,0.8450704220361039,0.8108108108108109,0.8823529411764706,0.799999999501065,34,37,31,0.0119903129371225,0.4947384284217535,0.2610260248184204,0.1618030668451328,0.4149615994305,0.302780270576477,0.5527979135513306,pretrained_l1_s1,R05-C03,13,10,,,,,pretrained_l1,1,,,,,,
0.0240897938671268,26.31513109935492,0.8461842395480206,0.7452566876718156,0.742857142357188,0.7358490566037735,0.75,0.7472527467629514,52,53,39,0.0401679342471856,0.352335416525166,0.2605509161949157,0.1593445653854301,0.3044981255271812,0.2840884923934936,0.4304162859916687,pretrained_l1_s1,R05-C03,13,50,,,,,pretrained_l1,1,,,,,,
0.0301415045224472,25.06965623331029,0.7937960399746969,0.7396482233725081,0.5987261141497018,0.5949367088607594,0.6025641025641025,0.729927006808887,78,79,59,0.1130933761513303,0.2604060416436237,0.2981365323066711,0.1757483939354965,0.2438395306066034,0.3078834414482116,0.4181632399559021,pretrained_l1_s1,R05-C03,13,100,,,,,pretrained_l1,1,,,,,,
0.0345804594950388,23.95650241460935,0.7510580050449938,0.7318883557102611,0.5599999995007999,0.5833333333333334,0.5384615384615384,0.7254901955892444,117,108,87,0.3243026337373954,0.2088102996525743,0.3561407923698425,0.1518865653782725,0.2515442267239284,0.3490790724754333,0.4427208304405212,pretrained_l1_s1,R05-C03,13,150,,,,,pretrained_l1,1,,,,,,
0.0178526575801688,26.436515539088493,0.8806612721056519,0.6666318665602405,0.7931034477758621,0.7931034482758621,0.7931034482758621,0.9090909085923968,29,29,26,-0.0703953001730983,1.7973598127182633,0.0993733406066894,0.1418459920315855,1.6033579070930473,0.197368323802948,0.6816516518592834,pretrained_l1_s1,R05-C03,14,1,,,,,pretrained_l1,1,,,,,,
0.0182284628808713,26.822850944930433,0.8617483508060231,0.6927984156976571,0.6874999995004882,0.7096774193548387,0.6666666666666666,0.8571428566439909,33,31,30,-0.0379243801426254,1.965131747263125,0.0829340815544128,0.13764600682193,1.7781729170516554,0.1628621816635131,0.71504145860672,pretrained_l1_s1,R05-C03,14,10,,,,,pretrained_l1,1,,,,,,
0.0254687827357041,25.540450547657287,0.7978244598415797,0.6289467451741865,0.512195121451517,0.525,0.5,0.7948717943747535,42,40,36,0.1511478859133439,1.6599341671301375,0.0968810319900512,0.0812710470889565,1.6008856786908658,0.1202249526977539,0.6293603181838989,pretrained_l1_s1,R05-C03,14,50,,,,,pretrained_l1,1,,,,,,
0.0310481816213632,23.871783248766853,0.765320732869152,0.6299368558300849,0.3934426224513572,0.4067796610169492,0.3809523809523809,0.7413793098485433,63,59,53,0.1952512762539842,1.1343578384867712,0.1889696717262268,0.1117917194298613,1.158250577239422,0.2141974568367004,0.5530627965927124,pretrained_l1_s1,R05-C03,14,100,,,,,pretrained_l1,1,,,,,,
0.035593627250579,23.57556546614479,0.7308940780593262,0.6825060959695952,0.4642857137868481,0.4875,0.4431818181818182,0.603550295358846,88,80,81,0.2231617780188107,0.7618153596131371,0.2682400941848755,0.1697957771301737,0.7924002400288686,0.2791681289672851,0.5007918477058411,pretrained_l1_s1,R05-C03,14,150,,,,,pretrained_l1,1,,,,,,
0.0164846198948224,26.82187234479446,0.90779784570631,0.808057429068314,0.7272727267768594,0.8,0.6666666666666666,0.8172043005757891,48,40,45,-0.1014222664635998,1.1770588462343017,0.2234944105148315,0.1767657732677016,1.008889556729641,0.3033997416496277,0.6050382852554321,pretrained_l1_s1,R05-C03,15,1,,,,,pretrained_l1,1,,,,,,
0.0178029366226299,26.327096320528916,0.8845645410438538,0.7699209296081925,0.643678160424891,0.717948717948718,0.5833333333333334,0.7032967027982128,48,39,43,-0.0847128071992041,1.3575437882880508,0.2122531533241272,0.1884069072884628,1.2473924286907865,0.2865224480628967,0.6704831123352051,pretrained_l1_s1,R05-C03,15,10,,,,,pretrained_l1,1,,,,,,
0.0246850201089226,25.013593427763823,0.8320093955296333,0.7471135148869054,0.609523809027483,0.6666666666666666,0.5614035087719298,0.7619047614084352,57,48,48,0.0554916080130492,1.0478950073491633,0.2161455750465393,0.1270195300817584,1.0162733866796507,0.2581214308738708,0.5593720078468323,pretrained_l1_s1,R05-C03,15,50,,,,,pretrained_l1,1,,,,,,
0.0311536103631923,23.442051886309727,0.7853276486477153,0.7321169551426393,0.6301369858089698,0.71875,0.5609756097560976,0.6887417213580107,82,64,69,0.1322096162988678,0.7981900390595313,0.2713611125946045,0.1454077331712838,0.8052156236980896,0.3079047203063965,0.53685063123703,pretrained_l1_s1,R05-C03,15,100,,,,,pretrained_l1,1,,,,,,
0.0359360381547698,22.137255645100133,0.7703468146204003,0.6864801571163656,0.4516129027335471,0.5157894736842106,0.4016393442622951,0.6877828049352798,122,95,99,0.3116642140637329,0.1982298139798485,0.4077727794647217,0.2377931535515654,0.2199112365188895,0.4248895049095154,0.5149385929107666,pretrained_l1_s1,R05-C03,15,150,,,,,pretrained_l1,1,,,,,,
0.016969363312223,26.818027992892585,0.9028733929996224,0.8102533769159378,0.7674418599694429,0.8461538461538461,0.7021276595744681,0.853932583771241,47,39,42,-0.0750895773060931,1.1290484584836693,0.2286437749862671,0.1307490533759392,0.9850813114719232,0.2979307770729065,0.6117907762527466,pretrained_l1_s1,R05-C03,16,1,,,,,pretrained_l1,1,,,,,,
0.0168855435696466,26.872513377841138,0.8973195505886729,0.8137215469664572,0.7954545449548037,0.813953488372093,0.7777777777777778,0.863636363136622,45,43,43,-0.0469806309544897,0.8523203196422264,0.2872954607009887,0.1934779485131308,0.6777021701475322,0.3411291837692261,0.6139966249465942,pretrained_l1_s1,R05-C03,16,10,,,,,pretrained_l1,1,,,,,,
0.0250130673170719,25.644294064071076,0.8333568163401589,0.776122993636665,0.655999999500288,0.6721311475409836,0.640625,0.8188976372953065,64,61,63,0.0092546889553178,0.6797390954159516,0.2779944539070129,0.217449470494732,0.5889934345849257,0.3081129789352417,0.508992075920105,pretrained_l1_s1,R05-C03,16,50,,,,,pretrained_l1,1,,,,,,
0.0313143719841635,23.976052569573348,0.7993383711030511,0.7473730071798274,0.5649717509160203,0.6172839506172839,0.5208333333333334,0.7709497201730283,96,81,83,0.1656002780271921,0.2418703839687007,0.3794562816619873,0.309000590283282,0.2044295741990927,0.4045644998550415,0.4878191351890564,pretrained_l1_s1,R05-C03,16,100,,,,,pretrained_l1,1,,,,,,
0.0367685177802197,22.78096057390936,0.757281215333441,0.7288415002557341,0.479999999508192,0.5504587155963303,0.425531914893617,0.7878787873811123,141,109,123,0.3618531948799686,0.1942282295042278,0.4251317381858825,0.3212608472977077,0.2111557429034626,0.4251247048377991,0.5250669717788696,pretrained_l1_s1,R05-C03,16,150,,,,,pretrained_l1,1,,,,,,
0.014005964507686,29.552538917909715,0.915654131748828,0.7546781789744741,0.6666666661716666,0.7407407407407407,0.6060606060606061,0.5573770486836871,33,27,28,-0.1055984283077896,1.140567252872571,0.1643143892288208,0.1832623505127942,0.911005205167229,0.252782940864563,0.5711220502853394,pretrained_l1_s1,R05-C03,17,1,,,,,pretrained_l1,1,,,,,,
0.0142210385286472,29.97771519918535,0.9157412439322412,0.7776521796220368,0.7301587296649028,0.8214285714285714,0.6571428571428571,0.7812499995043946,35,28,29,-0.1509138299563418,0.6249861531260661,0.2074149250984192,0.2817813233747417,0.3579556948013453,0.3176978230476379,0.5143980979919434,pretrained_l1_s1,R05-C03,17,10,,,,,pretrained_l1,1,,,,,,
0.0214986923359556,29.063133303940685,0.8595290129256381,0.7962616668853159,0.7941176465605536,0.84375,0.75,0.5937499995078124,36,32,28,-0.1350269729831954,0.4455642729367996,0.1337719559669494,0.2613672189926013,0.2779712186204032,0.213074505329132,0.3403863906860351,pretrained_l1_s1,R05-C03,17,50,,,,,pretrained_l1,1,,,,,,
0.0263830172586854,27.77296563331536,0.8119385026885996,0.761919952506672,0.5849056598837664,0.6595744680851063,0.5254237288135594,0.5940594054547593,59,47,42,-0.0633377433228982,0.3230354057117359,0.1660341024398803,0.2853814760178967,0.2168094275799699,0.2124283909797668,0.3051705360412597,pretrained_l1_s1,R05-C03,17,100,,,,,pretrained_l1,1,,,,,,
0.0315406663077303,25.72395345942034,0.7689791062532989,0.7055351659673553,0.4874999995038281,0.5342465753424658,0.4482758620689655,0.6710526310894217,87,73,65,0.0644715774263535,0.2552603797724234,0.2347993850708007,0.317810077676299,0.1944158270175073,0.2609389424324035,0.3409832119941711,pretrained_l1_s1,R05-C03,17,150,,,,,pretrained_l1,1,,,,,,
0.0200634426129109,25.23256787359887,0.9080074473326206,0.8355082930363195,0.8466257663720878,0.8846153846153846,0.8117647058823529,0.7567567562678049,85,78,63,-0.0276826446635561,0.3914442071120361,0.4535217881202698,0.3130021276498152,0.2431884032103376,0.4872543811798095,0.6269837617874146,pretrained_l1_s1,R05-C03,18,1,,,,,pretrained_l1,1,,,,,,
0.0238079503219244,24.11346885553228,0.8609492223548983,0.7969772182827433,0.7640449433207928,0.7906976744186046,0.7391304347826086,0.7261146491963162,92,86,65,-0.0718415119796702,0.7096209186163582,0.4143050909042358,0.2370763704838459,0.5250238767999592,0.4521109461784363,0.6436988115310669,pretrained_l1_s1,R05-C03,18,10,,,,,pretrained_l1,1,,,,,,
0.0308883093258084,22.909599360249793,0.8013678390431811,0.7792948277809795,0.6826923071930473,0.71,0.6574074074074074,0.6850828724468727,108,100,73,0.0445693789812557,0.6027680129104518,0.3766484260559082,0.1470669123898412,0.5651535515757986,0.3910703063011169,0.5700185894966125,pretrained_l1_s1,R05-C03,18,50,,,,,pretrained_l1,1,,,,,,
0.0372576844861746,21.0364534689989,0.7807621681971016,0.7277951321722397,0.6382978718409844,0.660377358490566,0.6176470588235294,0.617543859167744,170,159,115,0.418393613022235,0.185991237054549,0.5385387539863586,0.2418471942493536,0.2564725726585127,0.5315649509429932,0.6280130743980408,pretrained_l1_s1,R05-C03,18,100,,,,,pretrained_l1,1,,,,,,
0.0422230032480145,20.23618434921312,0.7568777543040763,0.734488562713672,0.5948477746782793,0.6414141414141414,0.5545851528384279,0.637974683057023,229,198,166,0.4639963064395185,0.1771693173776685,0.5625966787338257,0.3558106038749091,0.2302649258397842,0.5034185647964478,0.6602139472961426,pretrained_l1_s1,R05-C03,18,150,,,,,pretrained_l1,1,,,,,,
0.0228866366063497,24.17970877684134,0.8907569059312958,0.775012351290159,0.82653061174495,0.8181818181818182,0.8350515463917526,0.8085106377983816,97,99,91,0.2248681580854559,0.2806209337958029,0.5485143065452576,0.3626070284289528,0.2244772028144205,0.5550453662872314,0.6745064854621887,pretrained_l1_s1,R05-C03,19,1,,,,,pretrained_l1,1,,,,,,
0.0233950301882537,24.357680650920543,0.8805431729062745,0.8007818535358014,0.8256880728945375,0.8333333333333334,0.8181818181818182,0.7980769225785873,110,108,98,0.1822678442530452,0.3121149211675568,0.5231965780258179,0.3640625569941728,0.2423433364567821,0.5297666788101196,0.6556254625320435,pretrained_l1_s1,R05-C03,19,10,,,,,pretrained_l1,1,,,,,,
0.0316327446705788,23.05413421788527,0.8239930987718704,0.7630679893178027,0.7717041795643138,0.7741935483870968,0.7692307692307693,0.7728813554338638,156,155,139,0.2221607058042126,0.2462624331392377,0.5174099206924438,0.3802104370411872,0.2158366926475373,0.513796865940094,0.6069605946540833,pretrained_l1_s1,R05-C03,19,50,,,,,pretrained_l1,1,,,,,,
0.0403152093668035,21.042956468226915,0.7654925817395725,0.6838031401828633,0.6636363631366218,0.6790697674418604,0.6488888888888888,0.6969696964789944,225,215,171,0.5448433885575664,0.1698385572489139,0.5740423202514648,0.5421047542157746,0.1855509150040058,0.4828972220420837,0.6838434934616089,pretrained_l1_s1,R05-C03,19,100,,,,,pretrained_l1,1,,,,,,
0.0500616593302727,20.111203903164817,0.6990785368883485,0.6645588280912939,0.5619834705776598,0.6115107913669064,0.5198776758409785,0.5961199289650345,327,278,240,0.5938935402760878,0.1889676651348235,0.429115891456604,0.5888235410335343,0.1964879389632578,0.3548955917358398,0.6715656518936157,pretrained_l1_s1,R05-C03,19,150,,,,,pretrained_l1,1,,,,,,
0.020095411456963,24.88609364239735,0.9075656293963272,0.7976015908730718,0.7798742133374469,0.8157894736842105,0.7469879518072289,0.7114093954796629,83,76,66,0.2715533269320389,0.254430166245518,0.5137152671813965,0.2887253480559761,0.2342055733474565,0.5337034463882446,0.6463369131088257,pretrained_l1_s1,R05-C03,2,1,,,,,pretrained_l1,1,,,,,,
0.0206832382419293,24.8499558231484,0.8978933143184366,0.8023477727110115,0.7904191611780989,0.8354430379746836,0.75,0.7581699341518219,88,79,65,0.1797879275912554,0.3026442895800756,0.513573169708252,0.3314842007846246,0.2507623238869765,0.5327510833740234,0.6583709716796875,pretrained_l1_s1,R05-C03,2,10,,,,,pretrained_l1,1,,,,,,
0.0283713112155906,23.794055017664768,0.8422474609459166,0.7889577046039871,0.7870370365372085,0.8018867924528302,0.7727272727272727,0.7596153841170487,110,106,98,0.255872676461211,0.3499863918446785,0.4488198161125183,0.305107535754466,0.3075887882577608,0.4540620446205139,0.5596396923065186,pretrained_l1_s1,R05-C03,2,50,,,,,pretrained_l1,1,,,,,,
0.0343131279239955,22.65971139800886,0.8069836258080872,0.7628365004542093,0.697247705926512,0.7702702702702703,0.6368715083798883,0.6455696197619971,179,148,137,0.4510993565828283,0.1843806783827022,0.5116313099861145,0.3420563660259441,0.2174459443088842,0.4845878481864929,0.5779765844345093,pretrained_l1_s1,R05-C03,2,100,,,,,pretrained_l1,1,,,,,,
0.0437411726464366,20.733302653418857,0.7475791923617507,0.7176304692395284,0.5966386549660776,0.6543778801843319,0.5482625482625483,0.7381974243989297,259,217,207,0.5255579896434875,0.1671079582418121,0.5473995804786682,0.4884369479861509,0.1757000947139592,0.4925709962844848,0.6638612747192383,pretrained_l1_s1,R05-C03,2,150,,,,,pretrained_l1,1,,,,,,
0.0245568416732987,23.41839846984407,0.8939356926596319,0.8207312181579866,0.8533333328338174,0.8807339449541285,0.8275862068965517,0.7809523804578684,116,109,94,0.1845358134420517,0.2758872625159381,0.5558393001556396,0.3207127062570789,0.2063359784836453,0.5653781294822693,0.6629340648651123,pretrained_l1_s1,R05-C03,20,1,,,,,pretrained_l1,1,,,,,,
0.0263115309870692,23.675140200130823,0.867129845702162,0.8076657611553829,0.8376068371074219,0.8672566371681416,0.8099173553719008,0.8214285709318001,121,113,103,0.207533998321046,0.3026811683274629,0.5537550449371338,0.3246061758161986,0.2340543685099266,0.5687559247016907,0.6753880977630615,pretrained_l1_s1,R05-C03,20,10,,,,,pretrained_l1,1,,,,,,
0.0361220861199219,21.6160183767582,0.7998408115091996,0.750006744074283,0.7507507502509717,0.7668711656441718,0.7352941176470589,0.7619047614079112,170,163,145,0.4061827003343258,0.2321375017238267,0.5619953870773315,0.3044087394589596,0.241476028764177,0.5301975011825562,0.647497832775116,pretrained_l1_s1,R05-C03,20,50,,,,,pretrained_l1,1,,,,,,
0.0448711888244098,20.51760017474166,0.7420419882383673,0.7324903092168674,0.5836909866262686,0.6210045662100456,0.5506072874493927,0.6447058818661203,247,219,178,0.4789025696700308,0.1974454877528518,0.536406397819519,0.4770289151103858,0.1973722356893901,0.4602305889129638,0.6868866682052612,pretrained_l1_s1,R05-C03,20,100,,,,,pretrained_l1,1,,,,,,
0.0613995970361914,18.043067578892757,0.6520995447917255,0.6578547661587005,0.4836193442789323,0.5381944444444444,0.4390934844192634,0.679867986312295,353,288,253,0.5278459956975713,0.1955389011326224,0.4280897974967956,0.533117583242575,0.2087658117372747,0.3727138042449951,0.7048349380493164,pretrained_l1_s1,R05-C03,20,150,,,,,pretrained_l1,1,,,,,,
0.0177301626100524,28.120190873818068,0.8732205045460589,0.7898500692177706,0.7605633797841698,0.8181818181818182,0.7105263157894737,0.7878787873902662,38,33,28,-0.1345671858888111,2.056076894849413,0.0818648934364318,0.2537255964160365,1.8046193147964544,0.1632048487663269,0.7165935039520264,pretrained_l1_s1,R05-C03,21,1,,,,,pretrained_l1,1,,,,,,
0.0206448947315222,27.390673172581813,0.8359582056480361,0.7841166045751918,0.7209302320581394,0.7209302325581395,0.7209302325581395,0.7199999995107556,43,43,32,-0.0949475945826899,2.132200364847768,0.0648379921913147,0.2376241122418466,2.021062299775039,0.1155158281326294,0.7415077686309814,pretrained_l1_s1,R05-C03,21,10,,,,,pretrained_l1,1,,,,,,
0.0272798178258343,26.178193550410708,0.7793182436504243,0.7516627917525636,0.7256637163145115,0.7454545454545455,0.7068965517241379,0.7766990286341784,58,55,45,-0.0230682531081879,1.657055537309923,0.0937614440917968,0.1508970399229446,1.5480948138870627,0.1158344745635986,0.6181951761245728,pretrained_l1_s1,R05-C03,21,50,,,,,pretrained_l1,1,,,,,,
0.0325442309137246,24.850367596372955,0.7146890525951547,0.7164815695811249,0.5952380947426303,0.6578947368421053,0.5434782608695652,0.6666666661758879,92,76,70,-0.0136221016760064,1.4414409147917315,0.0899132490158081,-0.0087284733091963,1.5110878677830195,0.0927151441574096,0.6142756342887878,pretrained_l1_s1,R05-C03,21,100,,,,,pretrained_l1,1,,,,,,
0.0324495732632638,24.072082519851307,0.7795673687556833,0.7387960083678039,0.4846153841272189,0.5727272727272728,0.42,0.6821705421489094,150,110,108,0.4913602745234856,0.1679985256134145,0.4260948300361633,0.3095566583651132,0.2213409420735861,0.4308258891105652,0.509832501411438,pretrained_l1_s1,R05-C03,21,150,,,,,pretrained_l1,1,,,,,,
0.0130380504459514,29.725919601984508,0.9332545624626304,0.8580241657619179,0.7301587296618796,0.7931034482758621,0.6764705882352942,0.8437499995019531,34,29,30,-0.1628336765298431,0.5298198785294963,0.1901184916496276,0.1818942968351063,0.3774376577170988,0.2845416665077209,0.5123633146286011,pretrained_l1_s1,R05-C03,22,1,,,,,pretrained_l1,1,,,,,,
0.0142361490088925,28.489707183967184,0.9174408606203874,0.8212505051460742,0.7575757570831038,0.8620689655172413,0.6756756756756757,0.840579709647553,37,29,32,-0.2022838670241536,0.5712379588549623,0.2010658979415893,0.2082316113188284,0.3921058057786822,0.3049769997596741,0.547344982624054,pretrained_l1_s1,R05-C03,22,10,,,,,pretrained_l1,1,,,,,,
0.0240276833277662,26.936327825111587,0.7959056823117568,0.7683242371360322,0.6590909086002066,0.7631578947368421,0.58,0.8723404250339519,50,38,44,-0.051542229914994,1.328405065374764,0.0758063197135925,-0.0254705190722204,1.2837548618424854,0.1024470329284668,0.5330125689506531,pretrained_l1_s1,R05-C03,22,50,,,,,pretrained_l1,1,,,,,,
0.0294563740671836,25.296627781455445,0.7676365317979963,0.7419651604786356,0.6533333328405334,0.7424242424242424,0.5833333333333334,0.7763157889792243,84,66,68,0.0757155102265154,0.7271925167162775,0.2047832608222961,0.0733642627565411,0.7325381809919407,0.2197034955024719,0.4475620985031128,pretrained_l1_s1,R05-C03,22,100,,,,,pretrained_l1,1,,,,,,
0.0322716552443881,24.120701051511418,0.7694970037903702,0.7523711288790581,0.6666666661704301,0.73,0.6134453781512605,0.7582938383707464,119,100,92,0.2812602736488229,0.2081487645735941,0.3215490579605102,0.1754759006967559,0.2549767348362759,0.3313947916030884,0.4347442984580993,pretrained_l1_s1,R05-C03,22,150,,,,,pretrained_l1,1,,,,,,
0.0133071515870867,29.34752809454725,0.9320097309057392,0.8173903850359205,0.7301587296739733,0.8846153846153846,0.6216216216216216,0.8529411759744808,37,26,31,-0.0908488399983266,0.4728059843203077,0.2118802070617675,0.1677484252358585,0.3609295139036805,0.2904122471809387,0.5008982419967651,pretrained_l1_s1,R05-C03,23,1,,,,,pretrained_l1,1,,,,,,
0.0137779114156519,28.58747390349042,0.9171870316489756,0.7942010576231121,0.6874999995078125,0.7857142857142857,0.6111111111111112,0.8307692302750296,36,28,29,-0.1525615905211826,0.5608424735447308,0.2126066088676452,0.206340964499015,0.3838727180512792,0.3129235506057739,0.5615425109863281,pretrained_l1_s1,R05-C03,23,10,,,,,pretrained_l1,1,,,,,,
0.020452343523925,28.13697636662556,0.8618644484626662,0.8244931105924808,0.7380952375977891,0.7948717948717948,0.6888888888888889,0.7469879513107853,45,39,38,-0.083428838384412,0.4399225914114885,0.1544386744499206,0.1639156779453696,0.3350475342991407,0.2084190249443054,0.3928923010826111,pretrained_l1_s1,R05-C03,23,50,,,,,pretrained_l1,1,,,,,,
0.0274640051948614,26.215874907738417,0.7818706927520362,0.7681829532713832,0.576923076424741,0.6122448979591837,0.5454545454545454,0.699999999505,55,49,45,0.0199639808185133,0.8173945013099332,0.1567468643188476,0.0725159853583838,0.8127612539530729,0.1703532934188842,0.4254652261734009,pretrained_l1_s1,R05-C03,23,100,,,,,pretrained_l1,1,,,,,,
0.0322514100831514,24.370557605437977,0.7497376964234278,0.7304748964007763,0.5571428566437755,0.582089552238806,0.5342465753424658,0.7633587781325097,73,67,58,0.0736612150478267,0.4146237220976058,0.250258207321167,0.1250623484224596,0.3824821438858228,0.2626681923866272,0.4078698754310608,pretrained_l1_s1,R05-C03,23,150,,,,,pretrained_l1,1,,,,,,
0.0166866519341835,26.660105532706325,0.9222980168433832,0.8653529103086302,0.970873785907814,0.9803921568627452,0.9615384615384616,0.9523809518809976,52,51,53,-0.0640191207113712,0.3992838764642523,0.3486750721931457,0.2566169857049667,0.2829133469752031,0.4107840061187744,0.5614910125732422,pretrained_l1_s1,R05-C03,24,1,,,,,pretrained_l1,1,,,,,,
0.0167774713368083,26.535895812071445,0.9102741526767304,0.8557264751546034,0.9268292677929802,0.95,0.9047619047619048,0.9105691051913544,63,60,60,-0.1063250085473363,0.4420336437286696,0.3677933812141418,0.2508655024348789,0.3011114240878067,0.4260051250457763,0.6156355142593384,pretrained_l1_s1,R05-C03,24,10,,,,,pretrained_l1,1,,,,,,
0.0258383689666256,24.20351659220334,0.8394273330521165,0.7910753429245153,0.778443113272473,0.7831325301204819,0.7738095238095238,0.8139534878723633,84,83,88,0.1305216160327847,0.3284341385432633,0.3951590061187744,0.1452273882420332,0.3063081387571988,0.4007536172866821,0.5490115880966187,pretrained_l1_s1,R05-C03,24,50,,,,,pretrained_l1,1,,,,,,
0.0322633002821295,22.62749946283659,0.7916836746729912,0.7739815724238716,0.5934959344633486,0.6517857142857143,0.5447761194029851,0.7999999995012994,134,112,121,0.2841657502774352,0.2966207287128521,0.4170859456062317,0.120678845803067,0.2937144658529659,0.4327879548072815,0.5616738796234131,pretrained_l1_s1,R05-C03,24,100,,,,,pretrained_l1,1,,,,,,
0.0410528270988363,21.19499192570707,0.7315354211456118,0.7538794675057603,0.515151514658145,0.5821917808219178,0.4619565217391304,0.7988338187446388,184,146,159,0.3469524222497273,0.2893418198320488,0.465570330619812,0.1964981379165752,0.2613376210023977,0.4773944020271301,0.5988393425941467,pretrained_l1_s1,R05-C03,24,150,,,,,pretrained_l1,1,,,,,,
0.0209898108495291,26.037602285265898,0.8429765306785887,0.7994774341400515,0.7627118639067796,0.7627118644067796,0.7627118644067796,0.8867924523365965,59,59,47,-0.055209013158054,1.796588743724597,0.1028273701667785,0.1147548676026244,1.7067790601717898,0.1503380537033081,0.7317248582839966,pretrained_l1_s1,R05-C03,3,1,,,,,pretrained_l1,1,,,,,,
0.0225866825646555,25.405728047795737,0.8029158356238436,0.7632592596263013,0.7499999995022222,0.8035714285714286,0.703125,0.9059829054873256,64,56,53,-0.1635644616913997,2.0059729141088596,0.0560764670372009,0.113969171946017,1.9406579277931375,0.094384491443634,0.7654498815536499,pretrained_l1_s1,R05-C03,3,10,,,,,pretrained_l1,1,,,,,,
0.0312623647021928,23.967767751168356,0.7351615130149936,0.7287703177689685,0.713375795678851,0.7368421052631579,0.691358024691358,0.7887323938761158,81,76,61,0.0230680297611892,1.9666242223298676,0.0571708083152771,0.0466867429337361,2.039337485704406,0.0565932393074035,0.7525308728218079,pretrained_l1_s1,R05-C03,3,50,,,,,pretrained_l1,1,,,,,,
0.0355997138592463,23.028524889205528,0.7258174978127105,0.7408877385497361,0.6530612239912037,0.6896551724137931,0.6201550387596899,0.793248944651605,129,116,108,0.1608905193085662,1.3728878976849028,0.2119888663291931,0.1110336101194453,1.3899048298310597,0.1873583793640136,0.6561978459358215,pretrained_l1_s1,R05-C03,3,100,,,,,pretrained_l1,1,,,,,,
0.0396369941384002,21.64217153757759,0.759040261940239,0.7182133219471246,0.6492753618197857,0.6787878787878788,0.6222222222222222,0.6463414629193931,180,165,148,0.4446148892329367,0.1889792677399926,0.5422648787498474,0.4423499479462262,0.1867012233208191,0.503345251083374,0.6280814409255981,pretrained_l1_s1,R05-C03,3,150,,,,,pretrained_l1,1,,,,,,
0.0167336137410819,27.26079918073003,0.9200125250602688,0.8406846177155338,0.8959999995000318,0.8888888888888888,0.9032258064516128,0.9499999995005556,62,63,58,0.1598465489832127,0.322468616306761,0.3926100730895996,0.1404867811410378,0.32869099335645,0.4016186594963074,0.5837836265563965,pretrained_l1_s1,R05-C03,4,1,,,,,pretrained_l1,1,,,,,,
0.018665532308569,26.8927203917605,0.8855594299340185,0.8268958128717223,0.823529411264814,0.835820895522388,0.8115942028985508,0.8805970144258186,69,67,65,0.0366168600612718,0.8391913948388177,0.3411932587623596,0.2016656266317227,0.7082807260970871,0.3740908503532409,0.6284065246582031,pretrained_l1_s1,R05-C03,4,10,,,,,pretrained_l1,1,,,,,,
0.0254077630235214,25.513316954160608,0.8481788961178408,0.8157952584200735,0.8446601936748044,0.8529411764705882,0.8365384615384616,0.8965517236382343,104,102,99,0.1066690371948219,0.3169870721156219,0.3734130859375,0.1937931614257522,0.3003185621226395,0.3745339512825012,0.5075742602348328,pretrained_l1_s1,R05-C03,4,50,,,,,pretrained_l1,1,,,,,,
0.0330021042918682,23.636551788001405,0.7911157278126443,0.7706660459105473,0.7114093954731769,0.7162162162162162,0.7066666666666667,0.8842105258171744,150,148,135,0.289933496998721,0.2247449432938189,0.4515116810798645,0.244187188516059,0.2469330400486702,0.4469310641288757,0.5340526700019836,pretrained_l1_s1,R05-C03,4,100,,,,,pretrained_l1,1,,,,,,
0.0379730535449175,22.252604463782223,0.7594235909220658,0.7447727456441489,0.6389610384628234,0.6795580110497238,0.6029411764705882,0.8095238090269588,204,181,174,0.3487061907033938,0.2074153901789266,0.4769697785377502,0.3150377414772056,0.2242570478318589,0.4447498917579651,0.5674690008163452,pretrained_l1_s1,R05-C03,4,150,,,,,pretrained_l1,1,,,,,,
0.0205143452779687,27.10806453371785,0.8406165510226155,0.7751572761895504,0.8080808075849402,0.8888888888888888,0.7407407407407407,0.7608695647325141,54,45,38,-0.0858626770295366,2.129857654662998,0.0062794089317321,0.0915414275377013,2.114200193560647,0.0618900060653686,0.7709284424781799,pretrained_l1_s1,R05-C03,5,1,,,,,pretrained_l1,1,,,,,,
0.0194215680295703,26.975963837297684,0.8671117028876955,0.765541852197044,0.7747747742748153,0.7818181818181819,0.7678571428571429,0.7799999995071999,56,55,44,0.0744353081953762,1.6478219115393544,0.1871923208236694,0.1867002722396348,1.5557680413547212,0.2328075766563415,0.701732873916626,pretrained_l1_s1,R05-C03,5,10,,,,,pretrained_l1,1,,,,,,
0.0263756101019914,26.248805756174846,0.8002279436227967,0.7840036638717766,0.7058823524429066,0.75,0.6666666666666666,0.7226890751523197,72,64,47,0.17467891464669,1.7541716755302257,0.1027175188064575,0.0858486680173519,1.6735838825763223,0.114907681941986,0.6408149003982544,pretrained_l1_s1,R05-C03,5,50,,,,,pretrained_l1,1,,,,,,
0.0339427123664313,23.85671294347621,0.7516178922512946,0.6951563250948652,0.5953488367101784,0.6213592233009708,0.5714285714285714,0.7319587623985545,112,103,82,0.2799194904505563,1.4244164726054374,0.2015039920806884,0.2006046895719106,1.3958582068744458,0.1956356167793274,0.6356496810913086,pretrained_l1_s1,R05-C03,5,100,,,,,pretrained_l1,1,,,,,,
0.0360680129734824,22.84814903429222,0.7807206878040139,0.713178150751054,0.5677419349842039,0.5827814569536424,0.5534591194968553,0.6409266404525871,159,151,100,0.4248956339903763,0.1621412891657352,0.4725322723388672,0.3890188193333155,0.1725613471284329,0.4674429893493652,0.5481141209602356,pretrained_l1_s1,R05-C03,5,150,,,,,pretrained_l1,1,,,,,,
0.0167987822770496,26.68644886864209,0.9224192022061908,0.8399585449501697,0.9450549445550054,0.9555555555555556,0.9347826086956522,0.9230769225769836,46,45,45,0.1044160983715058,0.3341510739271469,0.3328405022621155,0.0840588214819131,0.3606846511187401,0.355495810508728,0.5547086000442505,pretrained_l1_s1,R05-C03,6,1,,,,,pretrained_l1,1,,,,,,
0.017723615522104,26.36952529339617,0.90294410266818,0.8311118723060805,0.8823529406782006,0.9375,0.8333333333333334,0.8952380947385034,54,48,51,0.0476412115839469,0.3658127949784018,0.3622928857803345,0.1168892039994756,0.3902902074185651,0.3806511759757995,0.6136952638626099,pretrained_l1_s1,R05-C03,6,10,,,,,pretrained_l1,1,,,,,,
0.02306406982848,26.16443257942236,0.8565000674746344,0.8590907118373845,0.8085106377991047,0.8507462686567164,0.7702702702702703,0.7891156457585263,74,67,73,0.1665935633653758,0.3181031367914868,0.2961244583129883,0.0576544157625532,0.3938383951711332,0.2932846546173095,0.4881417751312256,pretrained_l1_s1,R05-C03,6,50,,,,,pretrained_l1,1,,,,,,
0.031449853482913,23.45352520207602,0.7930915510861803,0.7837924300866924,0.5829145723698896,0.651685393258427,0.5272727272727272,0.7135678387015479,110,89,89,0.3163267475207573,0.2202947728206208,0.3944999575614929,0.0622401344509444,0.3227853815813163,0.3866693377494812,0.5200489163398743,pretrained_l1_s1,R05-C03,6,100,,,,,pretrained_l1,1,,,,,,
0.033412235848091,22.178689862479615,0.7869267102754576,0.7638699153462278,0.6488549613331099,0.68,0.6204379562043796,0.7470817115644446,137,125,120,0.1230895186535944,0.2555125264366615,0.4340193271636963,0.1761039113338034,0.257145077697814,0.4452290534973144,0.5426576137542725,pretrained_l1_s1,R05-C03,6,150,,,,,pretrained_l1,1,,,,,,
0.015145396018812,29.211145971912472,0.8958375124784973,0.7475470642506736,0.6792452825204698,0.72,0.6428571428571429,0.9259259254266118,28,25,26,-0.0183592974241311,1.7286012728698843,0.0596663355827331,0.0655916595226683,1.6430246938916475,0.1278190612792968,0.6396729350090027,pretrained_l1_s1,R05-C03,7,1,,,,,pretrained_l1,1,,,,,,
0.0174176243777227,28.432807923174018,0.8655238343609815,0.698910108640619,0.67741935433923,0.7,0.65625,0.8387096769198752,32,30,30,0.0108865851052312,1.885787458535993,0.0764172077178955,0.0937379839159107,1.7108648898841612,0.1223162412643432,0.6672220230102539,pretrained_l1_s1,R05-C03,7,10,,,,,pretrained_l1,1,,,,,,
0.0223862301336339,27.84975544111535,0.8486822107732797,0.7547974025643368,0.5753424652610245,0.65625,0.5121951219512195,0.6493506488527576,41,32,36,0.0542969054245627,0.417590759340625,0.185949444770813,0.1191731734402473,0.3557186865475714,0.1974578499794006,0.3707983493804931,pretrained_l1_s1,R05-C03,7,50,,,,,pretrained_l1,1,,,,,,
0.0297560704613911,25.25270059329442,0.7749581772099632,0.6398282982613438,0.5225225220274328,0.58,0.4754098360655737,0.7499999995039858,61,50,51,0.1148721578873046,0.5814148607134608,0.2067493200302124,0.11344520169748,0.5689490960762572,0.2175264358520507,0.3993446230888366,pretrained_l1_s1,R05-C03,7,100,,,,,pretrained_l1,1,,,,,,
0.035373963181568,23.758488908892197,0.7151442157638565,0.6417134030062506,0.4161849706020248,0.4556962025316455,0.3829787234042553,0.6540880498310985,94,79,65,0.1856864282532055,0.9268974407139876,0.1909545660018921,0.0877787399870235,0.9419012998708473,0.2054152488708496,0.4886265993118286,pretrained_l1_s1,R05-C03,7,150,,,,,pretrained_l1,1,,,,,,
0.0207699759074323,25.992299148207564,0.861705699008466,0.7859888098494037,0.7751937979498827,0.7936507936507936,0.7575757575757576,0.895999999501568,66,63,59,0.0164616168007222,1.86837123822789,0.1679773330688476,0.2133787175567824,1.7130429855479044,0.2165607213973999,0.7286921143531799,pretrained_l1_s1,R05-C03,8,1,,,,,pretrained_l1,1,,,,,,
0.022609669404967,25.700259176172025,0.8382171928816837,0.7676202856809625,0.842105262657923,0.8484848484848485,0.835820895522388,0.8593749995010986,67,66,61,0.0190530153327763,1.804324695914617,0.1779003143310547,0.263505060281843,1.6416728311846382,0.215109646320343,0.7265378832817078,pretrained_l1_s1,R05-C03,8,10,,,,,pretrained_l1,1,,,,,,
0.0290067488962103,24.740993089786173,0.7902093631147299,0.7603958698014126,0.6936416179971265,0.6896551724137931,0.6976744186046512,0.8095238090240929,86,87,82,0.1612488277988116,1.380329355443379,0.213197112083435,0.1996355027746638,1.3058093091255158,0.2270135283470153,0.6174355745315552,pretrained_l1_s1,R05-C03,8,50,,,,,pretrained_l1,1,,,,,,
0.0320282064101823,23.0843973829121,0.8060122201754667,0.7199602264741192,0.6374501987045285,0.6722689075630253,0.6060606060606061,0.7391304342935349,132,119,98,0.3775350376601088,0.225907177392778,0.4848067760467529,0.4550211791619429,0.1867865478816503,0.493407666683197,0.5802662372589111,pretrained_l1_s1,R05-C03,8,100,,,,,pretrained_l1,1,,,,,,
0.0372643832019271,22.095246953581853,0.769045027766403,0.7142264180329665,0.5777777772804434,0.6232876712328768,0.5384615384615384,0.7003366998462288,169,146,128,0.5357300412331881,0.1875397332900596,0.5148078203201294,0.4677459864196615,0.1894992264269357,0.5088452696800232,0.6144068241119385,pretrained_l1_s1,R05-C03,8,150,,,,,pretrained_l1,1,,,,,,
0.0235515561341951,24.04970048479008,0.8811658694576929,0.7924056771113982,0.8113207542185831,0.86,0.7678571428571429,0.8309178738995076,112,100,95,0.2467263274981122,0.3698648527526893,0.5145275592803955,0.2765403740807188,0.3278422980906484,0.5384936332702637,0.6789456605911255,pretrained_l1_s1,R05-C03,9,1,,,,,pretrained_l1,1,,,,,,
0.0242360034758413,24.446358630883847,0.866681306623831,0.7953340619538268,0.8362068960523186,0.8660714285714286,0.8083333333333333,0.8054298637570894,120,112,101,0.2325397032448729,0.4366340672435197,0.5179177522659302,0.3585122151084517,0.3738802103736326,0.5290004014968872,0.6776952743530273,pretrained_l1_s1,R05-C03,9,10,,,,,pretrained_l1,1,,,,,,
0.0338705282243893,22.869053344566368,0.808472401965165,0.7746622978195173,0.806349205849816,0.8355263157894737,0.7791411042944786,0.75510204032225,163,152,131,0.340995752995838,0.248088277071627,0.5124788284301758,0.3680974475085141,0.2518459094825055,0.4980471730232239,0.5974385738372803,pretrained_l1_s1,R05-C03,9,50,,,,,pretrained_l1,1,,,,,,
0.0418349173149069,21.31871722254275,0.75906338629925,0.7422941999488994,0.6982758615690491,0.7074235807860262,0.6893617021276596,0.724220623009276,235,229,182,0.488855141690977,0.1841307678827888,0.5456386804580688,0.5155646619705809,0.1973441757581502,0.4665954113006592,0.6632623672485352,pretrained_l1_s1,R05-C03,9,100,,,,,pretrained_l1,1,,,,,,
0.0536064179651318,19.493984601249306,0.7018704952377489,0.6853324021160835,0.6026986501762012,0.638095238095238,0.5710227272727273,0.6110183634552635,352,315,247,0.5788969257083966,0.1862474696050307,0.4404411911964416,0.584587888362478,0.1958100349223885,0.338597297668457,0.6664745807647705,pretrained_l1_s1,R05-C03,9,150,,,,,pretrained_l1,1,,,,,,
0.0198065126179819,25.607081729335647,0.9055267806564624,0.7698593094973873,0.7236842100270948,0.7534246575342466,0.6962025316455697,0.8111888106943127,79,73,64,0.1234125663070942,0.2685304160500993,0.445779800415039,0.162975873330445,0.2597127079948448,0.4626129269599914,0.5726019740104675,pretrained_l1_s2,R05-C03,0,1,,,,,pretrained_l1,2,,,,,,
0.018948653746492,25.685099746559793,0.8961731034682562,0.7831940054203586,0.7142857137878225,0.7638888888888888,0.6707317073170732,0.824324323830168,82,72,66,0.1552711686606238,0.3024344583382987,0.4912533760070801,0.2674929006168873,0.269260796319191,0.5190351009368896,0.6542872190475464,pretrained_l1_s2,R05-C03,0,10,,,,,pretrained_l1,2,,,,,,
0.0272033813103229,23.659847182078263,0.837936375067497,0.7422050454059821,0.5979381438307471,0.6236559139784946,0.5742574257425742,0.734463276346133,101,93,76,0.1812349847969397,0.2960789316416917,0.4751386642456054,0.3320738138441912,0.2391838876472878,0.4954866170883178,0.5957699418067932,pretrained_l1_s2,R05-C03,0,50,,,,,pretrained_l1,2,,,,,,
0.0338381798872812,22.63998236558667,0.7854011360472639,0.7324278767026201,0.5337837832852447,0.5642857142857143,0.5064102564102564,0.7482517477558803,156,140,130,0.2890320722799178,0.2508159561403769,0.5005167126655579,0.4102892596787434,0.2013539437480095,0.48983895778656,0.5828684568405151,pretrained_l1_s2,R05-C03,0,100,,,,,pretrained_l1,2,,,,,,
0.0400787648795493,21.40996567861461,0.746417285926909,0.7036461026554246,0.5255474447614684,0.5901639344262295,0.4736842105263157,0.6568627446049596,228,183,180,0.5747911287853347,0.1677064991606023,0.5142943263053894,0.5284579640000144,0.1867099877178361,0.4794765114784241,0.6344679594039917,pretrained_l1_s2,R05-C03,0,150,,,,,pretrained_l1,2,,,,,,
0.0268455888326619,24.067432285936334,0.874423285879585,0.7945954596509909,0.7862595414865975,0.8373983739837398,0.7410071942446043,0.8396946559904142,139,123,123,0.1600067452470929,0.249845678596112,0.5231990218162537,0.2200131149950454,0.2432647611714838,0.5170106887817383,0.5977555513381958,pretrained_l1_s2,R05-C03,1,1,,,,,pretrained_l1,2,,,,,,
0.0282256630265415,23.38696799256345,0.8532063149835456,0.769353006639542,0.7959183668469618,0.7905405405405406,0.8013698630136986,0.8142857137866326,146,148,134,0.2731274096314587,0.2361379250135651,0.6320126056671143,0.3808794314704815,0.2060910823622462,0.6182172298431396,0.6975153684616089,pretrained_l1_s2,R05-C03,1,10,,,,,pretrained_l1,2,,,,,,
0.0348206594621295,22.31112487733966,0.8031348430454677,0.7364032084998092,0.6786632385748177,0.6947368421052632,0.6633165829145728,0.7582417577461206,199,190,165,0.4833591593193182,0.1817627532575108,0.6165444254875183,0.4737683915319594,0.193547160193767,0.5678634643554688,0.6949974298477173,pretrained_l1_s2,R05-C03,1,50,,,,,pretrained_l1,2,,,,,,
0.0459817780065145,20.42816632950531,0.7216186275390826,0.6699025777834862,0.511945391994036,0.5514705882352942,0.4777070063694267,0.7423423418509925,314,272,241,0.6154519572777418,0.1723662834971251,0.4827691912651062,0.5560189505827953,0.2135470523825166,0.4108443856239319,0.7005228996276855,pretrained_l1_s2,R05-C03,1,100,,,,,pretrained_l1,2,,,,,,
0.0645568332170736,18.126540890985073,0.6108061158804843,0.5325810006701667,0.3626373621558538,0.4489795918367347,0.304147465437788,0.6417112294593926,434,294,314,0.583812872471934,0.254925866639845,0.309499442577362,0.5250055579934855,0.3270364648692505,0.2594682574272156,0.6749287843704224,pretrained_l1_s2,R05-C03,1,150,,,,,pretrained_l1,2,,,,,,
0.0355471727471136,21.412055896055335,0.8438669560635478,0.775949546857165,0.759562841030189,0.7722222222222223,0.7473118279569892,0.8045977006518034,186,180,162,0.2625444146018085,0.2117128514633935,0.5894551277160645,0.3317376129634364,0.1963912809435888,0.5722681879997253,0.6510547399520874,pretrained_l1_s2,R05-C03,10,1,,,,,pretrained_l1,2,,,,,,
0.0362995689284338,21.282945619418346,0.8232430298838179,0.7579119114252254,0.7788944718619227,0.7673267326732673,0.7908163265306123,0.8096514740321283,196,202,177,0.4103486552103049,0.176597065410287,0.6542373895645142,0.4500839899691226,0.1685796909033868,0.5975300669670105,0.7161585092544556,pretrained_l1_s2,R05-C03,10,10,,,,,pretrained_l1,2,,,,,,
0.0448599691446398,20.295234190872296,0.7578070919629232,0.7365679714949227,0.6564885491183279,0.6590038314176245,0.6539923954372624,0.7886178856812496,263,261,229,0.5908155813558388,0.1599025248895461,0.589775562286377,0.5803291531438023,0.1691357954492982,0.4882681369781494,0.718108057975769,pretrained_l1_s2,R05-C03,10,50,,,,,pretrained_l1,2,,,,,,
0.0581968988148499,18.93206575250986,0.6685022528483542,0.6316205490941088,0.4700973569449765,0.5168195718654435,0.4311224489795918,0.6551724133010964,392,327,304,0.618006811579653,0.2232811217310122,0.3484078645706177,0.5773889167095108,0.2536636345016269,0.2836428880691528,0.6710605025291443,pretrained_l1_s2,R05-C03,10,100,,,,,pretrained_l1,2,,,,,,
0.0818410406127934,16.880619748300038,0.543013435993551,0.5402390585934927,0.343105319818179,0.412532637075718,0.2936802973977695,0.6048565116588842,538,383,368,0.5421662082352804,0.3301509834096129,0.2069863677024841,0.5024499404877323,0.3715158961204257,0.1746361255645752,0.5991628766059875,pretrained_l1_s2,R05-C03,10,150,,,,,pretrained_l1,2,,,,,,
0.0299523161719086,22.61608773842902,0.8641139213401551,0.792608942971834,0.8178694153077077,0.8321678321678322,0.8040540540540541,0.8413284127883879,148,143,123,0.3672648062579867,0.1825886465160744,0.6182260513305664,0.4096421169400994,0.1684319166735451,0.6184869408607483,0.6782793402671814,pretrained_l1_s2,R05-C03,11,1,,,,,pretrained_l1,2,,,,,,
0.0323505350445468,22.545613485350593,0.8457646093017259,0.7803788498859031,0.7604790414161855,0.7559523809523809,0.7650602409638554,0.7622149832166706,166,168,141,0.4144998703481217,0.1589731652838895,0.6288280487060547,0.4157965548649368,0.1696917159905651,0.6077660322189331,0.6915184855461121,pretrained_l1_s2,R05-C03,11,10,,,,,pretrained_l1,2,,,,,,
0.0382293161278562,21.545808272223752,0.7887355315075242,0.7586092107506528,0.7117903925134436,0.7309417040358744,0.6936170212765957,0.7664399087992142,235,223,206,0.5940203783828463,0.1476931057269183,0.6058895587921143,0.5527733428968579,0.1648313249841349,0.532642662525177,0.7034857869148254,pretrained_l1_s2,R05-C03,11,50,,,,,pretrained_l1,2,,,,,,
0.0498496032866444,19.78423284306728,0.7138150267418525,0.6972732556313374,0.4900459413105915,0.5351170568561873,0.4519774011299435,0.7104851325261742,354,299,285,0.6533490603919108,0.1559517493400108,0.4648279547691345,0.5750443266220344,0.2015867113949704,0.3982219696044922,0.6998986601829529,pretrained_l1_s2,R05-C03,11,100,,,,,pretrained_l1,2,,,,,,
0.0698245785167391,17.82143303232495,0.5982608987956176,0.5769915559921619,0.3288409698725053,0.4163822525597269,0.2717149220489978,0.6025974021112194,449,293,321,0.572802218719258,0.2748142033611808,0.2899945974349975,0.5187442773430846,0.3110587394571908,0.2639357447624206,0.655731201171875,pretrained_l1_s2,R05-C03,11,150,,,,,pretrained_l1,2,,,,,,
0.0235657068839958,24.176484594546903,0.8871938178169694,0.8280909647080598,0.8301886787454609,0.8461538461538461,0.8148148148148148,0.8780487799892445,108,104,97,0.1745066865028925,0.2628022602612728,0.5234511494636536,0.3068484900376938,0.2380039593351526,0.5373997688293457,0.6432167291641235,pretrained_l1_s2,R05-C03,12,1,,,,,pretrained_l1,2,,,,,,
0.0242611971087646,24.233280631388375,0.8740592123843414,0.8285684787186082,0.8666666661666667,0.8666666666666667,0.8666666666666667,0.9170305671867433,120,120,109,0.139523600385967,0.3059789053738976,0.5164249539375305,0.2920001889392401,0.2624162965448157,0.5210292935371399,0.6412734389305115,pretrained_l1_s2,R05-C03,12,10,,,,,pretrained_l1,2,,,,,,
0.0330522832062035,22.689089658903303,0.8087972944217146,0.7990526880801476,0.7409836060575112,0.7290322580645161,0.7533333333333333,0.8158844760377432,150,155,127,0.2084081102223476,0.2854283483600645,0.5496418476104736,0.3102042011194247,0.2404514713108553,0.5360984206199646,0.6193207502365112,pretrained_l1_s2,R05-C03,12,50,,,,,pretrained_l1,2,,,,,,
0.0434653679308753,20.98617253208768,0.7314502563675221,0.7491715885558676,0.683035713785804,0.6923076923076923,0.6740088105726872,0.7447306786589077,227,221,200,0.4003479495709952,0.2154293377477567,0.5339124202728271,0.3916535519597344,0.2201946728653703,0.4686891436576843,0.632079541683197,pretrained_l1_s2,R05-C03,12,100,,,,,pretrained_l1,2,,,,,,
0.0582693999293305,18.75108598421803,0.644842574032755,0.6676247306761374,0.4592145010146813,0.5049833887043189,0.4210526315789473,0.7723935384151751,361,301,320,0.5445897348906442,0.1967324134110002,0.4160438179969787,0.5295030776765115,0.2056129422766915,0.3593377470970154,0.6684263944625854,pretrained_l1_s2,R05-C03,12,150,,,,,pretrained_l1,2,,,,,,
0.014442252511492,28.604788338748676,0.9223648013773896,0.7761755901791897,0.823529411266436,0.7777777777777778,0.875,0.7333333328355556,32,36,28,0.0053352437681303,0.4148203533098297,0.2870357036590576,0.1991337613858892,0.3473841886849204,0.3346786499023437,0.5326744318008423,pretrained_l1_s2,R05-C03,13,1,,,,,pretrained_l1,2,,,,,,
0.0155811267123348,28.425534330961675,0.9034427171720688,0.7750075385292862,0.8219178077215238,0.7692307692307693,0.8823529411764706,0.799999999501065,34,39,31,0.0658028633037263,0.4568444761461915,0.3115891218185425,0.1962766328961966,0.3778473635624942,0.3535736799240112,0.5632367134094238,pretrained_l1_s2,R05-C03,13,10,,,,,pretrained_l1,2,,,,,,
0.024752186374273,26.1072485976284,0.8366879666186253,0.7223930816815682,0.6964285709311225,0.65,0.75,0.7472527467629514,52,60,39,0.104843286699113,0.3336709515051125,0.302748441696167,0.2055986756823911,0.2895144628421178,0.3183096051216125,0.4394786953926086,pretrained_l1_s2,R05-C03,13,50,,,,,pretrained_l1,2,,,,,,
0.0305187872218563,24.872816926704377,0.7850352103426972,0.7002634614454498,0.5185185180192043,0.5,0.5384615384615384,0.729927006808887,78,84,59,0.1288838867531192,0.2694750346963891,0.3347887396812439,0.2450680963642763,0.2290389553179663,0.3438063859939575,0.4305134415626526,pretrained_l1_s2,R05-C03,13,100,,,,,pretrained_l1,2,,,,,,
0.035569934164075,23.707684457563325,0.7381924517614827,0.6899329838006827,0.4291845488562324,0.4310344827586206,0.4273504273504273,0.7254901955892444,117,116,87,0.1960509276685551,0.233378294261013,0.3801491856575012,0.2865576553152999,0.198209231567827,0.3839417099952698,0.4519729018211365,pretrained_l1_s2,R05-C03,13,150,,,,,pretrained_l1,2,,,,,,
0.0159060418201401,27.3386007334176,0.9238868521377672,0.7353219861430516,0.7301587296618796,0.6764705882352942,0.7931034482758621,0.9090909085923968,29,34,26,0.0429662894937259,0.3490295736164577,0.3149529099464416,0.1082819461284461,0.3262992036906748,0.3329997658729553,0.485160231590271,pretrained_l1_s2,R05-C03,14,1,,,,,pretrained_l1,2,,,,,,
0.0143628029666178,27.750485842676675,0.9198443960739188,0.7573968028072098,0.6086956516748582,0.5833333333333334,0.6363636363636364,0.8571428566439909,33,36,30,0.010960323172933,0.4160576168972344,0.357744812965393,0.1564407229878292,0.3427354817690412,0.3883256316184997,0.5806292295455933,pretrained_l1_s2,R05-C03,14,10,,,,,pretrained_l1,2,,,,,,
0.0203791643713539,26.510323061853633,0.8673956641298458,0.7136675680068925,0.5476190471190476,0.5476190476190477,0.5476190476190477,0.7948717943747535,42,42,36,0.1036299901741044,0.3958270781852674,0.3313156366348266,0.2343582773845109,0.313268069402712,0.3582293391227722,0.4970020651817322,pretrained_l1_s2,R05-C03,14,50,,,,,pretrained_l1,2,,,,,,
0.0268778599187516,24.320429721978613,0.820910721311459,0.6729349855691287,0.4062499995001221,0.4,0.4126984126984127,0.7413793098485433,63,65,53,0.1929202996611362,0.2957254263894773,0.39313405752182,0.2714081126166144,0.2417460578011117,0.4112297892570495,0.5022790431976318,pretrained_l1_s2,R05-C03,14,100,,,,,pretrained_l1,2,,,,,,
0.0322655797422984,23.78255957936937,0.7795493666036568,0.7025348322563223,0.4999999995002702,0.5119047619047619,0.4886363636363636,0.603550295358846,88,84,81,0.2249273979650116,0.236487770129757,0.4129961729049682,0.3127930903862277,0.1937853413147617,0.4263851642608642,0.4904941320419311,pretrained_l1_s2,R05-C03,14,150,,,,,pretrained_l1,2,,,,,,
0.0166011639486324,26.84352315899608,0.9248689929627965,0.810763679353238,0.6363636358677686,0.7,0.5833333333333334,0.8172043005757891,48,40,45,0.1785572230427411,0.2889645326457288,0.3492714762687683,0.0861541527549522,0.3144095708006447,0.3494589328765869,0.4907640814781189,pretrained_l1_s2,R05-C03,15,1,,,,,pretrained_l1,2,,,,,,
0.0153994273319486,26.917977439311773,0.9179495364440684,0.8039156001575676,0.7045454540495868,0.775,0.6458333333333334,0.7032967027982128,48,40,43,0.0293019406869989,0.3708439975160837,0.4105408787727356,0.1828328589020862,0.3160102880987546,0.4404954314231872,0.6176344156265259,pretrained_l1_s2,R05-C03,15,10,,,,,pretrained_l1,2,,,,,,
0.0214401695538563,25.43042405376472,0.8710467783256121,0.7759995662792771,0.6542056069787755,0.7,0.6140350877192983,0.7619047614084352,57,50,48,0.0300421441786051,0.3835714830978095,0.3898442387580871,0.2544621146895676,0.2869234566987818,0.417898952960968,0.5471164584159851,pretrained_l1_s2,R05-C03,15,50,,,,,pretrained_l1,2,,,,,,
0.0276584057973903,23.787561031712716,0.8267431797198417,0.7577390112357002,0.6322580640178146,0.6712328767123288,0.5975609756097561,0.6887417213580107,82,73,69,0.0911598320288317,0.2996215405785758,0.4374699592590332,0.3314594119948624,0.2120928320747555,0.453575849533081,0.5421770811080933,pretrained_l1_s2,R05-C03,15,100,,,,,pretrained_l1,2,,,,,,
0.0338404806529121,22.03604465658963,0.7852884155105546,0.6728191175913899,0.4074074069158093,0.4680851063829787,0.360655737704918,0.6877828049352798,122,94,99,0.2008030614123274,0.2377330522586749,0.4817620515823364,0.362341254628662,0.1909359364530268,0.4844229817390442,0.5665924549102783,pretrained_l1_s2,R05-C03,15,150,,,,,pretrained_l1,2,,,,,,
0.0166370637939218,26.3716519007422,0.921396094453756,0.7943910584095817,0.7555555550565431,0.7906976744186046,0.723404255319149,0.853932583771241,47,43,42,0.0591719097594173,0.3252695592744687,0.3631287217140198,0.0900672447721918,0.3071009159268609,0.3874316811561584,0.5323566198348999,pretrained_l1_s2,R05-C03,16,1,,,,,pretrained_l1,2,,,,,,
0.016137961318185,26.42216745679805,0.9108697152482252,0.7935486524109513,0.7912087907088515,0.782608695652174,0.8,0.863636363136622,45,46,43,-0.0056278935944858,0.4167964462627268,0.4074662923812866,0.2159800876769799,0.3074293674304686,0.4503166675567627,0.6167703866958618,pretrained_l1_s2,R05-C03,16,10,,,,,pretrained_l1,2,,,,,,
0.0221927517871749,25.833439158961102,0.8613956626437688,0.7853875277178987,0.6879999995002879,0.7049180327868853,0.671875,0.8188976372953065,64,61,63,0.0777354393761093,0.3977851563340855,0.4041628837585449,0.3089594897829723,0.2741134273756238,0.4248577356338501,0.5388145446777344,pretrained_l1_s2,R05-C03,16,50,,,,,pretrained_l1,2,,,,,,
0.0293487624919379,23.81857220358572,0.8119260178604869,0.7295376064865252,0.4999999995067604,0.5657894736842105,0.4479166666666667,0.7709497201730283,96,76,83,0.1984077166511148,0.290994539531029,0.4664506912231445,0.3883768438500629,0.2066890554747968,0.4695973396301269,0.5475930571556091,pretrained_l1_s2,R05-C03,16,100,,,,,pretrained_l1,2,,,,,,
0.0352513262453181,22.63799699040073,0.7684407563567519,0.7137682745792133,0.4096385537256495,0.4722222222222222,0.3617021276595745,0.7878787873811123,141,108,123,0.3329379851196681,0.2340307975267074,0.4826312065124511,0.4189509922929667,0.1969561499151314,0.4710305333137512,0.5700095295906067,pretrained_l1_s2,R05-C03,16,150,,,,,pretrained_l1,2,,,,,,
0.0127159275637903,30.0816607056927,0.9309002718980058,0.7714201713585109,0.655737704421392,0.7142857142857143,0.6060606060606061,0.5573770486836871,33,28,28,-0.1013729408403563,0.514862514986189,0.2489892840385437,0.2207139452915598,0.3486918859610574,0.3373811244964599,0.5308809876441956,pretrained_l1_s2,R05-C03,17,1,,,,,pretrained_l1,2,,,,,,
0.0142580650333866,30.049568202046643,0.9129986404421307,0.7703490673306005,0.7419354833792924,0.8518518518518519,0.6571428571428571,0.7812499995043946,35,27,29,-0.1414325526085977,0.5947282096922403,0.2245846390724182,0.2889394170655709,0.3453246856173291,0.3323781490325928,0.5198907852172852,pretrained_l1_s2,R05-C03,17,10,,,,,pretrained_l1,2,,,,,,
0.0208275221740572,29.311285503807166,0.8652091116284889,0.8007344455885533,0.7352941171487889,0.78125,0.6944444444444444,0.5937499995078124,36,32,28,-0.1010442053643454,0.4164712259485053,0.168386697769165,0.3017328869887679,0.2609688185214656,0.2295408844947815,0.3423737287521362,pretrained_l1_s2,R05-C03,17,50,,,,,pretrained_l1,2,,,,,,
0.0254214159163215,27.814372996576683,0.8203635684429076,0.762226378352038,0.4444444439487311,0.4897959183673469,0.4067796610169492,0.5940594054547593,59,49,42,-0.0122366279608049,0.3126410566097155,0.2072251439094543,0.3383353391608787,0.1907232495658006,0.2503203749656677,0.3243263959884643,pretrained_l1_s2,R05-C03,17,100,,,,,pretrained_l1,2,,,,,,
0.0289674959294103,26.29424949873142,0.789579310549034,0.7247651578750938,0.4268292677945419,0.4545454545454545,0.4022988505747126,0.6710526310894217,87,77,65,0.1898809619225256,0.2448955922073074,0.2845293879508972,0.4021359662644482,0.1634364040809963,0.2996929287910461,0.3600057959556579,pretrained_l1_s2,R05-C03,17,150,,,,,pretrained_l1,2,,,,,,
0.0200273700270144,25.117392031252223,0.907197428842389,0.8324006481461559,0.8192771079340252,0.8395061728395061,0.8,0.7567567562678049,85,81,63,0.0169501288636251,0.3537227858301112,0.489287257194519,0.3137043393997674,0.2266917027172373,0.5206949710845947,0.6280875205993652,pretrained_l1_s2,R05-C03,18,1,,,,,pretrained_l1,2,,,,,,
0.0230027278122196,23.85198390501998,0.87521052953061,0.783738357205119,0.7292817674559383,0.7415730337078652,0.717391304347826,0.7261146491963162,92,89,65,-0.0136190312844475,0.3707825708342943,0.5303022861480713,0.3205251399087616,0.2315536968493544,0.5578486919403076,0.6676079034805298,pretrained_l1_s2,R05-C03,18,10,,,,,pretrained_l1,2,,,,,,
0.0296321966602489,22.720793533462352,0.8240047378436793,0.7665925876286103,0.6635944695460936,0.6605504587155964,0.6666666666666666,0.6850828724468727,108,109,73,0.1013146954892221,0.3337506330665191,0.5235790610313416,0.2653808592927938,0.2417368670701453,0.5309053659439087,0.6147115230560303,pretrained_l1_s2,R05-C03,18,50,,,,,pretrained_l1,2,,,,,,
0.0368700271493465,20.841752717541254,0.7810605094951666,0.7115785685251045,0.5670731702323766,0.5886075949367089,0.5470588235294118,0.617543859167744,170,158,115,0.2899951260616343,0.2509845583572706,0.5930883288383484,0.3579626951656579,0.2115737024157943,0.5794350504875183,0.6652477979660034,pretrained_l1_s2,R05-C03,18,100,,,,,pretrained_l1,2,,,,,,
0.0430165908894116,20.02015137869943,0.7484499914810074,0.7186301286647874,0.5539906098314599,0.5989847715736041,0.5152838427947598,0.637974683057023,229,197,166,0.4029995108733233,0.2122347038383633,0.5765617489814758,0.4348018610662503,0.1944087316535963,0.5302936434745789,0.6756037473678589,pretrained_l1_s2,R05-C03,18,150,,,,,pretrained_l1,2,,,,,,
0.024489210980451,23.94902309728241,0.8722818382655928,0.7645583399435065,0.8457711437792134,0.8173076923076923,0.8762886597938144,0.8085106377983816,97,104,91,0.1786195252682049,0.2791618712229217,0.5773733854293823,0.4212581012321827,0.1973912173204841,0.5832176804542542,0.6791855692863464,pretrained_l1_s2,R05-C03,19,1,,,,,pretrained_l1,2,,,,,,
0.0245754180050889,24.056320156128812,0.8677254926214861,0.7851481707501218,0.8545454540454545,0.8545454545454545,0.8545454545454545,0.7980769225785873,110,110,98,0.212474359154953,0.2864428719218194,0.5717779397964478,0.4288697046033817,0.2083755681072197,0.5703129768371582,0.6692277193069458,pretrained_l1_s2,R05-C03,19,10,,,,,pretrained_l1,2,,,,,,
0.0324969917814734,22.74485628983551,0.8116315073822102,0.7431598915472649,0.7295597479278508,0.7160493827160493,0.7435897435897436,0.7728813554338638,156,162,139,0.4044500336211151,0.2290836040323815,0.5667223930358887,0.4273203152249698,0.2103622842728512,0.5482192039489746,0.6320778727531433,pretrained_l1_s2,R05-C03,19,50,,,,,pretrained_l1,2,,,,,,
0.0422467906707304,20.749319957987204,0.749843279623003,0.6616677405506503,0.6126126121127039,0.6210045662100456,0.6044444444444445,0.6969696964789944,225,219,171,0.6149259590549774,0.1500972599357412,0.5677084922790527,0.5556229201611421,0.1794140257127176,0.4863593578338623,0.6773721575737,pretrained_l1_s2,R05-C03,19,100,,,,,pretrained_l1,2,,,,,,
0.0520362187937886,19.734514041327476,0.6812708075879068,0.6274854942830963,0.4863013693701973,0.5525291828793775,0.4342507645259938,0.5961199289650345,327,257,240,0.645655856043157,0.1804218953562643,0.4086335301399231,0.5312179027909014,0.2470743011198906,0.3512718677520752,0.6717386245727539,pretrained_l1_s2,R05-C03,19,150,,,,,pretrained_l1,2,,,,,,
0.0224159836501928,24.326763663852795,0.8815540692914114,0.7659549148137116,0.7065868258473232,0.7023809523809523,0.7108433734939759,0.7114093954796629,83,84,66,0.2699656300696847,0.2200807048293931,0.5602979063987732,0.3586372632584991,0.2041006250795137,0.5667776465415955,0.6600430607795715,pretrained_l1_s2,R05-C03,2,1,,,,,pretrained_l1,2,,,,,,
0.0228169106414765,24.45561459580385,0.8721974673027996,0.7818292049362362,0.6976744181049216,0.7142857142857143,0.6818181818181818,0.7581699341518219,88,84,65,0.3150560181798035,0.2430592655553283,0.5489908456802368,0.362454684286245,0.2341557425264634,0.5496021509170532,0.6545683741569519,pretrained_l1_s2,R05-C03,2,10,,,,,pretrained_l1,2,,,,,,
0.0297758596929995,23.345415367267208,0.830987944012102,0.7620311833792609,0.6972477059220604,0.7037037037037037,0.6909090909090909,0.7596153841170487,110,108,98,0.3955923099980415,0.2237352057662946,0.5223171710968018,0.3585788440469017,0.2243382525675747,0.5129992961883545,0.5859386920928955,pretrained_l1_s2,R05-C03,2,50,,,,,pretrained_l1,2,,,,,,
0.0369676091283275,22.224895506283072,0.7856281789770106,0.7363684206761822,0.6194690260502432,0.65625,0.5865921787709497,0.6455696197619971,179,160,137,0.4820938284878931,0.1798511686655174,0.5377086997032166,0.4433466028180879,0.1850512895937272,0.5057932734489441,0.591161847114563,pretrained_l1_s2,R05-C03,2,100,,,,,pretrained_l1,2,,,,,,
0.0478886970378078,20.33504361169486,0.7193269723950213,0.6872766510411492,0.5352697090463576,0.57847533632287,0.4980694980694981,0.7381974243989297,259,223,207,0.5573798342787091,0.1491962113514201,0.5228112936019897,0.5305415795952526,0.1611879786670422,0.4693584442138672,0.6443589329719543,pretrained_l1_s2,R05-C03,2,150,,,,,pretrained_l1,2,,,,,,
0.0258977365904194,22.99708402066755,0.8864837706716864,0.8011153450056733,0.791111110611595,0.8165137614678899,0.7672413793103449,0.7809523804578684,116,109,94,0.199380794308633,0.2360520623597892,0.5771591067314148,0.3290308084626316,0.1923618321505405,0.5881527066230774,0.6573136448860168,pretrained_l1_s2,R05-C03,20,1,,,,,pretrained_l1,2,,,,,,
0.0263041772582711,23.60568080593095,0.8695665747465272,0.8030182811618277,0.7948717943723791,0.8230088495575221,0.768595041322314,0.8214285709318001,121,113,103,0.1909888694234338,0.2853385566531038,0.5865044593811035,0.3264454790067414,0.2120930361995236,0.6019447445869446,0.6866629123687744,pretrained_l1_s2,R05-C03,20,10,,,,,pretrained_l1,2,,,,,,
0.035603913830212,21.357466878800807,0.8015494382313763,0.7307228121358071,0.6884272992033038,0.6946107784431138,0.6823529411764706,0.7619047614079112,170,167,145,0.2468430441532825,0.2645664089279123,0.6088542938232422,0.4174238952096994,0.1957991592276758,0.581000804901123,0.6922492980957031,pretrained_l1_s2,R05-C03,20,50,,,,,pretrained_l1,2,,,,,,
0.0452898607521682,20.234506404597205,0.7439663436264101,0.7119431269395872,0.5567451815145192,0.5909090909090909,0.5263157894736842,0.6447058818661203,247,220,178,0.4800830639063809,0.2013079444492383,0.5384218692779541,0.5253089558697402,0.1841564535812692,0.4708968997001648,0.7071648836135864,pretrained_l1_s2,R05-C03,20,100,,,,,pretrained_l1,2,,,,,,
0.0635891797462091,17.586724942795026,0.6318165006055106,0.6170975914957375,0.3674796743076952,0.4312977099236641,0.320113314447592,0.679867986312295,353,262,253,0.5192342180769314,0.2127636628322261,0.4039757251739502,0.5189123317304238,0.2472650132850552,0.3714898824691772,0.7187033891677856,pretrained_l1_s2,R05-C03,20,150,,,,,pretrained_l1,2,,,,,,
0.0146699048166514,28.21600767650473,0.9263753004691572,0.7912487720566752,0.7105263152894736,0.7105263157894737,0.7105263157894737,0.7878787873902662,38,38,28,-0.0879248120100187,0.4593421738262414,0.3464005589485168,0.2009910959105179,0.3025656421607872,0.4128950238227844,0.5741933584213257,pretrained_l1_s2,R05-C03,21,1,,,,,pretrained_l1,2,,,,,,
0.0162891627824806,27.68795326751936,0.9088825118622372,0.7934736100996033,0.7058823524412456,0.7142857142857143,0.6976744186046512,0.7199999995107556,43,42,32,-0.1084264308444652,0.500399294640563,0.39405357837677,0.2873087044195043,0.2894669257773232,0.464724063873291,0.6069449186325073,pretrained_l1_s2,R05-C03,21,10,,,,,pretrained_l1,2,,,,,,
0.0228358490388441,26.56324368530056,0.8582823954940757,0.7756252404433494,0.6724137926034482,0.6724137931034483,0.6724137931034483,0.7766990286341784,58,58,45,0.0382632757292794,0.3967881390768681,0.356876015663147,0.3436485231130515,0.2447895764625546,0.3953337073326111,0.4824864268302917,pretrained_l1_s2,R05-C03,21,50,,,,,pretrained_l1,2,,,,,,
0.0270098512068999,25.185762191965892,0.8190061482034354,0.7396486279773732,0.573099414707568,0.620253164556962,0.532608695652174,0.6666666661758879,92,79,70,0.2145769101560826,0.3150726618715636,0.410439670085907,0.39304346522749,0.2075161744686005,0.4193958044052124,0.4888695478439331,pretrained_l1_s2,R05-C03,21,100,,,,,pretrained_l1,2,,,,,,
0.0317821766160834,24.064035988745424,0.7818832832380811,0.7300990966743955,0.39700374482599,0.452991452991453,0.3533333333333333,0.6821705421489094,150,117,108,0.3799537373451145,0.2362868937161903,0.462928295135498,0.4622179647623467,0.1808269446747517,0.4609990119934082,0.5268989205360413,pretrained_l1_s2,R05-C03,21,150,,,,,pretrained_l1,2,,,,,,
0.0129556302001305,29.511446120945624,0.936131773357174,0.8555874982446524,0.7096774188595213,0.7857142857142857,0.6470588235294118,0.8437499995019531,34,28,30,-0.0674037916745066,0.4987967439747558,0.2343301177024841,0.0899267480725722,0.3802387296816539,0.2803200483322143,0.4756885170936584,pretrained_l1_s2,R05-C03,22,1,,,,,pretrained_l1,2,,,,,,
0.0131585358556556,28.487798079727412,0.9236952777047208,0.8213407009963924,0.7301587296739733,0.8846153846153846,0.6216216216216216,0.840579709647553,37,26,32,-0.2448058350535904,0.6302823682904876,0.2584215998649597,0.1686045474747209,0.3775830097172712,0.3417996168136596,0.5616978406906128,pretrained_l1_s2,R05-C03,22,10,,,,,pretrained_l1,2,,,,,,
0.0192957708912021,27.295641975615226,0.8696785333159003,0.7969425822452434,0.6170212760977817,0.6590909090909091,0.58,0.8723404250339519,50,44,44,-0.146390485089154,0.5167752479377594,0.2677817940711975,0.1849432422933435,0.333066215133377,0.3059796094894409,0.4560195803642273,pretrained_l1_s2,R05-C03,22,50,,,,,pretrained_l1,2,,,,,,
0.026725242699583,25.406601770885615,0.8117144153187225,0.7504938764093596,0.5999999995072,0.6818181818181818,0.5357142857142857,0.7763157889792243,84,66,68,-0.0131936786707773,0.3488985798667517,0.3328346610069275,0.2436724583414549,0.2398051251632837,0.3500269055366516,0.4409566521644592,pretrained_l1_s2,R05-C03,22,100,,,,,pretrained_l1,2,,,,,,
0.0310656651220201,24.139004125540843,0.7734813755512182,0.7483069770897759,0.5945945940971918,0.6407766990291263,0.5546218487394958,0.7582938383707464,119,103,92,0.0971186610622954,0.3092080894754754,0.3775798678398132,0.278761457842429,0.2213976593826941,0.3830308318138122,0.4616218209266662,pretrained_l1_s2,R05-C03,22,150,,,,,pretrained_l1,2,,,,,,
0.0139228736518549,28.873735056942607,0.932167528973592,0.7991792300516086,0.687499999512207,0.8148148148148148,0.5945945945945946,0.8529411759744808,37,27,31,0.026848787644581,0.3990355493051296,0.2394315600395202,0.053429399529052,0.3746272173640778,0.2632526159286499,0.4473527073860168,pretrained_l1_s2,R05-C03,23,1,,,,,pretrained_l1,2,,,,,,
0.0131067459956897,28.594713718914903,0.9228324344811216,0.7927329725129134,0.6153846148904142,0.6896551724137931,0.5555555555555556,0.8307692302750296,36,29,29,-0.1620202292567552,0.5640409880851693,0.2656202912330627,0.1299876770770711,0.386597111657299,0.325285255908966,0.5479238033294678,pretrained_l1_s2,R05-C03,23,10,,,,,pretrained_l1,2,,,,,,
0.0182759715654912,27.88648027802509,0.8747789530348042,0.8003833854938507,0.7469879513107853,0.8157894736842105,0.6888888888888889,0.7469879513107853,45,38,38,-0.1219795219236435,0.5455539416586918,0.2464507222175598,0.1745088862162038,0.3643147088210244,0.2803877592086792,0.4508435130119324,pretrained_l1_s2,R05-C03,23,50,,,,,pretrained_l1,2,,,,,,
0.0245554706553052,26.379586925624917,0.817902772934708,0.7757554640728234,0.5471698108214668,0.5686274509803921,0.5272727272727272,0.699999999505,55,51,45,-0.0708210029971045,0.3979938072149002,0.2782514095306396,0.2005356999058326,0.2728809517666062,0.2981637716293335,0.4083485007286072,pretrained_l1_s2,R05-C03,23,100,,,,,pretrained_l1,2,,,,,,
0.0295415277788356,24.38799055374036,0.7772504093131619,0.7273882852893919,0.5507246371828397,0.5846153846153846,0.5205479452054794,0.7633587781325097,73,65,58,-0.0109075934016192,0.3197373422964875,0.3315310478210449,0.224874762602957,0.2291750385032954,0.340384304523468,0.4288229346275329,pretrained_l1_s2,R05-C03,23,150,,,,,pretrained_l1,2,,,,,,
0.0185769683944127,26.08959074940251,0.9146480418047912,0.8502554852882213,0.8571428566429025,0.8490566037735849,0.8653846153846154,0.9523809518809976,52,53,53,0.1608893605275213,0.2736863659102033,0.3635626435279846,0.1342010920349923,0.285298413587906,0.3830684423446655,0.5053724050521851,pretrained_l1_s2,R05-C03,24,1,,,,,pretrained_l1,2,,,,,,
0.01761846443866,26.10755615383628,0.9080205300826484,0.8393056873470084,0.8780487799881022,0.9,0.8571428571428571,0.9105691051913544,63,60,60,0.0906392289790046,0.318026999151821,0.413510799407959,0.1362252351945573,0.2909919679905814,0.4369391202926636,0.580379843711853,pretrained_l1_s2,R05-C03,24,10,,,,,pretrained_l1,2,,,,,,
0.0238482990054502,23.901533622509213,0.8493815863018146,0.7705039129841178,0.7058823524412456,0.6976744186046512,0.7142857142857143,0.8139534878723633,84,86,88,0.0465380708192102,0.3794752700484257,0.4794236421585083,0.2289772367277593,0.2773766255178874,0.5091118216514587,0.6295451521873474,pretrained_l1_s2,R05-C03,24,50,,,,,pretrained_l1,2,,,,,,
0.0316918064701884,22.198909480969608,0.792735158820282,0.7426096097557119,0.4584980232171726,0.4873949579831932,0.4328358208955223,0.7999999995012994,134,119,121,0.1755917257198832,0.3103854629003073,0.508782684803009,0.2748895963387324,0.2392183772824882,0.5288143157958984,0.6252168416976929,pretrained_l1_s2,R05-C03,24,100,,,,,pretrained_l1,2,,,,,,
0.0415297492399817,20.74379952535871,0.7277392712931353,0.7195403741003635,0.4242424237490542,0.4794520547945205,0.3804347826086957,0.7988338187446388,184,146,159,0.276182645697013,0.2634022929622644,0.5090948343276978,0.3368387274865078,0.2183788839898997,0.5187005996704102,0.6505122780799866,pretrained_l1_s2,R05-C03,24,150,,,,,pretrained_l1,2,,,,,,
0.0184540010047706,26.14102153557145,0.9040792103452826,0.8048664995353111,0.7758620684656659,0.7894736842105263,0.7627118644067796,0.8867924523365965,59,57,47,0.1918047698142217,0.2761892492757579,0.4343406558036804,0.1995964603689081,0.2796562824159089,0.4535001516342163,0.5794134140014648,pretrained_l1_s2,R05-C03,3,1,,,,,pretrained_l1,2,,,,,,
0.0183219323609539,25.86728320927812,0.8952015057596245,0.7943940883790844,0.6976744181046811,0.6923076923076923,0.703125,0.9059829054873256,64,65,53,0.1637833865274863,0.3242630160668243,0.4621008038520813,0.2434579318105643,0.3007820723330567,0.4845117330551147,0.6390413641929626,pretrained_l1_s2,R05-C03,3,10,,,,,pretrained_l1,2,,,,,,
0.0292037629432939,23.93477665333611,0.8237652074444954,0.7428669902385167,0.7329192541584044,0.7375,0.7283950617283951,0.7887323938761158,81,80,61,0.301000634648971,0.2392743793354482,0.4512214064598083,0.2916206122878173,0.2431306102331863,0.4557470679283142,0.5423112511634827,pretrained_l1_s2,R05-C03,3,50,,,,,pretrained_l1,2,,,,,,
0.0345722119174805,22.951428625197707,0.7846817162376049,0.7412215567832764,0.647999999500512,0.6694214876033058,0.627906976744186,0.793248944651605,129,121,108,0.3168169277125834,0.220643145987876,0.4669364690780639,0.3208854605854692,0.2115602563565539,0.4532212615013122,0.5359829664230347,pretrained_l1_s2,R05-C03,3,100,,,,,pretrained_l1,2,,,,,,
0.0419829756566336,21.309631579522573,0.7420944237457908,0.69267857761631,0.5397727267729855,0.5523255813953488,0.5277777777777778,0.6463414629193931,180,172,148,0.446798891608115,0.164899334501359,0.525001049041748,0.454715777416081,0.1745988037563216,0.5007541179656982,0.6162383556365967,pretrained_l1_s2,R05-C03,3,150,,,,,pretrained_l1,2,,,,,,
0.0185222763663223,26.541471235555232,0.901693621327308,0.8105019840185758,0.8730158725159989,0.859375,0.8870967741935484,0.9499999995005556,62,64,58,0.2014652952257398,0.2762332469218053,0.4343351721763611,0.2122913441044491,0.2859556326525995,0.4480484127998352,0.5928418636322021,pretrained_l1_s2,R05-C03,4,1,,,,,pretrained_l1,2,,,,,,
0.0188115564103277,26.470951975253353,0.8907937343722842,0.8194610370181175,0.7913669059748459,0.7857142857142857,0.7971014492753623,0.8805970144258186,69,70,65,0.1506212573707849,0.3448166991706398,0.4577053785324096,0.3010483740669312,0.3029281865419322,0.4794952869415283,0.6342411637306213,pretrained_l1_s2,R05-C03,4,10,,,,,pretrained_l1,2,,,,,,
0.02620239555788,25.261724916083015,0.8357193450064697,0.8008358107440704,0.8285714280714739,0.8207547169811321,0.8365384615384616,0.8965517236382343,104,106,99,0.2294790446257446,0.2870427286707263,0.4167454242706299,0.2625845969937819,0.2824084511138309,0.4200945496559143,0.5252876877784729,pretrained_l1_s2,R05-C03,4,50,,,,,pretrained_l1,2,,,,,,
0.0345180881845177,23.332161724448667,0.7749022008030187,0.7522885291390277,0.6622950814673474,0.6516129032258065,0.6733333333333333,0.8842105258171744,150,155,135,0.3286092879161971,0.2208378811332814,0.482073962688446,0.3513605580366341,0.217726960207344,0.471129298210144,0.5482937097549438,pretrained_l1_s2,R05-C03,4,100,,,,,pretrained_l1,2,,,,,,
0.0396521066475898,21.937604962931772,0.7445466709129053,0.7233777750691521,0.5885416661686197,0.6277777777777778,0.553921568627451,0.8095238090269588,204,180,174,0.4258444924311758,0.1868494173789742,0.4932525753974914,0.4039722768696028,0.202628917015855,0.4679898619651794,0.5788155794143677,pretrained_l1_s2,R05-C03,4,150,,,,,pretrained_l1,2,,,,,,
0.0161294008603692,27.412132382338076,0.921257003251542,0.7808505434706043,0.7959183668521449,0.8863636363636364,0.7222222222222222,0.7608695647325141,54,44,38,0.1218278027599827,0.3028702119714547,0.3884087800979614,0.2305964927693669,0.2785826774651833,0.4323661923408508,0.5743024349212646,pretrained_l1_s2,R05-C03,5,1,,,,,pretrained_l1,2,,,,,,
0.0171619053190696,27.055198773205603,0.9060011515827358,0.774138687808386,0.8073394490416631,0.8301886792452831,0.7857142857142857,0.7799999995071999,56,53,44,0.1489324192898172,0.3276745035238126,0.4419415593147278,0.290569109192529,0.2890030178052621,0.4812854528427124,0.6362088322639465,pretrained_l1_s2,R05-C03,5,10,,,,,pretrained_l1,2,,,,,,
0.0243333637207949,26.242502540158355,0.8548693932642294,0.7868706428268487,0.7007299265086047,0.7384615384615385,0.6666666666666666,0.7226890751523197,72,65,47,0.2872074788314323,0.2513232104099845,0.3604757785797119,0.2470275977077521,0.2673362584547886,0.3670223951339721,0.4764233827590942,pretrained_l1_s2,R05-C03,5,50,,,,,pretrained_l1,2,,,,,,
0.0324826587396493,23.627376702716937,0.8061446897817124,0.6860022868279417,0.589861750652594,0.6095238095238096,0.5714285714285714,0.7319587623985545,112,105,82,0.3771108755543404,0.1787594999603521,0.4737650752067566,0.4113791241235162,0.1722883176598935,0.469228982925415,0.5370137095451355,pretrained_l1_s2,R05-C03,5,100,,,,,pretrained_l1,2,,,,,,
0.0372072445685028,22.260091798318005,0.7772488441524917,0.6720588331941666,0.5328947363431656,0.5586206896551724,0.5094339622641509,0.6409266404525871,159,145,100,0.4814297806150712,0.154888129707559,0.5214321613311768,0.5092975065668558,0.1523996894343707,0.513969361782074,0.5948787927627563,pretrained_l1_s2,R05-C03,5,150,,,,,pretrained_l1,2,,,,,,
0.0179131080560032,26.33906150917714,0.9147189465991532,0.8299015059709699,0.8510638292874604,0.8333333333333334,0.8695652173913043,0.9230769225769836,46,48,45,0.160720616148433,0.2714499204776634,0.362933337688446,0.1042599166316744,0.3211235805422863,0.3772609233856201,0.527759313583374,pretrained_l1_s2,R05-C03,6,1,,,,,pretrained_l1,2,,,,,,
0.0180684726895106,26.034502133030504,0.8963394937396411,0.8167913188966048,0.803738317257053,0.8113207547169812,0.7962962962962963,0.8952380947385034,54,53,51,0.1703544589016781,0.3106360637592562,0.4326652884483337,0.149137970161761,0.3541044740527503,0.4312127232551574,0.6190361976623535,pretrained_l1_s2,R05-C03,6,10,,,,,pretrained_l1,2,,,,,,
0.0226912763679597,25.87073219996265,0.8544470582170738,0.8471546072648254,0.7222222217226081,0.7428571428571429,0.7027027027027027,0.7891156457585263,74,70,73,0.1698109760292849,0.331647814363592,0.3681586384773254,0.1480083044004078,0.3599507949817248,0.3772056698799133,0.5322175025939941,pretrained_l1_s2,R05-C03,6,50,,,,,pretrained_l1,2,,,,,,
0.0314858049028803,23.248959750108945,0.7885802085171634,0.769996221899552,0.507177032994208,0.5353535353535354,0.4818181818181818,0.7135678387015479,110,99,89,0.2765346329520166,0.2388981648248852,0.4597602486610412,0.210106067315637,0.2704776316461995,0.4592437744140625,0.5579397678375244,pretrained_l1_s2,R05-C03,6,100,,,,,pretrained_l1,2,,,,,,
0.033270715691999,22.182117268303433,0.7837235782694558,0.7639755562768843,0.615384614886065,0.6504065040650406,0.583941605839416,0.7470817115644446,137,123,120,0.2706379535209837,0.2370327953864157,0.4808822870254516,0.2363207290072383,0.2613192001468728,0.4839870929718017,0.5727726221084595,pretrained_l1_s2,R05-C03,6,150,,,,,pretrained_l1,2,,,,,,
0.0135019710417069,29.527929560131305,0.923305728557686,0.7582279908237041,0.7272727267728926,0.7407407407407407,0.7142857142857143,0.9259259254266118,28,27,26,0.0391015581245953,0.4347942593263395,0.2505272626876831,0.146037144100263,0.3972881138486114,0.2779098749160766,0.5080959796905518,pretrained_l1_s2,R05-C03,7,1,,,,,pretrained_l1,2,,,,,,
0.0153176732169385,28.560369208745097,0.9033215808511248,0.7153457638320613,0.709677418855359,0.7333333333333333,0.6875,0.8387096769198752,32,30,30,0.0845385256734438,0.4603516107992903,0.286378264427185,0.1944326580664012,0.4015633054739257,0.3292192816734314,0.546786904335022,pretrained_l1_s2,R05-C03,7,10,,,,,pretrained_l1,2,,,,,,
0.0231448489258475,27.73458710347401,0.8462372458581189,0.757981961691569,0.578947367924169,0.6285714285714286,0.5365853658536586,0.6493506488527576,41,35,36,0.1497640268474492,0.3155321665107007,0.21000736951828,0.1875221708374091,0.3027501144012275,0.2238813638687133,0.3612170815467834,pretrained_l1_s2,R05-C03,7,50,,,,,pretrained_l1,2,,,,,,
0.0300378711204343,25.46180675121858,0.7843189523413338,0.6714461466308157,0.5084745757717609,0.5263157894736842,0.4918032786885246,0.7499999995039858,61,57,51,0.1484270147542919,0.2415259596046472,0.2512129545211792,0.2195324266017065,0.2229035567773722,0.2653907537460327,0.357684850692749,pretrained_l1_s2,R05-C03,7,100,,,,,pretrained_l1,2,,,,,,
0.035087647710256,23.87325605048348,0.7478385537492683,0.6707173782600001,0.4632768356601233,0.4939759036144578,0.4361702127659574,0.6540880498310985,94,83,65,0.2051773442639088,0.2110608278673761,0.3146859407424927,0.2754942897079677,0.1892480417890948,0.3250897526741028,0.4022126197814941,pretrained_l1_s2,R05-C03,7,150,,,,,pretrained_l1,2,,,,,,
0.0186829103739172,25.84387916602319,0.9046442255100976,0.7697466444185193,0.7751937979498827,0.7936507936507936,0.7575757575757576,0.895999999501568,66,63,59,0.099055408501145,0.2989633032328866,0.4464002251625061,0.1928566915983443,0.2734383522539043,0.471641480922699,0.6103469133377075,pretrained_l1_s2,R05-C03,8,1,,,,,pretrained_l1,2,,,,,,
0.0196993319039569,25.72993489158494,0.8880679217615515,0.7635642593405377,0.8444444439444718,0.8382352941176471,0.8507462686567164,0.8593749995010986,67,68,61,0.1253382480086663,0.3747758059470829,0.4718465805053711,0.335128001119239,0.2749055796523511,0.5119482278823853,0.6603982448577881,pretrained_l1_s2,R05-C03,8,10,,,,,pretrained_l1,2,,,,,,
0.0258218420289363,24.862780182233735,0.8413025576648288,0.7673860523259596,0.6627906971744185,0.6627906976744186,0.6627906976744186,0.8095238090240929,86,86,82,0.3108452792734476,0.2860329716439176,0.4472711682319641,0.3906774270342169,0.2396038837192753,0.458448588848114,0.5586400032043457,pretrained_l1_s2,R05-C03,8,50,,,,,pretrained_l1,2,,,,,,
0.0323287375954885,22.73090262426177,0.7996318701182598,0.6917759691270867,0.5469387750132111,0.5929203539823009,0.5075757575757576,0.7391304342935349,132,113,98,0.5154195220877598,0.2192935009732819,0.5235010385513306,0.4948827137930846,0.1979379824763867,0.5228955745697021,0.6147304773330688,pretrained_l1_s2,R05-C03,8,100,,,,,pretrained_l1,2,,,,,,
0.0388052344969214,21.706678455892696,0.7594060523941506,0.6821163706414597,0.4664536736245955,0.5069444444444444,0.4319526627218935,0.7003366998462288,169,144,128,0.5417892280989286,0.1908599701987077,0.504878044128418,0.5133084274641276,0.1817817439778146,0.504754900932312,0.6223738193511963,pretrained_l1_s2,R05-C03,8,150,,,,,pretrained_l1,2,,,,,,
0.0254511451011282,23.63485247625876,0.8702826554894046,0.7691233339763597,0.772727272227438,0.7870370370370371,0.7589285714285714,0.8309178738995076,112,108,95,0.3063075135777708,0.2062191283958051,0.5771690607070923,0.3282448849951104,0.2191781800557124,0.5827170610427856,0.6788973808288574,pretrained_l1_s2,R05-C03,9,1,,,,,pretrained_l1,2,,,,,,
0.0255509768158572,24.0468153454955,0.8682069632124979,0.7890839130737305,0.8050847452628555,0.8189655172413793,0.7916666666666666,0.8054298637570894,120,116,101,0.3029244508057357,0.2283750438157593,0.5903590321540833,0.3663645355217564,0.226541180923464,0.5931103229522705,0.685326337814331,pretrained_l1_s2,R05-C03,9,10,,,,,pretrained_l1,2,,,,,,
0.0357444523064316,22.393724969868344,0.8014589404746458,0.7602814358257057,0.7812499995001757,0.7961783439490446,0.7668711656441718,0.75510204032225,163,157,131,0.3394148585009737,0.2410354497570744,0.5438756346702576,0.420001729489773,0.2150138251735339,0.521148145198822,0.6195504665374756,pretrained_l1_s2,R05-C03,9,50,,,,,pretrained_l1,2,,,,,,
0.0434273746996671,21.104949809323756,0.7498024789653631,0.7332885100239342,0.6826086951524102,0.6977777777777778,0.6680851063829787,0.724220623009276,235,225,182,0.5283386236508156,0.1866580457336119,0.538352370262146,0.5380366119730471,0.1860521748684045,0.4707879424095154,0.6611939668655396,pretrained_l1_s2,R05-C03,9,100,,,,,pretrained_l1,2,,,,,,
0.0567548905265765,19.07216010028712,0.6829389237465253,0.6523752846443766,0.5135135130151413,0.5445859872611465,0.4857954545454545,0.6110183634552635,352,314,247,0.6333417710614917,0.163335399178434,0.4359999895095825,0.5870276395119659,0.1974288006238049,0.3497782349586487,0.6677899360656738,pretrained_l1_s2,R05-C03,9,150,,,,,pretrained_l1,2,,,,,,
0.0209549402526997,25.646802367521666,0.8949014280843736,0.7861453634292827,0.7972972967995801,0.855072463768116,0.7468354430379747,0.8111888106943127,79,69,64,0.1720285986905234,0.2821633069454002,0.4751314520835876,0.2340305822523065,0.2407054659329335,0.4966710805892944,0.5934323072433472,chipstain_nll_s0,R05-C03,0,1,0.2691389027788073,0.2159329120177175,0.4954065680503845,0.0275714080780744,chipstain_nll,0,,,,,,
0.0203921387581854,25.782659359971376,0.8841193768646958,0.8002563437920512,0.716981131575966,0.7402597402597403,0.6951219512195121,0.824324323830168,82,77,66,0.2323234875918221,0.3102798389226109,0.5167474746704102,0.3394410621282647,0.246570560082047,0.532917857170105,0.6505821943283081,chipstain_nll_s0,R05-C03,0,10,0.4141637152615418,0.1966510351638623,0.5340353846549988,0.0279435645788908,chipstain_nll,0,,,,,,
0.0283228969850512,23.924300742264805,0.8244530316751312,0.7676601867611252,0.7399999995000499,0.7474747474747475,0.7326732673267327,0.734463276346133,101,99,76,0.3566748623154396,0.2587696692759594,0.5170321464538574,0.3677524511576975,0.2338205315163343,0.5110175609588623,0.5969460606575012,chipstain_nll_s0,R05-C03,0,50,0.3631238436945571,0.225639479513182,0.5211859941482544,0.0324085429310798,chipstain_nll,0,,,,,,
0.0355342713052832,22.84171360625455,0.7701730958975729,0.7640166604089383,0.6133333328341332,0.6388888888888888,0.5897435897435898,0.7482517477558803,156,144,130,0.4679983354798974,0.3123887888218647,0.5400340557098389,0.4658805007963488,0.1956061911608602,0.5066058039665222,0.6032421588897705,chipstain_nll_s0,R05-C03,0,100,0.4883683957227454,0.213156715349839,0.5338254570960999,0.0426192693412303,chipstain_nll,0,,,,,,
0.0438956217080116,21.405397871937563,0.7282719131798089,0.7360201276998348,0.6261682238012053,0.67,0.5877192982456141,0.6568627446049596,228,200,180,0.6226310960582805,0.2613979629859951,0.5500853061676025,0.6152049832707532,0.1592995761607153,0.447454571723938,0.6388314962387085,chipstain_nll_s0,R05-C03,0,150,0.6591244700627679,0.1423156390915504,0.5409636497497559,0.0551356337964534,chipstain_nll,0,,,,,,
0.02769904466144,24.117893008062513,0.858980413030737,0.8060300116110095,0.8029739771957269,0.8307692307692308,0.7769784172661871,0.8396946559904142,139,130,123,0.2527537200929361,0.2612329398228927,0.5544701218605042,0.3348980356476382,0.2083171666955155,0.5470744967460632,0.6193519830703735,chipstain_nll_s0,R05-C03,1,1,0.385572374162282,0.1823119629834914,0.559140682220459,0.0379255898296833,chipstain_nll,0,,,,,,
0.0291273273076522,23.47534273197004,0.8393953981164693,0.7855561578037521,0.8689655167414031,0.875,0.863013698630137,0.8142857137866326,146,144,134,0.3059051278858377,0.2584415469195689,0.6357369422912598,0.4783752221343255,0.1852993498484703,0.6050798892974854,0.6886997818946838,chipstain_nll_s0,R05-C03,1,10,0.5218941701863511,0.1578975770276381,0.6308921575546265,0.0412957295775413,chipstain_nll,0,,,,,,
0.0360239929987322,22.56453790954053,0.7844539857765148,0.7607338876023422,0.6999999995000125,0.6965174129353234,0.7035175879396985,0.7582417577461206,199,201,165,0.5350831789549964,0.1867179788902949,0.6191648244857788,0.5817551671915464,0.1735482572217086,0.5022443532943726,0.6735557317733765,chipstain_nll_s0,R05-C03,1,50,0.5885780770176582,0.1512283047302947,0.6164882183074951,0.0510440580546855,chipstain_nll,0,,,,,,
0.0536701846661743,20.39560320264209,0.6875346776116924,0.7234816199146584,0.6416938105751784,0.6566666666666666,0.6273885350318471,0.7423423418509925,314,300,241,0.7360695343696898,0.1284081157472081,0.4746290445327759,0.6823126944383423,0.1674642656434153,0.3230497241020202,0.6111611127853394,chipstain_nll_s0,R05-C03,1,100,0.7248103597597695,0.1198734087652343,0.4742580056190491,0.0790695324540138,chipstain_nll,0,,,,,,
0.0688931738705759,18.881812331423472,0.6232783998760688,0.6623374844385491,0.5915841579185986,0.6390374331550802,0.5506912442396313,0.6417112294593926,434,374,314,0.7680230582336253,0.1208823722551374,0.3553200364112854,0.6586403791659442,0.2082506804370004,0.2266366481781005,0.5460877418518066,chipstain_nll_s0,R05-C03,1,150,0.7497165576623012,0.1262614467684844,0.357056975364685,0.1000578328967094,chipstain_nll,0,,,,,,
0.0359849112677891,22.07724235891852,0.8184184618994791,0.8062488596616407,0.7903225801451613,0.7903225806451613,0.7903225806451613,0.8045977006518034,186,186,162,0.337673137976123,0.2348799474701253,0.5955007076263428,0.3898826433057479,0.195310817272575,0.5391731262207031,0.6381365060806274,chipstain_nll_s0,R05-C03,10,1,0.4018212274919303,0.1787997093511371,0.5912196040153503,0.0462742857635021,chipstain_nll,0,,,,,,
0.0369761312767777,21.69789880831892,0.8014885737656151,0.7829308238804114,0.8232323227323741,0.815,0.8316326530612245,0.8096514740321283,196,200,177,0.4585946591968317,0.197756452225672,0.6533161997795105,0.510653692426172,0.1647452057254796,0.5575791597366333,0.694586992263794,chipstain_nll_s0,R05-C03,10,10,0.5361516281730003,0.1370347058854672,0.6479822397232056,0.0492447055876255,chipstain_nll,0,,,,,,
0.0472797726675349,20.671598501968184,0.7348921125491297,0.7684039611158611,0.7556390972444244,0.7472118959107806,0.7642585551330798,0.7886178856812496,263,269,229,0.6754697016792302,0.1435971275629321,0.5552106499671936,0.6343036112271062,0.1696974024963448,0.4122999906539917,0.6595859527587891,chipstain_nll_s0,R05-C03,10,50,0.6690638498431638,0.1302793592363761,0.5497397184371948,0.0648000314831733,chipstain_nll,0,,,,,,
0.0621380382631233,19.475648414891182,0.6642171049749451,0.7054988760538896,0.6289473679215513,0.6494565217391305,0.6096938775510204,0.6551724133010964,392,368,304,0.7370164322558516,0.13552234850443,0.378229022026062,0.651350295714419,0.2123980960608734,0.2253111600875854,0.5752749443054199,chipstain_nll_s0,R05-C03,10,100,0.7337227715746792,0.1321005672479512,0.3738129138946533,0.0925694406032562,chipstain_nll,0,,,,,,
0.0801400318403557,18.006536039163787,0.5730581871175408,0.6412171946153891,0.5614385609413682,0.6069114470842333,0.5223048327137546,0.6048565116588842,538,463,368,0.6910355869996464,0.1895219292369948,0.2603044509887695,0.5653465415637005,0.2854400651386203,0.1470497250556945,0.5016610622406006,chipstain_nll_s0,R05-C03,10,150,0.6935152022640132,0.1795877692369216,0.2615427374839782,0.1134372875094413,chipstain_nll,0,,,,,,
0.0298499509338764,22.929265888328715,0.850004964459757,0.8081818996108924,0.8367346933775741,0.8424657534246576,0.831081081081081,0.8413284127883879,148,146,123,0.296916243856426,0.2387952347994477,0.6263025999069214,0.4865848298688184,0.1529617576016607,0.608108639717102,0.6824938058853149,chipstain_nll_s0,R05-C03,11,1,0.5225251940501646,0.13176224272872,0.6291013956069946,0.0389188826084136,chipstain_nll,0,,,,,,
0.0336090469414443,22.84541740549351,0.8141436101153117,0.7992650950995845,0.7692307687309267,0.7558139534883721,0.7831325301204819,0.7622149832166706,166,172,141,0.394582158326874,0.2835254042292086,0.6184103488922119,0.5300100609890364,0.1548660926979222,0.5583646297454834,0.6771217584609985,chipstain_nll_s0,R05-C03,11,10,0.589011333997297,0.1226851499034023,0.6097742319107056,0.0462926179170608,chipstain_nll,0,,,,,,
0.0417804092479397,21.542031604215204,0.7633343202585084,0.772381097015432,0.7435897430897527,0.7467811158798283,0.7404255319148936,0.7664399087992142,235,233,206,0.6313987120376072,0.1518335797782726,0.5997673273086548,0.6422883675360799,0.1483182992394106,0.4581726789474487,0.6717289090156555,chipstain_nll_s0,R05-C03,11,50,0.6751504364844096,0.1110261939896191,0.5952857732772827,0.0590559616684913,chipstain_nll,0,,,,,,
0.0545362513911634,20.11127724626417,0.6973644791067575,0.7398238797870061,0.6065088752407655,0.6366459627329193,0.5790960451977402,0.7104851325261742,354,322,285,0.7332209919565721,0.1309667271001531,0.4556832909584045,0.6781444610181863,0.1595680970376492,0.3214945197105407,0.6158638000488281,chipstain_nll_s0,R05-C03,11,100,0.7360496494981876,0.1074081384508965,0.4586470127105713,0.0771313682198524,chipstain_nll,0,,,,,,
0.0686046640685295,18.95907434244994,0.6282868634001273,0.6854144379783407,0.5430303025342177,0.5957446808510638,0.4988864142538975,0.6025974021112194,449,376,321,0.7091273344391067,0.3285596213125379,0.295625627040863,0.6447482487646367,0.2517025083385085,0.1986790299415588,0.5517773628234863,chipstain_nll_s0,R05-C03,11,150,0.7048178418916908,0.3069313437290137,0.2919664978981018,0.1006907150149345,chipstain_nll,0,,,,,,
0.0243447282639595,24.292499314904244,0.8732446548578779,0.8289511031491342,0.8962264145945176,0.9134615384615384,0.8796296296296297,0.8780487799892445,108,104,97,0.1370974380962182,0.3465210959966223,0.5264486074447632,0.3599530475317348,0.2243190427352192,0.5441382527351379,0.6376179456710815,chipstain_nll_s0,R05-C03,12,1,0.4063805191924805,0.1933874631155815,0.5500742197036743,0.0317400395870208,chipstain_nll,0,,,,,,
0.0253510874132196,24.36353448203738,0.8580898888692632,0.8324860227272189,0.9075630247101192,0.9152542372881356,0.9,0.9170305671867433,120,118,109,0.1666894348679809,0.3452260718770129,0.5289895534515381,0.3508149740028669,0.2507235610734075,0.5314912796020508,0.6308002471923828,chipstain_nll_s0,R05-C03,12,10,0.4064289705747121,0.2135464639095556,0.5410800576210022,0.0335639826953411,chipstain_nll,0,,,,,,
0.034478204664912,22.793003761119863,0.7942340191124461,0.8073650316390862,0.8316831678168806,0.8235294117647058,0.84,0.8158844760377432,150,153,127,0.3712653698030788,0.2361991684576672,0.5537101030349731,0.2893705940403461,0.2542389987110776,0.5069295167922974,0.5999563932418823,chipstain_nll_s0,R05-C03,12,50,0.3122803169853532,0.2302008423407164,0.5505773425102234,0.0417459718883037,chipstain_nll,0,,,,,,
0.0457925784522327,21.198882692832058,0.7166725892717205,0.7705412821813805,0.7347826081957372,0.7253218884120172,0.7444933920704846,0.7447306786589077,227,233,200,0.5456454485113956,0.1732056354319083,0.5261017084121704,0.4344088316588946,0.2192192565248254,0.405137836933136,0.6004297137260437,chipstain_nll_s0,R05-C03,12,100,0.4535787887143294,0.1956979718074843,0.5191468000411987,0.0580602958798408,chipstain_nll,0,,,,,,
0.0661561894996785,18.9986581787507,0.6177177513399907,0.7146635579953727,0.5417867430166641,0.5645645645645646,0.5207756232686981,0.7723935384151751,361,333,320,0.7332113041819429,0.12101662665995,0.3896132111549377,0.656781821412863,0.1718732600977201,0.2877885699272156,0.5633102059364319,chipstain_nll_s0,R05-C03,12,150,0.7179308141892264,0.1180353368903785,0.4027585983276367,0.0890821814537048,chipstain_nll,0,,,,,,
0.0151511763871193,28.20042323545504,0.9176903773660948,0.776300694474683,0.8695652168939298,0.8108108108108109,0.9375,0.7333333328355556,32,37,28,0.0641125181905844,0.4248170045892485,0.3383644223213196,0.2243700164504898,0.3198779943728674,0.3770867586135864,0.550233781337738,chipstain_nll_s0,R05-C03,13,1,0.2039466990583937,0.3117813075897025,0.3638082146644592,0.0203113704919815,chipstain_nll,0,,,,,,
0.0164794839014908,27.78059589927849,0.8976465211116175,0.7817310101864661,0.7999999995043555,0.7317073170731707,0.8823529411764706,0.799999999501065,34,41,31,0.0436869749123465,0.4745670315498972,0.3643316030502319,0.2632384287478328,0.3335322576687798,0.4020319581031799,0.5881999731063843,chipstain_nll_s0,R05-C03,13,10,0.3692039712295308,0.2711249481071076,0.3954334855079651,0.021471818909049,chipstain_nll,0,,,,,,
0.0252625455726439,25.938003112790746,0.8314982458287862,0.7482246113747621,0.7155963297762815,0.6842105263157895,0.75,0.7472527467629514,52,57,39,0.1056990299773243,0.3450487894396041,0.3435790538787842,0.2680750132858804,0.2633266190842863,0.3487929105758667,0.4648159742355346,chipstain_nll_s0,R05-C03,13,50,0.4014596059065178,0.2110557114394929,0.3502237200736999,0.0250502321869134,chipstain_nll,0,,,,,,
0.031722642975235,24.65466929752374,0.7727639204120262,0.7315920461830944,0.6341463409646042,0.6046511627906976,0.6666666666666666,0.729927006808887,78,86,59,0.2534715939911143,0.2336889129348637,0.3794126510620117,0.2689666847563226,0.2250087588287697,0.3650277256965637,0.4533136487007141,chipstain_nll_s0,R05-C03,13,100,0.3082728884532419,0.2070431476457937,0.3725310564041137,0.0301798544824123,chipstain_nll,0,,,,,,
0.0372253260192803,23.52010087298908,0.7256164490586634,0.7278864332295133,0.5982905977905982,0.5982905982905983,0.5982905982905983,0.7254901955892444,117,117,87,0.396233904997792,0.1830252652623576,0.4223392009735107,0.2970711651193214,0.2136453120488203,0.3992120027542114,0.4702516794204712,chipstain_nll_s0,R05-C03,13,150,0.314058852573929,0.2016131907185681,0.4156727194786072,0.0363414771854877,chipstain_nll,0,,,,,,
0.0157949273342944,27.639214010299614,0.9159079185455812,0.7601309900952748,0.8571428566460065,0.7941176470588235,0.9310344827586208,0.9090909085923968,29,34,26,0.0735387531916676,0.4135958372142742,0.35052090883255,0.1485442382560926,0.3030460878545053,0.3745571970939636,0.5210226774215698,chipstain_nll_s0,R05-C03,14,1,0.0853313167889783,0.3333771579757287,0.3568211197853088,0.0202202387154102,chipstain_nll,0,,,,,,
0.0148911045087773,27.872683258655396,0.9082901521722871,0.7789782553605993,0.7887323938686768,0.7368421052631579,0.8484848484848485,0.8571428566439909,33,38,30,-0.0254707602513644,0.4548220221459967,0.3873142600059509,0.277028029025709,0.2905170553838153,0.4367480278015136,0.6148788928985596,chipstain_nll_s0,R05-C03,14,10,0.3107302015858908,0.2770304584731159,0.4291380643844604,0.0206758212298154,chipstain_nll,0,,,,,,
0.0221588909242985,25.93017675328977,0.85422835645845,0.7001246493261332,0.4494382017487691,0.425531914893617,0.4761904761904761,0.7948717943747535,42,47,36,0.0475310050847129,0.3746881759671173,0.3821990489959717,0.3289777186868969,0.2553230118647066,0.401728868484497,0.5242483019828796,chipstain_nll_s0,R05-C03,14,50,0.3978698754998901,0.2281451459084153,0.3922113180160522,0.0225406326353549,chipstain_nll,0,,,,,,
0.0288166122011797,24.125481575067163,0.8107714475856779,0.6944850661103597,0.4307692302697041,0.417910447761194,0.4444444444444444,0.7413793098485433,63,67,53,0.1283047716495068,0.261196838065773,0.4210078120231628,0.346662044716563,0.1949744560362122,0.4234566688537597,0.5090311169624329,chipstain_nll_s0,R05-C03,14,100,0.3912968528435697,0.1777884117491304,0.4223926663398742,0.0270816050469875,chipstain_nll,0,,,,,,
0.0343061764740294,23.5998296056708,0.762190063163812,0.7230896753862135,0.5617977523090519,0.5555555555555556,0.5681818181818182,0.603550295358846,88,90,81,0.2885903674585264,0.1977647628924628,0.4549160599708557,0.3591185544695729,0.180601537850595,0.4404072761535644,0.5053451061248779,chipstain_nll_s0,R05-C03,14,150,0.391120534838682,0.1659144795299452,0.4447343945503235,0.0335221737623214,chipstain_nll,0,,,,,,
0.0170726175393173,27.213732231325473,0.9097757001468492,0.8197507998551447,0.6222222217244444,0.6666666666666666,0.5833333333333334,0.8172043005757891,48,42,45,0.160008689059394,0.4886218844294002,0.3513892292976379,0.168527692550844,0.2929063872670409,0.3964848518371582,0.5258837938308716,chipstain_nll_s0,R05-C03,15,1,0.1954333917269517,0.2775028412805173,0.3903728127479553,0.0218535307794809,chipstain_nll,0,,,,,,
0.0160367543027731,27.15556942972354,0.905704728237316,0.8145218344214837,0.7111111106133333,0.7619047619047619,0.6666666666666666,0.7032967027982128,48,42,43,0.0697647820682272,0.4049315679544743,0.4338235259056091,0.2903198087164658,0.2792147076667953,0.4616765975952148,0.6260272860527039,chipstain_nll_s0,R05-C03,15,10,0.3382337534370529,0.2536289375732224,0.455500066280365,0.0221568420529365,chipstain_nll,0,,,,,,
0.0219184075374841,25.76549496011104,0.8635135438929743,0.7981339700303737,0.6972477059230704,0.7307692307692307,0.6666666666666666,0.7619047614084352,57,52,48,0.0787157931807788,0.3548083912785321,0.4037519693374634,0.3068255593644509,0.2662086546509371,0.4191750288009643,0.5425608158111572,chipstain_nll_s0,R05-C03,15,50,0.3733445910682776,0.2277283940838867,0.413553237915039,0.0243699662387371,chipstain_nll,0,,,,,,
0.0300697317386514,23.803500556944908,0.8002548527777089,0.7653755502742914,0.6134969320153562,0.6172839506172839,0.6097560975609756,0.6887417213580107,82,81,69,0.2543743461050207,0.5212657075442763,0.4518831968307495,0.3621762589285767,0.2876504538883084,0.4763134717941284,0.5774680376052856,chipstain_nll_s0,R05-C03,15,100,0.3633072104792388,0.3674121273799194,0.4554027318954468,0.0307068154215812,chipstain_nll,0,,,,,,
0.0395937128181194,21.436794636220988,0.7501246944157046,0.6596661982909361,0.4999999995013376,0.5272727272727272,0.4754098360655737,0.6877828049352798,122,110,99,0.4457565409328761,0.5091335622671722,0.5305299758911133,0.4646919774197836,0.2416873376766379,0.5322703123092651,0.6354462504386902,chipstain_nll_s0,R05-C03,15,150,0.4239146459260175,0.4699244347795308,0.5139914751052856,0.0405041649937629,chipstain_nll,0,,,,,,
0.0167646250355609,27.19686901848345,0.9149607409163764,0.824931856379615,0.8222222217232098,0.8604651162790697,0.7872340425531915,0.853932583771241,47,43,42,0.0204907897943199,0.374211240032834,0.3568962812423706,0.1513812242597155,0.2918436246254814,0.3952522873878479,0.5334693193435669,chipstain_nll_s0,R05-C03,16,1,0.1851436014849189,0.2701732849481056,0.3962894082069397,0.020619299262762,chipstain_nll,0,,,,,,
0.0165704359981834,27.02388506143415,0.9034001934818322,0.8184705396879461,0.7956989242317031,0.7708333333333334,0.8222222222222222,0.863636363136622,45,48,43,0.0279017832458789,0.4218819658385998,0.4013571143150329,0.2719873408665074,0.2945052427406477,0.441608726978302,0.6068885326385498,chipstain_nll_s0,R05-C03,16,10,0.3936332789294541,0.2297036943078152,0.4430939555168152,0.0210625249892473,chipstain_nll,0,,,,,,
0.0230311485697326,26.14353444272533,0.8518695744589204,0.8106300748972237,0.8396946559888119,0.8208955223880597,0.859375,0.8188976372953065,64,67,63,0.0589137213833653,0.3905330807061784,0.3992279767990112,0.3527358352133569,0.2478842730053154,0.4085690975189209,0.5215002298355103,chipstain_nll_s0,R05-C03,16,50,0.4382661738717574,0.2081221221417126,0.407514214515686,0.0250885877758264,chipstain_nll,0,,,,,,
0.0305514200299121,24.089549013994155,0.7988848524699982,0.7722463287162643,0.582417581919092,0.6162790697674418,0.5520833333333334,0.7709497201730283,96,86,83,0.2961755081048574,0.2498747330050392,0.4895627498626709,0.4021225131641251,0.1966684234406566,0.4825153350830078,0.5454534292221069,chipstain_nll_s0,R05-C03,16,100,0.4379602069706259,0.1756438345777989,0.4874435663223266,0.0325671322643756,chipstain_nll,0,,,,,,
0.0376256356953775,22.548804751727666,0.7474753132842488,0.7321070242894745,0.5298507457700212,0.5590551181102362,0.5035460992907801,0.7878787873811123,141,127,123,0.4532663821361813,0.5522878309800112,0.4964481592178345,0.4780697590019051,0.2100623604271982,0.4993850588798523,0.6151266098022461,chipstain_nll_s0,R05-C03,16,150,0.4605701279209776,0.5132414203817823,0.4845256805419922,0.040572140365839,chipstain_nll,0,,,,,,
0.0138318915183353,29.345864945512105,0.92588603806882,0.7661694912904675,0.7096774188569197,0.7586206896551724,0.6666666666666666,0.5573770486836871,33,29,28,-0.0295657309668515,0.4826062660869025,0.3012366890907287,0.1802241172666796,0.3362353196947037,0.3558653593063354,0.5311499834060669,chipstain_nll_s0,R05-C03,17,1,0.2202270082309131,0.3027145256980039,0.3661767840385437,0.0188529174774885,chipstain_nll,0,,,,,,
0.0145899599538698,29.46179581616,0.9109599619610758,0.7845577242395593,0.7352941171474914,0.7575757575757576,0.7142857142857143,0.7812499995043946,35,33,29,-0.1052074579220927,0.6056800578696903,0.2983991503715515,0.2861778019744959,0.3344533826241763,0.3826973438262939,0.5487485527992249,chipstain_nll_s0,R05-C03,17,10,0.4582567735857027,0.2328787063843984,0.4076823592185974,0.0194404795765876,chipstain_nll,0,,,,,,
0.0215499565342688,28.46242328590792,0.8580085360146094,0.8026524466644214,0.7536231879067423,0.7878787878787878,0.7222222222222222,0.5937499995078124,36,33,28,-0.0898071113233833,0.4494249967131233,0.2328778505325317,0.315103755332369,0.2569622814943346,0.2836573719978332,0.3879273533821106,chipstain_nll_s0,R05-C03,17,50,0.4862206388476585,0.1894634182044599,0.2915880084037781,0.0209164042025804,chipstain_nll,0,,,,,,
0.0265310733577455,27.345637765589764,0.8140175451764482,0.7731219847293479,0.6972477059254271,0.76,0.6440677966101694,0.5940594054547593,59,50,42,-0.0606557132308524,0.3164508973598953,0.2549903988838196,0.3661058691763956,0.1812683506648497,0.2877582907676697,0.3527088165283203,chipstain_nll_s0,R05-C03,17,100,0.5270876501023362,0.1330207358885927,0.2910248637199402,0.0239387992769479,chipstain_nll,0,,,,,,
0.0317693017812202,25.52704169103539,0.7748003017918651,0.7472573171097147,0.5798816563051713,0.5975609756097561,0.5632183908045977,0.6710526310894217,87,82,65,0.1325000518076233,0.2212910792562126,0.3358310461044311,0.4290892053537451,0.1447632739168414,0.3409274816513061,0.3909997940063476,chipstain_nll_s0,R05-C03,17,150,0.5562502624716525,0.1105971729031148,0.3443381190299988,0.0292993858456611,chipstain_nll,0,,,,,,
0.0214094653025611,25.13866975645289,0.892613125600946,0.8286213829269002,0.8023952090809995,0.8170731707317073,0.788235294117647,0.7567567562678049,85,82,63,0.0679123346889742,0.3780936886898692,0.5025455951690674,0.3158087325248664,0.2351532442343757,0.5334563851356506,0.6342953443527222,chipstain_nll_s0,R05-C03,18,1,0.3460493501862566,0.2075136609112063,0.5352818965911865,0.0284021347761154,chipstain_nll,0,,,,,,
0.0244076107557012,23.99779354248032,0.8642255110540907,0.7905617937155694,0.7597765358132392,0.7816091954022989,0.7391304347826086,0.7261146491963162,92,87,65,0.0544567709340426,0.3787291291731666,0.5471590757369995,0.354913740263938,0.2329481724184171,0.5665636658668518,0.6644011735916138,chipstain_nll_s0,R05-C03,18,10,0.4570009583396354,0.1789722673626531,0.5711600184440613,0.0302703604102134,chipstain_nll,0,,,,,,
0.0313219102784001,23.037625256172483,0.8113578100444705,0.7883259743589123,0.6574074069074074,0.6574074074074074,0.6574074074074074,0.6850828724468727,108,108,73,0.1877668733584488,0.2904338217671988,0.5178401470184326,0.2933897898918343,0.2422223557070557,0.5090928077697754,0.5876814723014832,chipstain_nll_s0,R05-C03,18,50,0.3474755957814116,0.2120998916334528,0.5194997191429138,0.0339959673583507,chipstain_nll,0,,,,,,
0.0398363465687463,21.028397071872604,0.753239214843011,0.7298350836878893,0.6350148362952919,0.6407185628742516,0.6294117647058823,0.617543859167744,170,167,115,0.4277764950709064,0.2371779444048959,0.6047263145446777,0.4166666125715931,0.2025164341045363,0.5285886526107788,0.6473169326782227,chipstain_nll_s0,R05-C03,18,100,0.4269408717111196,0.1775348377194462,0.5994142889976501,0.0444558709859848,chipstain_nll,0,,,,,,
0.0441821758497465,20.502748721993925,0.7361497122443933,0.7537932259805628,0.6181818176826549,0.6445497630331753,0.5938864628820961,0.637974683057023,229,211,166,0.5179187758916123,0.2505631335020751,0.5735152959823608,0.5003379483148837,0.1924259043918965,0.4641724824905395,0.6561848521232605,chipstain_nll_s0,R05-C03,18,150,0.5218565798473549,0.1637390603843256,0.571238100528717,0.0519777350127697,chipstain_nll,0,,,,,,
0.0247751136692644,24.016968715623676,0.8719138071628028,0.776141257795279,0.8699999995004499,0.8446601941747572,0.8969072164948454,0.8085106377983816,97,103,91,0.1862280782224051,0.3190011429880827,0.5809029340744019,0.4225092991369997,0.1941172337574004,0.5902798175811768,0.673433780670166,chipstain_nll_s0,R05-C03,19,1,0.4418710376832856,0.1772676193654235,0.5979830026626587,0.0337956026196479,chipstain_nll,0,,,,,,
0.0256873608846807,24.03102532856312,0.8577386896875053,0.7916563235780811,0.8584474880844851,0.8623853211009175,0.8545454545454545,0.7980769225785873,110,109,98,0.1854124620443897,0.3318260249339139,0.5814880132675171,0.4420315417654514,0.2037294741618189,0.5808068513870239,0.6660313010215759,chipstain_nll_s0,R05-C03,19,10,0.5075759962075099,0.1706428299919438,0.5879224538803101,0.0343621298670768,chipstain_nll,0,,,,,,
0.0340427574746088,22.785984988836994,0.797965333628389,0.7631058643836349,0.8012820507820514,0.8012820512820513,0.8012820512820513,0.7728813554338638,156,156,139,0.4017759385542033,0.2236804420506526,0.5786365270614624,0.4773738995543058,0.1891733993124053,0.5285885334014893,0.6256972551345825,chipstain_nll_s0,R05-C03,19,50,0.5117114785095973,0.1617772306707185,0.5712923407554626,0.0422843992710113,chipstain_nll,0,,,,,,
0.0520481222852139,20.06731319630065,0.6952986652628114,0.6746724727717839,0.6607538797660779,0.6592920353982301,0.6622222222222223,0.6969696964789944,225,226,171,0.7038413422517023,0.4541335233327608,0.5098317861557007,0.7015995210581834,0.2463294913474903,0.3525339365005493,0.6573269367218018,chipstain_nll_s0,R05-C03,19,100,0.7093396540524256,0.4358474870139964,0.4787279963493347,0.0660677179694175,chipstain_nll,0,,,,,,
0.0625320713389208,19.525757507583755,0.6346032539026928,0.6828886453844284,0.5914149438569107,0.6158940397350994,0.5688073394495413,0.5961199289650345,327,302,240,0.7627283817367821,0.3506783208176757,0.3798052668571472,0.7002156028911171,0.2233584117145313,0.2563592195510864,0.5731949806213379,chipstain_nll_s0,R05-C03,19,150,0.7431766622770863,0.3294963961135418,0.3638402819633484,0.0856329202651977,chipstain_nll,0,,,,,,
0.0225397239471547,24.499074779842022,0.8894292751914603,0.7804447125760003,0.8170731702317817,0.8271604938271605,0.8072289156626506,0.7114093954796629,83,81,66,0.2437514394436997,0.267752671606955,0.5792201161384583,0.3971780286614367,0.1828626525859867,0.5974079370498657,0.6630470752716064,chipstain_nll_s0,R05-C03,2,1,0.4442779601734566,0.1626392061478057,0.6006446480751038,0.0308968033641576,chipstain_nll,0,,,,,,
0.0226937512306166,24.757277860301063,0.8792561911257009,0.8008090126107734,0.7602339176290823,0.7831325301204819,0.7386363636363636,0.7581699341518219,88,83,65,0.2089150650237193,0.3158334113637261,0.5631518363952637,0.4134695367322091,0.2056172105851309,0.5739306211471558,0.6541745662689209,chipstain_nll_s0,R05-C03,2,10,0.5364534270810292,0.1530450645179548,0.5818525552749634,0.0304669421166181,chipstain_nll,0,,,,,,
0.0304563914922383,23.64854263400044,0.8269525238228873,0.790319483649271,0.7657657652658062,0.7589285714285714,0.7727272727272727,0.7596153841170487,110,112,98,0.3265219923920544,0.2361971783974443,0.5370665192604065,0.4370855354449598,0.1859391115787927,0.5169241428375244,0.5810439586639404,chipstain_nll_s0,R05-C03,2,50,0.5628986535813707,0.1297287196998054,0.5302877426147461,0.0365057475864887,chipstain_nll,0,,,,,,
0.037999894191931,22.43872203095856,0.7758656453039684,0.7651119080449614,0.6647058818543424,0.7018633540372671,0.6312849162011173,0.6455696197619971,179,161,137,0.5348837658006189,0.153289224356004,0.5587254166603088,0.4993646983899565,0.1688443394203332,0.476615846157074,0.5960782766342163,chipstain_nll_s0,R05-C03,2,100,0.5666501632597455,0.1280650504447636,0.553169310092926,0.0472715646028518,chipstain_nll,0,,,,,,
0.0507665500743389,20.639980134064952,0.6971389540652919,0.7377381214403063,0.5951416999060385,0.625531914893617,0.5675675675675675,0.7381974243989297,259,235,207,0.7268544295495227,0.153298552938374,0.5074408054351807,0.656051279903581,0.1484224494249776,0.3905829787254333,0.6075972318649292,chipstain_nll_s0,R05-C03,2,150,0.6905471850224424,0.1122566154255501,0.5026265382766724,0.0678358227014541,chipstain_nll,0,,,,,,
0.0267561400812946,23.53015231285639,0.8702751092924368,0.819441685224337,0.8035714280720663,0.8333333333333334,0.7758620689655172,0.7809523804578684,116,108,94,0.156168323940966,0.3012723854848311,0.5579624176025391,0.3927003524137764,0.1873019873341999,0.5695216655731201,0.637886643409729,chipstain_nll_s0,R05-C03,20,1,0.3572780713520734,0.1980549386011338,0.5740101337432861,0.0337257906794548,chipstain_nll,0,,,,,,
0.0274538582621542,23.685230699423855,0.853915259346259,0.8085969742775804,0.8220338978054079,0.8434782608695652,0.8016528925619835,0.8214285709318001,121,115,103,0.1946356363657834,0.3076850385093455,0.5980744361877441,0.4079779904051596,0.1954765173907894,0.6012091636657715,0.6780842542648315,chipstain_nll_s0,R05-C03,20,10,0.4009692450347086,0.1971779625609274,0.6125247478485107,0.0357309281826019,chipstain_nll,0,,,,,,
0.0385134085102777,21.72397399005866,0.7743401457752044,0.7618233234338982,0.7784431132726164,0.7926829268292683,0.7647058823529411,0.7619047614079112,170,164,145,0.4960619561984873,0.2014218354802519,0.6074056029319763,0.4340963572309714,0.2019971076591437,0.5262746214866638,0.6474398374557495,chipstain_nll_s0,R05-C03,20,50,0.374886123362615,0.2163386069230375,0.6006278991699219,0.0476761795580387,chipstain_nll,0,,,,,,
0.0474315297264318,20.8263062625006,0.7229765239704179,0.7631413252996652,0.6567796605180354,0.6888888888888889,0.6275303643724697,0.6447058818661203,247,225,178,0.5943567882301223,0.167807350232993,0.5410799980163574,0.5960364594570937,0.1698208567885188,0.3994141817092895,0.6529572010040283,chipstain_nll_s0,R05-C03,20,100,0.6029442126346944,0.144053726213122,0.541070818901062,0.0627721175551414,chipstain_nll,0,,,,,,
0.0710957432758209,18.337916528665076,0.6028560883915018,0.6920316301224065,0.5552238800984584,0.5867507886435331,0.5269121813031161,0.679867986312295,353,317,253,0.7655694608884958,0.1217322214294253,0.3809877038002014,0.6877650016128193,0.1740520668172044,0.2665458917617798,0.5659281611442566,chipstain_nll_s0,R05-C03,20,150,0.7586955392179197,0.1148537310958045,0.3787838816642761,0.0942561402916908,chipstain_nll,0,,,,,,
0.0159433206618353,27.7532261644454,0.9192272705371064,0.792137571828182,0.7246376806645661,0.8064516129032258,0.6578947368421053,0.7878787873902662,38,31,28,0.0033130439152527,0.4357816241423916,0.3789393305778503,0.2228469139076194,0.287185729350239,0.4311447739601135,0.5756856203079224,chipstain_nll_s0,R05-C03,21,1,0.2624480332163256,0.2698540946731606,0.4285352826118469,0.0216094888746738,chipstain_nll,0,,,,,,
0.0172953270423561,27.19127291913977,0.9013156201131148,0.798351276249566,0.7380952375955215,0.7560975609756098,0.7209302325581395,0.7199999995107556,43,41,32,-0.0451776901918175,0.4826801536339676,0.4247943758964538,0.3156996570463246,0.2745592047512076,0.481661319732666,0.6184430718421936,chipstain_nll_s0,R05-C03,21,10,0.3363583972006339,0.2686465860084969,0.4757514595985412,0.0230176765471696,chipstain_nll,0,,,,,,
0.0245328730111569,25.91700638347526,0.8460635617187058,0.7624889185065973,0.7256637163145115,0.7454545454545455,0.7068965517241379,0.7766990286341784,58,55,45,0.0509065244200543,0.3754749951363764,0.382017970085144,0.3560505579741491,0.2319190294271568,0.4049429297447204,0.4954284429550171,chipstain_nll_s0,R05-C03,21,50,0.4566390580239945,0.1947014140647812,0.4029227495193481,0.0256046205759048,chipstain_nll,0,,,,,,
0.0296213759135873,24.636934831958396,0.8031640776004724,0.7514858515679861,0.6298342536437838,0.6404494382022472,0.6195652173913043,0.6666666661758879,92,89,70,0.3046442381235894,0.2334294705861655,0.446107804775238,0.3855142897375948,0.1986148663528909,0.4416370391845703,0.5077791810035706,chipstain_nll_s0,R05-C03,21,100,0.3801507435771791,0.1953552718103521,0.4462763667106628,0.0321479737758636,chipstain_nll,0,,,,,,
0.0383285333944368,22.110507965718476,0.7512093738115965,0.689975367144687,0.4710144922574039,0.5158730158730159,0.4333333333333333,0.6821705421489094,150,126,108,0.5673315458273316,0.7039603656322551,0.4849188327789306,0.4713621985556983,0.2622096260389324,0.4898071885108948,0.6311331987380981,chipstain_nll_s0,R05-C03,21,150,0.4357735140548387,0.7734851277437422,0.4493374824523926,0.0428278371691703,chipstain_nll,0,,,,,,
0.0132346784417022,30.10521849107191,0.9274166712939964,0.8663377383406368,0.7333333328422222,0.8461538461538461,0.6470588235294118,0.8437499995019531,34,26,30,-0.0533675078962676,0.5158788965560341,0.232146143913269,0.1179545943550763,0.3799210446697612,0.2857961654663086,0.4877664446830749,chipstain_nll_s0,R05-C03,22,1,0.1300903104071329,0.3613194835571975,0.2948508858680725,0.0181271061301231,chipstain_nll,0,,,,,,
0.0135083347989677,29.143504746731857,0.9149103556803958,0.8461727968108772,0.7076923072018934,0.8214285714285714,0.6216216216216216,0.840579709647553,37,28,32,-0.1818850950439323,0.5991043417889381,0.252518892288208,0.1844340122766234,0.3895327901924179,0.3275553584098816,0.5639779567718506,chipstain_nll_s0,R05-C03,22,10,0.2745083124600285,0.3264044353889183,0.3476015329360962,0.0184338856488466,chipstain_nll,0,,,,,,
0.0201753404340179,27.742963607820577,0.8581412269204052,0.8250228681849601,0.622222221728395,0.7,0.56,0.8723404250339519,50,40,44,-0.1128402825464224,0.4662924223127052,0.2442002296447754,0.1780624855290375,0.3359536787982669,0.2773455381393432,0.4401200413703918,chipstain_nll_s0,R05-C03,22,50,0.3106024654873549,0.2787859903211969,0.291907250881195,0.0205543059855699,chipstain_nll,0,,,,,,
0.0281475350603386,25.58351776774971,0.7983721274055171,0.7817994360070216,0.6163522007594635,0.6533333333333333,0.5833333333333334,0.7763157889792243,84,75,68,0.1121762815245782,0.2871176669853889,0.3405269384384155,0.2143962672964382,0.2565594456680946,0.3407477140426636,0.4377263188362121,chipstain_nll_s0,R05-C03,22,100,0.2671652596833118,0.2408800805636286,0.3456172347068786,0.0279170479625463,chipstain_nll,0,,,,,,
0.0337297740086765,23.91223478134251,0.7530842250704654,0.755088895847013,0.6779661011949512,0.6837606837606838,0.6722689075630253,0.7582938383707464,119,117,92,0.348503410415916,0.2046749832248024,0.4239896535873413,0.2443469546740003,0.2492050451714182,0.4067258834838867,0.4758942723274231,chipstain_nll_s0,R05-C03,22,150,0.2523670027087921,0.2479343203153929,0.4208505749702453,0.0357537828385829,chipstain_nll,0,,,,,,
0.0136633367952061,29.74438519526819,0.9265494451796517,0.833857401840615,0.6666666661740128,0.7586206896551724,0.5945945945945946,0.8529411759744808,37,29,31,0.0524292557691662,0.4423438714412019,0.242792546749115,0.086794584339814,0.3664994466667179,0.275565505027771,0.4622743725776672,chipstain_nll_s0,R05-C03,23,1,0.09008773030154,0.3443268377623916,0.2677001357078552,0.0181425362825393,chipstain_nll,0,,,,,,
0.0133556996718654,29.206953215983965,0.9132361826571154,0.8222482861733208,0.6470588230311419,0.6875,0.6111111111111112,0.8307692302750296,36,32,29,-0.127749845186594,0.5685132910582895,0.2716950178146362,0.1997918847767672,0.3699464347860229,0.3394436240196228,0.5703743696212769,chipstain_nll_s0,R05-C03,23,10,0.2133034539156667,0.357696726491719,0.3363093733787536,0.0189770217984914,chipstain_nll,0,,,,,,
0.0191741898598417,28.491195465304735,0.8631538463877652,0.8395936759685537,0.767441859966198,0.8048780487804879,0.7333333333333333,0.7469879513107853,45,41,38,-0.1101727524557573,0.4840167877907057,0.229651927947998,0.2019872724811391,0.3433034367464782,0.2569437026977539,0.4338228702545166,chipstain_nll_s0,R05-C03,23,50,0.297122380103329,0.2914889203279198,0.2604756951332092,0.0206272900104522,chipstain_nll,0,,,,,,
0.025779969946643,26.634090066897784,0.805831797701911,0.8065497871779609,0.6140350872199137,0.5932203389830508,0.6363636363636364,0.699999999505,55,59,45,0.0037415676642256,0.3290935446018754,0.2845633029937744,0.2204090449086172,0.2622988298967025,0.2905890941619873,0.4074271321296692,chipstain_nll_s0,R05-C03,23,100,0.2757391714324769,0.2343636811215362,0.290382444858551,0.0252715554088354,chipstain_nll,0,,,,,,
0.0328057529249419,24.2509585491706,0.752433594856123,0.7457137480808033,0.5769230764251315,0.5421686746987951,0.6164383561643836,0.7633587781325097,73,83,58,0.1635930331057777,0.234579912604718,0.3923324942588806,0.2803807527822525,0.2136124754886625,0.3889268040657043,0.4582849740982055,chipstain_nll_s0,R05-C03,23,150,0.280347228723358,0.2069159308362298,0.3911452889442444,0.0328020341694355,chipstain_nll,0,,,,,,
0.0178622959528586,26.78407133787993,0.9081509110725516,0.862513759542844,0.9038461533461538,0.903846153846154,0.903846153846154,0.9523809518809976,52,52,53,0.1112155748859643,0.3579830508979763,0.372494101524353,0.1570406456215179,0.2921551259390244,0.4009557366371155,0.5269622802734375,chipstain_nll_s0,R05-C03,24,1,0.1806896929073919,0.274600549442824,0.3959165811538696,0.0231127049773931,chipstain_nll,0,,,,,,
0.0176355269248636,26.63057433589725,0.8973487359478354,0.8497565689357381,0.8292682921832243,0.85,0.8095238095238095,0.9105691051913544,63,60,60,0.0947700762807379,0.3800259130522422,0.4240018725395202,0.2198787400088531,0.286216563208128,0.45973801612854,0.6045191287994385,chipstain_nll_s0,R05-C03,24,10,0.2765283752660721,0.2584937117496187,0.4590457677841186,0.0243623461574316,chipstain_nll,0,,,,,,
0.0242964573983772,24.55155116746298,0.8395460780066768,0.8051133829298706,0.8208092480553308,0.797752808988764,0.8452380952380952,0.8139534878723633,84,89,88,0.1662416613530705,0.3391957129272883,0.4907705187797546,0.3110988434140434,0.2663772221795507,0.4924532175064087,0.6048790216445923,chipstain_nll_s0,R05-C03,24,50,0.3686542094334386,0.2286693792453651,0.4951853156089782,0.0295253284275531,chipstain_nll,0,,,,,,
0.0318444438564356,22.96897566006113,0.783418292593462,0.7900135976658302,0.6245059283555124,0.6638655462184874,0.5895522388059702,0.7999999995012994,134,119,121,0.3343894318658189,0.2520242876118572,0.5286729335784912,0.3184802412274902,0.2446081426870857,0.5066283345222473,0.5930081605911255,chipstain_nll_s0,R05-C03,24,100,0.3558329907043746,0.2130498913212134,0.5270898342132568,0.0363295339047908,chipstain_nll,0,,,,,,
0.0413381094804677,21.744242531128886,0.7201284166538465,0.7848531802621651,0.5397727267737603,0.5654761904761905,0.5163043478260869,0.7988338187446388,184,168,159,0.4897532490743603,0.1978138119006484,0.5459110736846924,0.4398062459727209,0.2051864216444119,0.4723706841468811,0.6041979789733887,chipstain_nll_s0,R05-C03,24,150,0.4680954410861028,0.180120888968042,0.5434563159942627,0.0503024943172931,chipstain_nll,0,,,,,,
0.0182659240049545,26.543590280867395,0.9093481268843304,0.8235707822319333,0.8235294112647411,0.8166666666666667,0.8305084745762712,0.8867924523365965,59,60,47,0.145969119409992,0.3689662413989245,0.4364521503448486,0.2634122489526462,0.2627846300879893,0.4635311365127563,0.5841872692108154,chipstain_nll_s0,R05-C03,3,1,0.3081312844752834,0.2360325364507371,0.4683912396430969,0.0249275490641593,chipstain_nll,0,,,,,,
0.0187677741634217,26.30365851151961,0.8919242393323414,0.8189848121133705,0.8031496057992435,0.8095238095238095,0.796875,0.9059829054873256,64,63,53,0.107452529309686,0.3846854247972798,0.4673991799354553,0.307199496131415,0.2763294174201569,0.4903079271316528,0.6317626237869263,chipstain_nll_s0,R05-C03,3,10,0.4234721053156255,0.2124349513312766,0.4991812109947204,0.025994848459959,chipstain_nll,0,,,,,,
0.0290739817037372,24.16867031283686,0.8258448241523744,0.7648130723284601,0.7453416144068516,0.75,0.7407407407407407,0.7887323938761158,81,80,61,0.2585606165962341,0.2751055265710821,0.4537945985794067,0.2924932015629383,0.2409786189240495,0.4442922472953796,0.5329731702804565,chipstain_nll_s0,R05-C03,3,50,0.3943640397438968,0.199099295147246,0.4519000053405761,0.0316929146647453,chipstain_nll,0,,,,,,
0.0346694790669581,23.25568182026946,0.7777025493702284,0.769252885381055,0.6798418967333968,0.6935483870967742,0.6666666666666666,0.793248944651605,129,124,108,0.4028418316599436,0.2003727106971813,0.4800742864608764,0.3183890671774959,0.2176290972890386,0.452798843383789,0.530982255935669,chipstain_nll_s0,R05-C03,3,100,0.3855573840083409,0.1825798503992958,0.4729534387588501,0.0371530875563621,chipstain_nll,0,,,,,,
0.0459797940623406,21.215908580184912,0.7104435557898808,0.7246485000964039,0.6462395538175526,0.6480446927374302,0.6444444444444445,0.6463414629193931,180,179,148,0.6257546355484342,0.2994470322448481,0.5319740772247314,0.5982079652322541,0.1978686464731578,0.4310081005096435,0.6224862337112427,chipstain_nll_s0,R05-C03,3,150,0.5814936854656496,0.2084934471546142,0.5178213715553284,0.0565069392323493,chipstain_nll,0,,,,,,
0.0186367733180563,26.79771300473668,0.9014246467122536,0.8251493271056928,0.9047619042620306,0.890625,0.9193548387096774,0.9499999995005556,62,64,58,0.1479351059833574,0.3571909495215981,0.4266458749771118,0.238806795519521,0.2763269573474908,0.4521915912628174,0.5809847712516785,chipstain_nll_s0,R05-C03,4,1,0.2381950498996451,0.2691798424807088,0.4514755606651306,0.0263909976929426,chipstain_nll,0,,,,,,
0.0193119682439786,26.53833565373245,0.8846355457616399,0.8216551111205197,0.7883211673832383,0.7941176470588235,0.782608695652174,0.8805970144258186,69,68,65,0.1410793534637238,0.3931743476404737,0.4608417153358459,0.3435504225442689,0.2776883929891298,0.4783258438110351,0.6189974546432495,chipstain_nll_s0,R05-C03,4,10,0.4140049041580217,0.2453721644173433,0.4800851345062256,0.0275624245405197,chipstain_nll,0,,,,,,
0.0269587013737297,25.252496729825523,0.829419763509813,0.815531198028658,0.8653846148846154,0.8653846153846154,0.8653846153846154,0.8965517236382343,104,104,99,0.2468225523108069,0.2897186031485692,0.4382327795028686,0.3256359448614833,0.2521131892664457,0.4276304841041565,0.5238653421401978,chipstain_nll_s0,R05-C03,4,50,0.3966024112999532,0.2187050514961907,0.4352798461914062,0.0326541140675544,chipstain_nll,0,,,,,,
0.0369455311511558,23.07684259757591,0.7601289646266358,0.7723355033767859,0.7315436236610964,0.7364864864864865,0.7266666666666667,0.8842105258171744,150,148,135,0.4712244268780359,0.1747182227224163,0.5339709520339966,0.4591498394060659,0.186690160772297,0.4846998453140259,0.565172016620636,chipstain_nll_s0,R05-C03,4,100,0.4600874248601421,0.1819638377265617,0.5258727073669434,0.0453982986509799,chipstain_nll,0,,,,,,
0.0422896551485291,21.947097697667637,0.728533915388562,0.7588570489102217,0.6615776076432219,0.6878306878306878,0.6372549019607843,0.8095238090269588,204,189,174,0.5512235760898299,0.2674581639659392,0.5256445407867432,0.551134521213067,0.1739119622744093,0.4365556836128235,0.5956958532333374,chipstain_nll_s0,R05-C03,4,150,0.5715672066185316,0.1803064951115604,0.5177041292190552,0.0529584139585495,chipstain_nll,0,,,,,,
0.0161754627277768,27.930328743002107,0.9163758650083798,0.8182068607255073,0.8118811876212135,0.8723404255319149,0.7592592592592593,0.7608695647325141,54,47,38,0.1815025037481247,0.3371977924891856,0.4048098921775818,0.2472550532092854,0.2778892142695257,0.4315821528434753,0.5704227685928345,chipstain_nll_s0,R05-C03,5,1,0.2134623462496282,0.2765694785814535,0.4179957509040832,0.0232084598392248,chipstain_nll,0,,,,,,
0.0182108052661338,26.816321922332115,0.896763365517588,0.7910652003718366,0.8173913038481663,0.7966101694915254,0.8392857142857143,0.7799999995071999,56,59,44,0.1542481763830707,0.3628459635677704,0.485781729221344,0.3527586841761596,0.2522411988604263,0.5128506422042847,0.6437387466430664,chipstain_nll_s0,R05-C03,5,10,0.442534171162222,0.2044142093539805,0.5090691447257996,0.0255093015730381,chipstain_nll,0,,,,,,
0.024134555612021,26.54868338548802,0.8522862150139247,0.8156809173970752,0.7769784167668339,0.8059701492537313,0.75,0.7226890751523197,72,67,47,0.225013481829702,0.299614692490358,0.3817161917686462,0.3317611372806918,0.2402445356121034,0.3822504878044128,0.4808690547943115,chipstain_nll_s0,R05-C03,5,50,0.4396142556112676,0.1978313354409635,0.3875064253807068,0.0269000139087438,chipstain_nll,0,,,,,,
0.0329997358691544,23.8604318755075,0.7969866780909669,0.7337120005506128,0.6519823783547128,0.6434782608695652,0.6607142857142857,0.7319587623985545,112,115,82,0.4992476993865103,0.1625262269824514,0.5010555982589722,0.4141849523383953,0.179834401404935,0.4848076105117798,0.5440825819969177,chipstain_nll_s0,R05-C03,5,100,0.3990725045811171,0.1792890501108829,0.490714967250824,0.0362136773765087,chipstain_nll,0,,,,,,
0.0420438455093806,21.76749479306238,0.7426550247951796,0.7007147160102911,0.613981762418492,0.5941176470588235,0.6352201257861635,0.6409266404525871,159,170,100,0.6514127728154893,1.0887400076633442,0.4336139559745788,0.5505413223180216,0.3640846992621735,0.4177584052085876,0.6736528873443604,chipstain_nll_s0,R05-C03,5,150,0.4862619187357184,1.1302184805702002,0.4107230305671692,0.0490436628460884,chipstain_nll,0,,,,,,
0.0174692050192094,26.782848286140535,0.910101314071269,0.8409410641441568,0.9347826081956522,0.9347826086956522,0.9347826086956522,0.9230769225769836,46,46,45,0.1368949549380466,0.3399180665930258,0.3772567510604858,0.1424221748591278,0.3136155320473811,0.4036650061607361,0.554678201675415,chipstain_nll_s0,R05-C03,6,1,0.1356505211949151,0.3044200127261111,0.4001570343971252,0.0231687501072883,chipstain_nll,0,,,,,,
0.0182049570512459,26.616883996238215,0.8914505106407036,0.8388323373285945,0.8190476185480271,0.8431372549019608,0.7962962962962963,0.8952380947385034,54,51,51,0.0669959174195056,0.3982290960685014,0.4099934101104736,0.2227880796600401,0.3228114410107003,0.4363386631011963,0.6155422329902649,chipstain_nll_s0,R05-C03,6,10,0.29183900983264,0.2742283428786058,0.435670256614685,0.0237355772405862,chipstain_nll,0,,,,,,
0.0234374507108561,26.377275986897317,0.8457366930035204,0.8659824961587098,0.76258992755965,0.8153846153846154,0.7162162162162162,0.7891156457585263,74,65,73,0.1228872460919891,0.3519954421597559,0.3533970713615417,0.1988432543396458,0.3247007914094823,0.3557944893836975,0.4964973330497741,chipstain_nll_s0,R05-C03,6,50,0.2881867114527886,0.2712514554971255,0.3598161935806274,0.0274679530411958,chipstain_nll,0,,,,,,
0.0326661752145511,23.57567005892512,0.7778669697772433,0.7985676958706364,0.5990338159270928,0.6391752577319587,0.5636363636363636,0.7135678387015479,110,97,89,0.3318461429504686,0.2213132391941746,0.4679494500160217,0.2676342177161831,0.2474960555471478,0.4572466015815735,0.5363674163818359,chipstain_nll_s0,R05-C03,6,100,0.2769450875058411,0.2368592186309162,0.4658800363540649,0.0363499000668525,chipstain_nll,0,,,,,,
0.0358971413143773,22.006214167292683,0.764468557326899,0.7483545401900519,0.6985294112647329,0.7037037037037037,0.6934306569343066,0.7470817115644446,137,135,120,0.2794497036973146,1.4794549998163589,0.3421326875686645,0.3326886958617974,0.5449124206229321,0.4377023577690124,0.6845299601554871,chipstain_nll_s0,R05-C03,6,150,0.3099051390858562,1.5901281174603408,0.3226784467697143,0.0384502857923507,chipstain_nll,0,,,,,,
0.0137556536082335,29.67676668873287,0.9260432529156104,0.7858396954163073,0.8076923071952662,0.875,0.75,0.9259259254266118,28,24,26,-0.0058154804251615,0.5082375831877223,0.2439829707145691,0.1422239391023578,0.382752452532017,0.2896070480346679,0.4960159659385681,chipstain_nll_s0,R05-C03,7,1,0.2103553099560178,0.3363707685367565,0.2959904074668884,0.0191389191895723,chipstain_nll,0,,,,,,
0.0156743531141608,28.6497576065064,0.902450491824003,0.7570842959687127,0.7575757570762167,0.7352941176470589,0.78125,0.8387096769198752,32,34,30,0.0097128582888868,0.5280846524835637,0.3089752197265625,0.2088447527280343,0.3792390179941606,0.3449838757514953,0.5498111248016357,chipstain_nll_s0,R05-C03,7,10,0.355234252243672,0.3076877833140866,0.3617318272590637,0.0203552488237619,chipstain_nll,0,,,,,,
0.0232754137171206,27.45351981324144,0.8453424574059557,0.7726264168001927,0.698795180222964,0.6904761904761905,0.7073170731707317,0.6493506488527576,41,42,36,0.0861173132451821,0.3842344033189487,0.256759762763977,0.2333140457879363,0.2945061960260779,0.2659323215484619,0.3944044709205627,chipstain_nll_s0,R05-C03,7,50,0.4412975442591971,0.208422191880299,0.2805753350257873,0.0225134771317243,chipstain_nll,0,,,,,,
0.0310300682736068,24.995938146754483,0.7852626225747148,0.6970955264792488,0.5081967208114754,0.5081967213114754,0.5081967213114754,0.7499999995039858,61,61,51,0.1205746722290627,0.2772412051044033,0.3123499751091003,0.2616877467210599,0.2151582608244699,0.3162539601325989,0.3981019258499145,chipstain_nll_s0,R05-C03,7,100,0.4021842532099261,0.1741016389870472,0.3242216110229492,0.0266948491334915,chipstain_nll,0,,,,,,
0.0356500868522736,23.746937945253027,0.7443897188428322,0.6972358762873223,0.540540540040672,0.5494505494505495,0.5319148936170213,0.6540880498310985,94,91,65,0.2759196419367997,0.1978337951597007,0.3687902688980102,0.312736246575333,0.1884991684923307,0.3602104783058166,0.4297643303871155,chipstain_nll_s0,R05-C03,7,150,0.3676380354754097,0.1713916157570681,0.364612877368927,0.0312367789447307,chipstain_nll,0,,,,,,
0.018946991136528,26.366052009971316,0.9001806308344703,0.8082938042261882,0.842105262657923,0.835820895522388,0.8484848484848485,0.895999999501568,66,67,59,0.1249095117279611,0.3390254211623216,0.4539753794670105,0.2340769113983887,0.2613810114682035,0.4694096446037292,0.598380446434021,chipstain_nll_s0,R05-C03,8,1,0.2781499561930865,0.2299324618416864,0.4748698472976684,0.0255106035619974,chipstain_nll,0,,,,,,
0.0202279539179958,25.858932983120248,0.8815293085204001,0.7894376387400661,0.8088235289118728,0.7971014492753623,0.8208955223880597,0.8593749995010986,67,69,61,0.2027618380805891,0.3557622878949976,0.5204289555549622,0.390828991563898,0.24062167791735,0.5304434299468994,0.6562308073043823,chipstain_nll_s0,R05-C03,8,10,0.4347648326656659,0.2067523700108129,0.5310392379760742,0.0276386477053165,chipstain_nll,0,,,,,,
0.0266747584246221,24.8584313790686,0.8315595828072697,0.7846432315301864,0.7085714280715755,0.6966292134831461,0.7209302325581395,0.8095238090240929,86,89,82,0.3240373702115314,0.2769497117217765,0.4819168448448181,0.4161546893967559,0.2204412826978518,0.4746376276016235,0.5632308721542358,chipstain_nll_s0,R05-C03,8,50,0.4762946820021055,0.1891492282617062,0.4810716509819031,0.0307495687156915,chipstain_nll,0,,,,,,
0.0343075018453131,22.866083904268024,0.7785824356310475,0.7335550205376371,0.594594594094781,0.6062992125984252,0.5833333333333334,0.7391304342935349,132,127,98,0.5194883841087425,0.4004587684749963,0.545343279838562,0.5490862904499639,0.1707161748014129,0.5382084250450134,0.6257232427597046,chipstain_nll_s0,R05-C03,8,100,0.5362875389856859,0.2849742382034982,0.5317226052284241,0.0405224487185478,chipstain_nll,0,,,,,,
0.0402631507122563,21.9662157994903,0.7419745373423792,0.7265204267365073,0.5889570547154014,0.6114649681528662,0.5680473372781065,0.7003366998462288,169,157,128,0.5767930940458292,0.1696728488827387,0.556229829788208,0.5925267888855288,0.1498714165668476,0.492602527141571,0.6145370006561279,chipstain_nll_s0,R05-C03,8,150,0.5908274564231522,0.139579216110713,0.5527092218399048,0.0477664321660995,chipstain_nll,0,,,,,,
0.0257619411145166,23.90493919520763,0.8688229386477593,0.7887970903862022,0.8036529675367903,0.822429906542056,0.7857142857142857,0.8309178738995076,112,107,95,0.2719766378858533,0.2574835377885003,0.5785194635391235,0.3729054801348696,0.2012462709695592,0.5835267305374146,0.6660020351409912,chipstain_nll_s0,R05-C03,9,1,0.4116997981764098,0.1820746279113999,0.589885950088501,0.0333587639033794,chipstain_nll,0,,,,,,
0.0256720875448167,24.31006887233449,0.8582557692786213,0.7978955028437968,0.7899159658865899,0.7966101694915254,0.7833333333333333,0.8054298637570894,120,118,101,0.2894069616448551,0.2696699364524826,0.5889018774032593,0.4213004957157827,0.2123982176061896,0.5876681804656982,0.674116849899292,chipstain_nll_s0,R05-C03,9,10,0.4769894598521699,0.1832231122222282,0.5965650081634521,0.0349746420979499,chipstain_nll,0,,,,,,
0.0351723216067189,22.837733727687542,0.7936685156809946,0.7825880056920459,0.8249999995001758,0.8407643312101911,0.8098159509202454,0.75510204032225,163,157,131,0.4304576908759357,0.2133820102384187,0.5588226914405823,0.4511197427843812,0.2079830489810156,0.5103055238723755,0.6051244735717773,chipstain_nll_s0,R05-C03,9,50,0.50444636820665,0.1767616153150796,0.5538421869277954,0.0440152585506439,chipstain_nll,0,,,,,,
0.046171344710923,21.132359706218857,0.7227995000045128,0.7434503839538119,0.6962025311456052,0.6903765690376569,0.7021276595744681,0.724220623009276,235,239,182,0.6237052210137243,0.3559706006070243,0.5045100450515747,0.6123838792963248,0.2268044054492404,0.3778221607208252,0.6427445411682129,chipstain_nll_s0,R05-C03,9,100,0.6461441762058027,0.2974408137169936,0.4961488842964172,0.0584536083042621,chipstain_nll,0,,,,,,
0.0590833261474556,19.503191717897963,0.6693429138196477,0.709221293590652,0.6559297213159925,0.676737160120846,0.6363636363636364,0.6110183634552635,352,331,247,0.7104376027940488,0.2819181176984399,0.4136729836463928,0.6474084411078064,0.2388649070428973,0.2697184681892395,0.6044531464576721,chipstain_nll_s0,R05-C03,9,150,0.6804119050671296,0.2449944383550038,0.4089388251304626,0.0799673572182655,chipstain_nll,0,,,,,,
0.020765155656161,25.68167403567488,0.9051519091296386,0.7992986818454236,0.7682119200308758,0.8055555555555556,0.7341772151898734,0.8111888106943127,79,72,64,0.2042446703205581,0.241272484157589,0.4716897010803222,0.2101057431328713,0.2395638152663677,0.4844355583190918,0.5641881227493286,chipstain_nll_s1,R05-C03,0,1,0.1593065940512042,0.2552655499434433,0.4828817248344421,0.0238931961357593,chipstain_nll,1,,,,,,
0.0194244932126372,25.755767681766407,0.898259966341152,0.8074390231331484,0.7515923561888919,0.7866666666666666,0.7195121951219512,0.824324323830168,82,75,66,0.1613451318405784,0.2647165869151754,0.544153094291687,0.2725746514651472,0.230436502612378,0.5680850744247437,0.6600979566574097,chipstain_nll_s1,R05-C03,0,10,0.4028570178531414,0.1605028825295331,0.5679198503494263,0.0252554081380367,chipstain_nll,1,,,,,,
0.024878710884025,24.05070101783497,0.8477562779985279,0.7754330016575187,0.77319587578951,0.8064516129032258,0.7425742574257426,0.734463276346133,101,93,76,0.2966154674962977,0.2541334269720603,0.6135197281837463,0.4226994244321963,0.2103933759827324,0.6168975830078125,0.6942191123962402,chipstain_nll_s1,R05-C03,0,50,0.4960480524567122,0.1551603139044266,0.6249289512634277,0.0313174463808536,chipstain_nll,1,,,,,,
0.0310506117202338,23.192992303420947,0.7998796096806631,0.7774960397515037,0.6689189184203798,0.7071428571428572,0.6346153846153846,0.7482517477558803,156,140,130,0.4810661828818824,0.1868292423414965,0.6317261457443237,0.5108574422496626,0.1735635623545507,0.5865365862846375,0.669805645942688,chipstain_nll_s1,R05-C03,0,100,0.5855980330842575,0.1216742093926607,0.6299751400947571,0.040505975484848,chipstain_nll,1,,,,,,
0.0403356748301951,21.779497102309676,0.7493965068686802,0.7523707643665837,0.6241457853777429,0.6492890995260664,0.6008771929824561,0.6568627446049596,228,211,180,0.6854373172492593,0.1272094459504537,0.6045278310775757,0.6321301159220963,0.1515228740936023,0.4856711030006408,0.6729159951210022,chipstain_nll_s1,R05-C03,0,150,0.6676231495184293,0.1086641651342805,0.6010333299636841,0.0548804886639118,chipstain_nll,1,,,,,,
0.029293704139827,24.045989671952892,0.8492446441479145,0.8068276469416236,0.7865168534334328,0.8203125,0.7553956834532374,0.8396946559904142,139,128,123,0.3152980208433729,0.2500043116816621,0.5104154348373413,0.302420131817168,0.2211775421923126,0.5075315237045288,0.5688592195510864,chipstain_nll_s1,R05-C03,1,1,0.28666010573328,0.2144409680676008,0.5197914838790894,0.0376832745969295,chipstain_nll,1,,,,,,
0.0468740409467876,18.64181749542131,0.7833943734693707,0.6140674144327974,0.7438596486231087,0.762589928057554,0.726027397260274,0.8142857137866326,146,139,134,0.4262977698716125,0.1640826399248585,0.7423248291015625,0.5422569996905453,0.1579091199157153,0.558673620223999,0.7651864290237427,chipstain_nll_s1,R05-C03,1,10,0.6058724022310228,0.1628675697427541,0.4223564863204956,0.0431096330285072,chipstain_nll,1,,,,,,
0.0783743746839453,14.375391786203412,0.7042499931762989,0.4656302653557512,0.235294117161609,0.2836879432624113,0.2010050251256281,0.7582417577461206,199,141,165,0.6166855911914989,0.1375681693988616,0.7807468771934509,0.5823276359855677,1.5111029482602034,0.2231093645095825,0.8333938717842102,chipstain_nll_s1,R05-C03,1,50,0.3363691042064296,2.0653849733157443,0.0848459601402282,0.0490780919790267,chipstain_nll,1,,,,,,
0.0784766410111671,15.533015345124934,0.6545279764920243,0.4952480120471108,0.510135134636984,0.5431654676258992,0.4808917197452229,0.7423423418509925,314,278,241,0.7530436070816313,0.1223097102988629,0.6141825318336487,0.6492120946082979,1.2933598443122083,0.1817361712455749,0.71660315990448,chipstain_nll_s1,R05-C03,1,100,0.5419864697049445,1.5962268731789295,0.1852506399154663,0.0737959891557693,chipstain_nll,1,,,,,,
0.1115774494692196,13.111405072050813,0.5655915106681062,0.3894720028825855,0.0124740122976819,0.0638297872340425,0.0069124423963133,0.6417112294593926,434,47,314,0.7943696915418755,0.0843009190130103,0.6481752991676331,0.5307039949893669,1.7216088542728942,0.0354442596435546,0.7386327981948853,chipstain_nll_s1,R05-C03,1,150,0.3407057793584688,1.9642044513786137,0.0129891037940979,0.0798182338476181,chipstain_nll,1,,,,,,
0.0379765237276654,21.922272113332603,0.8169707185937454,0.7988844303958657,0.80540540490542,0.8097826086956522,0.8010752688172043,0.8045977006518034,186,184,162,0.3469029580885254,0.2049292458504957,0.5918794870376587,0.4234372304689946,0.183566258280382,0.514700174331665,0.6246306896209717,chipstain_nll_s1,R05-C03,10,1,0.4338518375865297,0.1629521912971008,0.5867877006530762,0.0486806444823741,chipstain_nll,1,,,,,,
0.0377555634263935,21.841020905078288,0.7969069997743962,0.7910637317855292,0.8405063286139529,0.8341708542713567,0.8469387755102041,0.8096514740321283,196,199,177,0.3795982933534045,0.2076324605401409,0.6309820413589478,0.4515634730260406,0.1766214038082842,0.5178695917129517,0.665076494216919,chipstain_nll_s1,R05-C03,10,10,0.4761778941760194,0.1457697842508987,0.6246207356452942,0.0505277104675769,chipstain_nll,1,,,,,,
0.0461150415168662,20.787619469578143,0.7428410180531748,0.7725129032813628,0.7817836807144231,0.7803030303030303,0.7832699619771863,0.7886178856812496,263,264,229,0.6314671088413208,0.1446469917316388,0.5700969696044922,0.6283953957202383,0.160291973169802,0.4195740818977356,0.6722989678382874,chipstain_nll_s1,R05-C03,10,50,0.6328096875484274,0.131401578375513,0.5638865232467651,0.0644750371575355,chipstain_nll,1,,,,,,
0.0945373607889,14.765247320402166,0.6065192965063855,0.4910570267253874,0.4691011231006186,0.521875,0.4260204081632653,0.6551724133010964,392,320,304,0.766698837748297,0.1379544496635218,0.5665063858032227,0.5822269361856836,1.4650788955084917,0.0720516443252563,0.6891027688980103,chipstain_nll_s1,R05-C03,10,100,0.4702087107299629,1.650040935023654,0.0788140296936035,0.0829718559980392,chipstain_nll,1,,,,,,
0.1234051459651938,13.269227653036396,0.4974575895727501,0.4159878148004883,0.0260586317049093,0.1052631578947368,0.0148698884758364,0.6048565116588842,538,76,368,0.7232725379726076,0.1936420004066909,0.4903535842895508,0.467500320821602,1.1885824756475514,0.0533994436264038,0.6215428113937378,chipstain_nll_s1,R05-C03,10,150,0.2831814936127659,1.5076693910857843,0.038663625717163,0.0910473614931106,chipstain_nll,1,,,,,,
0.0312322214966088,22.86165135693771,0.8452607147806476,0.8060186846101244,0.8435374144660095,0.8493150684931506,0.8378378378378378,0.8413284127883879,148,146,123,0.3377017545052489,0.2323747209741952,0.5873328447341919,0.437143677913799,0.1762635852751756,0.5701836943626404,0.6407380104064941,chipstain_nll_s1,R05-C03,11,1,0.4585577652823894,0.1576875987628544,0.5920936465263367,0.037989541888237,chipstain_nll,1,,,,,,
0.0488541983396411,18.25519623346799,0.7898234182228282,0.606376360313083,0.7391304342830908,0.7628205128205128,0.7168674698795181,0.7622149832166706,166,156,141,0.5026247533752248,0.1779431813228862,0.7269309759140015,0.5023620014967415,0.9261341918290982,0.4193735122680664,0.7654051780700684,chipstain_nll_s1,R05-C03,11,10,0.4996982048238207,1.493722553670602,0.3288758397102356,0.0490227155387401,chipstain_nll,1,,,,,,
0.0403102068958677,21.545257403853626,0.7789927809840098,0.7702886492055011,0.777777777277787,0.7811158798283262,0.774468085106383,0.7664399087992142,235,233,206,0.6252691936358317,0.1236697318901188,0.6318436861038208,0.6670512672743381,0.1322610696675323,0.4815719723701477,0.7090721130371094,chipstain_nll_s1,R05-C03,11,50,0.6717618147018771,0.1014540531194097,0.6282961368560791,0.058930154889822,chipstain_nll,1,,,,,,
0.0595964786180583,18.783764790767577,0.6943429652881218,0.6661184959830243,0.6176911539246778,0.65814696485623,0.5819209039548022,0.7104851325261742,354,313,285,0.7495890287238384,0.1119470448340974,0.4801205396652221,0.6983859712022724,0.1830032294740863,0.3088660836219787,0.6340087652206421,chipstain_nll_s1,R05-C03,11,100,0.7388775244045531,0.1640794394455284,0.3820215463638305,0.0783139467239379,chipstain_nll,1,,,,,,
0.095544637433609,14.84764011756069,0.5861862594896036,0.4823498442417487,0.2666666661912574,0.3426573426573426,0.2182628062360802,0.6025974021112194,449,286,321,0.7422369016410751,0.1701911293275538,0.4941375851631164,0.59998078646751,1.060461522326155,0.1223219633102417,0.6523609161376953,chipstain_nll_s1,R05-C03,11,150,0.4964747483925126,1.2811884978186991,0.1100741028785705,0.0851864144206047,chipstain_nll,1,,,,,,
0.0250482587706729,24.342023571169612,0.8763530235470333,0.8311692092629457,0.8679245278020647,0.8846153846153846,0.8518518518518519,0.8780487799892445,108,104,97,0.1678626138959941,0.3056678937088058,0.512688934803009,0.3282865615374075,0.2188317989365458,0.5364985466003418,0.6051629781723022,chipstain_nll_s1,R05-C03,12,1,0.448611968913181,0.154380297499019,0.5402603149414062,0.0301764905452728,chipstain_nll,1,,,,,,
0.0243154002438257,24.31203791760882,0.8703051193161933,0.8290929652823663,0.8991596633655814,0.9067796610169492,0.8916666666666667,0.9170305671867433,120,118,109,0.1764079742051605,0.313113197139659,0.5581135749816895,0.3742357533845425,0.2233360321315415,0.5751117467880249,0.6551748514175415,chipstain_nll_s1,R05-C03,12,10,0.5071781673496975,0.137550741753631,0.5823181867599487,0.0314359590411186,chipstain_nll,1,,,,,,
0.0350215019944684,21.922939682631544,0.7975112435654659,0.7664909982340072,0.7796610164492962,0.7931034482758621,0.7666666666666667,0.8158844760377432,150,145,127,0.4093158082101629,0.2087616746673319,0.6601196527481079,0.460564652595493,0.1907006806309514,0.5871046781539917,0.6913764476776123,chipstain_nll_s1,R05-C03,12,50,0.4861443997879831,0.1583346228214698,0.6173006296157837,0.0427633374929428,chipstain_nll,1,,,,,,
0.0433465045839502,21.15486723211879,0.7357142684549807,0.7654949465148756,0.714285713785804,0.7239819004524887,0.7048458149779736,0.7447306786589077,227,221,200,0.5528707693139939,0.1666829438463456,0.585097074508667,0.5549451763514797,0.1726046337510923,0.4562314748764038,0.6614500284194946,chipstain_nll_s1,R05-C03,12,100,0.5783419383402164,0.1382497469457568,0.5803437232971191,0.0583138428628444,chipstain_nll,1,,,,,,
0.0654042785832271,19.028731441091526,0.6226464992529784,0.7096500949436247,0.5293276103732165,0.5473372781065089,0.5124653739612188,0.7723935384151751,361,338,320,0.7416796960558886,0.1178020856635221,0.3879078030586242,0.683224009038514,0.1632515569096077,0.2889469861984253,0.5669638514518738,chipstain_nll_s1,R05-C03,12,150,0.7248494354150384,0.1232204722595858,0.4012495279312134,0.0905336365103721,chipstain_nll,1,,,,,,
0.0155777980889946,28.145394634526085,0.9234952396626982,0.7890481244497396,0.8656716412920471,0.8285714285714286,0.90625,0.7333333328355556,32,35,28,0.0945481817832977,0.3125611218075131,0.3223252892494201,0.1523905656583778,0.3116587514768177,0.3446691632270813,0.4833280444145202,chipstain_nll_s1,R05-C03,13,1,0.1552066372141472,0.2880879020963752,0.3377288579940796,0.0172685291618108,chipstain_nll,1,,,,,,
0.0148324858563651,27.95646075060596,0.9138990848838662,0.7909845346715381,0.8219178077215238,0.7692307692307693,0.8823529411764706,0.799999999501065,34,39,31,0.0691342821134018,0.3519616889850969,0.3918641209602356,0.1922839708318818,0.3268864689291845,0.4232872724533081,0.604198157787323,chipstain_nll_s1,R05-C03,13,10,0.3151536377559443,0.2490678351861452,0.4180443882942199,0.0180347617715597,chipstain_nll,1,,,,,,
0.0209635028036831,25.7079964961262,0.8642514560109065,0.7436397582481629,0.685714285214331,0.6792452830188679,0.6923076923076923,0.7472527467629514,52,53,39,0.1775233408812224,0.3280143189581023,0.4529875516891479,0.29312590618296,0.2714902494084143,0.4713622331619262,0.5903992652893066,chipstain_nll_s1,R05-C03,13,50,0.4359077236280596,0.2069371860420656,0.4759146571159363,0.0225711800158023,chipstain_nll,1,,,,,,
0.0271711009111168,24.406025750256756,0.8113222178787569,0.7225918254525955,0.6540880498146433,0.6419753086419753,0.6666666666666666,0.729927006808887,78,81,59,0.3928033977227336,0.2240460942217613,0.5064371824264526,0.3423756822424998,0.2303417733406112,0.5030320286750793,0.581844687461853,chipstain_nll_s1,R05-C03,13,100,0.3529946541144812,0.2129827793665834,0.5025458335876465,0.0287786666303873,chipstain_nll,1,,,,,,
0.0324737977952997,23.35216372275491,0.7681354140360144,0.7172715011099404,0.5922746776115972,0.5948275862068966,0.5897435897435898,0.7254901955892444,117,116,87,0.4455285518567857,0.1935854840315286,0.5433968305587769,0.3837136230688373,0.2045461701923111,0.5282201766967773,0.5894899368286133,chipstain_nll_s1,R05-C03,13,150,0.4301024912260965,0.1643045711367528,0.5416156053543091,0.0361761227250099,chipstain_nll,1,,,,,,
0.01675809158568,27.477225813312987,0.924033768283778,0.7643554392352582,0.8253968248999748,0.7647058823529411,0.896551724137931,0.9090909085923968,29,34,26,0.1462442060746102,0.2792173668721034,0.321679949760437,0.0942788301834324,0.3030102095899849,0.3288208246231079,0.4433175325393677,chipstain_nll_s1,R05-C03,14,1,-0.0118492371096567,0.3413044413934625,0.3301617503166199,0.0170305632054805,chipstain_nll,1,,,,,,
0.014779528244378,27.752684873357488,0.9241688298039628,0.7759073865368378,0.8405797096458727,0.8055555555555556,0.8787878787878788,0.8571428566439909,33,36,30,0.0595238366058374,0.3057478748216847,0.381074845790863,0.1769385037334603,0.2727550288180931,0.4206870198249817,0.5431534051895142,chipstain_nll_s1,R05-C03,14,10,0.2454062825085341,0.2343265535018553,0.433362066745758,0.0185453612357378,chipstain_nll,1,,,,,,
0.0179377592980461,26.120585353368284,0.8833430877658378,0.7240397206500974,0.4565217386342155,0.42,0.5,0.7948717943747535,42,50,36,0.1495787701434097,0.3239693446816646,0.5172914862632751,0.3377559456306316,0.2437155621763882,0.5391297936439514,0.6607739329338074,chipstain_nll_s1,R05-C03,14,50,0.4393233362992391,0.1874626848421221,0.5376803278923035,0.0223906300961971,chipstain_nll,1,,,,,,
0.0231775790032274,24.38346563069389,0.8499651319971995,0.7077625204926342,0.4031007746940689,0.3939393939393939,0.4126984126984127,0.7413793098485433,63,66,53,0.250691494654069,0.2590985183911465,0.5533814430236816,0.3509379573626102,0.2117189289767422,0.5710889101028442,0.6499881744384766,chipstain_nll_s1,R05-C03,14,100,0.4890649371161419,0.1416464341130522,0.566794753074646,0.0271268356591463,chipstain_nll,1,,,,,,
0.0290323266805877,23.64264353089366,0.8045695971174749,0.721802192400794,0.5310734458276996,0.5280898876404494,0.5340909090909091,0.603550295358846,88,89,81,0.3947647175051646,0.2051848368408133,0.5984491109848022,0.435293367883383,0.1787683063039763,0.5884714126586914,0.644146203994751,chipstain_nll_s1,R05-C03,14,150,0.4998115090802493,0.1353072827516079,0.5930866003036499,0.0346193201839923,chipstain_nll,1,,,,,,
0.0170514592896017,27.5213474366979,0.9238832347597552,0.8357653843351034,0.6444444439466666,0.6904761904761905,0.6041666666666666,0.8172043005757891,48,42,45,0.2311661185750025,0.2505293928207547,0.3285629153251648,0.0809530347191974,0.3099157946859097,0.3352501988410949,0.4507479667663574,chipstain_nll_s1,R05-C03,15,1,-0.0162661081436072,0.318796130394621,0.3327515721321106,0.0180786568671464,chipstain_nll,1,,,,,,
0.0155794808289981,27.513228456993787,0.921452241086718,0.8289533440144082,0.7472527467542567,0.7906976744186046,0.7083333333333334,0.7032967027982128,48,43,43,0.1601104822989049,0.2716785463333437,0.4085331559181213,0.1639034835799925,0.2774270815239915,0.4335293173789978,0.5584802627563477,chipstain_nll_s1,R05-C03,15,10,0.1739105016738823,0.2478616658446084,0.4336078763008117,0.0197294261306524,chipstain_nll,1,,,,,,
0.017776763209863,26.07307140712173,0.8918836941501919,0.8068459365298964,0.7678571423573023,0.7818181818181819,0.7543859649122807,0.7619047614084352,57,55,48,0.135103560839109,0.3205076758960093,0.5251052379608154,0.3478868196160622,0.2441818101936239,0.5537839531898499,0.6749827861785889,chipstain_nll_s1,R05-C03,15,50,0.4855760008103292,0.1876765779334696,0.5621005892753601,0.0230893827974796,chipstain_nll,1,,,,,,
0.0232674257288916,24.32261815016453,0.8535791759834028,0.7868341121770269,0.6459627324194281,0.6582278481012658,0.6341463414634146,0.6887417213580107,82,79,69,0.2462584000035474,0.2437923183006543,0.5982820987701416,0.4075881317529976,0.1955974928584381,0.6099857091903687,0.685888409614563,chipstain_nll_s1,R05-C03,15,100,0.5603669971538633,0.1268276455054863,0.6118781566619873,0.028674092143774,chipstain_nll,1,,,,,,
0.0294526251578487,22.65092366784357,0.8129015833307685,0.7308619458827053,0.5309734508306053,0.5769230769230769,0.4918032786885246,0.6877828049352798,122,104,99,0.4104297476000766,0.1938987387330062,0.6548898220062256,0.4811486807162465,0.1658804847650357,0.643911600112915,0.7001326680183411,chipstain_nll_s1,R05-C03,15,150,0.5771200442583136,0.1131147475128151,0.6525573134422302,0.0364266522228717,chipstain_nll,1,,,,,,
0.0176836895440957,27.35805374330028,0.9175311082156278,0.8334914771659,0.7912087907093346,0.8181818181818182,0.7659574468085106,0.853932583771241,47,44,42,0.0500358321367379,0.2966911319534459,0.3219300508499145,0.0792663123077842,0.3018137896537628,0.3475863933563232,0.4586203098297119,chipstain_nll_s1,R05-C03,16,1,0.1544697563219683,0.2686700487309574,0.3566461205482483,0.0188417322933673,chipstain_nll,1,,,,,,
0.0160967364329622,27.2940451675306,0.9164442333997984,0.8280893155356999,0.8351648346648956,0.8260869565217391,0.8444444444444444,0.863636363136622,45,46,43,0.0295609192704133,0.3071253608117918,0.3885689377784729,0.1826750573207112,0.2703239265549172,0.4322733283042907,0.5527613162994385,chipstain_nll_s1,R05-C03,16,10,0.3321080062555511,0.1953436093467039,0.4436485171318054,0.0191762447357177,chipstain_nll,1,,,,,,
0.0180911534098443,26.390669609905757,0.8838069108773169,0.8147174369954849,0.8396946559888119,0.8208955223880597,0.859375,0.8188976372953065,64,67,63,0.0701552584066033,0.3642285436859551,0.52838534116745,0.4065657636309184,0.2113561710225861,0.5736867189407349,0.6699694395065308,chipstain_nll_s1,R05-C03,16,50,0.5445263790584568,0.1346942474060307,0.5692635774612427,0.0254580564796924,chipstain_nll,1,,,,,,
0.0247493186049205,24.37480421589312,0.8397287156086118,0.7791909658858364,0.568306010430171,0.5977011494252874,0.5416666666666666,0.7709497201730283,96,87,83,0.2391823437137959,0.2708151065940016,0.621674656867981,0.4887846905841758,0.1641850258446632,0.6233198642730713,0.6799545288085938,chipstain_nll_s1,R05-C03,16,100,0.5597831583056715,0.1242371896934952,0.6242395639419556,0.0325259156525135,chipstain_nll,1,,,,,,
0.0307447197747225,23.119284044771486,0.7986176417305682,0.7578006214949715,0.5747126431813978,0.625,0.5319148936170213,0.7878787873811123,141,120,123,0.4076451643191451,0.2165767564681433,0.656912088394165,0.5494853614874147,0.1466923724939646,0.6318292617797852,0.6972459554672241,chipstain_nll_s1,R05-C03,16,150,0.594993734654393,0.1137427340686989,0.6557774543762207,0.0403831116855144,chipstain_nll,1,,,,,,
0.0141428399600008,29.008600220500085,0.9323224574689922,0.7718099670977153,0.7333333328383332,0.8148148148148148,0.6666666666666666,0.5573770486836871,33,27,28,0.0331884380578719,0.3456567240416706,0.2874330282211303,0.1049423875237994,0.3307328232395405,0.3343558311462402,0.4758819937705993,chipstain_nll_s1,R05-C03,17,1,0.1438891763194712,0.29445554906059,0.3487488627433777,0.0165582224726676,chipstain_nll,1,,,,,,
0.0131189129835024,29.275374298730277,0.9256680416073824,0.792810714485618,0.7605633797817895,0.75,0.7714285714285715,0.7812499995043946,35,36,29,-0.0139032012731023,0.4310701398528826,0.3524320125579834,0.2662511435125122,0.287591399556376,0.4258803129196167,0.5715501308441162,chipstain_nll_s1,R05-C03,17,10,0.4050935803257544,0.1951188157859428,0.4583054184913635,0.0176300685852766,chipstain_nll,1,,,,,,
0.0165109416576007,28.722807000180133,0.8902376378759094,0.8054304684305369,0.799999999500408,0.8235294117647058,0.7777777777777778,0.5937499995078124,36,34,28,-0.082466318394224,0.4776632932716281,0.3418745994567871,0.3733594017466122,0.255837409258969,0.4138120412826538,0.5140165090560913,chipstain_nll_s1,R05-C03,17,50,0.6588790580779564,0.1298645994437993,0.4344187378883362,0.0198047813028097,chipstain_nll,1,,,,,,
0.0217286301954623,27.16357346976991,0.8526739117445175,0.7739819581574681,0.722222221726509,0.7959183673469388,0.6610169491525424,0.5940594054547593,59,49,42,0.0674624755524573,0.3087093073150532,0.3932467699050903,0.4322865591652128,0.1797949894772243,0.4330786466598511,0.4837310314178467,chipstain_nll_s1,R05-C03,17,100,0.6132281950703667,0.1200868527547016,0.4363532066345215,0.0242604576051235,chipstain_nll,1,,,,,,
0.0274684018681705,25.338281290898593,0.8149398744861557,0.7392339718960774,0.6309523804530186,0.654320987654321,0.6091954022988506,0.6710526310894217,87,81,65,0.2422402430777411,0.208238274054233,0.4813424944877624,0.4956841250226698,0.1345598097545713,0.4916777014732361,0.5270289778709412,chipstain_nll_s1,R05-C03,17,150,0.6375126873889927,0.0932398451582443,0.497547447681427,0.0303957462310791,chipstain_nll,1,,,,,,
0.0213646375812364,25.134169308008133,0.9022146185305542,0.8300613460582165,0.8352941171470588,0.8352941176470589,0.8352941176470589,0.7567567562678049,85,85,63,0.2084541184804434,0.2570950710138461,0.5207856893539429,0.3111587800168257,0.2074434244156361,0.545028567314148,0.6165106296539307,chipstain_nll_s1,R05-C03,18,1,0.3348439450240185,0.1935224770592116,0.5496751666069031,0.0253817532211542,chipstain_nll,1,,,,,,
0.0232363288475616,24.121294494578805,0.8784400776547804,0.7980516646981596,0.793296088885865,0.8160919540229885,0.7717391304347826,0.7261146491963162,92,87,65,0.1507033283581286,0.2726871917456523,0.5943410396575928,0.3810438395838126,0.1884035412324362,0.6144195795059204,0.6883450746536255,chipstain_nll_s1,R05-C03,18,10,0.5303592390463552,0.1283964029108152,0.6184240579605103,0.0279773343354463,chipstain_nll,1,,,,,,
0.0280027332995548,22.963594579850835,0.8356248979887254,0.7776835816650335,0.7230046943357799,0.7333333333333333,0.7129629629629629,0.6850828724468727,108,105,73,0.2095737153938733,0.2646631597525919,0.6299890279769897,0.4576721634744158,0.1696706951602392,0.6285325884819031,0.6899940967559814,chipstain_nll_s1,R05-C03,18,50,0.5694462520181207,0.114303583779213,0.6383984088897705,0.0342194475233554,chipstain_nll,1,,,,,,
0.0365904579346185,20.97069919843974,0.7797806374771871,0.7214317422626509,0.6338461533472188,0.6645161290322581,0.6058823529411764,0.617543859167744,170,155,115,0.4624599751806493,0.184524864636487,0.7008919715881348,0.5456204519827748,0.1494326780718641,0.6146504878997803,0.732687771320343,chipstain_nll_s1,R05-C03,18,100,0.5912410623486823,0.1081282281643168,0.6968955397605896,0.0442361831665039,chipstain_nll,1,,,,,,
0.0518105699261245,18.455267083589067,0.7360576074087019,0.6381692384884471,0.5401459849079985,0.6098901098901099,0.4847161572052402,0.637974683057023,229,182,166,0.5516773090701239,0.159357151036482,0.6618273258209229,0.5835969504409928,0.3619676791457635,0.4416306614875793,0.73577880859375,chipstain_nll_s1,R05-C03,18,150,0.5302048681248881,0.5315401127537718,0.4577289819717407,0.0544915981590747,chipstain_nll,1,,,,,,
0.0243780207126335,24.072856381691544,0.879991369725784,0.7870678982177945,0.8643216075405166,0.8431372549019608,0.8865979381443299,0.8085106377983816,97,102,91,0.3100990303060469,0.2282233789221757,0.602378249168396,0.4096975685020391,0.1825036095012369,0.6120587587356567,0.6786234974861145,chipstain_nll_s1,R05-C03,19,1,0.4020113403717096,0.1674673262079664,0.61570805311203,0.030916852876544,chipstain_nll,1,,,,,,
0.0258235006555943,23.72405243136463,0.862286243741168,0.78529677498125,0.8767123282671337,0.8807339449541285,0.8727272727272727,0.7980769225785873,110,109,98,0.2639361426515162,0.2725814608249811,0.6369636058807373,0.4775812449445879,0.1652986974130193,0.6389650106430054,0.7057477235794067,chipstain_nll_s1,R05-C03,19,10,0.5670839027143479,0.113144251492914,0.6495212316513062,0.0338603109121322,chipstain_nll,1,,,,,,
0.0363260189504959,21.31021559793012,0.7924470145227328,0.7151238224895908,0.7857142852143701,0.7960526315789473,0.7756410256410257,0.7728813554338638,156,152,139,0.4831662569228948,0.1941375587387643,0.6878997683525085,0.5934111760701035,0.1629674443896879,0.5968999266624451,0.7207229733467102,chipstain_nll_s1,R05-C03,19,50,0.6076521116101337,0.14039778357987,0.5653259754180908,0.0442127436399459,chipstain_nll,1,,,,,,
0.0572546100458845,17.655537659021576,0.7173442445895571,0.5518506840121673,0.6510538636700689,0.6881188118811881,0.6177777777777778,0.6969696964789944,225,202,171,0.7004274921248606,0.1254114226916102,0.6604042053222656,0.6815499439885983,0.7383433072030592,0.3465253710746765,0.7403460144996643,chipstain_nll_s1,R05-C03,19,100,0.6081336463803799,1.2467428786108303,0.3617210388183594,0.0624452158808708,chipstain_nll,1,,,,,,
0.0631052015869093,18.953516609895892,0.6514668774130589,0.653078819539918,0.5974025969045001,0.6366782006920415,0.5626911314984709,0.5961199289650345,327,289,240,0.7762034076929253,0.1094237462742122,0.4268217086791992,0.7251080072862254,0.1583152883254903,0.2883560061454773,0.5915799140930176,chipstain_nll_s1,R05-C03,19,150,0.7552484565049296,0.1480501688638937,0.3594669103622436,0.0835388302803039,chipstain_nll,1,,,,,,
0.02185372265002,24.734482663964247,0.8975228441646386,0.7957219312416521,0.7710843368493976,0.7710843373493976,0.7710843373493976,0.7114093954796629,83,83,66,0.3095847210527141,0.1962873563845205,0.5714154243469238,0.3422540754815861,0.1885562763625579,0.5893131494522095,0.6462688446044922,chipstain_nll_s1,R05-C03,2,1,0.3079745547284174,0.1912331070987869,0.5894508361816406,0.0267020445317029,chipstain_nll,1,,,,,,
0.0205161394797979,25.005903740783797,0.8934558489168548,0.8138877659518617,0.7784431132739073,0.8227848101265823,0.7386363636363636,0.7581699341518219,88,79,65,0.2081482192199266,0.2575941106337125,0.6018557548522949,0.3930362490303074,0.196466064319576,0.6283036470413208,0.7008457183837891,chipstain_nll_s1,R05-C03,2,10,0.5024372021126691,0.1378220563887934,0.6358962655067444,0.0264552049338817,chipstain_nll,1,,,,,,
0.0273302959867783,23.670639265916268,0.8495846727316475,0.7931120024859265,0.7305936068059465,0.7339449541284404,0.7272727272727273,0.7596153841170487,110,109,98,0.3152510650804162,0.2205057150044421,0.6390368938446045,0.4397017359795341,0.1783533718267645,0.6261951923370361,0.6833606362342834,chipstain_nll_s1,R05-C03,2,50,0.6387896133601841,0.089922308509392,0.6439355611801147,0.0343869440257549,chipstain_nll,1,,,,,,
0.0411547170879817,20.648792019482,0.7737442110574219,0.6860465220109224,0.6107784426163541,0.6580645161290323,0.5698324022346368,0.6455696197619971,179,155,137,0.5557827866326458,0.1461960608518061,0.6662393808364868,0.5699896190982148,0.1735211371205887,0.5268980860710144,0.7073725461959839,chipstain_nll_s1,R05-C03,2,100,0.6198489329239555,0.1325628463725996,0.5327510833740234,0.0483254306018352,chipstain_nll,1,,,,,,
0.047601702771555,20.65345903153411,0.7273743159036284,0.7325937689820909,0.6326530607261225,0.670995670995671,0.5984555984555985,0.7381974243989297,259,231,207,0.7149881474831292,0.111387090952675,0.559204638004303,0.6843276890802176,0.132578186010538,0.4402261972427368,0.6623932719230652,chipstain_nll_s1,R05-C03,2,150,0.7146157130732518,0.0975181979972888,0.55533766746521,0.0665656775236129,chipstain_nll,1,,,,,,
0.0401246497043853,19.229701547598943,0.8319228200662883,0.6121613663416868,0.8036529675382915,0.8543689320388349,0.7586206896551724,0.7809523804578684,116,103,94,0.1894046550265726,0.2301864371581272,0.6703251600265503,0.4103961425709521,0.7465785421896125,0.5155495405197144,0.7139285802841187,chipstain_nll_s1,R05-C03,20,1,0.4863162510074711,1.1359888958454625,0.3498183488845825,0.0328831374645233,chipstain_nll,1,,,,,,
0.0276426009943727,23.8064030440465,0.8548120008293637,0.8132727644559857,0.835443037474906,0.853448275862069,0.8181818181818182,0.8214285709318001,121,116,103,0.2425452131243683,0.256755470117374,0.5806668996810913,0.4006226988234376,0.1851473513362797,0.584977388381958,0.6495214700698853,chipstain_nll_s1,R05-C03,20,10,0.4581854408168553,0.149738439536756,0.5948691368103027,0.0351387672126293,chipstain_nll,1,,,,,,
0.0375633806886583,21.6372354386348,0.783825730780385,0.7559765860648185,0.7797619042619757,0.7891566265060241,0.7705882352941177,0.7619047614079112,170,166,145,0.4524515846593779,0.1887037595473136,0.6513328552246094,0.5168085578137576,0.1636455772259206,0.5573815107345581,0.6937351226806641,chipstain_nll_s1,R05-C03,20,50,0.4707975537665959,0.1514559609662066,0.6492344737052917,0.0492029376327991,chipstain_nll,1,,,,,,
0.0461970254250194,20.8506658147914,0.7376780495859206,0.7632231627680641,0.6582278476021559,0.6872246696035242,0.631578947368421,0.6447058818661203,247,227,178,0.615868490698799,0.1393224711684852,0.5678769946098328,0.6278404895948301,0.1582249195516571,0.4101534485816955,0.6757354736328125,chipstain_nll_s1,R05-C03,20,100,0.5937106096629189,0.1485207660185451,0.5701332688331604,0.0651206821203231,chipstain_nll,1,,,,,,
0.0724178043873083,17.970843675651523,0.6050898934560387,0.6609152950149235,0.5075528695928432,0.5436893203883495,0.4759206798866855,0.679867986312295,353,309,253,0.7802831128382455,0.1128678222503425,0.3915255665779114,0.7175407077671843,0.1648959476805935,0.2719452977180481,0.5761101245880127,chipstain_nll_s1,R05-C03,20,150,0.7568094759156258,0.1409461587987522,0.3623855113983154,0.0934051200747489,chipstain_nll,1,,,,,,
0.016254747381919,27.827247053818315,0.924683589921982,0.7990737108529311,0.7428571423608163,0.8125,0.6842105263157895,0.7878787873902662,38,32,28,0.1013471825533978,0.2882486940609661,0.3555110692977905,0.1358442359908586,0.2912978716222438,0.3849202394485473,0.5056158304214478,chipstain_nll_s1,R05-C03,21,1,0.2350137663702631,0.237448523042882,0.3916707038879394,0.01866708509624,chipstain_nll,1,,,,,,
0.0161262409962701,27.226713893966203,0.9159093547005877,0.7970466061049155,0.8433734934765568,0.875,0.813953488372093,0.7199999995107556,43,40,32,0.1005396995332399,0.3262420061999018,0.4572420120239258,0.2572446411345529,0.2471601841519647,0.5013867616653442,0.6178838014602661,chipstain_nll_s1,R05-C03,21,10,0.3148774133729953,0.2093400282840186,0.511942982673645,0.0212606638669967,chipstain_nll,1,,,,,,
0.0196615152550628,26.008639287384973,0.8774823979955122,0.7711249158715114,0.7017543854650662,0.7142857142857143,0.6896551724137931,0.7766990286341784,58,56,45,0.0473467758067955,0.3834183090550416,0.518415093421936,0.3983528908132316,0.2185247800263468,0.5548222661018372,0.6432543396949768,chipstain_nll_s1,R05-C03,21,50,0.59762432002129,0.1283315690279902,0.5554211139678955,0.0248926542699337,chipstain_nll,1,,,,,,
0.0248857408991592,24.92733950695166,0.8348860955928941,0.762351100589381,0.6363636358646695,0.6666666666666666,0.6086956521739131,0.6666666661758879,92,84,70,0.2889141718589479,0.2692175571967097,0.5684874057769775,0.4611988670193033,0.1857434358981506,0.5652310848236084,0.6256060600280762,chipstain_nll_s1,R05-C03,21,100,0.5471850679516197,0.1374015762222787,0.5651695728302002,0.0314787328243255,chipstain_nll,1,,,,,,
0.0291631034238424,23.882161663502224,0.8057427671285523,0.7633359236885039,0.5407407402469135,0.6083333333333333,0.4866666666666667,0.6821705421489094,150,120,108,0.4989648090784203,0.1918275756305948,0.6335647106170654,0.5343931509431518,0.1625529290258147,0.601995587348938,0.6658328771591187,chipstain_nll_s1,R05-C03,21,150,0.5914492022175801,0.1242795523661312,0.6271690726280212,0.0397397354245185,chipstain_nll,1,,,,,,
0.0130679056571006,30.276079850377243,0.9390290283008578,0.8727225538111466,0.8253968248999748,0.896551724137931,0.7647058823529411,0.8437499995019531,34,29,30,0.1623381881122781,0.3318642500933694,0.2714135646820068,0.1048541981553085,0.3433391326761996,0.2810097336769104,0.4280905723571777,chipstain_nll_s1,R05-C03,22,1,-0.0630621031373413,0.4141883169865199,0.2887856364250183,0.0159022323787212,chipstain_nll,1,,,,,,
0.0120018887174117,29.179648510762114,0.9337037135828102,0.8446581940257242,0.7575757570831038,0.8620689655172413,0.6756756756756757,0.840579709647553,37,29,32,-0.0754707627751488,0.4637939896019497,0.3126075267791748,0.1775401273156753,0.3304901258001941,0.3794943690299988,0.5569230318069458,chipstain_nll_s1,R05-C03,22,10,0.295492010674026,0.2567083176825301,0.4401069283485412,0.0160170570015907,chipstain_nll,1,,,,,,
0.0152584135027405,27.98241437996863,0.8960599397392989,0.8263039710922201,0.6373626368675281,0.7073170731707317,0.58,0.8723404250339519,50,41,44,-0.1369172965590023,0.5096537850358888,0.3566234707832336,0.2608509782455292,0.306957722755137,0.4281604290008545,0.5781649351119995,chipstain_nll_s1,R05-C03,22,50,0.6100065592124381,0.1287515298235886,0.4724159836769104,0.0192582253366708,chipstain_nll,1,,,,,,
0.0221732811759343,25.865775129184595,0.8423679775054257,0.7898742761649314,0.6625766866170348,0.6835443037974683,0.6428571428571429,0.7763157889792243,84,79,68,0.1873456148652651,0.3275823818468162,0.4821352958679199,0.3610309768672993,0.2330538909134745,0.4969139695167541,0.5830268859863281,chipstain_nll_s1,R05-C03,22,100,0.5206933082084076,0.1542344818019654,0.5000753998756409,0.0278625898063182,chipstain_nll,1,,,,,,
0.0273504797253287,24.309819580922913,0.8000884708962914,0.7676372015447221,0.6120689650175757,0.6283185840707964,0.5966386554621849,0.7582938383707464,119,113,92,0.3498156052896814,0.2506481202971178,0.5534724593162537,0.4145491671671544,0.2093962302586824,0.5400935411453247,0.6034624576568604,chipstain_nll_s1,R05-C03,22,150,0.555278641999513,0.1376862654428545,0.555692732334137,0.0346765033900737,chipstain_nll,1,,,,,,
0.0141680586327696,29.75102906211839,0.9332066548117895,0.8390025408031905,0.6562499995122071,0.7777777777777778,0.5675675675675675,0.8529411759744808,37,27,31,0.2078147743040102,0.297229461304236,0.2457460761070251,0.0607796898132384,0.3509229613766932,0.2611302137374878,0.4015166163444519,chipstain_nll_s1,R05-C03,23,1,-0.0404659079231634,0.3870446970079508,0.2567138671875,0.0160534474998712,chipstain_nll,1,,,,,,
0.0124495496150158,29.255291925739023,0.930961635807879,0.8216008837767089,0.7164179099505457,0.7741935483870968,0.6666666666666666,0.8307692302750296,36,31,29,0.0025755752864512,0.407402136100254,0.3081366419792175,0.1430017421135534,0.3290538686371511,0.3670309782028198,0.5325999855995178,chipstain_nll_s1,R05-C03,23,10,0.1971073393267587,0.2771666473275355,0.3950610756874084,0.017000775784254,chipstain_nll,1,,,,,,
0.0146000346387664,28.78145572683962,0.8975616194279968,0.8401794807710359,0.7441860460127095,0.7804878048780488,0.7111111111111111,0.7469879513107853,45,41,38,-0.0351075813044063,0.4967470755866347,0.3371721506118774,0.242803334463925,0.342198788570552,0.3899914026260376,0.5697435736656189,chipstain_nll_s1,R05-C03,23,50,0.4585646183494924,0.2025820857228971,0.4264234900474548,0.0189195536077022,chipstain_nll,1,,,,,,
0.0208183963524342,26.648682446436467,0.8458702250555181,0.8010707434005201,0.6428571423573022,0.631578947368421,0.6545454545454545,0.699999999505,55,57,45,0.1502001222023089,0.3388733286278703,0.4079508185386657,0.2804261760289412,0.2760915784210689,0.4252068400382995,0.5367193222045898,chipstain_nll_s1,R05-C03,23,100,0.4365856283245362,0.1851967842324281,0.4287124276161194,0.0246077142655849,chipstain_nll,1,,,,,,
0.0272684337018977,24.39200001702639,0.7962513956045851,0.7390866388066241,0.5526315784481475,0.5316455696202531,0.5753424657534246,0.7633587781325097,73,79,58,0.2833348282002338,0.242623098502247,0.5043310523033142,0.342855182573971,0.2205837147785865,0.5084015130996704,0.5730843544006348,chipstain_nll_s1,R05-C03,23,150,0.45789073967292,0.1585407607303469,0.5069203972816467,0.0316782593727111,chipstain_nll,1,,,,,,
0.0181783865523193,27.0735613957716,0.9155574198032116,0.8707236591151499,0.9215686269511726,0.94,0.903846153846154,0.9523809518809976,52,50,53,0.2268723612242414,0.2810836852960067,0.3492478132247925,0.122833653667743,0.2931112762325079,0.3693190813064575,0.4701082706451416,chipstain_nll_s1,R05-C03,24,1,0.060861811206355,0.3144862286460491,0.3709132671356201,0.0202059596776962,chipstain_nll,1,,,,,,
0.0170208818794411,26.90549192746491,0.9135404595792118,0.857638676209424,0.8292682921832243,0.85,0.8095238095238095,0.9105691051913544,63,60,60,0.1390387312483267,0.2982681597906885,0.4188666343688965,0.1698244980249003,0.2632951500124543,0.4537864327430725,0.5540587902069092,chipstain_nll_s1,R05-C03,24,10,0.1954252190763835,0.2458025195254312,0.4628483057022095,0.0213873349130153,chipstain_nll,1,,,,,,
0.0209548099824127,24.722967589150365,0.8637823174555133,0.8071311356423716,0.823529411264775,0.813953488372093,0.8333333333333334,0.8139534878723633,84,86,88,0.1404997675071594,0.3046042688104339,0.6045953631401062,0.3926178280710075,0.2049513231093535,0.6219502687454224,0.7142406702041626,chipstain_nll_s1,R05-C03,24,50,0.4809149736116067,0.1480802146373618,0.623431921005249,0.0298471692949533,chipstain_nll,1,,,,,,
0.0277367310874287,23.113312517631016,0.8124519215384357,0.7934936292772575,0.6104417665711842,0.6608695652173913,0.5671641791044776,0.7999999995012994,134,115,121,0.273053424570047,0.2575860551740683,0.64009690284729,0.4290549414053426,0.1944017484475441,0.6273080110549927,0.7027894854545593,chipstain_nll_s1,R05-C03,24,100,0.4835889090088748,0.146478087908235,0.646583616733551,0.035404372960329,chipstain_nll,1,,,,,,
0.0376156164871893,21.61970423094192,0.7473186579947783,0.7743399309601287,0.5862068960533755,0.6219512195121951,0.5543478260869565,0.7988338187446388,184,164,159,0.4771422327921393,0.1929781727880366,0.6383243799209595,0.5420624117458394,0.1691969076933484,0.5503567457199097,0.7016077637672424,chipstain_nll_s1,R05-C03,24,150,0.5836725905946549,0.1283958991435691,0.6360712051391602,0.0479557290673255,chipstain_nll,1,,,,,,
0.0185833653746855,26.469176291287223,0.9160510543266662,0.823998193410044,0.837606837106874,0.8448275862068966,0.8305084745762712,0.8867924523365965,59,58,47,0.1764002308196737,0.2646677630418368,0.4266624450683594,0.2012919207564688,0.256051041235851,0.4459257125854492,0.5383477210998535,chipstain_nll_s1,R05-C03,3,1,0.200284363673912,0.2499669374572428,0.4393852949142456,0.0208975635468959,chipstain_nll,1,,,,,,
0.0178631517195924,26.21700480802527,0.9089313051205968,0.8176323639153925,0.7540983601569471,0.7931034482758621,0.71875,0.9059829054873256,64,58,53,0.1105488088961935,0.3187523004641261,0.4849451184272766,0.2048505633606414,0.2695740856488734,0.5171424746513367,0.6311529874801636,chipstain_nll_s1,R05-C03,3,10,0.4053358955743014,0.1662260177130055,0.5119085311889648,0.022169018164277,chipstain_nll,1,,,,,,
0.0246464037988478,24.441136126658996,0.8520618082028438,0.7743504609058149,0.7950310554006403,0.8,0.7901234567901234,0.7887323938761158,81,80,61,0.2953069571562295,0.2527763104574611,0.5595094561576843,0.3256554912237245,0.2416529072297991,0.5625400543212891,0.6427270770072937,chipstain_nll_s1,R05-C03,3,50,0.3862146884902946,0.1777244086166315,0.5601314902305603,0.0301956906914711,chipstain_nll,1,,,,,,
0.0301701311550894,23.36494393972785,0.8127717947269819,0.7729940650989565,0.6827309231954323,0.7083333333333334,0.6589147286821705,0.793248944651605,129,120,108,0.3838137356454549,0.2210836047654783,0.5920330882072449,0.3904094562829904,0.203613990116761,0.568731427192688,0.6362494230270386,chipstain_nll_s1,R05-C03,3,100,0.4336679010210829,0.1622930440399633,0.589241087436676,0.0359404124319553,chipstain_nll,1,,,,,,
0.0455568057065478,20.190287158854044,0.7374756786659912,0.6609842707457161,0.6340057631894626,0.6586826347305389,0.6111111111111112,0.6463414629193931,180,167,148,0.6093500261551194,0.1331306851665823,0.6436216831207275,0.6289122176739053,0.1372419585050645,0.5188627243041992,0.7072428464889526,chipstain_nll_s1,R05-C03,3,150,0.6278642773903479,0.1262154187307606,0.5444903373718262,0.055347703397274,chipstain_nll,1,,,,,,
0.0195961353989152,26.74540585615627,0.9021186429811384,0.8280763998017266,0.943999999500032,0.9365079365079364,0.9516129032258064,0.9499999995005556,62,63,58,0.1848049216585235,0.2696995195530398,0.4194898605346679,0.1625461395717736,0.2672181050474242,0.4387720823287964,0.53226637840271,chipstain_nll_s1,R05-C03,4,1,0.2305372277680495,0.2224023040810691,0.4301871061325073,0.0241777375340461,chipstain_nll,1,,,,,,
0.0185463332188529,26.58724398256378,0.8961625540503896,0.8220935366208693,0.7971014487753623,0.7971014492753623,0.7971014492753623,0.8805970144258186,69,69,65,0.2273472008354984,0.2753445402724147,0.489210844039917,0.2570561729164359,0.2621806005783995,0.5137441158294678,0.625586748123169,chipstain_nll_s1,R05-C03,4,10,0.2832001409836315,0.2173750690479905,0.5056707262992859,0.0257192477583885,chipstain_nll,1,,,,,,
0.0237701911838336,25.134369638113817,0.8505561252905921,0.8137172242378597,0.8585365848659607,0.8712871287128713,0.8461538461538461,0.8965517236382343,104,101,99,0.2738936152116155,0.2798734263537359,0.5500830411911011,0.3629133394614395,0.2524811429619512,0.5504255294799805,0.6371170878410339,chipstain_nll_s1,R05-C03,4,50,0.3908372005077051,0.2140500070862928,0.5551838874816895,0.0314326919615268,chipstain_nll,1,,,,,,
0.0420607867729475,19.700909395315104,0.7667754100782826,0.6326260475766997,0.6689655167419737,0.6928571428571428,0.6466666666666666,0.8842105258171744,150,140,135,0.4752717040998912,0.1745248091138314,0.7007508873939514,0.5254337440361173,0.5423812636164114,0.5242537260055542,0.7268058061599731,chipstain_nll_s1,R05-C03,4,100,0.5579693237526632,0.7616790541428509,0.4273363947868347,0.0434311106801033,chipstain_nll,1,,,,,,
0.0628058236765509,16.564374144512527,0.702356728820728,0.5841478255921048,0.4885057466413,0.5902777777777778,0.4166666666666667,0.8095238090269588,204,144,174,0.6108253098394179,0.1568115600748766,0.7277729511260986,0.6062709688636855,1.3567075674691988,0.3041509985923767,0.7868602275848389,chipstain_nll_s1,R05-C03,4,150,0.4940032990622585,1.6436463997639146,0.190212070941925,0.0476900376379489,chipstain_nll,1,,,,,,
0.0162631663422696,28.125058048074106,0.9249087399965868,0.831003821279748,0.7722772272251739,0.8297872340425532,0.7222222222222222,0.7608695647325141,54,47,38,0.1204838667176913,0.2918180822168604,0.367526650428772,0.1828332816600182,0.2837703897599202,0.3957318663597107,0.5026951432228088,chipstain_nll_s1,R05-C03,5,1,0.2236856521577,0.2614379497117235,0.3814427852630615,0.0194611679762601,chipstain_nll,1,,,,,,
0.0167662258043052,27.087464043226777,0.9125425060044188,0.8042200683622942,0.8376068371077507,0.8032786885245902,0.875,0.7799999995071999,56,61,44,0.1362146884061678,0.2743577971430334,0.4934155344963074,0.269291736949935,0.2484004581259824,0.529360294342041,0.6456507444381714,chipstain_nll_s1,R05-C03,5,10,0.3781978059464647,0.1780420934464424,0.5184376239776611,0.0221237409859895,chipstain_nll,1,,,,,,
0.0204729058864359,26.503551634631343,0.8789292343394067,0.8157358421481051,0.7375886519824958,0.7536231884057971,0.7222222222222222,0.7226890751523197,72,69,47,0.3067233054992405,0.2564847073826075,0.4811035394668579,0.3376601931686239,0.2538262367373045,0.4944689869880676,0.5897406339645386,chipstain_nll_s1,R05-C03,5,50,0.4352504305681006,0.1822770706877269,0.4939047694206238,0.0246800277382135,chipstain_nll,1,,,,,,
0.0282880018669545,23.997790217377023,0.8279008641556912,0.7414806803199929,0.6608695647177316,0.6440677966101694,0.6785714285714286,0.7319587623985545,112,118,82,0.5146293850368214,0.1711658365306828,0.6229802370071411,0.4706624608956201,0.1694441388142884,0.6072291731834412,0.6599398851394653,chipstain_nll_s1,R05-C03,5,100,0.4627620101455628,0.1511955861155755,0.6184046268463135,0.0363036654889583,chipstain_nll,1,,,,,,
0.036491005144179,22.116751386193027,0.7774030407450833,0.7076238027358646,0.6139240501329314,0.6178343949044586,0.610062893081761,0.6409266404525871,159,157,100,0.6513175795906772,0.1255397795206548,0.6760855317115784,0.6521860379120874,0.1229431624859375,0.5941106677055359,0.7165815234184265,chipstain_nll_s1,R05-C03,5,150,0.6745970074583456,0.0967511242208741,0.663677453994751,0.0480049774050712,chipstain_nll,1,,,,,,
0.017684743116755,27.104250890141728,0.9163600865958658,0.852674467909381,0.9462365586398428,0.9361702127659576,0.9565217391304348,0.9230769225769836,46,47,45,0.0785367299477359,0.3060296330448935,0.3651537895202636,0.1796097480576221,0.2786211278103086,0.3989157080650329,0.5030133724212646,chipstain_nll_s1,R05-C03,6,1,0.1731723191846453,0.2824792236675024,0.3974488377571106,0.0202429927885532,chipstain_nll,1,,,,,,
0.0168590766269844,26.816891914266655,0.9083519046029273,0.8442301061960867,0.8411214948271464,0.8490566037735849,0.8333333333333334,0.8952380947385034,54,53,51,0.0515980695969111,0.3231411333502751,0.4387515187263489,0.1833794797666411,0.3002387332508318,0.4848829507827759,0.6255327463150024,chipstain_nll_s1,R05-C03,6,10,0.3575122246226293,0.1881793429199669,0.4864319562911987,0.0209860671311616,chipstain_nll,1,,,,,,
0.0200054896717565,26.297150918204505,0.8715760399090553,0.8566616866318196,0.7801418434728635,0.8208955223880597,0.7432432432432432,0.7891156457585263,74,67,73,0.1806032338711984,0.3219775709500805,0.4579846262931824,0.231370955978287,0.3213322316941823,0.4788845777511596,0.6063336133956909,chipstain_nll_s1,R05-C03,6,50,0.4450012102906925,0.1798563730217774,0.4777307510375976,0.0255888774991035,chipstain_nll,1,,,,,,
0.0283067192589112,23.566238827372857,0.814485520493378,0.7928641561822309,0.6190476185487529,0.65,0.5909090909090909,0.7135678387015479,110,100,89,0.3773498434779833,0.2163059371015377,0.5921080708503723,0.3240175869583926,0.2398218390174976,0.589331865310669,0.6567379236221313,chipstain_nll_s1,R05-C03,6,100,0.4268205110715569,0.1720899464472937,0.5958894491195679,0.0352434515953063,chipstain_nll,1,,,,,,
0.0461334383092249,17.732364391631286,0.7688413364671695,0.5698873726990328,0.4796747962544451,0.5412844036697247,0.4306569343065693,0.7470817115644446,137,109,120,0.4191127232649082,0.2359898832580861,0.7648872137069702,0.4401320248934826,1.5749215627432396,0.4052583575248718,0.8132610321044922,chipstain_nll_s1,R05-C03,6,150,0.3770768038793132,2.0173612841738264,0.1718420982360839,0.0342379212379455,chipstain_nll,1,,,,,,
0.0136865715566518,29.479111916997315,0.9296506473719588,0.7849391070098957,0.7924528296902813,0.84,0.75,0.9259259254266118,28,25,26,-0.0101931903776684,0.3819072692243784,0.2447949647903442,0.0832725307624635,0.3623567788245009,0.291329562664032,0.4555350542068481,chipstain_nll_s1,R05-C03,7,1,0.1782953935619288,0.3071240007069382,0.2874533534049988,0.0159222315996885,chipstain_nll,1,,,,,,
0.0139114335926704,28.7720750210598,0.9151407520563885,0.770260417967755,0.7761194024860771,0.7428571428571429,0.8125,0.8387096769198752,32,35,30,0.0144091302607792,0.4156987242790976,0.3459113836288452,0.1697622199165478,0.3595278818474797,0.3992169499397278,0.5886776447296143,chipstain_nll_s1,R05-C03,7,10,0.3464294034539612,0.230566213036593,0.3957807421684265,0.0178900230675935,chipstain_nll,1,,,,,,
0.0196260293864218,27.53599820304977,0.8686522158988135,0.7738616796555122,0.6341463409634146,0.6341463414634146,0.6341463414634146,0.6493506488527576,41,41,36,0.1766638750781928,0.3551003819447434,0.3262696862220764,0.2423785134903197,0.3216462287907351,0.3474019169807434,0.4810814261436462,chipstain_nll_s1,R05-C03,7,50,0.4210776081546547,0.2103526651157916,0.352031946182251,0.0198956411331892,chipstain_nll,1,,,,,,
0.0265025969866122,25.142629572694062,0.8180186457856182,0.7094997731822583,0.5853658531585696,0.5806451612903226,0.5901639344262295,0.7499999995039858,61,62,51,0.3145048158193048,0.2385695644626762,0.4060108661651611,0.2901348058314605,0.2421107689730377,0.4098714590072632,0.4916901588439941,chipstain_nll_s1,R05-C03,7,100,0.3095915120016725,0.205188770645052,0.4015764594078064,0.0254605822265148,chipstain_nll,1,,,,,,
0.0302940128021291,24.048230019282713,0.7868968814045404,0.7147364288682426,0.6408839774013003,0.6666666666666666,0.6170212765957447,0.6540880498310985,94,87,65,0.3783790668391373,0.2050552179415003,0.467265784740448,0.3518742791018869,0.2049390222654091,0.4621658325195312,0.5249782204627991,chipstain_nll_s1,R05-C03,7,150,0.384855779430879,0.1772113405247113,0.4623100161552429,0.031017018482089,chipstain_nll,1,,,,,,
0.0193215460113749,26.517094466025743,0.906457926419958,0.8219112781511305,0.8444444439446913,0.8260869565217391,0.8636363636363636,0.895999999501568,66,69,59,0.0975797959399054,0.2881786966360819,0.4338027834892273,0.1513499548984168,0.2694863602057948,0.4536322951316833,0.5524546504020691,chipstain_nll_s1,R05-C03,8,1,0.3041691029492442,0.2050278516126774,0.4577690958976745,0.0229504257440567,chipstain_nll,1,,,,,,
0.0190949359012755,26.082903434017233,0.8949551458204054,0.8041334554828621,0.8382352936177551,0.8260869565217391,0.8507462686567164,0.8593749995010986,67,69,61,0.1191796490258555,0.298728731015775,0.5311487913131714,0.2930817014111426,0.2382746960546254,0.5553041696548462,0.6614689230918884,chipstain_nll_s1,R05-C03,8,10,0.430256576457784,0.1637488194781737,0.5498279333114624,0.0257283188402652,chipstain_nll,1,,,,,,
0.0227797079016831,24.997347260769075,0.8559189477011763,0.7903197287417042,0.7441860460116277,0.7441860465116279,0.7441860465116279,0.8095238090240929,86,86,82,0.2596537829196099,0.2839032082312824,0.590008556842804,0.4456125470508074,0.2075390601484829,0.5947779417037964,0.6774145364761353,chipstain_nll_s1,R05-C03,8,50,0.5690242434411915,0.1301373190745697,0.5953316688537598,0.0300868451595306,chipstain_nll,1,,,,,,
0.029777724987041,23.180913529845583,0.8047344814035182,0.744239597957344,0.6640926635928505,0.6771653543307087,0.6515151515151515,0.7391304342935349,132,127,98,0.4846234458720083,0.1972541968818275,0.6729346513748169,0.609594417209346,0.138659884428138,0.6280450224876404,0.7068010568618774,chipstain_nll_s1,R05-C03,8,100,0.6753342388228132,0.093627501325073,0.6658832430839539,0.0408782362937927,chipstain_nll,1,,,,,,
0.0369489372274662,22.173171177011127,0.7584235641617958,0.7361996529812747,0.596385541668838,0.6073619631901841,0.5857988165680473,0.7003366998462288,169,163,128,0.6663932095208239,0.1496729096059187,0.6306912899017334,0.6514354383289436,0.1408351990851239,0.5440154671669006,0.6834583878517151,chipstain_nll_s1,R05-C03,8,150,0.7150956663069632,0.0968057919436894,0.6287692785263062,0.0489891692996025,chipstain_nll,1,,,,,,
0.0305937834997072,21.9951657866331,0.8501125465402151,0.7216786751836125,0.7570093452954842,0.7941176470588235,0.7232142857142857,0.8309178738995076,112,102,95,0.3246279383731241,0.2267275394611035,0.6349350214004517,0.4151068347923732,0.1739366943006858,0.6311252117156982,0.6940768957138062,chipstain_nll_s1,R05-C03,9,1,0.4412683683633686,0.1582058308555794,0.6028985381126404,0.0328544378280639,chipstain_nll,1,,,,,,
0.0447256570537206,17.82508342101376,0.8078358525157213,0.586072187370836,0.757009345301773,0.8617021276595744,0.675,0.8054298637570894,120,94,101,0.3810507522321577,0.2730330406534324,0.7942918539047241,0.4591797003983863,1.9781860958357964,0.3402508497238159,0.846133828163147,chipstain_nll_s1,R05-C03,9,10,0.4224381367297325,2.3817126663919828,0.1202467083930969,0.0341106802225112,chipstain_nll,1,,,,,,
0.0661910715707679,15.47066857352066,0.7284093374545174,0.5076182274995575,0.5853658531677693,0.6774193548387096,0.5153374233128835,0.75510204032225,163,124,131,0.4604224055589755,0.2510656122913331,0.8050780296325684,0.5450005205621667,2.2321208777557597,0.1772363781929016,0.8624311089515686,chipstain_nll_s1,R05-C03,9,50,0.4283188727560427,2.548669024610466,0.0422943234443664,0.0447087436914444,chipstain_nll,1,,,,,,
0.0819306836358452,14.501794587033755,0.6748711210339882,0.5050095680446318,0.3802469130931261,0.4529411764705882,0.3276595744680851,0.724220623009276,235,170,182,0.6783397384459231,0.1483159012901258,0.7848643064498901,0.5799071247332346,2.196917664874019,0.0783146619796752,0.8446004390716553,chipstain_nll_s1,R05-C03,9,100,0.3470615134634364,2.3465820242959783,0.0102708339691162,0.0562437325716018,chipstain_nll,1,,,,,,
0.1370826381670307,11.31796279003053,0.5708432984886337,0.387224463409969,0.0197044332669077,0.074074074074074,0.0113636363636363,0.6110183634552635,352,54,247,0.7690386741199964,0.1180270859197112,0.776705265045166,0.4390818664014028,2.230088222447057,-0.0409146547317504,0.8307108879089355,chipstain_nll_s1,R05-C03,9,150,0.084089710123777,2.3757374493448986,-0.1024606227874755,0.0622197166085243,chipstain_nll,1,,,,,,
0.0211452555423666,25.4197559825268,0.8881327485040783,0.776096370157493,0.7999999995014222,0.8450704225352113,0.759493670886076,0.8111888106943127,79,71,64,0.2140679328581106,0.2959009511923199,0.503012478351593,0.3081805850100426,0.2219449083936247,0.5354348421096802,0.6264083981513977,chipstain_nll_s2,R05-C03,0,1,0.3396243855920791,0.1993439327506301,0.536471962928772,0.0288435406982898,chipstain_nll,2,,,,,,
0.0211573772035449,25.63383548024468,0.8720942656193729,0.7965108470963662,0.7204968939101113,0.7341772151898734,0.7073170731707317,0.824324323830168,82,79,66,0.2066599949960556,0.3472541363929695,0.5293262600898743,0.3814472652650562,0.2389684857593073,0.552756667137146,0.6585036516189575,chipstain_nll_s2,R05-C03,0,10,0.4044100391779695,0.2031379585284851,0.5541066527366638,0.0297827254980802,chipstain_nll,2,,,,,,
0.0306650025673625,23.80699876101111,0.8085988220379826,0.7672399045365932,0.7083333328346897,0.7472527472527473,0.6732673267326733,0.734463276346133,101,91,76,0.3263155290901062,0.2628932221366734,0.4869703650474548,0.3703408120263145,0.2168015658213274,0.4841933846473694,0.5622968673706055,chipstain_nll_s2,R05-C03,0,50,0.4152762444401336,0.190024746428289,0.4947391748428345,0.033943273127079,chipstain_nll,2,,,,,,
0.0376828253789154,22.774858958350915,0.7542666153581125,0.7623478141575192,0.6375838921185533,0.6690140845070423,0.6089743589743589,0.7482517477558803,156,142,130,0.462836661419791,0.1935823890638709,0.5172750949859619,0.4529918429667089,0.183331602815663,0.4670361876487732,0.5577611327171326,chipstain_nll_s2,R05-C03,0,100,0.5131445126129287,0.1439545157441805,0.5018419623374939,0.0439219400286674,chipstain_nll,2,,,,,,
0.0444095144659734,21.489099513455564,0.7082133376077092,0.7365912231540294,0.6310904867406613,0.6699507389162561,0.5964912280701754,0.6568627446049596,228,203,180,0.6771480019551255,0.1598694319121216,0.5365043878555298,0.601812680337189,0.1611415708420939,0.4386100172996521,0.6111404895782471,chipstain_nll_s2,R05-C03,0,150,0.6295718230828893,0.1290650724458676,0.5264309644699097,0.0570001900196075,chipstain_nll,2,,,,,,
0.0287258155054576,24.07212560894302,0.8410586512756943,0.8056962210506866,0.8029739771957269,0.8307692307692308,0.7769784172661871,0.8396946559904142,139,130,123,0.2694997153285926,0.2963993699496875,0.5602760314941406,0.4079651250345306,0.1933796072925125,0.551148533821106,0.622020423412323,chipstain_nll_s2,R05-C03,1,1,0.4453879006297119,0.1672392235203094,0.5629469156265259,0.0412886589765548,chipstain_nll,2,,,,,,
0.0304919920573634,23.417359541231832,0.8213775269475843,0.7856028477090481,0.8453608242422739,0.8482758620689655,0.8424657534246576,0.8142857137866326,146,145,134,0.2929515351900844,0.292158762159199,0.6416165232658386,0.5134151220438804,0.1777087325046652,0.5911786556243896,0.6865366697311401,chipstain_nll_s2,R05-C03,1,10,0.5403314750181996,0.1366045055791827,0.6313310861587524,0.0449790470302104,chipstain_nll,2,,,,,,
0.0389241359796995,22.23348923268938,0.7530206946152277,0.7509271158276601,0.743589743089954,0.7591623036649214,0.7286432160804021,0.7582417577461206,199,191,165,0.5355881248070025,0.2192706011901129,0.6035487651824951,0.6097869277872525,0.1654172313947617,0.4771274328231811,0.6654187440872192,chipstain_nll_s2,R05-C03,1,50,0.6289381845750137,0.1366171762276853,0.5932042002677917,0.0570332519710063,chipstain_nll,2,,,,,,
0.0560905611980597,20.15760369572476,0.6531460241778579,0.7061332554831545,0.6059602644014517,0.6310344827586207,0.5828025477707006,0.7423423418509925,314,290,241,0.7142891365448716,0.1563373011742365,0.4517651200294494,0.6886974464752303,0.1681800269657068,0.3086640834808349,0.5966904163360596,chipstain_nll_s2,R05-C03,1,100,0.7323152608739226,0.1186578857941311,0.4546301364898681,0.0843897759914398,chipstain_nll,2,,,,,,
0.0710307836530985,18.7494924864402,0.5776287350299848,0.6486008018030641,0.5717821777205788,0.6176470588235294,0.532258064516129,0.6417112294593926,434,374,314,0.7339541488016698,0.167419011294094,0.3265244364738464,0.637359747334923,0.213409127126365,0.2159335017204284,0.527560830116272,chipstain_nll_s2,R05-C03,1,150,0.7204145847077755,0.1451811963321547,0.326008141040802,0.1048910245299339,chipstain_nll,2,,,,,,
0.0370025685636023,21.875580290464384,0.8021455392637252,0.795688789156208,0.7717391299348415,0.7802197802197802,0.7634408602150538,0.8045977006518034,186,182,162,0.3773833680561263,0.267433367297642,0.5953670740127563,0.4752771943176732,0.1729008776428419,0.539383590221405,0.6491705179214478,chipstain_nll_s2,R05-C03,10,1,0.4640282325184163,0.1661890792902143,0.5878899693489075,0.0494542755186557,chipstain_nll,2,,,,,,
0.039093653929283,21.53256333824553,0.7753920474574512,0.7758845911403079,0.8181818176818693,0.81,0.826530612244898,0.8096514740321283,196,200,177,0.4622331377788851,0.2391756341167516,0.6359686851501465,0.5869556841036278,0.1493157597245936,0.523585855960846,0.6858636140823364,chipstain_nll_s2,R05-C03,10,10,0.5833108130244368,0.1339769045563081,0.6222082376480103,0.0546154342591762,chipstain_nll,2,,,,,,
0.0497885027166749,20.45967637202392,0.7021963667386534,0.7558119721180039,0.7466666661666684,0.7480916030534351,0.7452471482889734,0.7886178856812496,263,262,229,0.6508166955303897,0.185259536684726,0.5275251865386963,0.6571613399360763,0.1654109639241109,0.3899831175804138,0.6397178173065186,chipstain_nll_s2,R05-C03,10,50,0.6787445134540389,0.130574954731018,0.5175789594650269,0.070040114223957,chipstain_nll,2,,,,,,
0.0646579725602503,19.302567818624468,0.6243356723964103,0.6916673108307438,0.6411609493686622,0.6639344262295082,0.6198979591836735,0.6551724133010964,392,366,304,0.7119848678677373,0.1843114220348467,0.3589867353439331,0.6621104599174077,0.199437340165635,0.2179887294769287,0.5549917221069336,chipstain_nll_s2,R05-C03,10,100,0.7385620909503898,0.1273520912006676,0.3589054942131042,0.0974055752158165,chipstain_nll,2,,,,,,
0.0822407613995401,17.90845850450345,0.5356145310816496,0.6356537330398566,0.5302419349874561,0.579295154185022,0.4888475836431227,0.6048565116588842,538,454,368,0.6519903226295124,0.2366895270476973,0.249539315700531,0.5353922344752254,0.2885127270025301,0.1417644023895263,0.4873926639556885,chipstain_nll_s2,R05-C03,10,150,0.6516057325862105,0.1942912057499458,0.2467342019081115,0.1178654432296752,chipstain_nll,2,,,,,,
0.0311631527364103,22.88796895505843,0.8317823145522211,0.8064901533009322,0.8191126274864006,0.8275862068965517,0.8108108108108109,0.8413284127883879,148,145,123,0.3251155276152712,0.2840237076467704,0.6181231737136841,0.535638194810947,0.1474498777108636,0.5925179123878479,0.675244152545929,chipstain_nll_s2,R05-C03,11,1,0.5628648676270608,0.1239299679316018,0.6174702644348145,0.0417651385068893,chipstain_nll,2,,,,,,
0.0354555819262252,22.533222580718512,0.7949360923290979,0.7878453091447079,0.7882352936179238,0.7701149425287356,0.8072289156626506,0.7622149832166706,166,174,141,0.4828956894232292,0.233612403991744,0.6284299492835999,0.5865146461787784,0.1412166833567487,0.5523582696914673,0.6776297092437744,chipstain_nll_s2,R05-C03,11,10,0.6188450437515325,0.1126450604945907,0.6096409559249878,0.0518437065184116,chipstain_nll,2,,,,,,
0.0441055568717021,21.337754424599645,0.7345267134591046,0.761198141385975,0.7420042638923263,0.7435897435897436,0.7404255319148936,0.7664399087992142,235,234,206,0.6315963088788723,0.180047749009111,0.5697685480117798,0.659711683117337,0.1452240678658686,0.4360260367393493,0.6516717672348022,chipstain_nll_s2,R05-C03,11,50,0.6756359378235985,0.1155928760902083,0.5619895458221436,0.0646195262670517,chipstain_nll,2,,,,,,
0.0559268662214166,19.9585509789951,0.6672128824411927,0.7241989225705672,0.5869894094873992,0.6319218241042345,0.5480225988700564,0.7104851325261742,354,307,285,0.6943265891308105,0.1766310863017524,0.4438716173171997,0.6955663683103231,0.1532694039400165,0.3295556902885437,0.6050301790237427,chipstain_nll_s2,R05-C03,11,100,0.7402093263310903,0.1090208710588622,0.4456377625465393,0.0793818011879921,chipstain_nll,2,,,,,,
0.071562988310593,18.80568886182384,0.5892626246027324,0.6734997135746819,0.5355850417230055,0.5842105263157895,0.4944320712694877,0.6025974021112194,449,380,321,0.6913233427516366,0.2039521193830554,0.2978624105453491,0.6219409277187279,0.2153069271930466,0.202454388141632,0.523210346698761,chipstain_nll_s2,R05-C03,11,150,0.6983588370521218,0.1521300488097905,0.2973241209983825,0.1059347689151763,chipstain_nll,2,,,,,,
0.0277506911467998,23.777655869478693,0.829402541088827,0.8067005703880064,0.8127853876279477,0.8018018018018018,0.8240740740740741,0.8780487799892445,108,111,97,0.2437327800247444,0.4183861722368471,0.545539379119873,0.4515668379575803,0.2026321001841175,0.5411686897277832,0.645475447177887,chipstain_nll_s2,R05-C03,12,1,0.4151760585594316,0.4823609318956061,0.4868308305740356,0.0345328785479068,chipstain_nll,2,,,,,,
0.0308738938481644,23.292628032481307,0.7963311422348912,0.7878626509217254,0.8455284547848502,0.8253968253968254,0.8666666666666667,0.9170305671867433,120,126,109,0.2792408568418661,0.4066024447125335,0.5593959093093872,0.4571897580411946,0.218506686236473,0.5106133222579956,0.6379873752593994,chipstain_nll_s2,R05-C03,12,10,0.4078336561527482,0.5684051766648395,0.4502075910568237,0.0371118932962417,chipstain_nll,2,,,,,,
0.0367929631887811,22.631372213807083,0.7725947608968389,0.801877550353033,0.8026755847842865,0.8053691275167785,0.8,0.8158844760377432,150,149,127,0.353257745440678,0.2591866792266368,0.5302998423576355,0.3591600781317216,0.2262678155237205,0.4807650446891784,0.5749843120574951,chipstain_nll_s2,R05-C03,12,50,0.440535298498258,0.1752180800906579,0.5199158191680908,0.0434858575463295,chipstain_nll,2,,,,,,
0.0491554246338687,20.893534797592245,0.6808374007790369,0.7530006165295043,0.7095343675709755,0.7142857142857143,0.7048458149779736,0.7447306786589077,227,224,200,0.5946545372945777,0.176440780926635,0.4997674822807312,0.4545228037737038,0.2068249945108194,0.3941520452499389,0.57563316822052,chipstain_nll_s2,R05-C03,12,100,0.4926675275789171,0.168107592104751,0.4910911917686462,0.0619317181408405,chipstain_nll,2,,,,,,
0.0664885569836568,18.96248641182434,0.5931416374543703,0.7022084024790408,0.494152046285169,0.5232198142414861,0.4681440443213296,0.7723935384151751,361,323,320,0.7190243123382901,0.1402503679739095,0.3741147518157959,0.624223938456035,0.1806084621226665,0.2774116992950439,0.55634605884552,chipstain_nll_s2,R05-C03,12,150,0.6716585143620728,0.1316888456932775,0.3844868540763855,0.0894268453121185,chipstain_nll,2,,,,,,
0.0168223385757054,27.706666791196636,0.8896174633449402,0.766297122923739,0.8115942024011762,0.7567567567567568,0.875,0.7333333328355556,32,37,28,0.0573736863735138,0.537600556650686,0.3526641726493835,0.3075913366147339,0.2863318885953747,0.4330701231956482,0.5801748037338257,chipstain_nll_s2,R05-C03,13,1,0.2537843671019598,0.4699379301838624,0.3845106363296509,0.0221122093498706,chipstain_nll,2,,,,,,
0.017086007979802,27.9187022475362,0.8915433432294,0.790050667378374,0.8157894731897508,0.7380952380952381,0.9117647058823528,0.799999999501065,34,42,31,0.0772923281451186,0.4669866922436523,0.3471898436546325,0.2758598284329414,0.3337831794707479,0.3960112929344177,0.5689160823822021,chipstain_nll_s2,R05-C03,13,10,0.3039212823308446,0.3065694161367096,0.388985812664032,0.0221248213201761,chipstain_nll,2,,,,,,
0.0273903970121155,25.45025709319872,0.8143822883007705,0.7289380786158678,0.7289719621172155,0.7090909090909091,0.75,0.7472527467629514,52,55,39,0.2026447487225822,0.2873242008482933,0.3444371819496155,0.271658485164211,0.2454127764783688,0.3459159135818481,0.4504331350326538,chipstain_nll_s2,R05-C03,13,50,0.3578091200345294,0.2026431379197935,0.3462925553321838,0.0265095625072717,chipstain_nll,2,,,,,,
0.034542188506637,24.12261240952274,0.7533944795782481,0.7157291033426905,0.6463414629158238,0.6162790697674418,0.6794871794871795,0.729927006808887,78,86,59,0.2962542461890927,0.2093357718839884,0.3813087940216064,0.2952458934753439,0.2027624274419865,0.3719229102134704,0.4465859532356262,chipstain_nll_s2,R05-C03,13,100,0.3612120306354744,0.1746743649113903,0.3727133870124817,0.0320327319204807,chipstain_nll,2,,,,,,
0.0400560708738691,23.127146448499364,0.7049593952639118,0.7155653780174999,0.5541125536126384,0.5614035087719298,0.5470085470085471,0.7254901955892444,117,114,87,0.39034797721586,0.1818432929714572,0.4112203121185303,0.3300146969454998,0.1901744465645529,0.3873924612998962,0.4547357559204101,chipstain_nll_s2,R05-C03,13,150,0.3918639315985638,0.1603085567082713,0.4027080535888672,0.0377261638641357,chipstain_nll,2,,,,,,
0.0155410160606891,27.659495975476194,0.9194353682709736,0.7642451484910263,0.870967741437565,0.8181818181818182,0.9310344827586208,0.9090909085923968,29,33,26,0.0496079976462893,0.3991025199641309,0.3374669551849365,0.1703335558656821,0.3011553954767028,0.3864277601242065,0.5311545729637146,chipstain_nll_s2,R05-C03,14,1,0.1278732035848535,0.3125058923894566,0.3735781908035278,0.0199359431862831,chipstain_nll,2,,,,,,
0.0151200994438049,27.86801595402727,0.9076063170954553,0.7829091949123544,0.7887323938686768,0.7368421052631579,0.8484848484848485,0.8571428566439909,33,38,30,0.0481629742940793,0.4385228159455981,0.382800281047821,0.2516792118505891,0.3133177536138288,0.4385260939598083,0.6111595630645752,chipstain_nll_s2,R05-C03,14,10,0.2705287817686101,0.2760135953393656,0.4278647303581238,0.0208898242563009,chipstain_nll,2,,,,,,
0.0237301900562515,25.889348875124657,0.8448426976283837,0.706761948847081,0.499999999501033,0.4782608695652174,0.5238095238095238,0.7948717943747535,42,46,36,0.1613340587384515,0.3262489260221983,0.359917938709259,0.2768877108499123,0.2638047669509062,0.3812825083732605,0.4943139553070068,chipstain_nll_s2,R05-C03,14,50,0.3228995865975783,0.2281510767993632,0.3716281652450561,0.0235650409013032,chipstain_nll,2,,,,,,
0.0302606057471781,24.07150546549452,0.7974280045338042,0.6909524266154683,0.48062015453903,0.4696969696969697,0.492063492063492,0.7413793098485433,63,66,53,0.2701287321533095,0.237765958524501,0.39462810754776,0.2959144173021343,0.2094239813405236,0.4028473496437073,0.4825124740600586,chipstain_nll_s2,R05-C03,14,100,0.3608583964668573,0.1757634263989571,0.3979442119598388,0.0282774157822132,chipstain_nll,2,,,,,,
0.0366428026854878,23.29733389416212,0.7440931990728895,0.7137662302044926,0.5393258421966923,0.5333333333333333,0.5454545454545454,0.603550295358846,88,90,81,0.3975967954235804,0.1832865325441251,0.4405619502067566,0.3473709126844509,0.1809917025638223,0.4317735433578491,0.4908880591392517,chipstain_nll_s2,R05-C03,14,150,0.3760664013873478,0.1568520498057087,0.434074342250824,0.035380657762289,chipstain_nll,2,,,,,,
0.0162305823459566,27.266214330951968,0.9176911041912158,0.8217627689568006,0.6363636358677686,0.7,0.5833333333333334,0.8172043005757891,48,40,45,0.1148519475748275,0.3645995083340052,0.3713982701301574,0.1939302898377739,0.2885552577303747,0.420109748840332,0.5518190860748291,chipstain_nll_s2,R05-C03,15,1,0.1388382800733166,0.3084559862275398,0.4025042653083801,0.0216305740177631,chipstain_nll,2,,,,,,
0.0159140981356546,27.286481728538693,0.9072056309058252,0.8228025612284904,0.6888888883911111,0.7380952380952381,0.6458333333333334,0.7032967027982128,48,42,43,0.0501085710706266,0.4197401662213851,0.4094783663749695,0.2934763202506548,0.2926559740310497,0.4728832840919494,0.6349684000015259,chipstain_nll_s2,R05-C03,15,10,0.3250117530897327,0.2633865438018256,0.4627747535705566,0.0221145451068878,chipstain_nll,2,,,,,,
0.0239425680944742,25.461822776481903,0.8526790589236686,0.7861498121652638,0.6666666661682099,0.7058823529411765,0.631578947368421,0.7619047614084352,57,51,48,0.112861353653807,0.3405287136377242,0.375522255897522,0.3054055734042391,0.2470049789474748,0.410936176776886,0.5144928693771362,chipstain_nll_s2,R05-C03,15,50,0.4150574970428622,0.1902926107685464,0.4070996046066284,0.0251690410077571,chipstain_nll,2,,,,,,
0.0303903978179782,23.986153065724917,0.8037319131409795,0.7774001450998078,0.5911949680539534,0.6103896103896104,0.573170731707317,0.6887417213580107,82,77,69,0.2577930584696252,0.2367919611132581,0.4263105392456054,0.3241383134318943,0.2000931103328248,0.4374895691871643,0.5119081735610962,chipstain_nll_s2,R05-C03,15,100,0.4223478307732483,0.1562787102717896,0.4358193278312683,0.0295707378536462,chipstain_nll,2,,,,,,
0.037128715218161,22.188598759387983,0.7568375873057495,0.7046336582570346,0.5363636358695867,0.6020408163265306,0.4836065573770491,0.6877828049352798,122,98,99,0.4568556400473352,0.1759116891439193,0.5061722993850708,0.3795117418768878,0.1826925594293188,0.491612434387207,0.5534738302230835,chipstain_nll_s2,R05-C03,15,150,0.4405811587375789,0.1460590523875573,0.5006160736083984,0.0380617454648017,chipstain_nll,2,,,,,,
0.0165879801770122,27.200845615912392,0.9114006552134976,0.825083846708267,0.7999999995009877,0.8372093023255814,0.7659574468085106,0.853932583771241,47,43,42,0.0618095147868264,0.3853503954579863,0.3877930641174316,0.2381820431010364,0.268514455251425,0.441278338432312,0.5711818337440491,chipstain_nll_s2,R05-C03,16,1,0.2548596980446843,0.2499629394568808,0.4254781603813171,0.0220633838325738,chipstain_nll,2,,,,,,
0.0166695871246163,27.216915136960974,0.8987280549542835,0.8297068072976559,0.808988763545007,0.8181818181818182,0.8,0.863636363136622,45,44,43,0.0326914798171926,0.4531300688310148,0.4075416922569275,0.3184218412875509,0.2859422949985443,0.4656744599342346,0.6162707805633545,chipstain_nll_s2,R05-C03,16,10,0.3771817898109613,0.2486120036320653,0.4582684636116028,0.022427899762988,chipstain_nll,2,,,,,,
0.0246297776994924,26.01875322858591,0.8407870861686124,0.813587231031631,0.8153846148847336,0.803030303030303,0.828125,0.8188976372953065,64,66,63,0.0996859592364254,0.3479724841033424,0.3870430588722229,0.3470663018267785,0.2308344903263246,0.4067316055297851,0.5006163120269775,chipstain_nll_s2,R05-C03,16,50,0.3899554815139408,0.2106178977031117,0.4025418162345886,0.0272668059915304,chipstain_nll,2,,,,,,
0.0317763667342311,24.07452107475649,0.7865443238193263,0.7738650562041394,0.5729729724736888,0.5955056179775281,0.5520833333333334,0.7709497201730283,96,89,83,0.2926511695000205,0.2410266604511626,0.4624710083007812,0.3961531400720269,0.1852060892821777,0.4571005702018738,0.5204488635063171,chipstain_nll_s2,R05-C03,16,100,0.4049145911247411,0.1740028463638242,0.4585710763931274,0.0336629450321197,chipstain_nll,2,,,,,,
0.0367830280709325,22.87600294784627,0.748912611552831,0.7499246188426087,0.5670498079323556,0.6166666666666667,0.524822695035461,0.7878787873811123,141,120,123,0.5129401074659828,0.2000120504799255,0.5157818794250488,0.4613656485340124,0.1770424055767957,0.4919321537017822,0.566016674041748,chipstain_nll_s2,R05-C03,16,150,0.4967268259717338,0.1478336778337538,0.5044185519218445,0.0417937189340591,chipstain_nll,2,,,,,,
0.0138673721047032,29.178470570320897,0.9210449753322671,0.7717194124271478,0.7213114749131952,0.7857142857142857,0.6666666666666666,0.5573770486836871,33,28,28,-0.0594829645632098,0.5015917551863525,0.3187507390975952,0.2318332428067751,0.3216695739287793,0.3898572325706482,0.5710560083389282,chipstain_nll_s2,R05-C03,17,1,0.2986943259653392,0.2864134729988243,0.3808143734931946,0.0198095198720693,chipstain_nll,2,,,,,,
0.0157099436201668,29.039565285345855,0.9018636954823483,0.7801691866726954,0.738461537964497,0.8,0.6857142857142857,0.7812499995043946,35,30,29,-0.0468715598146373,0.541806783473558,0.2979682087898254,0.2925136309341851,0.3269923864722232,0.3686860799789428,0.5396113395690918,chipstain_nll_s2,R05-C03,17,10,0.3725448848586342,0.2855822210619403,0.3615645170211792,0.0205621123313903,chipstain_nll,2,,,,,,
0.0232920919093986,28.03058892485472,0.8461193963616872,0.7912175636786837,0.799999999500408,0.8235294117647058,0.7777777777777778,0.5937499995078124,36,34,28,-0.00049051588533,0.3572286477370975,0.2331786751747131,0.3310520825125329,0.224173456155285,0.2739370465278625,0.3700045943260193,chipstain_nll_s2,R05-C03,17,50,0.4856336904043029,0.1690451475724211,0.2768692374229431,0.0216912254691123,chipstain_nll,2,,,,,,
0.0281934655354038,26.898644571942253,0.8007021424818892,0.7673923541037596,0.6666666661709534,0.7346938775510204,0.6101694915254238,0.5940594054547593,59,49,42,0.0770322179343924,0.2628630964307974,0.2566754221916199,0.369750402538277,0.1706940771957517,0.2817610502243042,0.3448517322540283,chipstain_nll_s2,R05-C03,17,100,0.4730620947996813,0.140645409016916,0.281782329082489,0.0244895927608013,chipstain_nll,2,,,,,,
0.0334103672982605,25.209328574999933,0.7596057856489837,0.7347431937681542,0.5975609751116151,0.6363636363636364,0.5632183908045977,0.6710526310894217,87,77,65,0.1997056708521131,0.2009883691672258,0.3377047777175903,0.441025534666865,0.1360828677768703,0.3425965309143066,0.3904812932014465,chipstain_nll_s2,R05-C03,17,150,0.5113100626197197,0.1177414988432437,0.3435935378074646,0.0307386070489883,chipstain_nll,2,,,,,,
0.0219164235259285,25.030033338215105,0.885267770571497,0.8245008182004175,0.8214285709286424,0.8313253012048193,0.8117647058823529,0.7567567562678049,85,83,63,0.0355100920660865,0.4126481261569196,0.5097731351852417,0.3796072379928421,0.2114999401883896,0.5582842826843262,0.6465941667556763,chipstain_nll_s2,R05-C03,18,1,0.4906654218667987,0.150559337049597,0.5577929019927979,0.0294976960867643,chipstain_nll,2,,,,,,
0.0277641459624425,23.62540298898545,0.8214377325960437,0.7727297955958806,0.7253886005373565,0.693069306930693,0.7608695652173914,0.7261146491963162,92,101,65,0.1218549782504862,0.4351096017762576,0.5471992492675781,0.4447660131583291,0.2001813209721886,0.5589624643325806,0.6448178291320801,chipstain_nll_s2,R05-C03,18,10,0.5029887121146066,0.3992082632084746,0.5056829452514648,0.0326811447739601,chipstain_nll,2,,,,,,
0.043476748547773,20.399552216792753,0.716819845318483,0.6304178158601708,0.6756756751760409,0.6578947368421053,0.6944444444444444,0.6850828724468727,108,114,73,0.3193607114241872,0.4174388494170101,0.5539894104003906,0.4141442695928783,0.1915836119252753,0.5007672309875488,0.6284612417221069,chipstain_nll_s2,R05-C03,18,50,0.2801918923032371,0.9472540305150974,0.3111799359321594,0.0367125608026981,chipstain_nll,2,,,,,,
0.0412369419373299,20.893801987396458,0.7446848092972882,0.7196738148359174,0.6465256792586778,0.6645962732919255,0.6294117647058823,0.617543859167744,170,161,115,0.3906828423726763,0.2232515400172914,0.5734604597091675,0.448368433187377,0.1787606046821724,0.5153704881668091,0.6176151037216187,chipstain_nll_s2,R05-C03,18,100,0.5681481595961679,0.1179659405481804,0.5649890303611755,0.0441911406815052,chipstain_nll,2,,,,,,
0.0459909936931789,20.210561829761456,0.7198975840803449,0.7325707913461476,0.5794392518389052,0.6231155778894473,0.5414847161572053,0.637974683057023,229,199,166,0.493942898168702,0.2256524164618411,0.554494321346283,0.5119509308238736,0.1788404964373912,0.4615904092788696,0.6401369571685791,chipstain_nll_s2,R05-C03,18,150,0.5739399772697373,0.130882066106416,0.5539758801460266,0.0523984692990779,chipstain_nll,2,,,,,,
0.027383060546333,23.84292574487896,0.8261315249559357,0.7739132901746616,0.8820512815512952,0.8775510204081632,0.8865979381443299,0.8085106377983816,97,98,91,0.2386478555881226,0.3685479582079454,0.5783771276473999,0.4929854189529521,0.1802278341075368,0.5589767694473267,0.6574395895004272,chipstain_nll_s2,R05-C03,19,1,0.5121919603646137,0.2137682538857973,0.5595690011978149,0.0372699908912181,chipstain_nll,2,,,,,,
0.028989120210907,23.673934209103635,0.8110614268372438,0.783062807514996,0.8392857137858738,0.8245614035087719,0.8545454545454545,0.7980769225785873,110,114,98,0.2765360328004623,0.3819408649044152,0.5758976340293884,0.5198377479897476,0.181143475365944,0.5477083921432495,0.6481241583824158,chipstain_nll_s2,R05-C03,19,10,0.5272897741235619,0.3373981914530401,0.5254235863685608,0.0378632694482803,chipstain_nll,2,,,,,,
0.0358353599237692,22.69579643407505,0.7804575966002582,0.7619660956182653,0.7756410251410256,0.7756410256410257,0.7756410256410257,0.7728813554338638,156,156,139,0.385461020253191,0.2430214484110049,0.5569971799850464,0.4756020129357272,0.1810894754903864,0.5032368898391724,0.6024090051651001,chipstain_nll_s2,R05-C03,19,50,0.5614320348121867,0.1323684381478692,0.5409946441650391,0.0439593642950058,chipstain_nll,2,,,,,,
0.0499286844233787,20.456874180739515,0.6896672523385604,0.6886632005351951,0.6726057901458822,0.6741071428571429,0.6711111111111111,0.6969696964789944,225,224,171,0.6827409970125664,0.1538853089562945,0.5485988855361938,0.681690189257312,0.1457392116075559,0.3937477469444275,0.6352865099906921,chipstain_nll_s2,R05-C03,19,100,0.7209220854552402,0.0967757832085339,0.5447866916656494,0.069476768374443,chipstain_nll,2,,,,,,
0.0620683291862201,19.689735600674044,0.6193213487435025,0.6933313364753955,0.5999999995007256,0.6237623762376238,0.5779816513761468,0.5961199289650345,327,303,240,0.7414936204455379,0.1416097157015168,0.3912743330001831,0.6877418190679057,0.1647640136885659,0.2689321637153625,0.555172324180603,chipstain_nll_s2,R05-C03,19,150,0.7490468034300799,0.1074876438356225,0.3917521238327026,0.0913144052028656,chipstain_nll,2,,,,,,
0.0439714189340676,19.585538464921807,0.719809557417391,0.524367396628057,0.6630434777656545,0.6039603960396039,0.7349397590361446,0.7114093954796629,83,101,66,0.3530738748055225,0.5354673466259857,0.6257588863372803,0.6259326579946299,0.136770298534897,0.5538956522941589,0.740998387336731,chipstain_nll_s2,R05-C03,2,1,0.2284561867845075,1.3440598056313533,0.227171242237091,0.0390291400253772,chipstain_nll,2,,,,,,
0.0410422219191922,20.6998118036508,0.7070756681389958,0.5956422275646863,0.6521739125444234,0.625,0.6818181818181818,0.7581699341518219,88,96,65,0.3613221451481404,0.5580008716615918,0.5687258243560791,0.6009651708775323,0.1666854633339969,0.4754601120948791,0.6869053840637207,chipstain_nll_s2,R05-C03,2,10,0.2790150679805588,1.1720397499283168,0.2625723481178283,0.0402482189238071,chipstain_nll,2,,,,,,
0.0326233757972215,23.32606620396024,0.8111553658343824,0.7791338443065138,0.7188940087166853,0.7289719626168224,0.7090909090909091,0.7596153841170487,110,107,98,0.379624975873665,0.2227340051778751,0.5322889089584351,0.4125841163822449,0.1912600778756814,0.5116498470306396,0.5724464654922485,chipstain_nll_s2,R05-C03,2,50,0.5035758378934798,0.1411015822723972,0.5250921845436096,0.0385321751236915,chipstain_nll,2,,,,,,
0.0406509040276232,22.160135741774212,0.7504080815715594,0.7528907881954819,0.6549707597350124,0.6871165644171779,0.6256983240223464,0.6455696197619971,179,163,137,0.5107769202794922,0.1729402732560574,0.544869065284729,0.5146382601896365,0.1566671206027282,0.4630307555198669,0.5859439373016357,chipstain_nll_s2,R05-C03,2,100,0.5757222262126893,0.1185463191728004,0.5276968479156494,0.0510740913450717,chipstain_nll,2,,,,,,
0.050924739445094,20.563129767599555,0.69093147605209,0.7241472190258729,0.5685071569659712,0.6043478260869565,0.5366795366795367,0.7381974243989297,259,230,207,0.6699599318476006,0.1409887044877502,0.5085891485214233,0.6223299389374912,0.146133678114281,0.3995836973190307,0.606960654258728,chipstain_nll_s2,R05-C03,2,150,0.6543754537185101,0.1139025061640595,0.5035187005996704,0.0683348402380943,chipstain_nll,2,,,,,,
0.027284612379572,23.33914188677312,0.8604206514440209,0.8093504876776532,0.799999999500484,0.8256880733944955,0.7758620689655172,0.7809523804578684,116,109,94,0.1658562384408376,0.3442348160195893,0.5663585662841797,0.433630366367253,0.1738834802994973,0.5914334058761597,0.6543303728103638,chipstain_nll_s2,R05-C03,20,1,0.405135812242166,0.175028806264125,0.5968443155288696,0.0350879579782485,chipstain_nll,2,,,,,,
0.0290497471730013,23.56028102514795,0.8357264681545652,0.8040973471892485,0.820512820013405,0.8495575221238938,0.7933884297520661,0.8214285709318001,121,113,103,0.2498795398015312,0.3419739102081487,0.5826478004455566,0.4437117635098468,0.1931985037463508,0.5863107442855835,0.662132740020752,chipstain_nll_s2,R05-C03,20,10,0.4931013511673251,0.1604359882790529,0.6012346744537354,0.0384037643671035,chipstain_nll,2,,,,,,
0.0408294151865732,21.57004486250855,0.7495364438085638,0.7555774307881875,0.776119402485186,0.7878787878787878,0.7647058823529411,0.7619047614079112,170,165,145,0.5176644834133197,0.2214513588750765,0.5827181935310364,0.4807555954794131,0.1936559517261878,0.4956820607185364,0.6296756863594055,chipstain_nll_s2,R05-C03,20,50,0.4404598167091662,0.1930259570156987,0.56855309009552,0.0522100776433944,chipstain_nll,2,,,,,,
0.0499167287189414,20.579511904251017,0.6898486092495484,0.7479673824652112,0.6382978718417294,0.672645739910314,0.6072874493927125,0.6447058818661203,247,223,178,0.647443576118154,0.1782309968579599,0.5174769759178162,0.6021011961906219,0.1756555349863404,0.3795249462127685,0.6289240717887878,chipstain_nll_s2,R05-C03,20,100,0.6288611355706157,0.1307817929911602,0.5147160291671753,0.0675818100571632,chipstain_nll,2,,,,,,
0.073114486196861,18.236127685335685,0.5681769101238943,0.6814855018669266,0.5098039210707307,0.5451612903225806,0.4787535410764872,0.679867986312295,353,310,253,0.7557743101579054,0.1389273139524083,0.3666749596595764,0.6563335962242588,0.1813144319793303,0.2600291967391968,0.5510673522949219,chipstain_nll_s2,R05-C03,20,150,0.7200149291445451,0.1240521249586368,0.3668707609176636,0.0981149226427078,chipstain_nll,2,,,,,,
0.0158125909710586,27.8476966678531,0.9141014373623156,0.792743292417457,0.7123287666241321,0.7428571428571429,0.6842105263157895,0.7878787873902662,38,35,28,-0.0207828339643828,0.449568136254014,0.3945208191871643,0.2693706041949572,0.2755973615683375,0.4635864496231079,0.6080511808395386,chipstain_nll_s2,R05-C03,21,1,0.3373222417430235,0.2302229200027157,0.4595595002174377,0.0225083529949188,chipstain_nll,2,,,,,,
0.0182676316389917,26.91639832882515,0.8933377931672485,0.7911807984214999,0.7380952375955215,0.7560975609756098,0.7209302325581395,0.7199999995107556,43,41,32,-0.0113348144561185,0.4523049272382017,0.4366427659988403,0.3453608373746863,0.2617381089704399,0.4970359206199646,0.623477578163147,chipstain_nll_s2,R05-C03,21,10,0.4425487592203619,0.208391132418813,0.496407687664032,0.0246686916798353,chipstain_nll,2,,,,,,
0.0261625260041869,25.483225128603415,0.8353286319317771,0.7545907503204978,0.6666666661667031,0.6610169491525424,0.6724137931034483,0.7766990286341784,58,59,45,0.155891848016589,0.3126427730567583,0.3949894905090332,0.3734222618562043,0.2114255006041677,0.4136167764663696,0.4962390661239624,chipstain_nll_s2,R05-C03,21,50,0.482917167297568,0.1650485748673139,0.4104752540588379,0.0277016125619411,chipstain_nll,2,,,,,,
0.0335935542872445,24.00643347775079,0.7557286193058107,0.72769298695766,0.6120218574235121,0.6153846153846154,0.6086956521739131,0.6666666661758879,92,91,70,0.4199204445089761,0.2642268460229923,0.462670624256134,0.4238756394263245,0.1880363585515453,0.4345820546150207,0.5138538479804993,chipstain_nll_s2,R05-C03,21,100,0.4296606034651121,0.3841365423327701,0.3891182541847229,0.0352361910045146,chipstain_nll,2,,,,,,
0.0349759697607987,23.549566726649175,0.7578813982599711,0.7552494031034125,0.4552238801041434,0.5169491525423728,0.4066666666666667,0.6821705421489094,150,118,108,0.5910612422732919,0.1629437922448698,0.5239041447639465,0.4920917772758509,0.1725541399084874,0.4844239950180053,0.5582675933837891,chipstain_nll_s2,R05-C03,21,150,0.5753947199429593,0.1224607566971625,0.5035363435745239,0.0434866957366466,chipstain_nll,2,,,,,,
0.0132843407355279,29.764547173583317,0.9270314381708208,0.8547090361139348,0.7213114749164202,0.8148148148148148,0.6470588235294118,0.8437499995019531,34,27,30,-0.1050543014927543,0.5537512825551485,0.238314151763916,0.1939470560354641,0.3465073806721727,0.3389116525650024,0.5202895402908325,chipstain_nll_s2,R05-C03,22,1,0.2804639985519364,0.2833943540310309,0.3398197889328003,0.018834525719285,chipstain_nll,2,,,,,,
0.0142841632362847,28.76630606959808,0.9116725349682304,0.8326652758807752,0.6769230764326627,0.7857142857142857,0.5945945945945946,0.840579709647553,37,28,32,-0.1829084648788348,0.6222690415118795,0.2478690147399902,0.2578994656235493,0.3467403280287194,0.3675292134284973,0.5573632717132568,chipstain_nll_s2,R05-C03,22,10,0.4222807986273386,0.2428938065909099,0.383079469203949,0.0191278792917728,chipstain_nll,2,,,,,,
0.0212858708563777,27.60460684201281,0.8527913185384242,0.8227889120150584,0.6236559134813273,0.6744186046511628,0.58,0.8723404250339519,50,43,44,-0.0137601803001961,0.4279886601409148,0.2507082819938659,0.2557827416777612,0.290480099182111,0.286590576171875,0.4162355661392212,chipstain_nll_s2,R05-C03,22,50,0.4806559113371589,0.1863961848021534,0.2845847010612488,0.0213057789951562,chipstain_nll,2,,,,,,
0.0293304449452412,25.401162210543685,0.7859948030467586,0.7725701346967501,0.58749999950125,0.618421052631579,0.5595238095238095,0.7763157889792243,84,76,68,0.1642653999940388,0.2786093809381369,0.3322911262512207,0.2895249872967606,0.2222904923282742,0.3361081480979919,0.4230571389198303,chipstain_nll_s2,R05-C03,22,100,0.4694402667928868,0.1552029473570772,0.3339208364486694,0.0289133060723543,chipstain_nll,2,,,,,,
0.0345617535681935,23.95093863950356,0.7434487047589778,0.7594232220454121,0.6581196576198042,0.6695652173913044,0.6470588235294118,0.7582938383707464,119,115,92,0.342659245706262,0.2166402329352984,0.4021511077880859,0.3113788070411505,0.2120781057762431,0.3865663409233093,0.4581266045570373,chipstain_nll_s2,R05-C03,22,150,0.444368251390061,0.1553462644648394,0.3985358476638794,0.0358584076166152,chipstain_nll,2,,,,,,
0.0134242916582485,29.645403929537476,0.926059674240092,0.8298633967444838,0.6969696964770432,0.7931034482758621,0.6216216216216216,0.8529411759744808,37,29,31,-0.0310171652798939,0.4952983434274805,0.2407268285751342,0.169766200108875,0.3547103069255296,0.3193922638893127,0.5054501891136169,chipstain_nll_s2,R05-C03,23,1,0.1685540150927982,0.3451216214873824,0.3107792735099792,0.0184466261416673,chipstain_nll,2,,,,,,
0.0139642972118337,29.005414561883583,0.909956416482845,0.8163891771146821,0.686567163681889,0.7419354838709677,0.6388888888888888,0.8307692302750296,36,31,29,-0.1516629040465847,0.5816118848916251,0.25957852602005,0.2188324579067164,0.3708360316185777,0.3582361340522766,0.5696049928665161,chipstain_nll_s2,R05-C03,23,10,0.3091117448446119,0.3127607373967407,0.3527000546455383,0.0193000305444002,chipstain_nll,2,,,,,,
0.020777938386215,28.09392996364747,0.8544307304972708,0.8267193202552237,0.7209302320592211,0.7560975609756098,0.6888888888888889,0.7469879513107853,45,41,38,0.0021425278214865,0.4287871149636137,0.2387671470642089,0.2124150826954054,0.3168048237766914,0.2677488327026367,0.4170035719871521,chipstain_nll_s2,R05-C03,23,50,0.3407810861023497,0.2458958608987758,0.2634194493293762,0.0213941298425197,chipstain_nll,2,,,,,,
0.0272054534772878,26.332315564201902,0.7944541146745542,0.79643557504111,0.6422018343624273,0.6481481481481481,0.6363636363636364,0.699999999505,55,54,45,0.144117763216349,0.2957761527315167,0.2874196767807007,0.2411030772014069,0.2482410148512636,0.2888680696487427,0.3949255347251892,chipstain_nll_s2,R05-C03,23,100,0.3565041282587696,0.1914959341150202,0.2805234789848327,0.0263529047369956,chipstain_nll,2,,,,,,
0.0334351138987465,24.28483531546251,0.7439382940542194,0.7497871301538699,0.4999999995000913,0.4933333333333333,0.5068493150684932,0.7633587781325097,73,75,58,0.3052456785442589,0.2199777752009622,0.3688437938690185,0.2684400915713767,0.219645400889772,0.3657598495483398,0.4411944150924682,chipstain_nll_s2,R05-C03,23,150,0.3321470069842882,0.1811669723640776,0.3621923923492431,0.033355064690113,chipstain_nll,2,,,,,,
0.0173281965519541,26.7421497246744,0.9085212328766772,0.8540287017530522,0.8627450975394079,0.88,0.8461538461538461,0.9523809518809976,52,50,53,0.0888596423167548,0.4105066612314065,0.3932511806488037,0.2662065665288479,0.263778163356926,0.4599572420120239,0.5738431215286255,chipstain_nll_s2,R05-C03,24,1,0.2601344102110079,0.2620609240457976,0.4523616433143616,0.023191925138235,chipstain_nll,2,,,,,,
0.0174480748739911,26.671390379704583,0.8957343952349879,0.8492992582134733,0.8429752061124239,0.8793103448275862,0.8095238095238095,0.9105691051913544,63,58,60,-0.0048105382994521,0.4626634037093522,0.4276826977729797,0.2929836261669544,0.2792877067392234,0.4949088096618652,0.6349714398384094,chipstain_nll_s2,R05-C03,24,10,0.2965521533829528,0.2679524895435851,0.4867368936538696,0.0247092880308628,chipstain_nll,2,,,,,,
0.0272373734263931,24.29868213378831,0.8193315480259991,0.7935640330273047,0.7764705877353634,0.7674418604651163,0.7857142857142857,0.8139534878723633,84,86,88,0.1003487428265829,0.3468305528268176,0.4562770128250122,0.317514132899409,0.2370593293532254,0.4656690955162048,0.5585949420928955,chipstain_nll_s2,R05-C03,24,50,0.3477362468631211,0.222894724376612,0.4675580263137817,0.0319476015865802,chipstain_nll,2,,,,,,
0.0356077948291646,22.642765760163407,0.7571631273030464,0.7715214363611763,0.555555555057571,0.5932203389830508,0.5223880597014925,0.7999999995012994,134,118,121,0.2594304658172159,0.2798957264583107,0.4823495149612427,0.3118586097161949,0.2169618973537829,0.471420407295227,0.548569917678833,chipstain_nll_s2,R05-C03,24,100,0.3294408116331188,0.2097542579735425,0.4879571199417114,0.0371619053184986,chipstain_nll,2,,,,,,
0.044667408273134,21.407813283874507,0.6910424279695627,0.7658301728682021,0.5433526006580908,0.5802469135802469,0.5108695652173914,0.7988338187446388,184,162,159,0.4048273322375149,0.2274798330477813,0.4988214373588562,0.3956138647854968,0.194492610817994,0.4400339722633362,0.5666711330413818,chipstain_nll_s2,R05-C03,24,150,0.4021122878545807,0.1840549030378856,0.4939072728157043,0.0495286583900451,chipstain_nll,2,,,,,,
0.0469041408867689,18.042315588956527,0.7470519270952143,0.4010149205326329,0.6068965512414743,0.5116279069767442,0.7457627118644068,0.8867924523365965,59,86,47,0.2727722249439767,0.5553596463547574,0.6627621650695801,0.5954509002719801,0.1248276398591684,0.6381510496139526,0.7935200929641724,chipstain_nll_s2,R05-C03,3,1,0.1088801991456011,1.770059482256382,0.1074116230010986,0.0302147828042507,chipstain_nll,2,,,,,,
0.0332907583899967,21.51133087712909,0.7808591144734611,0.5861557770995418,0.5925925920939369,0.5633802816901409,0.625,0.9059829054873256,64,71,53,0.2229092942226361,0.5373243383858589,0.6456370949745178,0.5737174226376444,0.1472224687507229,0.6136783361434937,0.7555835247039795,chipstain_nll_s2,R05-C03,3,10,0.2828488252666081,1.371953853515131,0.2761398553848266,0.0308924689888954,chipstain_nll,2,,,,,,
0.0603388650657669,17.186172880739566,0.6509532064692565,0.4138878574403617,0.634920634430839,0.5555555555555556,0.7407407407407407,0.7887323938761158,81,108,61,0.506009565159685,0.3867860270342139,0.6145250201225281,0.5273162773533374,0.1643466620570323,0.4995056390762329,0.6967437267303467,chipstain_nll_s2,R05-C03,3,50,0.084743437797772,1.5524458988243754,0.1129680871963501,0.039518516510725,chipstain_nll,2,,,,,,
0.0516116915477974,19.17895577225515,0.6782025365374725,0.5536463075152434,0.6363636358638946,0.6222222222222222,0.6511627906976745,0.793248944651605,129,135,108,0.5112617987040671,0.3213460224179674,0.5590510368347168,0.4902250358388932,0.1657048817742737,0.4652751088142395,0.6308454275131226,chipstain_nll_s2,R05-C03,3,100,0.2878020716640377,1.0901528812207535,0.2610331773757934,0.0414330400526523,chipstain_nll,2,,,,,,
0.0454755629149837,21.30977992511264,0.708416457045712,0.7267465364179251,0.6779661011950588,0.6896551724137931,0.6666666666666666,0.6463414629193931,180,174,148,0.6076679129422161,0.1572977682467814,0.5513094067573547,0.5673123009685873,0.1564782759636182,0.4544724822044372,0.6134142875671387,chipstain_nll_s2,R05-C03,3,150,0.5617939481806888,0.1435501966114836,0.5403748750686646,0.0596861615777015,chipstain_nll,2,,,,,,
0.0207677509880602,26.29541608274416,0.8645987320368336,0.8104682507377506,0.8837209297333092,0.8507462686567164,0.9193548387096774,0.9499999995005556,62,67,58,0.1695353854638961,0.4701582872648314,0.4471149444580078,0.3339405332609801,0.2540003400617589,0.5034704208374023,0.6118245124816895,chipstain_nll_s2,R05-C03,4,1,0.2344041948734501,0.4698310412633928,0.4581267237663269,0.0285102054476737,chipstain_nll,2,,,,,,
0.020513358469744,26.292466472616248,0.8740340550792779,0.8205062593385483,0.8115942023985507,0.8115942028985508,0.8115942028985508,0.8805970144258186,69,69,65,0.1715100203711698,0.3843206815777984,0.4673606157302856,0.3229827056445227,0.2912473050272489,0.4913278222084045,0.6184755563735962,chipstain_nll_s2,R05-C03,4,10,0.2948207731577609,0.2938664475023864,0.4901793599128723,0.0292564388364553,chipstain_nll,2,,,,,,
0.0293737884525923,24.913297270585492,0.8096344664705288,0.8074778513244862,0.8269230764230768,0.8269230769230769,0.8269230769230769,0.8965517236382343,104,104,99,0.3110696637423413,0.2742837461325027,0.4279195070266723,0.3170498616248401,0.2477366475935869,0.4208139777183532,0.5055287480354309,chipstain_nll_s2,R05-C03,4,50,0.331771218923429,0.2361845211056799,0.4279131293296814,0.0342850983142852,chipstain_nll,2,,,,,,
0.0394288346037984,22.918217028247945,0.7395328655715075,0.7631203196508416,0.7375415277392081,0.7350993377483444,0.74,0.8842105258171744,150,151,135,0.4300190946229498,0.179850953272438,0.50510573387146,0.4116625206238005,0.1887994517325848,0.4513826370239258,0.5355818271636963,chipstain_nll_s2,R05-C03,4,100,0.4423811726808888,0.1598496005238622,0.4867777228355407,0.0475569069385528,chipstain_nll,2,,,,,,
0.0435225470822728,22.001883029597415,0.7121534912021914,0.7540802389048243,0.6549118382913158,0.6735751295336787,0.6372549019607843,0.8095238090269588,204,193,174,0.4777244344430563,0.1730421230269827,0.5019389986991882,0.459109105367342,0.1760564171651769,0.4219434857368469,0.5543222427368164,chipstain_nll_s2,R05-C03,4,150,0.4950801812908771,0.1504115677270261,0.492384672164917,0.0527823865413665,chipstain_nll,2,,,,,,
0.0163708584397417,27.7401455899179,0.91038129842122,0.8144529587495688,0.7799999995032,0.8478260869565217,0.7222222222222222,0.7608695647325141,54,46,38,0.1556224981212304,0.3569149845574115,0.4134606719017029,0.285395984281844,0.2691125530771285,0.4575374126434326,0.5922590494155884,chipstain_nll_s2,R05-C03,5,1,0.2502220668932168,0.2776643064706303,0.4474623203277588,0.0240976568311452,chipstain_nll,2,,,,,,
0.0191883163773243,26.574261429026013,0.8874293029243137,0.7851873165784335,0.7927927922928333,0.8,0.7857142857142857,0.7799999995071999,56,55,44,0.1914730934354552,0.3386260680483126,0.4928072094917297,0.3542813104208974,0.2568800842893389,0.5181264281272888,0.6439905166625977,chipstain_nll_s2,R05-C03,5,10,0.3281235228922444,0.2663297824877887,0.5125343203544617,0.0270735789090394,chipstain_nll,2,,,,,,
0.0261525959230424,26.097939059315603,0.836851601181307,0.806985839282426,0.7142857137861225,0.7352941176470589,0.6944444444444444,0.7226890751523197,72,68,47,0.3061048050461089,0.2505266146898507,0.3833271265029907,0.3327946180737498,0.2264116272714286,0.3823512196540832,0.4726201891899109,chipstain_nll_s2,R05-C03,5,50,0.3406429865981246,0.2293832392185654,0.3832260370254516,0.0287369694560766,chipstain_nll,2,,,,,,
0.0372408572696756,23.195000800932625,0.7528545904537165,0.7117054473631441,0.5983606552410643,0.553030303030303,0.6517857142857143,0.7319587623985545,112,132,82,0.5147752152147553,0.2118430379395962,0.5011467933654785,0.4221667952443454,0.1724145747016957,0.4559765458106994,0.5419141054153442,chipstain_nll_s2,R05-C03,5,100,0.3570176810634399,0.3512401487557051,0.4418132305145263,0.0394967980682849,chipstain_nll,2,,,,,,
0.0411192661903767,22.180717978310863,0.739432133661888,0.7156162328346777,0.6105918998115701,0.6049382716049383,0.6163522012578616,0.6409266404525871,159,162,100,0.6235279093360726,0.1427324906291888,0.546676754951477,0.5181941278883708,0.1523008611560341,0.4790318012237549,0.5886955261230469,chipstain_nll_s2,R05-C03,5,150,0.5225245818445101,0.1371824307783067,0.5310445427894592,0.0504844635725021,chipstain_nll,2,,,,,,
0.0178479690530847,26.808662369709104,0.904623896088834,0.8410540857531719,0.9032258059516708,0.8936170212765957,0.9130434782608696,0.9230769225769836,46,47,45,0.1739091186971349,0.3846438361104975,0.3696873188018799,0.2111476798828621,0.3013025603714531,0.4217926859855652,0.5639268159866333,chipstain_nll_s2,R05-C03,6,1,0.1261422914013082,0.3287260591978883,0.4085543155670166,0.0237567108124494,chipstain_nll,2,,,,,,
0.0188441024342057,26.479341670958036,0.884639066641328,0.8338231579903701,0.854368931540013,0.8979591836734694,0.8148148148148148,0.8952380947385034,54,49,51,0.1267570503010162,0.4082603497321638,0.4107533097267151,0.2500098582068339,0.3198528790823887,0.450652539730072,0.6131998896598816,chipstain_nll_s2,R05-C03,6,10,0.1901382345885951,0.3341202134272352,0.4415943026542663,0.0247293654829263,chipstain_nll,2,,,,,,
0.0248395979130166,26.23428164797599,0.8329908414768308,0.8631113471187614,0.7659574463097429,0.8059701492537313,0.7297297297297297,0.7891156457585263,74,67,73,0.2470089182405648,0.3241497558732699,0.3492652773857116,0.2168401687495167,0.3126929383092185,0.3544206023216247,0.480583906173706,chipstain_nll_s2,R05-C03,6,50,0.2266374944974325,0.2915323639164332,0.3546118140220642,0.0291794873774051,chipstain_nll,2,,,,,,
0.0340683444760062,23.477245965880137,0.7666312343602942,0.7940644135501452,0.5490196073462129,0.5957446808510638,0.509090909090909,0.7135678387015479,110,94,89,0.367060925670378,0.2271046495303817,0.4395634531974792,0.2580091444560515,0.2408178925898256,0.4355915188789367,0.5131792426109314,chipstain_nll_s2,R05-C03,6,100,0.2333790447695155,0.2495254741698135,0.43941330909729,0.0362529344856739,chipstain_nll,2,,,,,,
0.0345576938790941,22.7009815164474,0.7666825198786861,0.7922112921063404,0.666666666167907,0.7016129032258065,0.635036496350365,0.7470817115644446,137,124,120,0.2737138168357085,0.2637652911824736,0.4706591367721557,0.3040268889678623,0.2301735021275788,0.4661036729812622,0.5428756475448608,chipstain_nll_s2,R05-C03,6,150,0.3416030885888371,0.2126445765620244,0.4811806678771972,0.0374204143881797,chipstain_nll,2,,,,,,
0.0138467768564147,29.563630893099543,0.9172974480023288,0.7841334216361547,0.7843137249950018,0.8695652173913043,0.7142857142857143,0.9259259254266118,28,23,26,0.034990900942514,0.4894011651924737,0.2583052515983581,0.2042957637729691,0.3674900131395725,0.3188151717185974,0.5287764072418213,chipstain_nll_s2,R05-C03,7,1,0.1817402082040344,0.385179330153675,0.3091709613800049,0.0197727754712104,chipstain_nll,2,,,,,,
0.0165422736229974,28.43233452614757,0.8908475908889482,0.7608770526575239,0.7164179099487635,0.6857142857142857,0.75,0.8387096769198752,32,35,30,0.0954282626954405,0.4558621039512688,0.3235818743705749,0.2468217127414128,0.3603082736449837,0.3557078838348388,0.547904372215271,chipstain_nll_s2,R05-C03,7,10,0.23848028654809,0.3841365686655032,0.35081547498703,0.0217103846371173,chipstain_nll,2,,,,,,
0.0247918409454072,27.133880021095877,0.8281943089869036,0.7600611008102615,0.6249999995003125,0.6410256410256411,0.6097560975609756,0.6493506488527576,41,39,36,0.2109876858352425,0.3001078411307961,0.2662160396575928,0.2541213787266296,0.2672891993652726,0.2638797163963318,0.3867789506912231,chipstain_nll_s2,R05-C03,7,50,0.2794851549458323,0.2623073605054651,0.2624631524085998,0.0242228433489799,chipstain_nll,2,,,,,,
0.031987713816347,24.961383070444537,0.7692342234554437,0.7016005942802174,0.5123966937149103,0.5166666666666667,0.5081967213114754,0.7499999995039858,61,60,51,0.2582340452662575,0.2194083873350592,0.3080677986145019,0.2604048683259288,0.2114171752913974,0.3032798767089844,0.3873492479324341,chipstain_nll_s2,R05-C03,7,100,0.2613023093097167,0.2086972592060285,0.3007498383522033,0.0286858063191175,chipstain_nll,2,,,,,,
0.0370335718388093,23.678469554747625,0.7298050599218384,0.6999129823215359,0.5795454540477789,0.6219512195121951,0.5425531914893617,0.6540880498310985,94,82,65,0.3337451605538428,0.1983388112090371,0.3560420274734497,0.3093634764503335,0.1862962607037546,0.3514809608459472,0.4192925691604614,chipstain_nll_s2,R05-C03,7,150,0.3384317629801788,0.1679053885881573,0.3520154356956482,0.032625712454319,chipstain_nll,2,,,,,,
0.0215530971801833,25.74464708300112,0.8626766639809251,0.7902310875298871,0.7999999995002469,0.782608695652174,0.8181818181818182,0.895999999501568,66,69,59,0.1673070809160717,0.4504434428677956,0.4842609763145447,0.3574187503004484,0.2264330339140411,0.5283880233764648,0.6290977597236633,chipstain_nll_s2,R05-C03,8,1,0.33186035445684,0.4374367797099981,0.4747244119644165,0.0283852089196443,chipstain_nll,2,,,,,,
0.0267300668123152,23.811286117753596,0.8228663639873711,0.7142982031647461,0.8028169009100378,0.76,0.8507462686567164,0.8593749995010986,67,75,61,0.2550312282179219,0.5176229068067558,0.5527323484420776,0.4611334445040917,0.2067556065995617,0.5784395933151245,0.6753123998641968,chipstain_nll_s2,R05-C03,8,10,0.3311064520536379,0.8594660777258255,0.403172492980957,0.0310429632663726,chipstain_nll,2,,,,,,
0.0319021500677339,23.723953388437273,0.7816763150559157,0.7420273554109551,0.6739130429803875,0.6326530612244898,0.7209302325581395,0.8095238090240929,86,98,82,0.3817329723048641,0.3416826816300805,0.5016511678695679,0.4604724700594463,0.1932027408860951,0.481768786907196,0.5701179504394531,chipstain_nll_s2,R05-C03,8,50,0.4061060413199193,0.5033078942401676,0.4090107679367065,0.034267459064722,chipstain_nll,2,,,,,,
0.0347314648164248,22.726752254814297,0.7692360018054827,0.7286689387964472,0.6254826249828118,0.6377952755905512,0.6136363636363636,0.7391304342935349,132,127,98,0.5655382705351665,0.19153002738642,0.5899378061294556,0.5341534079243475,0.1759019947864945,0.5424443483352661,0.6292946338653564,chipstain_nll_s2,R05-C03,8,100,0.5580203723099192,0.1501360825006206,0.5709860324859619,0.0446076206862926,chipstain_nll,2,,,,,,
0.0410837971685145,21.8358540982474,0.725366984014593,0.7249512618201958,0.589285713785732,0.592814371257485,0.5857988165680473,0.7003366998462288,169,167,128,0.628577653359903,0.1754843860823128,0.564728856086731,0.587589344937781,0.15866898988468,0.4834825992584228,0.6232053637504578,chipstain_nll_s2,R05-C03,8,150,0.5978944379504333,0.1381995010934255,0.5523114204406738,0.052608598023653,chipstain_nll,2,,,,,,
0.0281941009154678,23.54369063948784,0.8293526777772192,0.7740383104363425,0.7657657652658062,0.7727272727272727,0.7589285714285714,0.8309178738995076,112,110,95,0.3093446227986959,0.3345375093787373,0.5757737159729004,0.434102119838639,0.1981291207480914,0.5755149126052856,0.6631497144699097,chipstain_nll_s2,R05-C03,9,1,0.4077174795664934,0.2799973087003652,0.5682121515274048,0.03620295971632,chipstain_nll,2,,,,,,
0.0285882149360603,23.8849323605925,0.8222044650589065,0.7862291588234395,0.7999999995002264,0.8173913043478261,0.7833333333333333,0.8054298637570894,120,115,101,0.3115368623973621,0.3195600345558618,0.5940137505531311,0.4827616390287857,0.2008134971961787,0.5735169649124146,0.6611711382865906,chipstain_nll_s2,R05-C03,9,10,0.4968391555096692,0.2333244270237043,0.5748999714851379,0.0382846221327781,chipstain_nll,2,,,,,,
0.0430466680221767,21.606038165635503,0.7233468899429861,0.7371451716368816,0.7831325296206452,0.7692307692307693,0.7975460122699386,0.75510204032225,163,169,131,0.4870531329537748,0.287904903181847,0.5479253530502319,0.5248623359359628,0.1881226725548012,0.4307011365890503,0.6034584045410156,chipstain_nll_s2,R05-C03,9,50,0.4680889714823582,0.49615424569592,0.4431058764457702,0.04977872595191,chipstain_nll,2,,,,,,
0.0466599320027652,21.179983962801035,0.7093507368736386,0.7518046912192701,0.7643312096910849,0.7627118644067796,0.7659574468085106,0.724220623009276,235,236,182,0.6259849831769647,0.176080270376144,0.5353602170944214,0.6372203387833487,0.1643345084779796,0.3958193063735962,0.6264952421188354,chipstain_nll_s2,R05-C03,9,100,0.6693280966942159,0.1318030674040465,0.5308665037155151,0.0648117586970329,chipstain_nll,2,,,,,,
0.0606403631379473,19.419471726280666,0.6497160425764259,0.7040304299823062,0.6526946102798952,0.689873417721519,0.6193181818181818,0.6110183634552635,352,316,247,0.7030117947048502,0.1610335729747954,0.4129906296730041,0.6581044967867528,0.1831246835687703,0.2662708759307861,0.5838172435760498,chipstain_nll_s2,R05-C03,9,150,0.7114718936243111,0.1251087981284833,0.4065693020820617,0.087036944925785,chipstain_nll,2,,,,,,
0.0183540702753812,25.849852440277058,0.9147366428874107,0.7841659702697569,0.7651006706427637,0.8142857142857143,0.7215189873417721,0.8111888106943127,79,70,64,0.1350658470783596,0.305485562248618,0.4361138939857483,0.2282110603063798,0.2661197825812299,0.4711616039276123,0.6122995615005493,pretrained_l1_s0_tta,R05-C03,0,1,0.2434629935170007,0.2506668189697325,0.4651539921760559,0.0036154752597212,pretrained_l1+tta,0,0.2434629935170007,0.2506668189697325,0.0036154752597212,,,
0.0187936062391434,26.07877355652183,0.9001088433720211,0.8073363461599843,0.7189542478685974,0.7746478873239436,0.6707317073170732,0.824324323830168,82,71,66,0.112106020690822,0.3832062539407211,0.4344793558120727,0.2558366669814131,0.3096881424973863,0.4708865880966186,0.6355799436569214,pretrained_l1_s0_tta,R05-C03,0,10,0.3582192393036504,0.2465318455451563,0.4755918383598327,0.003820575075224,pretrained_l1+tta,0,0.3582192393036504,0.2465318455451563,0.003820575075224,,,
0.0279106336462211,24.044632584768443,0.8387626212284824,0.7719767212667357,0.7765957441836238,0.8390804597701149,0.7227722772277227,0.734463276346133,101,87,76,0.1533105970450601,0.3139323270471983,0.4172576665878296,0.2263147972814897,0.2681863878056048,0.4239040017127991,0.536979079246521,pretrained_l1_s0_tta,R05-C03,0,50,0.2347281120148775,0.2619536556458869,0.4340935945510864,0.0045826761052012,pretrained_l1+tta,0,0.2347281120148775,0.2619536556458869,0.0045826761052012,,,
0.0341274171853705,23.117001448728523,0.7891882713389766,0.7696310600592075,0.5594405589446917,0.6153846153846154,0.5128205128205128,0.7482517477558803,156,130,130,0.214287966719207,0.2486919649481871,0.4275091886520386,0.288229971472751,0.2224100615749047,0.4205597043037414,0.5091977715492249,pretrained_l1_s0_tta,R05-C03,0,100,0.3133468017006904,0.2111893006651487,0.4316443800926208,0.0065987911075353,pretrained_l1+tta,0,0.3133468017006904,0.2111893006651487,0.0065987911075353,,,
0.0392646165621783,21.85784620991356,0.7597776554769894,0.7384327319995981,0.5596107051021009,0.6284153005464481,0.5043859649122807,0.6568627446049596,228,183,180,0.4601855898526747,0.1895166289190387,0.4983212947845459,0.4213216182514651,0.2030097761208619,0.4512014389038086,0.5831495523452759,pretrained_l1_s0_tta,R05-C03,0,150,0.440388848771781,0.2023752452395657,0.4934653043746948,0.0085561666637659,pretrained_l1+tta,0,0.440388848771781,0.2023752452395657,0.0085561666637659,,,
0.0242162965378139,24.448279144700443,0.8887733407494688,0.8110946746437281,0.8153846148870119,0.8760330578512396,0.762589928057554,0.8396946559904142,139,121,123,0.2674178307006938,0.2555662744132186,0.5559953451156616,0.3366568599537182,0.2164148617330678,0.5502396821975708,0.6462519764900208,pretrained_l1_s0_tta,R05-C03,1,1,0.3393344790494902,0.2096885483965083,0.5582088232040405,0.0056436946615576,pretrained_l1+tta,0,0.3393344790494902,0.2096885483965083,0.0056436946615576,,,
0.0265041585318838,23.917288763539432,0.8641926943931973,0.7916685463918007,0.8551724132931272,0.8611111111111112,0.8493150684931506,0.8142857137866326,146,144,134,0.2089347367162652,0.30239081309449,0.6009031534194946,0.4589001417726081,0.1986621709984672,0.5914207696914673,0.6887110471725464,pretrained_l1_s0_tta,R05-C03,1,10,0.4639144411110747,0.1851208727976506,0.6023584604263306,0.0069991596974432,pretrained_l1+tta,0,0.4639144411110747,0.1851208727976506,0.0069991596974432,,,
0.0334187558366017,22.90706045139356,0.812575001270035,0.7650894359085744,0.7109974419554032,0.7239583333333334,0.6984924623115578,0.7582417577461206,199,192,165,0.3908680829807645,0.2315569845321946,0.5945238471031189,0.4587036391452028,0.2081599245435476,0.5298554301261902,0.6615617275238037,pretrained_l1_s0_tta,R05-C03,1,50,0.4422394841775245,0.2098182540103008,0.590366005897522,0.009199010208249,pretrained_l1+tta,0,0.4422394841775245,0.2098182540103008,0.009199010208249,,,
0.0450137295731999,20.791743878127058,0.7377564716405903,0.7016821936001574,0.6199999995010887,0.6503496503496503,0.5923566878980892,0.7423423418509925,314,286,241,0.5855147447225172,0.1837075771028974,0.4956915378570556,0.5908860502654208,0.1938675923423273,0.399619460105896,0.6787716746330261,pretrained_l1_s0_tta,R05-C03,1,100,0.6360393140417714,0.1664074139921102,0.4480717778205871,0.0120980525389313,pretrained_l1+tta,0,0.6360393140417714,0.1664074139921102,0.0120980525389313,,,
0.061525443757875,18.636575596641137,0.6365596151038209,0.5842227444945938,0.4646983307003647,0.5246376811594203,0.4170506912442396,0.6417112294593926,434,345,314,0.6253453275023539,0.2039599360202136,0.3294175863265991,0.5817451698390181,0.2546333788536892,0.2647654414176941,0.6578459739685059,pretrained_l1_s0_tta,R05-C03,1,150,0.633304164502852,0.2100223950330371,0.3021295666694641,0.01431305706501,pretrained_l1+tta,0,0.633304164502852,0.2100223950330371,0.01431305706501,,,
0.0322644705140922,21.89057461669573,0.8648080083968214,0.8033628736984402,0.8154269967454864,0.8361581920903954,0.7956989247311828,0.8045977006518034,186,177,162,0.3447984574846645,0.1862100064438702,0.6212091445922852,0.35413649552394,0.1948903542484879,0.5985103845596313,0.6734411716461182,pretrained_l1_s0_tta,R05-C03,10,1,0.3289954499861274,0.198863808196427,0.6176875829696655,0.007034704554826,pretrained_l1+tta,0,0.3289954499861274,0.198863808196427,0.007034704554826,,,
0.0335566188260798,21.693944683240396,0.8395642098875952,0.7823049178971978,0.7777777772778288,0.77,0.7857142857142857,0.8096514740321283,196,200,177,0.4219865489991989,0.1883167765078493,0.6727405786514282,0.4749072553018951,0.1682623399973663,0.6148546934127808,0.7312465906143188,pretrained_l1_s0_tta,R05-C03,10,10,0.4662973753437365,0.1659543721784731,0.6725848913192749,0.0084819858893752,pretrained_l1+tta,0,0.4662973753437365,0.1659543721784731,0.0084819858893752,,,
0.0425151094508604,20.73929095499249,0.7799188833557157,0.7659523042603256,0.7198443574769261,0.7370517928286853,0.7034220532319392,0.7886178856812496,263,251,229,0.498299597237999,0.2011931068635273,0.5844606161117554,0.5230929019339774,0.1890245349240692,0.4846156239509582,0.6913095712661743,pretrained_l1_s0_tta,R05-C03,10,50,0.5560740911869123,0.1813365228174655,0.5431292057037354,0.0108974240720272,pretrained_l1+tta,0,0.5560740911869123,0.1813365228174655,0.0108974240720272,,,
0.056608597648166,19.30027899893705,0.6865387778094304,0.6615092953612854,0.544715446656414,0.5809248554913294,0.5127551020408163,0.6551724133010964,392,346,304,0.6481379780131588,0.1803976899869875,0.3814828991889953,0.628824251984747,0.2038894243781935,0.2972739338874817,0.6615315675735474,pretrained_l1_s0_tta,R05-C03,10,100,0.6509689647261114,0.1824461241641994,0.340699553489685,0.0141766285523772,pretrained_l1+tta,0,0.6509689647261114,0.1824461241641994,0.0141766285523772,,,
0.0772602943047209,17.3800327596191,0.5765789814361885,0.5879505266563155,0.4182194612042059,0.4719626168224299,0.3754646840148699,0.6048565116588842,538,428,368,0.5911275123732543,0.2728184287313783,0.225443959236145,0.5585588501393017,0.3085660063491958,0.1851308941841125,0.5950754880905151,pretrained_l1_s0_tta,R05-C03,10,150,0.5888952613255678,0.2850750956154808,0.2148290276527404,0.0166104510426521,pretrained_l1+tta,0,0.5888952613255678,0.2850750956154808,0.0166104510426521,,,
0.0275988178401252,22.955963083621945,0.8786220660913241,0.8096080886452092,0.8275862063967657,0.8450704225352113,0.8108108108108109,0.8413284127883879,148,142,123,0.2343255878459504,0.2363849151552157,0.6412475109100342,0.4881713895414951,0.1460553711319937,0.6354762315750122,0.7035138607025146,pretrained_l1_s0_tta,R05-C03,11,1,0.4816881637275623,0.1430864952991229,0.6433060765266418,0.0061847935430705,pretrained_l1+tta,0,0.4816881637275623,0.1430864952991229,0.0061847935430705,,,
0.0296112746123987,22.99331553922859,0.8625749096969403,0.8022701733355205,0.8083832330329519,0.8035714285714286,0.8132530120481928,0.7622149832166706,166,168,141,0.3861710685264947,0.1667348962189671,0.6528773307800293,0.4218686579843942,0.1707573036767309,0.6237659454345703,0.7102528214454651,pretrained_l1_s0_tta,R05-C03,11,10,0.4249310642725082,0.165725128475646,0.6514638662338257,0.0071102674119174,pretrained_l1+tta,0,0.4249310642725082,0.165725128475646,0.0071102674119174,,,
0.0370707791715236,21.915952538717896,0.8059130503630405,0.7812359129237612,0.74172185380534,0.7706422018348624,0.7148936170212766,0.7664399087992142,235,218,206,0.4460718981434889,0.2080526396617957,0.60002601146698,0.5160843295986474,0.1799621130068255,0.517702043056488,0.6748999357223511,pretrained_l1_s0_tta,R05-C03,11,50,0.5063072801007387,0.1851901658798823,0.5833262801170349,0.0096372561529278,pretrained_l1+tta,0,0.5063072801007387,0.1851901658798823,0.0096372561529278,,,
0.047837295969905,20.041563434754256,0.7393702196940429,0.717366922107736,0.5692307687347503,0.625,0.5225988700564972,0.7104851325261742,354,296,285,0.6060716277724005,0.1622611850834344,0.4889919757843017,0.5965202553062792,0.1750990806259874,0.4078297019004822,0.6966290473937988,pretrained_l1_s0_tta,R05-C03,11,100,0.62505302953066,0.1533645876026659,0.4693452715873718,0.0118088228628039,pretrained_l1+tta,0,0.62505302953066,0.1533645876026659,0.0118088228628039,,,
0.0654906476838996,18.402621019700916,0.6323526143856281,0.624801164817669,0.4388398481846802,0.5058139534883721,0.3875278396436525,0.6025974021112194,449,344,321,0.6039004887783918,0.2281005889253537,0.2968894243240356,0.5876294311507647,0.2443084935854529,0.2627333998680115,0.6455377340316772,pretrained_l1_s0_tta,R05-C03,11,150,0.5875673321774691,0.2495280970862576,0.2586877346038818,0.0152109321206808,pretrained_l1+tta,0,0.5875673321774691,0.2495280970862576,0.0152109321206808,,,
0.0226490337845513,24.504434466251123,0.8962547929619813,0.8432760569326646,0.8625592412064418,0.883495145631068,0.8425925925925926,0.8780487799892445,108,103,97,0.0901820279663517,0.3285639808295532,0.4933786988258362,0.3405545508853226,0.2334510073717645,0.5084460973739624,0.6286919116973877,pretrained_l1_s0_tta,R05-C03,12,1,0.3001242207928152,0.250461476291963,0.5083649158477783,0.0044936318881809,pretrained_l1+tta,0,0.3001242207928152,0.250461476291963,0.0044936318881809,,,
0.0240815277883678,24.480264474440876,0.8804340225755991,0.8402441793121883,0.8851063824789497,0.9043478260869564,0.8666666666666667,0.9170305671867433,120,115,109,0.1266257798491064,0.3515284293374406,0.4789767265319824,0.2633578941771028,0.2779951824375921,0.4697858095169067,0.6122143268585205,pretrained_l1_s0_tta,R05-C03,12,10,0.2228022908300099,0.2945627587280524,0.4870361685752868,0.004794018343091,pretrained_l1+tta,0,0.2228022908300099,0.2945627587280524,0.004794018343091,,,
0.0329956610291477,23.034925213630597,0.8152338432710252,0.8198519454540986,0.8389261739966668,0.8445945945945946,0.8333333333333334,0.8158844760377432,150,148,127,0.263864109253992,0.2817187542143433,0.4832708835601806,0.1786047437071713,0.2805225235159995,0.4719577431678772,0.5630109310150146,pretrained_l1_s0_tta,R05-C03,12,50,0.128079546273234,0.3047260804396235,0.4856807589530945,0.0065458654426038,pretrained_l1+tta,0,0.128079546273234,0.3047260804396235,0.0065458654426038,,,
0.043407966325709,21.200208774970857,0.738806559909715,0.7662102575079683,0.7015945325301965,0.7264150943396226,0.6784140969162996,0.7447306786589077,227,212,200,0.417842965078139,0.2114744282216542,0.5003089904785156,0.2484453022800574,0.2629633849432818,0.4348742365837097,0.5784329175949097,pretrained_l1_s0_tta,R05-C03,12,100,0.2704701840647833,0.2717652618083911,0.4871359467506408,0.0097886072471737,pretrained_l1+tta,0,0.2704701840647833,0.2717652618083911,0.0097886072471737,,,
0.0568602869689045,18.97345002348434,0.6609862568609913,0.6882607274342599,0.493108728448921,0.5513698630136986,0.445983379501385,0.7723935384151751,361,292,320,0.5206034414379707,0.1825222955997226,0.4259973764419555,0.4822298547052128,0.2026806476425046,0.3734104633331299,0.6511932015419006,pretrained_l1_s0_tta,R05-C03,12,150,0.530226656293513,0.1831809167724566,0.3956236243247986,0.0139608159661293,pretrained_l1+tta,0,0.530226656293513,0.1831809167724566,0.0139608159661293,,,
0.0140506058241507,29.036761196042622,0.9279569835529266,0.8026902044236454,0.8181818176822774,0.7941176470588235,0.84375,0.7333333328355556,32,34,28,0.0132044791384432,0.4746887467023198,0.2517760396003723,0.2235461179242287,0.3585649377287775,0.314669132232666,0.5301103591918945,pretrained_l1_s0_tta,R05-C03,13,1,0.2407400507413922,0.3346520527126994,0.3102784752845764,0.0022107432596385,pretrained_l1+tta,0,0.2407400507413922,0.3346520527126994,0.0022107432596385,,,
0.015519947147704,28.770558359007406,0.9080538486737142,0.8004863301806424,0.8333333328348764,0.7894736842105263,0.8823529411764706,0.799999999501065,34,38,31,0.0229351395144713,0.5287442715668781,0.2438960075378418,0.1973968412427883,0.4004766007447264,0.3072230815887451,0.5345025062561035,pretrained_l1_s0_tta,R05-C03,13,10,0.2232164622096845,0.3814573345504912,0.3051667213439941,0.0024365899153053,pretrained_l1+tta,0,0.2232164622096845,0.3814573345504912,0.0024365899153053,,,
0.0244506657792795,26.49080976479686,0.8436167489505592,0.7491984844015206,0.7289719621172155,0.7090909090909091,0.75,0.7472527467629514,52,55,39,-0.035266769495185,0.3956507387741513,0.2544954419136047,0.1911050591757623,0.2874540425113941,0.2765309810638428,0.4085356593132019,pretrained_l1_s0_tta,R05-C03,13,50,0.1808713287103642,0.2885330072187233,0.2821705937385559,0.0033780885860323,pretrained_l1+tta,0,0.1808713287103642,0.2885330072187233,0.0033780885860323,,,
0.0313019117932107,25.10004781155283,0.7834887357964443,0.7314041118153082,0.6143790844675125,0.6266666666666667,0.6025641025641025,0.729927006808887,78,75,59,0.07439709570508,0.2788009945557396,0.2863664031028747,0.2104994429675722,0.2241754169024531,0.2926810979843139,0.3897808790206909,pretrained_l1_s0_tta,R05-C03,13,100,0.1811951176597158,0.2326135203323189,0.2987070679664612,0.0045271879062056,pretrained_l1+tta,0,0.1811951176597158,0.2326135203323189,0.0045271879062056,,,
0.0359076464894326,24.13825080720608,0.7373741924506435,0.7248068586832528,0.5381165914294678,0.5660377358490566,0.5128205128205128,0.7254901955892444,117,106,87,0.2021603355172687,0.2388850355872638,0.3185048103332519,0.194930913263016,0.2236566423017632,0.3142580986022949,0.3975264430046081,pretrained_l1_s0_tta,R05-C03,13,150,0.1565154240880909,0.2404797125387398,0.3245764970779419,0.0058450079523026,pretrained_l1+tta,0,0.1565154240880909,0.2404797125387398,0.0058450079523026,,,
0.014465770217346,27.923023651119657,0.9289951715546608,0.7739405133206935,0.7741935478891779,0.7272727272727273,0.8275862068965517,0.9090909085923968,29,33,26,0.0304062614742691,0.4140486263241871,0.299901008605957,0.1752127179220697,0.3275726130892307,0.3477007150650024,0.5418874025344849,pretrained_l1_s0_tta,R05-C03,14,1,0.1214455572703027,0.3534894321959977,0.3320332765579223,0.0022110873833298,pretrained_l1+tta,0,0.1214455572703027,0.3534894321959977,0.0022110873833298,,,
0.0147934108382506,27.94929159842119,0.9155413713857474,0.7773225420041598,0.707692307192426,0.71875,0.696969696969697,0.8571428566439909,33,32,30,-0.0137070010541503,0.4832769132138527,0.299963116645813,0.2364251642138484,0.359558178969744,0.3613075017929077,0.5824569463729858,pretrained_l1_s0_tta,R05-C03,14,10,0.2078926584074793,0.3674376726619535,0.3515982031822204,0.002430900465697,pretrained_l1+tta,0,0.2078926584074793,0.3674376726619535,0.002430900465697,,,
0.0230669421623383,26.20304470381084,0.8554841026896202,0.6997561993660901,0.4578313248012774,0.4634146341463415,0.4523809523809524,0.7948717943747535,42,41,36,0.0865458566280384,0.3572476253894944,0.2710111737251282,0.2060557869296382,0.2943133758165213,0.2972577214241028,0.437289834022522,pretrained_l1_s0_tta,R05-C03,14,50,0.1785925879359491,0.294472155462178,0.2880647182464599,0.0030943481251597,pretrained_l1+tta,0,0.1785925879359491,0.294472155462178,0.0030943481251597,,,
0.0296276516199315,24.36136040044808,0.8062207378424967,0.6853806467925366,0.4566929128858578,0.453125,0.4603174603174603,0.7413793098485433,63,64,53,0.1263428502058451,0.2675159032573393,0.306562602519989,0.2075178923553646,0.2281919981179165,0.3178656101226806,0.4211061000823974,pretrained_l1_s0_tta,R05-C03,14,100,0.1159698403774402,0.2534505884612703,0.315192699432373,0.0039264378137886,pretrained_l1+tta,0,0.1159698403774402,0.2534505884612703,0.0039264378137886,,,
0.035047884412062,23.825988881424212,0.7597225996908602,0.7123524544255175,0.4597701144425948,0.4651162790697674,0.4545454545454545,0.603550295358846,88,86,81,0.175752108351058,0.2187845510790303,0.3413702249526977,0.2722722584020279,0.1874171938116226,0.3480643630027771,0.4228148460388183,pretrained_l1_s0_tta,R05-C03,14,150,0.1961587794512051,0.2137464407331077,0.3521533012390136,0.0053999824449419,pretrained_l1+tta,0,0.1961587794512051,0.2137464407331077,0.0053999824449419,,,
0.0149347607968585,27.181656135278423,0.9311928063317252,0.8288742961861351,0.7555555550577778,0.8095238095238095,0.7083333333333334,0.8172043005757891,48,42,45,0.0042027551326881,0.4001925685533648,0.3389695882797241,0.1688049057514868,0.3231875450829652,0.3795793652534485,0.5593059659004211,pretrained_l1_s0_tta,R05-C03,15,1,0.1770979783210275,0.308924167232094,0.3709352016448974,0.0024956655688583,pretrained_l1+tta,0,0.1770979783210275,0.308924167232094,0.0024956655688583,,,
0.0159577064851202,26.99764604618048,0.9140092682115648,0.8123497078556183,0.7209302320648999,0.8157894736842105,0.6458333333333334,0.7032967027982128,48,38,43,-0.1130828470725304,0.4751512785630109,0.3528044819831848,0.2521611721491027,0.3273042635015052,0.4078105092048645,0.6118806004524231,pretrained_l1_s0_tta,R05-C03,15,10,0.2514919452418918,0.3193937423456412,0.4002794623374939,0.0025956046301871,pretrained_l1+tta,0,0.2514919452418918,0.3193937423456412,0.0025956046301871,,,
0.0237570000764364,25.636904641905534,0.8606772437192769,0.7976641404972695,0.6296296291311728,0.6666666666666666,0.5964912280701754,0.7619047614084352,57,51,48,-0.0149984023904456,0.3568108659948613,0.2995793223381042,0.2135957900758379,0.2761586972209603,0.3238118290901184,0.4577227234840393,pretrained_l1_s0_tta,R05-C03,15,50,0.1505214285176485,0.2968372699461869,0.3227834701538086,0.003376625245437,pretrained_l1+tta,0,0.1505214285176485,0.2968372699461869,0.003376625245437,,,
0.0305028069701525,23.97411021147939,0.8103904116350772,0.7787865863188058,0.6535947707444144,0.704225352112676,0.6097560975609756,0.6887417213580107,82,71,69,0.0955893590984704,0.2520024739760031,0.3369060754776001,0.2218574374288864,0.222677616811738,0.3552727103233337,0.4521952867507934,pretrained_l1_s0_tta,R05-C03,15,100,0.1224496305343505,0.2518142078269761,0.3509220480918884,0.0040514357388019,pretrained_l1+tta,0,0.1224496305343505,0.2518142078269761,0.0040514357388019,,,
0.037089819834893,22.214825045371494,0.7626941991631082,0.6969569658877596,0.4403669719841764,0.5,0.3934426229508196,0.6877828049352798,122,96,99,0.1937729194167148,0.2136059231619375,0.393467903137207,0.2602283227810602,0.199014712496286,0.4081753492355346,0.4843838214874267,pretrained_l1_s0_tta,R05-C03,15,150,0.1328010501999049,0.2353834053435053,0.4054780006408691,0.0059055355377495,pretrained_l1+tta,0,0.1328010501999049,0.2353834053435053,0.0059055355377495,,,
0.015575245781561,26.986021055321224,0.9259648733791012,0.8218677460733218,0.7674418599694429,0.8461538461538461,0.7021276595744681,0.853932583771241,47,39,42,-0.0378093563362636,0.4123641992626282,0.3414229154586792,0.1748058753877278,0.3165819811724466,0.3865540027618408,0.5715373754501343,pretrained_l1_s0_tta,R05-C03,16,1,0.1543864858192423,0.3100399728713645,0.3857489824295044,0.0024233304429799,pretrained_l1+tta,0,0.1543864858192423,0.3100399728713645,0.0024233304429799,,,
0.0160792950221168,27.03218204972105,0.9118287047531496,0.8292370643243839,0.7640449433202878,0.7727272727272727,0.7555555555555555,0.863636363136622,45,44,43,-0.0783505927160123,0.4968343011233032,0.330484390258789,0.2255635040261572,0.3479044824341243,0.3850386142730713,0.5941922664642334,pretrained_l1_s0_tta,R05-C03,16,10,0.2558280901831931,0.320955032831108,0.3907212615013122,0.0024959479924291,pretrained_l1+tta,0,0.2558280901831931,0.320955032831108,0.0024959479924291,,,
0.0243793267527523,26.17303100210684,0.8510198159296282,0.8124463828544759,0.7343749995,0.734375,0.734375,0.8188976372953065,64,64,63,-0.0473713682321288,0.3856838407648672,0.2963202595710754,0.2405877215447546,0.2637867535557618,0.3302717804908752,0.4533026814460754,pretrained_l1_s0_tta,R05-C03,16,50,0.2204144436303765,0.2710735811977184,0.3290831446647644,0.0033617129083722,pretrained_l1+tta,0,0.2204144436303765,0.2710735811977184,0.0033617129083722,,,
0.0321449756724672,24.070551836746898,0.7951633858945965,0.7570700142524475,0.5333333328355555,0.5714285714285714,0.5,0.7709497201730283,96,84,83,0.0770341031535851,0.2614594827298742,0.359680712223053,0.282354121340108,0.2010804444619933,0.3778901100158691,0.4585391879081726,pretrained_l1_s0_tta,R05-C03,16,100,0.2274436336354242,0.2240808461392454,0.3774464726448059,0.004860398825258,pretrained_l1+tta,0,0.2274436336354242,0.2240808461392454,0.004860398825258,,,
0.0374420617510497,22.914109903631527,0.7530028611175864,0.7400414319442021,0.4761904756975624,0.5405405405405406,0.425531914893617,0.7878787873811123,141,111,123,0.2241915306150129,0.2172378932023181,0.4057672619819641,0.3097393882020369,0.1984164354512355,0.4121593236923218,0.4956603646278381,pretrained_l1_s0_tta,R05-C03,16,150,0.2299186032631403,0.2341103286059964,0.4156152009963989,0.0063799587078392,pretrained_l1+tta,0,0.2299186032631403,0.2341103286059964,0.0063799587078392,,,
0.0125891984170915,30.10313695375704,0.9350948323625864,0.7782853965291253,0.6440677961172077,0.7307692307692307,0.5757575757575758,0.5573770486836871,33,26,28,-0.1261847079681773,0.5850060884889241,0.2200086712837219,0.220353448947887,0.3703480035373588,0.3027441501617431,0.5280110239982605,pretrained_l1_s0_tta,R05-C03,17,1,0.2175035022453215,0.3479309897841921,0.3073531985282898,0.0018273058813065,pretrained_l1+tta,0,0.2175035022453215,0.3479309897841921,0.0018273058813065,,,
0.0139406995302768,30.48312267090737,0.9181943773508624,0.7980628533064038,0.7419354833792924,0.8518518518518519,0.6571428571428571,0.7812499995043946,35,27,29,-0.1764866235209708,0.6792193761349815,0.1910842061042785,0.2507342345932499,0.3934892110817198,0.2906001210212707,0.5037481784820557,pretrained_l1_s0_tta,R05-C03,17,10,0.3212598541286496,0.3457372599082957,0.3125978708267212,0.001989958807826,pretrained_l1+tta,0,0.3212598541286496,0.3457372599082957,0.001989958807826,,,
0.0217700745987881,29.270232359507023,0.8619020070422735,0.8075196027973222,0.7761194024878593,0.8387096774193549,0.7222222222222222,0.5937499995078124,36,31,28,-0.2573864625888182,0.4593855296338247,0.1276812553405761,0.2937944029705935,0.2472421735439945,0.1984821557998657,0.3165419101715088,pretrained_l1_s0_tta,R05-C03,17,50,0.3130344142036896,0.2338233358331831,0.1978245377540588,0.0023353511933237,pretrained_l1+tta,0,0.3130344142036896,0.2338233358331831,0.0023353511933237,,,
0.0268977079920271,27.973187177255102,0.8115017909988457,0.776420166826117,0.509433961770559,0.574468085106383,0.4576271186440678,0.5940594054547593,59,47,42,-0.2122387267590088,0.3312527651665045,0.1483768224716186,0.3216861645151448,0.1772794901787162,0.1936395168304443,0.2758156061172485,pretrained_l1_s0_tta,R05-C03,17,100,0.3074999762983029,0.1779952743279023,0.1936214566230774,0.0030448029283434,pretrained_l1+tta,0,0.3074999762983029,0.1779952743279023,0.0030448029283434,,,
0.0318477588432238,26.048283052737148,0.771178832988472,0.7284895977931578,0.4276729554792927,0.4722222222222222,0.3908045977011494,0.6710526310894217,87,72,65,-0.0816660203891989,0.2494436132502519,0.2168982625007629,0.3503020478196751,0.1493471994549581,0.2477250695228576,0.308613121509552,pretrained_l1_s0_tta,R05-C03,17,150,0.3370818877450194,0.1502549202854934,0.2446065545082092,0.0045727603137493,pretrained_l1+tta,0,0.3370818877450194,0.1502549202854934,0.0045727603137493,,,
0.0197272543013871,25.35491520017425,0.9096888170747374,0.8428659070500883,0.7951807223918566,0.8148148148148148,0.7764705882352941,0.7567567562678049,85,81,63,-0.0556441200633131,0.4338151893732314,0.4671196341514587,0.3709902480571338,0.2216906696057949,0.5044156908988953,0.626113772392273,pretrained_l1_s0_tta,R05-C03,18,1,0.3010359282034548,0.2518789223819392,0.4974799156188965,0.003819704754278,pretrained_l1+tta,0,0.3010359282034548,0.2518789223819392,0.003819704754278,,,
0.0228333345073168,24.238469068400313,0.8815026857721261,0.8081634077452027,0.7840909085919422,0.8214285714285714,0.75,0.7261146491963162,92,84,65,-0.0953237192199865,0.4519296318209309,0.4758689999580383,0.3471912077128365,0.2333707528023018,0.5049540400505066,0.6276399493217468,pretrained_l1_s0_tta,R05-C03,18,10,0.2731527210436823,0.262998506650611,0.5040230751037598,0.0042987619526684,pretrained_l1+tta,0,0.2731527210436823,0.262998506650611,0.0042987619526684,,,
0.0308143527229747,23.027013592628496,0.8242664140305129,0.792063836795629,0.7281553393070035,0.7653061224489796,0.6944444444444444,0.6850828724468727,108,98,73,-0.0164456006473725,0.3557458232818102,0.4299598336219787,0.2158939010015326,0.2460880759163793,0.4370391368865967,0.5353488922119141,pretrained_l1_s0_tta,R05-C03,18,50,0.1279233287578647,0.2808994944369037,0.4445942044258117,0.005127458833158,pretrained_l1+tta,0,0.1279233287578647,0.2808994944369037,0.005127458833158,,,
0.0390645522192626,20.94245010201016,0.7717840835810331,0.7240511568092981,0.6130030954766172,0.6470588235294118,0.5823529411764706,0.617543859167744,170,153,115,0.2083314169223078,0.2468053568462029,0.5214568376541138,0.2202551649095379,0.2431056866724427,0.5031995177268982,0.5860921144485474,pretrained_l1_s0_tta,R05-C03,18,100,0.1696158113943146,0.2772891447854957,0.5193060636520386,0.0071589751169085,pretrained_l1+tta,0,0.1696158113943146,0.2772891447854957,0.0071589751169085,,,
0.0430668681479877,20.233739515941966,0.7527964585301516,0.7384904213421192,0.5934579434276902,0.6381909547738693,0.5545851528384279,0.637974683057023,229,199,166,0.4367642162021243,0.1817194841173574,0.554254412651062,0.3423042102473315,0.2190134001179115,0.5011664628982544,0.6344401240348816,pretrained_l1_s0_tta,R05-C03,18,150,0.3781687400916437,0.2124878803392113,0.543218195438385,0.008464228361845,pretrained_l1+tta,0,0.3781687400916437,0.2124878803392113,0.008464228361845,,,
0.0227937396380829,24.313444059288017,0.8931614472602666,0.7820018347708972,0.8775510199082153,0.8686868686868687,0.8865979381443299,0.8085106377983816,97,99,91,0.0950815557748639,0.3581841381327652,0.5443798303604126,0.4355648774298653,0.1894172744320765,0.5613635778427124,0.6630702614784241,pretrained_l1_s0_tta,R05-C03,19,1,0.4340385007429381,0.1868815023475535,0.5663834810256958,0.0049836719408631,pretrained_l1+tta,0,0.4340385007429381,0.1868815023475535,0.0049836719408631,,,
0.023739847464866,24.462527756118465,0.8809071207153985,0.8064455069661604,0.8962264145950517,0.931372549019608,0.8636363636363636,0.7980769225785873,110,102,98,0.0612273978860152,0.3878217759836376,0.5100630521774292,0.4436679929573857,0.2035935345580183,0.5203882455825806,0.628702700138092,pretrained_l1_s0_tta,R05-C03,19,10,0.4205292840004124,0.2087044264383329,0.5274842977523804,0.005145204719156,pretrained_l1+tta,0,0.4205292840004124,0.2087044264383329,0.005145204719156,,,
0.0329318025905452,23.023107356755908,0.8183974990811068,0.7619688502884919,0.7857142852143701,0.7960526315789473,0.7756410256410257,0.7728813554338638,156,152,139,0.1899967606266267,0.282575643805585,0.4962484836578369,0.400655051011376,0.2019398573050412,0.4852076172828674,0.5660507678985596,pretrained_l1_s0_tta,R05-C03,19,50,0.3688968798915792,0.2112619108010871,0.4989672303199768,0.0070231738500297,pretrained_l1+tta,0,0.3688968798915792,0.2112619108010871,0.0070231738500297,,,
0.0423643791884835,20.92552186952262,0.7578392034621085,0.6790719837014746,0.6621004561213798,0.6807511737089202,0.6444444444444445,0.6969696964789944,225,213,171,0.5192460259576133,0.1721978291469387,0.5594111680984497,0.5427548074963954,0.1774776928891586,0.4667763710021972,0.654456615447998,pretrained_l1_s0_tta,R05-C03,19,100,0.5811979271608774,0.1497086110907576,0.535361111164093,0.0102417692542076,pretrained_l1+tta,0,0.5811979271608774,0.1497086110907576,0.0102417692542076,,,
0.0507240625226464,20.032179304534793,0.6994968184986897,0.6567292947000732,0.5662251650663401,0.6173285198555957,0.5229357798165137,0.5961199289650345,327,277,240,0.604237865050329,0.1765196071889591,0.4149175882339477,0.588955608291353,0.1997641373643254,0.3472606539726257,0.6574748754501343,pretrained_l1_s0_tta,R05-C03,19,150,0.6105467898517182,0.1941059418543828,0.3654869198799133,0.0123412385582923,pretrained_l1+tta,0,0.6105467898517182,0.1941059418543828,0.0123412385582923,,,
0.0203668868139442,24.847110341806125,0.9067372933127048,0.7971166960089079,0.7361963185185741,0.75,0.7228915662650602,0.7114093954796629,83,80,66,0.2449480886164909,0.2678514969101034,0.5317530632019043,0.3608526223133163,0.2098305859060562,0.5576349496841431,0.6503441333770752,pretrained_l1_s0_tta,R05-C03,2,1,0.4113784666359515,0.196560458897636,0.5560939311981201,0.0043220273219048,pretrained_l1+tta,0,0.4113784666359515,0.196560458897636,0.0043220273219048,,,
0.0209494511164647,25.07050383341692,0.8975050010154259,0.8170437538834635,0.7904191611780989,0.8354430379746836,0.75,0.7581699341518219,88,79,65,0.1622335329022914,0.33837919767904,0.4886230826377868,0.3607777725022448,0.2460998479455866,0.5134129524230957,0.6235511302947998,pretrained_l1_s0_tta,R05-C03,2,10,0.4157707094230308,0.2304036745491799,0.5204242467880249,0.0042084692977368,pretrained_l1+tta,0,0.4157707094230308,0.2304036745491799,0.0042084692977368,,,
0.0297813447042144,23.859083671853792,0.8416164735932431,0.795240976871679,0.7887323938667371,0.8155339805825242,0.7636363636363637,0.7596153841170487,110,103,98,0.1880841759007181,0.2722570345220764,0.4406360983848572,0.3322519308789723,0.2135746437013199,0.4398133158683777,0.5173707008361816,pretrained_l1_s0_tta,R05-C03,2,50,0.3502213434358764,0.2129921176151961,0.4485536813735962,0.0058144615031778,pretrained_l1+tta,0,0.3502213434358764,0.2129921176151961,0.0058144615031778,,,
0.0367176695334165,22.623765367918224,0.7944040106696848,0.7613159897257902,0.6746987946837893,0.7320261437908496,0.6256983240223464,0.6455696197619971,179,153,137,0.3940399343442999,0.1958289267071879,0.4808940291404724,0.3551285398916772,0.1967374503280085,0.4545630216598511,0.5288206934928894,pretrained_l1_s0_tta,R05-C03,2,100,0.367732199811086,0.1900080076720889,0.4787636399269104,0.0080500552430748,pretrained_l1+tta,0,0.367732199811086,0.1900080076720889,0.0080500552430748,,,
0.0463486530831917,20.71653889902645,0.7355685040590704,0.716806474330851,0.5569620248207642,0.6139534883720931,0.5096525096525096,0.7381974243989297,259,215,207,0.4669802868599958,0.1696066815934662,0.5108175277709961,0.4848803055163421,0.1597542996896374,0.4621880054473877,0.6059101223945618,pretrained_l1_s0_tta,R05-C03,2,150,0.5131460589817605,0.1517797860904929,0.4927917122840881,0.0110151274129748,pretrained_l1+tta,0,0.5131460589817605,0.1517797860904929,0.0110151274129748,,,
0.0246054057593805,23.55776517903086,0.8946878760839304,0.8305577931551146,0.8839285709292092,0.9166666666666666,0.853448275862069,0.7809523804578684,116,108,94,0.0356510980303081,0.3308606245451294,0.5484083890914917,0.3846479839750343,0.1888758660445398,0.5598995685577393,0.6493798494338989,pretrained_l1_s0_tta,R05-C03,20,1,0.3173814778701613,0.2147173583427508,0.5591860413551331,0.0047686491161584,pretrained_l1+tta,0,0.3173814778701613,0.2147173583427508,0.0047686491161584,,,
0.0268218154888755,23.83081257567597,0.866658847908806,0.8154340618336605,0.805194804695939,0.8454545454545455,0.768595041322314,0.8214285709318001,121,110,103,0.1547818572284882,0.3504999856335024,0.5485035181045532,0.3744540393931062,0.2146364820340233,0.5560874938964844,0.6505354642868042,pretrained_l1_s0_tta,R05-C03,20,10,0.2574790041316523,0.2578495933437062,0.5601672530174255,0.0058310725726187,pretrained_l1+tta,0,0.2574790041316523,0.2578495933437062,0.0058310725726187,,,
0.0376324188878834,21.62770772848953,0.7931333392011861,0.7519970511169307,0.7311178242737835,0.7515527950310559,0.711764705882353,0.7619047614079112,170,161,145,0.244929966285729,0.2885802390577695,0.5566697120666504,0.3271538534253048,0.2223566591445024,0.5208041667938232,0.6177611351013184,pretrained_l1_s0_tta,R05-C03,20,50,0.2498777821279023,0.2586357759447394,0.5507261157035828,0.0079501699656248,pretrained_l1+tta,0,0.2498777821279023,0.2586357759447394,0.0079501699656248,,,
0.0459242649908445,20.511721895995116,0.7392158255356048,0.7325418548470182,0.5900216914765317,0.6355140186915887,0.5506072874493927,0.6447058818661203,247,214,178,0.5055407426072948,0.1754948899711393,0.5263832211494446,0.475782332636231,0.1994851696716532,0.4386819005012512,0.6638749837875366,pretrained_l1_s0_tta,R05-C03,20,100,0.5528973337953362,0.1625681304894263,0.5069290399551392,0.0104785356670618,pretrained_l1+tta,0,0.5528973337953362,0.1625681304894263,0.0104785356670618,,,
0.0624898872485925,18.05005445143771,0.6409999957227591,0.6593113599983781,0.5016077165509196,0.5799256505576208,0.4419263456090651,0.679867986312295,353,269,253,0.5308492191426897,0.2021249109619816,0.410412847995758,0.49157838705935,0.2226064179837465,0.3586339354515075,0.6796735525131226,pretrained_l1_s0_tta,R05-C03,20,150,0.5063564270767162,0.2205603522121268,0.3399249315261841,0.0148183433338999,pretrained_l1+tta,0,0.5063564270767162,0.2205603522121268,0.0148183433338999,,,
0.0143204965312401,28.89591302526513,0.9281958737826936,0.8236683973047855,0.6944444439459877,0.7352941176470589,0.6578947368421053,0.7878787873902662,38,34,28,-0.0974284509003796,0.5247650911459073,0.3112873435020447,0.2277389034540637,0.3231805353550224,0.3714597225189209,0.567900538444519,pretrained_l1_s0_tta,R05-C03,21,1,0.2025176806316732,0.3136214953535728,0.3680604100227356,0.0025164822582155,pretrained_l1+tta,0,0.2025176806316732,0.3136214953535728,0.0025164822582155,,,
0.0169011407047394,28.060809208266356,0.90710539183867,0.8130151897967235,0.6823529406765397,0.6904761904761905,0.6744186046511628,0.7199999995107556,43,42,32,-0.1176197171526718,0.5531057255887597,0.3341695070266723,0.3145548521595778,0.3065815135583237,0.4029885530471802,0.56607985496521,pretrained_l1_s0_tta,R05-C03,21,10,0.2953195685756007,0.3098840883178632,0.3873302340507507,0.0029695180710405,pretrained_l1+tta,0,0.2953195685756007,0.3098840883178632,0.0029695180710405,,,
0.0251539287483155,26.589622797718793,0.847546316157156,0.7810276448831992,0.660869564717429,0.6666666666666666,0.6551724137931034,0.7766990286341784,58,57,45,-0.1277223632573912,0.372705553187064,0.2644236087799072,0.357742875884491,0.2020358682984435,0.3096153736114502,0.4120975732803345,pretrained_l1_s0_tta,R05-C03,21,50,0.3198027769870509,0.2088379610856796,0.3054124712944031,0.0037429709918797,pretrained_l1+tta,0,0.3198027769870509,0.2088379610856796,0.0037429709918797,,,
0.0302457203345693,25.177989330776853,0.8028189407095445,0.7479036298300791,0.6198830404385622,0.6708860759493671,0.5760869565217391,0.6666666661758879,92,79,70,0.129703339282707,0.2548309230028919,0.3182392120361328,0.2941141399121168,0.2009458570697659,0.3314177989959717,0.4121140241622925,pretrained_l1_s0_tta,R05-C03,21,100,0.19349642270441,0.2359819110047165,0.3277078866958618,0.0046402616426348,pretrained_l1+tta,0,0.19349642270441,0.2359819110047165,0.0046402616426348,,,
0.0338366389969171,24.218892790946125,0.7714563621046289,0.7507142127428984,0.5151515146608125,0.5964912280701754,0.4533333333333333,0.6821705421489094,150,114,108,0.4587743607643243,0.1710737547606057,0.3951948285102844,0.3531271668186643,0.2003666058833808,0.3990685939788818,0.4626892805099487,pretrained_l1_s0_tta,R05-C03,21,150,0.4231662020851415,0.1805098429478139,0.4021458029747009,0.0063581680878996,pretrained_l1+tta,0,0.4231662020851415,0.1805098429478139,0.0063581680878996,,,
0.0127714848928114,29.56945257108761,0.9343256459517107,0.8568693328773999,0.7868852454082235,0.8888888888888888,0.7058823529411765,0.8437499995019531,34,27,30,-0.2152876523470509,0.5976679741093192,0.2041550278663635,0.1693879786581929,0.3778274484370089,0.2771420478820801,0.5283612012863159,pretrained_l1_s0_tta,R05-C03,22,1,0.0862940891144636,0.4295049359805645,0.2601773142814636,0.0019369518849998,pretrained_l1+tta,0,0.0862940891144636,0.4295049359805645,0.0019369518849998,,,
0.0144986067632315,28.470959856646378,0.916389749560414,0.8245970077673317,0.749999999512207,0.8888888888888888,0.6486486486486487,0.840579709647553,37,27,32,-0.2940752928032366,0.6506837859038507,0.1803809404373169,0.216704670715768,0.3830884198001105,0.2770522832870483,0.5292035341262817,pretrained_l1_s0_tta,R05-C03,22,10,0.0922844701027264,0.4539886508508123,0.2526112198829651,0.0019273944199085,pretrained_l1+tta,0,0.0922844701027264,0.4539886508508123,0.0019273944199085,,,
0.0223734351986127,27.266529863583543,0.856164353081235,0.8091599635850796,0.7333333328395062,0.825,0.66,0.8723404250339519,50,40,44,-0.186625339557075,0.4303839191398323,0.1721316576004028,0.1874307852791068,0.2904821896044555,0.2167081832885742,0.3719266653060913,pretrained_l1_s0_tta,R05-C03,22,50,0.0301670253962107,0.3497672556455983,0.205823004245758,0.0024440356064587,pretrained_l1+tta,0,0.0301670253962107,0.3497672556455983,0.0024440356064587,,,
0.0294905239422655,25.486571418028884,0.7966199980317533,0.7683503067458664,0.6369426746616901,0.684931506849315,0.5952380952380952,0.7763157889792243,84,73,68,-0.0409568413771115,0.2957594548038528,0.2505623698234558,0.2224218168923145,0.2231838009052312,0.2666998505592346,0.3717057108879089,pretrained_l1_s0_tta,R05-C03,22,100,0.0440183305055387,0.2861744896048552,0.2669049501419067,0.0039482535794377,pretrained_l1+tta,0,0.0440183305055387,0.2861744896048552,0.0039482535794377,,,
0.0332793697922514,24.26412141423436,0.7623335893488888,0.7664861877022958,0.6575342460791059,0.72,0.6050420168067226,0.7582938383707464,119,100,92,0.1314227817066407,0.246480434993066,0.3110652565956116,0.173419589153248,0.23966829567607,0.3061709403991699,0.3970493078231811,pretrained_l1_s0_tta,R05-C03,22,150,0.0212184195167306,0.3101349875774358,0.3118718266487121,0.0050686593167483,pretrained_l1+tta,0,0.0212184195167306,0.3101349875774358,0.0050686593167483,,,
0.0129947980079547,29.19942935844198,0.9324938899867388,0.8135365079267671,0.7575757570831038,0.8620689655172413,0.6756756756756757,0.8529411759744808,37,29,31,-0.1199892814695743,0.5286525846822289,0.2355870008468628,0.1351617084192594,0.3944619636238051,0.2793206572532654,0.5272117853164673,pretrained_l1_s0_tta,R05-C03,23,1,0.0495372738740996,0.448647384369641,0.2570909261703491,0.0019391145324334,pretrained_l1+tta,0,0.0495372738740996,0.448647384369641,0.0019391145324334,,,
0.0140630205748615,28.760030891890533,0.9148281052850816,0.8088756812684347,0.6666666661768708,0.7777777777777778,0.5833333333333334,0.8307692302750296,36,27,29,-0.2348821688317272,0.6282278399439414,0.2091860771179199,0.1934169990770133,0.4022576989146028,0.277430772781372,0.54423987865448,pretrained_l1_s0_tta,R05-C03,23,10,0.0516354078262699,0.4858990812069463,0.2524838447570801,0.0021147937513887,pretrained_l1+tta,0,0.0516354078262699,0.4858990812069463,0.0021147937513887,,,
0.0214845124384033,28.005420234184104,0.8602786182241428,0.8241815106488258,0.7228915657686165,0.7894736842105263,0.6666666666666666,0.7469879513107853,45,38,38,-0.1907405827626586,0.4494652620198811,0.1581465601921081,0.158455805590222,0.3119889924217144,0.1882100701332092,0.3662330508232116,pretrained_l1_s0_tta,R05-C03,23,50,0.0165683289000019,0.3668379525857161,0.1804484128952026,0.002455526497215,pretrained_l1+tta,0,0.0165683289000019,0.3668379525857161,0.002455526497215,,,
0.0277915137640921,26.364835653187072,0.7999292796284994,0.791803361285495,0.6095238090249433,0.64,0.5818181818181818,0.699999999505,55,50,45,-0.0953368202637047,0.3274172422287756,0.1985857486724853,0.1755381639572965,0.2434551883573628,0.2105069160461425,0.3390002250671386,pretrained_l1_s0_tta,R05-C03,23,100,-0.0374827961145515,0.3175135840890558,0.2061800360679626,0.0032771348487585,pretrained_l1+tta,0,-0.0374827961145515,0.3175135840890558,0.0032771348487585,,,
0.033189120158758,24.51057919565472,0.7517975683871749,0.7534681955918665,0.5248226945360897,0.5441176470588235,0.5068493150684932,0.7633587781325097,73,68,58,-0.0335526902687423,0.2643020371831909,0.2630707025527954,0.2018178445272191,0.2048921987437803,0.2672604918479919,0.3646471500396728,pretrained_l1_s0_tta,R05-C03,23,150,0.0039653104911006,0.2662459055040743,0.2677401304244995,0.0046194596216082,pretrained_l1+tta,0,0.0039653104911006,0.2662459055040743,0.0046194596216082,,,
0.0166799281513744,26.25554387797365,0.9217344624022664,0.8576276929879233,0.9019607838139178,0.92,0.8846153846153846,0.9523809518809976,52,50,53,0.003241384534664,0.3858793511395897,0.3946937918663025,0.1792852280887971,0.3055574190479343,0.4196588397026062,0.5889938473701477,pretrained_l1_s0_tta,R05-C03,24,1,0.1644150789407616,0.3050467929175121,0.4127418994903564,0.0027327199932187,pretrained_l1+tta,0,0.1644150789407616,0.3050467929175121,0.0027327199932187,,,
0.0171266000647078,26.20403878738571,0.9075715372303536,0.8483395552833822,0.8196721306480784,0.847457627118644,0.7936507936507936,0.9105691051913544,63,59,60,-0.1152913527068917,0.4730514047693659,0.395139217376709,0.2043550770028728,0.3290138143675417,0.4209946990013122,0.6241593360900879,pretrained_l1_s0_tta,R05-C03,24,10,0.1427528422712435,0.3567298088652257,0.4215372800827026,0.0028951505664736,pretrained_l1+tta,0,0.1427528422712435,0.3567298088652257,0.0028951505664736,,,
0.0266504616840891,24.14653109294451,0.8362237625251969,0.7902137235771683,0.698795180222964,0.7073170731707317,0.6904761904761905,0.8139534878723633,84,82,88,-0.0538894066320325,0.3868622132617506,0.4019416570663452,0.164999111819838,0.2871214239681954,0.3898307085037231,0.5282692909240723,pretrained_l1_s0_tta,R05-C03,24,50,0.0798475568654605,0.3189976981473222,0.3947994709014892,0.0043322001583874,pretrained_l1+tta,0,0.0798475568654605,0.3189976981473222,0.0043322001583874,,,
0.0343672893739144,22.35619441982624,0.7810706014108127,0.7584059360063737,0.5284552840568444,0.5803571428571429,0.4850746268656716,0.7999999995012994,134,112,121,0.0509885432629401,0.311901540240613,0.4197181463241577,0.1172690534712642,0.2649382101393748,0.4195824861526489,0.5313787460327148,pretrained_l1_s0_tta,R05-C03,24,100,0.0568297422921772,0.2965163687100773,0.4343644380569458,0.0052602933719754,pretrained_l1+tta,0,0.0568297422921772,0.2965163687100773,0.0052602933719754,,,
0.0435565116029038,20.9978504900514,0.717075338409,0.7428805426225392,0.4846625761954157,0.5563380281690141,0.4293478260869565,0.7988338187446388,184,142,159,0.1360348079795708,0.2855721303404807,0.4717052578926086,0.1845154043553438,0.2387309662202326,0.4536837935447693,0.5681333541870117,pretrained_l1_s0_tta,R05-C03,24,150,0.1301260051615413,0.2669367676407487,0.4763678908348083,0.0075598494149744,pretrained_l1+tta,0,0.1301260051615413,0.2669367676407487,0.0075598494149744,,,
0.0170271625322097,26.50781208414424,0.922396807455336,0.8243395980752308,0.765217390804688,0.7857142857142857,0.7457627118644068,0.8867924523365965,59,56,47,0.1777637237435148,0.3350364001612147,0.4193676114082336,0.196065084103587,0.2980266968427277,0.4293407201766968,0.587396502494812,pretrained_l1_s0_tta,R05-C03,3,1,0.2220887330581405,0.2940163950730112,0.4351044297218323,0.0030180588364601,pretrained_l1+tta,0,0.2220887330581405,0.2940163950730112,0.0030180588364601,,,
0.017809981219464,26.23210672340345,0.9061946082800146,0.8174315610870552,0.6935483865972943,0.7166666666666667,0.671875,0.9059829054873256,64,60,53,0.0968637630167248,0.4241096146686889,0.412824809551239,0.2303804794002614,0.3334125963616022,0.4267667531967163,0.6052912473678589,pretrained_l1_s0_tta,R05-C03,3,10,0.260859916380236,0.3312744024437529,0.4334388375282287,0.0034131230786442,pretrained_l1+tta,0,0.260859916380236,0.3312744024437529,0.0034131230786442,,,
0.0283981027164887,24.405953910412276,0.8367526704199333,0.7658494073293219,0.7341772146901937,0.7532467532467533,0.7160493827160493,0.7887323938761158,81,77,61,0.1946998147934642,0.2892813611947423,0.3815749287605285,0.2439243043902856,0.2497659313018776,0.3911997079849243,0.4924256801605224,pretrained_l1_s0_tta,R05-C03,3,50,0.283019483797571,0.2436092432917811,0.4005829691886902,0.0050870412960648,pretrained_l1+tta,0,0.283019483797571,0.2436092432917811,0.0050870412960648,,,
0.0349479351249674,23.194929087072236,0.7904772964123953,0.7568297011461825,0.6639676108370239,0.6949152542372882,0.6356589147286822,0.793248944651605,129,118,108,0.3151501698298048,0.2253987767108166,0.4181438088417053,0.2029590271343483,0.236502969559402,0.4039093255996704,0.4871269464492798,pretrained_l1_s0_tta,R05-C03,3,100,0.2264774139711116,0.2378666325846472,0.4128815531730652,0.0060900026001036,pretrained_l1+tta,0,0.2264774139711116,0.2378666325846472,0.0060900026001036,,,
0.0416043109872917,21.69884525688971,0.7481713691266321,0.7262883045626285,0.6039886034889327,0.6198830409356725,0.5888888888888889,0.6463414629193931,180,171,148,0.3781231223134099,0.1911313508185805,0.5079511404037476,0.4365195537578571,0.1681040539834232,0.473245620727539,0.5746521949768066,pretrained_l1_s0_tta,R05-C03,3,150,0.443279148806245,0.1664608334702477,0.5118526220321655,0.008957153186202,pretrained_l1+tta,0,0.443279148806245,0.1664608334702477,0.008957153186202,,,
0.0171209043682857,27.212137371018784,0.9182316630538376,0.8388723598721983,0.9354838704677418,0.935483870967742,0.935483870967742,0.9499999995005556,62,62,58,0.1482539748785399,0.331200820169192,0.3837077617645263,0.2111649370621081,0.3062918255645193,0.4046844244003296,0.5743809938430786,pretrained_l1_s0_tta,R05-C03,4,1,0.2162878135848816,0.2955473974913253,0.4050934910774231,0.0033064552117139,pretrained_l1+tta,0,0.2162878135848816,0.2955473974913253,0.0033064552117139,,,
0.0183565930742193,26.836568698385022,0.9001092681815845,0.8286390921151301,0.7681159415289854,0.7681159420289855,0.7681159420289855,0.8805970144258186,69,69,65,0.1271419359972664,0.40019681189061,0.3919116258621216,0.2761836009034342,0.3216471283824464,0.4269655346870422,0.6000791192054749,pretrained_l1_s0_tta,R05-C03,4,10,0.3596677891106779,0.2753916944627867,0.4312587976455688,0.0037922838237136,pretrained_l1+tta,0,0.3596677891106779,0.2753916944627867,0.0037922838237136,,,
0.0260210395682894,25.59369391694248,0.844436238222707,0.8152587448780051,0.8627450975394079,0.88,0.8461538461538461,0.8965517236382343,104,100,99,0.1579128785905724,0.3232373421733416,0.3429833054542541,0.1963807559418764,0.3006322261999403,0.3480963110923767,0.4735937118530273,pretrained_l1_s0_tta,R05-C03,4,50,0.2200964676160514,0.2881713900760452,0.3544018864631653,0.0048961080610752,pretrained_l1+tta,0,0.2200964676160514,0.2881713900760452,0.0048961080610752,,,
0.0346836921701456,23.737468569568417,0.7802356014510764,0.7768983201605042,0.7474747469747984,0.7551020408163265,0.74,0.8842105258171744,150,147,135,0.2295687866535662,0.2382993553337034,0.4151965975761413,0.2867663411520783,0.2158860008047765,0.4094198942184448,0.4841796159744262,pretrained_l1_s0_tta,R05-C03,4,100,0.305216587442587,0.2057487071862718,0.4187107682228088,0.0072716432623565,pretrained_l1+tta,0,0.305216587442587,0.2057487071862718,0.0072716432623565,,,
0.0403157748219133,22.13431737905351,0.7443654777414193,0.7372533423430011,0.6527415138624437,0.6983240223463687,0.6127450980392157,0.8095238090269588,204,179,174,0.2929421869480767,0.21801806071871,0.4561697840690613,0.2910846485346446,0.2116769454882285,0.4240766167640686,0.5219829082489014,pretrained_l1_s0_tta,R05-C03,4,150,0.3050019196547439,0.2046774527892745,0.4548296332359314,0.0083843162283301,pretrained_l1+tta,0,0.3050019196547439,0.2046774527892745,0.0083843162283301,,,
0.0153493709453719,27.90185867421553,0.9285006682011324,0.8056216844859933,0.7959183668521449,0.8863636363636364,0.7222222222222222,0.7608695647325141,54,44,38,0.1208425987853058,0.3514821157981818,0.3653815984725952,0.2205812344983061,0.3017773712916718,0.406420886516571,0.5773895978927612,pretrained_l1_s0_tta,R05-C03,5,1,0.2571278610181776,0.2725206158589692,0.4028723239898681,0.0026509484741836,pretrained_l1+tta,0,0.2571278610181776,0.2725206158589692,0.0026509484741836,,,
0.0175213284124243,27.136767307477815,0.9086828292279796,0.7758507930999333,0.796296295796982,0.8269230769230769,0.7678571428571429,0.7799999995071999,56,52,44,0.0822545638621843,0.3984429659015764,0.385615587234497,0.2930813050488343,0.2972874125897249,0.4437559247016907,0.6057020425796509,pretrained_l1_s0_tta,R05-C03,5,10,0.3874265295580679,0.2476210980329125,0.4441105723381042,0.0034032331313937,pretrained_l1+tta,0,0.3874265295580679,0.2476210980329125,0.0034032331313937,,,
0.0240627606191481,26.801428148176186,0.8616616271632771,0.8171569748671912,0.7407407402429628,0.7936507936507936,0.6944444444444444,0.7226890751523197,72,63,47,0.1478371827354041,0.3072992996695884,0.2939556837081909,0.2310921668838009,0.2718969193949025,0.3127064704895019,0.427175760269165,pretrained_l1_s0_tta,R05-C03,5,50,0.2938473666183514,0.2477247863647332,0.3167974352836609,0.0036731525324285,pretrained_l1+tta,0,0.2938473666183514,0.2477247863647332,0.0036731525324285,,,
0.0337637521131556,23.971308698248187,0.800740474372499,0.7122272533173208,0.6203703698710562,0.6442307692307693,0.5982142857142857,0.7319587623985545,112,104,82,0.2888194972074118,0.1935244065623955,0.3992964029312134,0.3175589204720376,0.1788232984947095,0.4021699428558349,0.4654585719108581,pretrained_l1_s0_tta,R05-C03,5,100,0.330817547466685,0.1725192541061036,0.4011523127555847,0.0060961940325796,pretrained_l1+tta,0,0.330817547466685,0.1725192541061036,0.0060961940325796,,,
0.0383565575701906,22.699024783798983,0.7694223898215993,0.7052208190963801,0.5704918027795968,0.5958904109589042,0.5471698113207547,0.6409266404525871,159,146,100,0.3715518568044413,0.1694889828854082,0.4515862464904785,0.3941002529255504,0.1589614107325271,0.4432379007339477,0.5125879049301147,pretrained_l1_s0_tta,R05-C03,5,150,0.3628015933388582,0.1711911951971172,0.45284503698349,0.0080249896273016,pretrained_l1+tta,0,0.3628015933388582,0.1711911951971172,0.0080249896273016,,,
0.0167111921996303,26.665724314569054,0.9216208016387032,0.8438506179026751,0.9230769225769836,0.9333333333333332,0.9130434782608696,0.9230769225769836,46,45,45,0.1557577066576647,0.3277287120066255,0.3581838011741638,0.1433265943795324,0.3360551148846362,0.3741577863693237,0.5633960962295532,pretrained_l1_s0_tta,R05-C03,6,1,0.1617719371734102,0.3198695692029488,0.3637548685073852,0.0028507376555353,pretrained_l1+tta,0,0.1617719371734102,0.3198695692029488,0.0028507376555353,,,
0.0180006707040131,26.40849320147761,0.9007212520975484,0.8369372498635863,0.811320754217159,0.8269230769230769,0.7962962962962963,0.8952380947385034,54,52,51,0.0991854905330784,0.3917959792804013,0.382692813873291,0.1412506294126538,0.3829221698039093,0.3865911364555359,0.6019936800003052,pretrained_l1_s0_tta,R05-C03,6,10,0.1283440443515861,0.3955212297325695,0.3802592158317566,0.0029528862796723,pretrained_l1+tta,0,0.1283440443515861,0.3955212297325695,0.0029528862796723,,,
0.0240661488946362,26.115810232526915,0.8512171282536243,0.8640205426446471,0.7913669059769164,0.8461538461538461,0.7432432432432432,0.7891156457585263,74,65,73,0.0969615074960047,0.3557463280960677,0.3004478812217712,0.0999806880359444,0.3552149708694766,0.2922807931900024,0.4606032967567444,pretrained_l1_s0_tta,R05-C03,6,50,0.0573979773086248,0.3741067330471319,0.2955822944641113,0.0039019519463181,pretrained_l1+tta,0,0.0573979773086248,0.3741067330471319,0.0039019519463181,,,
0.0326422854167843,23.536190668839826,0.7866739208021161,0.792990849265532,0.6009852211783833,0.6559139784946236,0.5545454545454546,0.7135678387015479,110,93,89,0.2231240740673139,0.2490296691119889,0.3767627477645874,0.1026968229819585,0.2892687917142317,0.3672980070114136,0.4818624854087829,pretrained_l1_s0_tta,R05-C03,6,100,0.0548707436639217,0.300106214926482,0.3695460557937622,0.0054205660708248,pretrained_l1+tta,0,0.0548707436639217,0.300106214926482,0.0054205660708248,,,
0.0353879416715752,22.13604405489662,0.7745333359280274,0.765471482843537,0.610038609540287,0.6475409836065574,0.5766423357664233,0.7470817115644446,137,122,120,0.1046437984882122,0.2612106356331846,0.4214838147163391,0.1431146011704591,0.2593478369680736,0.4155425429344177,0.5124192237854004,pretrained_l1_s0_tta,R05-C03,6,150,0.1291969959777392,0.2625140272480555,0.423082172870636,0.0058929878287017,pretrained_l1+tta,0,0.1291969959777392,0.2625140272480555,0.0058929878287017,,,
0.0129713663523862,30.06901296401859,0.932808068885721,0.7903167356183894,0.7307692302721892,0.7916666666666666,0.6785714285714286,0.9259259254266118,28,24,26,-0.0057179504011041,0.5079709067785352,0.1825240850448608,0.1571543501931344,0.4105598378548019,0.2437090873718261,0.4876135587692261,pretrained_l1_s0_tta,R05-C03,7,1,0.1455155295451065,0.3987318181843603,0.2432225346565246,0.0018840447301045,pretrained_l1+tta,0,0.1455155295451065,0.3987318181843603,0.0018840447301045,,,
0.0148927690365927,29.305033580347015,0.9108531321007092,0.7601244485337846,0.8064516124037461,0.8333333333333334,0.78125,0.8387096769198752,32,30,30,0.038608716859859,0.5347698671848383,0.2197532653808593,0.1749710514959185,0.4392983845299901,0.2850668430328369,0.5192766189575195,pretrained_l1_s0_tta,R05-C03,7,10,0.2634236500721241,0.3735262339654308,0.2912110090255737,0.0021141648758202,pretrained_l1+tta,0,0.2634236500721241,0.3735262339654308,0.0021141648758202,,,
0.0221731042096558,28.129290096807793,0.8549369179604094,0.7746400864728616,0.6216216211274653,0.696969696969697,0.5609756097560976,0.6493506488527576,41,33,36,0.0630565237351092,0.3973636930360599,0.1824091672897339,0.147264165970506,0.3369144448484923,0.2020044922828674,0.3539851903915405,pretrained_l1_s0_tta,R05-C03,7,50,0.2262513060269563,0.3053319181008941,0.2097259759902954,0.0026536255609244,pretrained_l1+tta,0,0.2262513060269563,0.3053319181008941,0.0026536255609244,,,
0.0295506599844032,25.539942276461577,0.7915259627896486,0.6776028480664315,0.504347825588809,0.5370370370370371,0.4754098360655737,0.7499999995039858,61,54,51,0.1330773786316271,0.2820712254262482,0.2440117597579956,0.2057744107143369,0.2352583591154661,0.2524442076683044,0.3515434265136719,pretrained_l1_s0_tta,R05-C03,7,100,0.2305615332372491,0.2298456455700208,0.2568188905715942,0.0039111403748393,pretrained_l1+tta,0,0.2305615332372491,0.2298456455700208,0.0039111403748393,,,
0.0355358706551356,23.923639334933128,0.7481306499935606,0.6769092574720483,0.4914285709313306,0.5308641975308642,0.4574468085106383,0.6540880498310985,94,81,65,0.1657770115212711,0.2344383705069189,0.2792969346046448,0.2480356075646586,0.1864920811529417,0.2983922958374023,0.3778018951416015,pretrained_l1_s0_tta,R05-C03,7,150,0.2799818303704551,0.1793974884540435,0.3013810515403747,0.0047568278387188,pretrained_l1+tta,0,0.2799818303704551,0.1793974884540435,0.0047568278387188,,,
0.0174407323213645,26.386371904203877,0.9151631744867974,0.8020503826324605,0.7751937979498827,0.7936507936507936,0.7575757575757576,0.895999999501568,66,63,59,0.0925089044791664,0.3608342734635449,0.4217906594276428,0.2601544915527811,0.2703267905631577,0.4534820914268493,0.6203368306159973,pretrained_l1_s0_tta,R05-C03,8,1,0.2734488221216304,0.2600501729288598,0.4568269848823547,0.0033551817759871,pretrained_l1+tta,0,0.2734488221216304,0.2600501729288598,0.0033551817759871,,,
0.0197189853202212,25.90517626957113,0.8932184030190842,0.7790742464885793,0.8088235289118728,0.7971014492753623,0.8208955223880597,0.8593749995010986,67,69,61,0.1373944709648121,0.3934076620491819,0.4380643963813782,0.3308577323030166,0.2781227782349992,0.4823924303054809,0.6321390271186829,pretrained_l1_s0_tta,R05-C03,8,10,0.366105257280122,0.2564309117019264,0.480740487575531,0.0038757207803428,pretrained_l1+tta,0,0.366105257280122,0.2564309117019264,0.0038757207803428,,,
0.0278213211935676,24.964129109645462,0.8370498246531388,0.7839355524138134,0.760233917628672,0.7647058823529411,0.7558139534883721,0.8095238090240929,86,85,82,0.1016956172103401,0.3022224400988684,0.3749990463256836,0.3644873303048968,0.2054333578914572,0.3945484757423401,0.4885717034339905,pretrained_l1_s0_tta,R05-C03,8,50,0.3913391691008098,0.1904652768654765,0.3936198949813843,0.0047929328866302,pretrained_l1+tta,0,0.3913391691008098,0.1904652768654765,0.0047929328866302,,,
0.0345246991507898,22.95314134918227,0.7935178240120443,0.7196685234007136,0.6294820712144886,0.6638655462184874,0.5984848484848485,0.7391304342935349,132,119,98,0.3768120109092814,0.2085023021441635,0.457486629486084,0.4049436959026077,0.1894878325542002,0.4521582722663879,0.5311806201934814,pretrained_l1_s0_tta,R05-C03,8,100,0.3664725678060478,0.2006582685556733,0.4631579518318176,0.0064130956307053,pretrained_l1+tta,0,0.3664725678060478,0.2006582685556733,0.0064130956307053,,,
0.0402685531561517,21.8961149133246,0.7549377704755972,0.7033909073039407,0.5320512815547542,0.5804195804195804,0.4911242603550296,0.7003366998462288,169,143,128,0.4506241501072106,0.1858048892198312,0.4797167181968689,0.4395936837956721,0.1762398166261358,0.4618652462959289,0.5641734600067139,pretrained_l1_s0_tta,R05-C03,8,150,0.4335144693743934,0.1735039456991362,0.4854201078414917,0.0079781925305724,pretrained_l1+tta,0,0.4335144693743934,0.1735039456991362,0.0079781925305724,,,
0.0241472497279038,23.926946436613644,0.8852898369299366,0.7856545754701502,0.769953051144526,0.8118811881188119,0.7321428571428571,0.8309178738995076,112,101,95,0.2345440380093588,0.2554599021069257,0.5513952970504761,0.3329383801892864,0.2240974897074207,0.5613225698471069,0.6699956059455872,pretrained_l1_s0_tta,R05-C03,9,1,0.3545388068694062,0.2115079198119701,0.5643539428710938,0.0050529055297374,pretrained_l1+tta,0,0.3545388068694062,0.2115079198119701,0.0050529055297374,,,
0.0247287819652637,24.463116499568336,0.8734329315414399,0.8012178811508706,0.8170212760959711,0.8347826086956521,0.8,0.8054298637570894,120,115,101,0.199917202380708,0.3061669885099635,0.545222282409668,0.3989957876944432,0.2348072171587844,0.5502841472625732,0.6588793992996216,pretrained_l1_s0_tta,R05-C03,9,10,0.4479188087613212,0.2115667837480311,0.5554215908050537,0.0056459731422364,pretrained_l1+tta,0,0.4479188087613212,0.2115667837480311,0.0056459731422364,,,
0.0349823436230524,22.864601094715752,0.8092259679430346,0.7791563752222725,0.8115015969449519,0.8466666666666667,0.7791411042944786,0.75510204032225,163,150,131,0.2315792751224492,0.2719817911211607,0.4996483922004699,0.395367323045364,0.2108460130568772,0.4821690320968628,0.5701358318328857,pretrained_l1_s0_tta,R05-C03,9,50,0.4363832590594861,0.1932897343199038,0.5054137110710144,0.0079861273989081,pretrained_l1+tta,0,0.4363832590594861,0.1932897343199038,0.0079861273989081,,,
0.0431058451373899,21.372505417251585,0.7558055255326549,0.7484036914606973,0.6943231436051466,0.7130044843049327,0.676595744680851,0.724220623009276,235,223,182,0.4451573510602906,0.1954088970495811,0.5268206596374512,0.5046308217199694,0.1872084471749631,0.4470148682594299,0.6279455423355103,pretrained_l1_s0_tta,R05-C03,9,100,0.5355392299315787,0.1700428855274364,0.5161942839622498,0.0108140287920832,pretrained_l1+tta,0,0.5355392299315787,0.1700428855274364,0.0108140287920832,,,
0.0548409509187614,19.38492418762146,0.6999934957413052,0.6778346262447251,0.5722801783387651,0.6018808777429467,0.5454545454545454,0.6110183634552635,352,319,247,0.5812375892037965,0.1746299138737259,0.4366893768310547,0.5884424374705793,0.185850976914529,0.3419505953788757,0.656266450881958,pretrained_l1_s0_tta,R05-C03,9,150,0.621503821427683,0.1647253823057027,0.3908283710479736,0.0137178935110569,pretrained_l1+tta,0,0.621503821427683,0.1647253823057027,0.0137178935110569,,,
0.0182354354451216,25.924093859426748,0.916136960025582,0.7892864769063491,0.7516778518508175,0.8,0.7088607594936709,0.8111888106943127,79,70,64,0.0997483611786703,0.3133774069858881,0.4363151788711548,0.1658484621053521,0.2830692922625585,0.4598885774612427,0.6137475967407227,pretrained_l1_s1_tta,R05-C03,0,1,0.2083402922706088,0.2577219417973923,0.4549291729927063,0.0039175576530396,pretrained_l1+tta,1,0.2083402922706088,0.2577219417973923,0.0039175576530396,,,
0.0185070201215181,26.1847846200774,0.9035000626439424,0.8121898995842358,0.7320261432934342,0.7887323943661971,0.6829268292682927,0.824324323830168,82,71,66,0.0129136532913975,0.3818894495073488,0.4298164248466491,0.2681364235988678,0.3037733349238297,0.4675709009170532,0.6407304406166077,pretrained_l1_s1_tta,R05-C03,0,10,0.307111216753348,0.2640078625997294,0.4603948593139648,0.0037853203248232,pretrained_l1+tta,1,0.307111216753348,0.2640078625997294,0.0037853203248232,,,
0.0271887103410063,24.149821468036183,0.844637271343898,0.7776139695247348,0.7127659569495812,0.7701149425287356,0.6633663366336634,0.734463276346133,101,87,76,0.0953453218875184,0.3056401474431987,0.401130735874176,0.245126921874219,0.2679003433053004,0.4290732145309448,0.5502912998199463,pretrained_l1_s1_tta,R05-C03,0,50,0.1897229077364298,0.2756403918161551,0.42371666431427,0.0046126027591526,pretrained_l1+tta,1,0.1897229077364298,0.2756403918161551,0.0046126027591526,,,
0.0318031872328119,23.36896662334555,0.8066958254972867,0.7831581594459842,0.6689655167442567,0.7238805970149254,0.6217948717948718,0.7482517477558803,156,134,130,0.2542992819255513,0.231801021926965,0.4482802152633667,0.2713003686910603,0.240953337545741,0.4442721009254455,0.5422004461288452,pretrained_l1_s1_tta,R05-C03,0,100,0.2866294110984049,0.223880304803051,0.4572400450706482,0.0064060389995574,pretrained_l1+tta,1,0.2866294110984049,0.223880304803051,0.0064060389995574,,,
0.0371764164839078,22.020222003636007,0.776157538570021,0.7499024647094146,0.5893719801814744,0.6559139784946236,0.5350877192982456,0.6568627446049596,228,186,180,0.4808784888971342,0.1847101003069401,0.5328255891799927,0.4755227743468309,0.1932882934385617,0.4768617153167724,0.6213923692703247,pretrained_l1_s1_tta,R05-C03,0,150,0.5233612287315881,0.1686327662825734,0.5312243103981018,0.0084829274564981,pretrained_l1+tta,1,0.5233612287315881,0.1686327662825734,0.0084829274564981,,,
0.0236914044308831,24.69406458577177,0.8933494303083075,0.8220676077131677,0.8199233711496309,0.8770491803278688,0.7697841726618705,0.8396946559904142,139,122,123,0.2764953254551097,0.2327433822184485,0.5449020862579346,0.2564360480012418,0.2442717191685373,0.5402145385742188,0.6344213485717773,pretrained_l1_s1_tta,R05-C03,1,1,0.3680741362490983,0.2024157814475006,0.5450577735900879,0.0055005182512104,pretrained_l1+tta,1,0.3680741362490983,0.2024157814475006,0.0055005182512104,,,
0.0253235037701868,24.153465373762725,0.872240529336607,0.7974355698960369,0.8512110721644138,0.8601398601398601,0.8424657534246576,0.8142857137866326,146,143,134,0.2342286766131925,0.2635253825401462,0.6033865213394165,0.4074085554645461,0.2175557853099076,0.5912853479385376,0.6939135789871216,pretrained_l1_s1_tta,R05-C03,1,10,0.4481445403503624,0.1875611769791994,0.6040524840354919,0.0065089808776974,pretrained_l1+tta,1,0.4481445403503624,0.1875611769791994,0.0065089808776974,,,
0.0313944274907217,23.138321851198636,0.8233219064411421,0.7682863798322613,0.7046632119357162,0.7272727272727273,0.6834170854271356,0.7582417577461206,199,187,165,0.4107454346155285,0.2165343442373025,0.6154707670211792,0.4535407842865928,0.2167312788254574,0.5562552213668823,0.6862958669662476,pretrained_l1_s1_tta,R05-C03,1,50,0.4772587639593072,0.1984332414409508,0.6131443977355957,0.0083354329690337,pretrained_l1+tta,1,0.4772587639593072,0.1984332414409508,0.0083354329690337,,,
0.043381344701583,20.969057753196022,0.7456992207425613,0.7100247709999871,0.6070826301931413,0.6451612903225806,0.5732484076433121,0.7423423418509925,314,279,241,0.576229032054209,0.190876209264813,0.502488911151886,0.5831747181852754,0.195058457493286,0.4004713892936706,0.6929331421852112,pretrained_l1_s1_tta,R05-C03,1,100,0.6177477330591353,0.172316665862774,0.4473659992218017,0.0116462651640176,pretrained_l1+tta,1,0.6177477330591353,0.172316665862774,0.0116462651640176,,,
0.0600138190526395,18.77436411944396,0.6460397454209654,0.5973163898510777,0.457364340592646,0.5205882352941177,0.4078341013824885,0.6417112294593926,434,340,314,0.6176051817575642,0.2186243447828932,0.3277464509010315,0.591096433286015,0.2422810730405541,0.2615120410919189,0.6613121032714844,pretrained_l1_s1_tta,R05-C03,1,150,0.6364730652581785,0.2109526169843993,0.2982503771781921,0.0138296019285917,pretrained_l1+tta,1,0.6364730652581785,0.2109526169843993,0.0138296019285917,,,
0.032366159041409,22.01703501838344,0.8657175325248903,0.8109610101578744,0.8209366386187646,0.8418079096045198,0.8010752688172043,0.8045977006518034,186,177,162,0.3651029383825114,0.1708318248564186,0.6024702787399292,0.3267254177722747,0.2000737251234315,0.5763911008834839,0.6540277004241943,pretrained_l1_s1_tta,R05-C03,10,1,0.3365486843834799,0.1891914834369748,0.6017102003097534,0.0067655532620847,pretrained_l1+tta,1,0.3365486843834799,0.1891914834369748,0.0067655532620847,,,
0.0327965289856056,21.78901369553749,0.8470912014309508,0.7889773310454774,0.8132992322365761,0.8153846153846154,0.8112244897959183,0.8096514740321283,196,195,177,0.4115732570488912,0.1755714465161406,0.6679197549819946,0.433095255344525,0.1794770982487744,0.611817479133606,0.7289514541625977,pretrained_l1_s1_tta,R05-C03,10,10,0.452796411008076,0.1720528443986948,0.6704331040382385,0.0081706810742616,pretrained_l1+tta,1,0.452796411008076,0.1720528443986948,0.0081706810742616,,,
0.0409410726872294,20.843968559789086,0.7904441390440994,0.7720920347076307,0.7641325531065589,0.784,0.7452471482889734,0.7886178856812496,263,250,229,0.5648937978565929,0.166890483691889,0.6110513806343079,0.554216957532393,0.1817219214283595,0.4884337782859802,0.7173454165458679,pretrained_l1_s1_tta,R05-C03,10,50,0.579566033955012,0.1660227664075129,0.5649973750114441,0.0104114636778831,pretrained_l1+tta,1,0.579566033955012,0.1660227664075129,0.0104114636778831,,,
0.0547767225926564,19.53015832413962,0.6982075933515957,0.6784173285473728,0.5695006742655163,0.6045845272206304,0.5382653061224489,0.6551724133010964,392,349,304,0.6410440588136939,0.1916387224670841,0.3789323568344116,0.633159490319966,0.2045300702062095,0.2897857427597046,0.6626242995262146,pretrained_l1_s1_tta,R05-C03,10,100,0.6628158729393216,0.1814097112340798,0.3331456780433655,0.0135667389258742,pretrained_l1+tta,1,0.6628158729393216,0.1814097112340798,0.0135667389258742,,,
0.0747941562385641,17.684454757378084,0.5917999790457511,0.6173254191293546,0.470103092289476,0.5277777777777778,0.4237918215613382,0.6048565116588842,538,432,368,0.5970340616075483,0.2761916229833614,0.2344169616699218,0.5729829848621857,0.286283737298329,0.1840465664863586,0.5908100605010986,pretrained_l1_s1_tta,R05-C03,10,150,0.6077492752836846,0.2601928333739078,0.2099625468254089,0.0164619125425815,pretrained_l1+tta,1,0.6077492752836846,0.2601928333739078,0.0164619125425815,,,
0.0272774295929156,22.98780073788297,0.8821789773355826,0.8123833392272952,0.8178694153077077,0.8321678321678322,0.8040540540540541,0.8413284127883879,148,143,123,0.3011624448546252,0.1992535667057664,0.6253469586372375,0.4150969057854476,0.1683776836023293,0.6255005598068237,0.6983097791671753,pretrained_l1_s1_tta,R05-C03,11,1,0.4439612623363682,0.1554373083845831,0.6306827068328857,0.0057211718522012,pretrained_l1+tta,1,0.4439612623363682,0.1554373083845831,0.0057211718522012,,,
0.0292976987420578,23.150174595105923,0.8659692864735181,0.8082753366878735,0.819277107933735,0.8192771084337349,0.8192771084337349,0.7622149832166706,166,166,141,0.4215576344929407,0.154006321191502,0.6290362477302551,0.4135927776621509,0.1734710117572425,0.5966538190841675,0.6898810863494873,pretrained_l1_s1_tta,R05-C03,11,10,0.4201675993040074,0.164316530963071,0.6310926675796509,0.0066818292252719,pretrained_l1+tta,1,0.4201675993040074,0.164316530963071,0.0066818292252719,,,
0.0359305747160859,21.884315983671065,0.8139321223408151,0.7785691383233859,0.7831858402087575,0.815668202764977,0.7531914893617021,0.7664399087992142,235,217,206,0.545474141503464,0.1602819769007533,0.6300796866416931,0.5473182112201193,0.1674585425889205,0.5271093845367432,0.7124720811843872,pretrained_l1_s1_tta,R05-C03,11,50,0.5763318425246374,0.1494079176147041,0.613850474357605,0.0092374747619032,pretrained_l1+tta,1,0.5763318425246374,0.1494079176147041,0.0092374747619032,,,
0.0466424427387245,20.16484183276994,0.7463137596494663,0.7267854749356675,0.5950920240435658,0.6510067114093959,0.5480225988700564,0.7104851325261742,354,298,285,0.6027091426453034,0.1618358895657295,0.4949055314064026,0.5928848348703399,0.177572570570806,0.4070643186569214,0.7116914987564087,pretrained_l1_s1_tta,R05-C03,11,100,0.6207314389228249,0.1559682869450386,0.4709271192550659,0.0118434894829988,pretrained_l1+tta,1,0.6207314389228249,0.1559682869450386,0.0118434894829988,,,
0.0622847404601646,18.77486918659567,0.6533751508611234,0.6616565033824856,0.4898989894079463,0.565597667638484,0.4320712694877505,0.6025974021112194,449,343,321,0.6011320892364399,0.2297190057458729,0.299749493598938,0.5980080838668081,0.2330430719844324,0.2611819505691528,0.6475094556808472,pretrained_l1_s1_tta,R05-C03,11,150,0.6205060179962745,0.2143594426365384,0.2878755331039428,0.0138570731505751,pretrained_l1+tta,1,0.6205060179962745,0.2143594426365384,0.0138570731505751,,,
0.0242124143468234,24.5877838598792,0.8598363684981154,0.845048224074858,0.8995215306010393,0.9306930693069309,0.8703703703703703,0.8780487799892445,108,101,97,0.0744881154413369,0.8925935317743212,0.3568645715713501,0.1792567208837288,0.8480134419456807,0.3695347905158996,0.649276852607727,pretrained_l1_s1_tta,R05-C03,12,1,0.288476449663713,0.2724043702635482,0.5405468940734863,0.0137760229408741,pretrained_l1+tta,1,0.288476449663713,0.2724043702635482,0.0137760229408741,,,
0.024771256697598,24.578663535044875,0.8485962760502235,0.8418623751242358,0.8860759488671687,0.8974358974358975,0.875,0.9170305671867433,120,117,109,0.0793009437141513,0.8371560339192676,0.3817329406738281,0.1879798130225568,0.788504762231723,0.3796324729919433,0.6454669237136841,pretrained_l1_s1_tta,R05-C03,12,10,0.2615803677616978,0.3222965307156818,0.5264243483543396,0.0134135894477367,pretrained_l1+tta,1,0.2615803677616978,0.3222965307156818,0.0134135894477367,,,
0.0315842194497029,23.27282655811206,0.8215446405184856,0.8298938717238278,0.8372093018255868,0.8344370860927153,0.84,0.8158844760377432,150,151,127,0.3480457444110865,0.2406820118843058,0.4945231676101684,0.1717131311981724,0.3112219415670753,0.4785032868385315,0.5836719870567322,pretrained_l1_s1_tta,R05-C03,12,50,0.0749641904849859,0.376683728418914,0.4925474524497986,0.0073400596156716,pretrained_l1+tta,1,0.0749641904849859,0.376683728418914,0.0073400596156716,,,
0.0409797638247835,21.428972864836968,0.755161035531849,0.7785369231053798,0.7420814474641694,0.7627906976744186,0.7224669603524229,0.7447306786589077,227,215,200,0.4658823617519497,0.1834588407799597,0.5294036865234375,0.2598828865479191,0.2803763601109861,0.4391215443611145,0.6107072830200195,pretrained_l1_s1_tta,R05-C03,12,100,0.2842336471695529,0.2853306482538226,0.4712819457054138,0.010480660945177,pretrained_l1+tta,1,0.2842336471695529,0.2853306482538226,0.010480660945177,,,
0.0550640843586104,19.07993337976717,0.6750449419600373,0.698022266065914,0.5076923071984426,0.5709342560553633,0.4570637119113573,0.7723935384151751,361,289,320,0.5067988388553726,0.1878771216830068,0.4414876699447632,0.4783633684683592,0.2122326469138344,0.3719364404678345,0.6716881990432739,pretrained_l1_s1_tta,R05-C03,12,150,0.5172826304065079,0.1941664602744609,0.4107316732406616,0.0133841400966048,pretrained_l1+tta,1,0.5172826304065079,0.1941664602744609,0.0133841400966048,,,
0.0152254651647804,28.859821482845625,0.9075355168963918,0.7974690615418931,0.8358208950233905,0.8,0.875,0.7333333328355556,32,35,28,-0.0392453303521298,0.8686051245861359,0.1991832852363586,0.1866062330279836,0.6738006891068319,0.268570065498352,0.5531610250473022,pretrained_l1_s1_tta,R05-C03,13,1,0.2822026447003427,0.294084601633856,0.342400848865509,0.0065407822839915,pretrained_l1+tta,1,0.2822026447003427,0.294084601633856,0.0065407822839915,,,
0.0167371388350541,28.56847998780737,0.8836190768660642,0.792556249444486,0.8493150679954963,0.7948717948717948,0.9117647058823528,0.799999999501065,34,39,31,-0.0637653772557773,0.929364954696274,0.1939236521720886,0.1630193550509319,0.7952928761009965,0.2413112521171569,0.5613568425178528,pretrained_l1_s1_tta,R05-C03,13,10,0.2371542664305713,0.3373141884447551,0.3497080206871032,0.0081210481002926,pretrained_l1+tta,1,0.2371542664305713,0.3373141884447551,0.0081210481002926,,,
0.0245813725866373,26.40548306248126,0.8317580718702435,0.745292593794692,0.7238095233095692,0.7169811320754716,0.7307692307692307,0.7472527467629514,52,53,39,-0.0069905253226424,0.4649147727202095,0.2353382706642151,0.1450343861808135,0.3838351377597517,0.2512961626052856,0.4240639209747314,pretrained_l1_s1_tta,R05-C03,13,50,0.1090015700732706,0.3154274462122347,0.2706295847892761,0.0067041805014014,pretrained_l1+tta,1,0.1090015700732706,0.3154274462122347,0.0067041805014014,,,
0.030153533685124,25.186186885213964,0.7924072481877587,0.7433149740275835,0.641025640525641,0.6410256410256411,0.6410256410256411,0.729927006808887,78,78,59,0.1263931692912166,0.2454720351897732,0.2916795015335083,0.1392640631011389,0.2554325258200201,0.2897800207138061,0.4117351174354553,pretrained_l1_s1_tta,R05-C03,13,100,0.083746120300361,0.264193581571737,0.2878175973892212,0.0056948531419038,pretrained_l1+tta,1,0.083746120300361,0.264193581571737,0.0056948531419038,,,
0.0343815769857629,24.23967048685135,0.7529123328296078,0.7475009495795084,0.5955555550563555,0.6203703703703703,0.5726495726495726,0.7254901955892444,117,108,87,0.2915900592649273,0.2165920815769816,0.3445959091186523,0.1768139987563838,0.2394268684845978,0.3373567461967468,0.4256508946418762,pretrained_l1_s1_tta,R05-C03,13,150,0.059847708398793,0.277948941916523,0.3395002484321594,0.0060424651019275,pretrained_l1+tta,1,0.059847708398793,0.277948941916523,0.0060424651019275,,,
0.0167390838660493,27.485231217870492,0.8954832984792019,0.7455106742243705,0.7868852454028488,0.75,0.8275862068965517,0.9090909085923968,29,32,26,-0.1235301516459218,1.0226162187136902,0.1975560784339904,0.167911704244227,0.8093198631448403,0.2812783122062683,0.5803732872009277,pretrained_l1_s1_tta,R05-C03,14,1,0.2595352454752946,0.2696506485002624,0.4231213927268982,0.0090673016384243,pretrained_l1+tta,1,0.2595352454752946,0.2696506485002624,0.0090673016384243,,,
0.0171289112102475,27.57479988601827,0.8726680042109545,0.7454850148072156,0.7164179099478727,0.7058823529411765,0.7272727272727273,0.8571428566439909,33,34,30,-0.1374465678438724,1.2305385467897951,0.1621953248977661,0.0998646232832924,1.0256004278678297,0.2294392585754394,0.6184471845626831,pretrained_l1_s1_tta,R05-C03,14,10,0.2287673682088176,0.294730607528771,0.4432502388954162,0.0122342463582754,pretrained_l1+tta,1,0.2287673682088176,0.294730607528771,0.0122342463582754,,,
0.0247197145686535,25.96388083684073,0.8000828017505517,0.6580945444410145,0.4999999994999999,0.5,0.5,0.7948717943747535,42,42,36,0.0219146915807736,1.1363977497097062,0.1516700387001037,-0.0233641172321949,1.1053842048098002,0.1453511714935302,0.5352046489715576,pretrained_l1_s1_tta,R05-C03,14,50,0.1739379653537978,0.2715941254013881,0.4142515659332275,0.018537787720561,pretrained_l1+tta,1,0.1739379653537978,0.2715941254013881,0.018537787720561,,,
0.0298649277331617,24.268974802461987,0.7748694859664353,0.6632886901149712,0.4761904756904762,0.4761904761904761,0.4761904761904761,0.7413793098485433,63,63,53,0.1404131971479761,0.5712032964708484,0.2676898837089538,0.0531470796570348,0.58794520022182,0.2559025287628174,0.4699313044548034,pretrained_l1_s1_tta,R05-C03,14,100,0.0995104358200381,0.2768045911305758,0.3424121737480163,0.011771404184401,pretrained_l1+tta,1,0.0995104358200381,0.2768045911305758,0.011771404184401,,,
0.0346225723409193,23.81791038098468,0.7386334941564232,0.6955190388340763,0.467836256810369,0.4819277108433735,0.4545454545454545,0.603550295358846,88,83,81,0.2341594033314426,0.3289049839255686,0.33137047290802,0.1113747153917079,0.3677954774324605,0.3202643394470215,0.4446063041687011,pretrained_l1_s1_tta,R05-C03,14,150,0.1191875264109021,0.2591173778205811,0.3376584649085998,0.0111325625330209,pretrained_l1+tta,1,0.1191875264109021,0.2591173778205811,0.0111325625330209,,,
0.0156585877898395,27.285208886712805,0.9236877816317834,0.8338578237835409,0.7209302320648999,0.8157894736842105,0.6458333333333334,0.8172043005757891,48,38,45,-0.0925269967270806,0.5906035999509018,0.2909393310546875,0.2709226253108657,0.2971483641391012,0.3783442378044128,0.5370036959648132,pretrained_l1_s1_tta,R05-C03,15,1,0.3135395536349329,0.2664464948965401,0.3888829350471496,0.0042243893258273,pretrained_l1+tta,1,0.3135395536349329,0.2664464948965401,0.0042243893258273,,,
0.0167355041733907,27.008161867907944,0.901747615834626,0.812798616128322,0.6590909085950413,0.725,0.6041666666666666,0.7032967027982128,48,40,43,-0.1552006739957191,0.6651902390682459,0.2934375405311584,0.2809538973585971,0.3601092342797811,0.3825153708457947,0.5914701223373413,pretrained_l1_s1_tta,R05-C03,15,10,0.2929049052474288,0.2989168783069757,0.4069691896438598,0.0057074544019997,pretrained_l1+tta,1,0.2929049052474288,0.2989168783069757,0.0057074544019997,,,
0.0238811056542873,25.42854727353059,0.8409955907983194,0.7763662798633069,0.6981132070500177,0.7551020408163265,0.6491228070175439,0.7619047614084352,57,49,48,0.0214980393647009,0.497934340156302,0.2770068049430847,0.1277667539028012,0.420219529339847,0.2976757884025574,0.4828317761421203,pretrained_l1_s1_tta,R05-C03,15,50,0.1086759031236346,0.3302762223609952,0.3201901316642761,0.0086672352626919,pretrained_l1+tta,1,0.1086759031236346,0.3302762223609952,0.0086672352626919,,,
0.029146925506884,24.01852736607072,0.8119926537021344,0.7776553222094815,0.6274509798947412,0.676056338028169,0.5853658536585366,0.6887417213580107,82,71,69,0.1733656552869943,0.2882508455332083,0.3447617888450622,0.182366039863568,0.2645836321945625,0.356559693813324,0.4814879894256592,pretrained_l1_s1_tta,R05-C03,15,100,0.0490332719290841,0.2956043964012244,0.3572458028793335,0.0064838007092475,pretrained_l1+tta,1,0.0490332719290841,0.2956043964012244,0.0064838007092475,,,
0.0349156470138969,22.387693049859013,0.777214059350491,0.7099011326442619,0.4558139529974689,0.5268817204301075,0.4016393442622951,0.6877828049352798,122,93,99,0.2956892442326629,0.1948198746598198,0.4170266389846802,0.2837747799696724,0.2032797052350861,0.4256699681282043,0.5124215483665466,pretrained_l1_s1_tta,R05-C03,15,150,0.127245626239685,0.2501712462912626,0.4202191233634949,0.0054241167381405,pretrained_l1+tta,1,0.127245626239685,0.2501712462912626,0.0054241167381405,,,
0.0166590022590681,27.011568449269255,0.9102666397018064,0.8210275634604761,0.7906976739229313,0.8717948717948718,0.723404255319149,0.853932583771241,47,39,42,-0.1047929105447376,0.667278544123057,0.2731135487556457,0.212572621479148,0.4107008822896351,0.3629173040390014,0.5609637498855591,pretrained_l1_s1_tta,R05-C03,16,1,0.2654601186842718,0.2777405838091166,0.3999409675598144,0.0054048378951847,pretrained_l1+tta,1,0.2654601186842718,0.2777405838091166,0.0054048378951847,,,
0.0169029275215544,27.141845686565375,0.8941401648622228,0.8269537989419234,0.7865168534326473,0.7954545454545454,0.7777777777777778,0.863636363136622,45,44,43,-0.1200293239415607,0.7445856762461452,0.2717660665512085,0.2510717661162508,0.5401617499809472,0.3433707952499389,0.5932888984680176,pretrained_l1_s1_tta,R05-C03,16,10,0.3045222857457763,0.3016873634680206,0.3980668187141418,0.0058651538565754,pretrained_l1+tta,1,0.3045222857457763,0.3016873634680206,0.0058651538565754,,,
0.0241624342404298,26.075292502303512,0.8396978355004876,0.8007667647967307,0.709677418855359,0.7333333333333333,0.6875,0.8188976372953065,64,60,63,-0.0045504065622495,0.4714951040976191,0.2941015362739563,0.2071562932170766,0.3593688872222424,0.3123394846916199,0.4789972305297851,pretrained_l1_s1_tta,R05-C03,16,50,0.1767637535980729,0.2972334216872344,0.3202215433120727,0.0064858878031373,pretrained_l1+tta,1,0.1767637535980729,0.2972334216872344,0.0064858878031373,,,
0.0306299292043375,24.114268381735265,0.8046907838918446,0.7549007966975971,0.540229884562822,0.6025641025641025,0.4895833333333333,0.7709497201730283,96,78,83,0.1417736979620016,0.2410380219253592,0.3838095068931579,0.337312825184819,0.1927848290099832,0.4042088985443115,0.4893942475318908,pretrained_l1_s1_tta,R05-C03,16,100,0.2612541702367402,0.2196122127508051,0.3939806818962097,0.004745113197714,pretrained_l1+tta,1,0.2612541702367402,0.2196122127508051,0.004745113197714,,,
0.0357052451307986,22.92441709013176,0.765531766605453,0.737446911657195,0.4841269836340703,0.5495495495495496,0.4326241134751773,0.7878787873811123,141,111,123,0.3753392593950793,0.1867947095163495,0.4473608732223511,0.3842173206526379,0.1929346064606571,0.4371410608291626,0.532252311706543,pretrained_l1_s1_tta,R05-C03,16,150,0.2551984064932794,0.2433425750251433,0.4326018691062927,0.0060324938967823,pretrained_l1+tta,1,0.2551984064932794,0.2433425750251433,0.0060324938967823,,,
0.0137957739019323,29.728234605080793,0.925149222404927,0.7630489362819343,0.7118644062866991,0.8076923076923077,0.6363636363636364,0.5573770486836871,33,26,28,-0.1657090302269289,0.7192442373846445,0.1988276243209839,0.2997698906615177,0.3209115983120398,0.3275035619735718,0.5201438665390015,pretrained_l1_s1_tta,R05-C03,17,1,0.2982957972007988,0.3016360020029831,0.3219768404960632,0.0040081548504531,pretrained_l1+tta,1,0.2982957972007988,0.3016360020029831,0.0040081548504531,,,
0.0140516797520178,30.23600671274092,0.9186887442264376,0.7917695219524647,0.7301587296649028,0.8214285714285714,0.6571428571428571,0.7812499995043946,35,28,29,-0.1719942796173832,0.6243487354733659,0.1915213465690612,0.2943383862837809,0.3472634982586436,0.3000349402427673,0.5125117301940918,pretrained_l1_s1_tta,R05-C03,17,10,0.3106853844445031,0.3200789717204937,0.3096913695335388,0.0022458957973867,pretrained_l1+tta,1,0.3106853844445031,0.3200789717204937,0.0022458957973867,,,
0.0208279254270099,29.363030445377415,0.8667136763248271,0.805772623675564,0.8181818176859504,0.9,0.75,0.5937499995078124,36,30,28,-0.078737737864981,0.390071091206818,0.1295263171195984,0.1765834056922123,0.3021039344724708,0.1626705527305603,0.3409717082977295,pretrained_l1_s1_tta,R05-C03,17,50,0.1219151986607262,0.3081917261959417,0.1534292697906494,0.0034603895619511,pretrained_l1+tta,1,0.1219151986607262,0.3081917261959417,0.0034603895619511,,,
0.0257418357948228,27.991253295055532,0.8064166742085328,0.7563757381675243,0.6168224294118264,0.6875,0.559322033898305,0.5940594054547593,59,48,42,0.0738005554545112,0.3213987330763883,0.1677079796791076,0.1336905116022174,0.2854779476819952,0.1623606085777282,0.3106101155281067,pretrained_l1_s1_tta,R05-C03,17,100,0.0388710753030615,0.3033392498089163,0.1405979394912719,0.0082464329898357,pretrained_l1+tta,1,0.0388710753030615,0.3033392498089163,0.0082464329898357,,,
0.0302685299873198,26.17878293598734,0.7792805089397654,0.7251142817383472,0.4936708855810767,0.5492957746478874,0.4482758620689655,0.6710526310894217,87,71,65,0.1226205576611105,0.213475183354755,0.2373749613761901,0.2738971735967929,0.2002457538804976,0.2333429455757141,0.3368531465530395,pretrained_l1_s1_tta,R05-C03,17,150,0.1768624845892785,0.2231263072408917,0.2179117202758789,0.0067121400497853,pretrained_l1+tta,1,0.1768624845892785,0.2231263072408917,0.0067121400497853,,,
0.0202069358712276,25.450246605760345,0.9033019782889228,0.8457419704974879,0.8292682921835962,0.8607594936708861,0.8,0.7567567562678049,85,79,63,-0.0811479802286794,0.5014916644374956,0.4291955232620239,0.3552871615632004,0.2265477811778454,0.4759529829025268,0.6147526502609253,pretrained_l1_s1_tta,R05-C03,18,1,0.2692815881095264,0.2740208095806716,0.4809460639953613,0.0052391588687896,pretrained_l1+tta,1,0.2692815881095264,0.2740208095806716,0.0052391588687896,,,
0.0234977500107808,24.3136938975096,0.8615261898560372,0.808349191185663,0.7885714280727509,0.8313253012048193,0.75,0.7261146491963162,92,83,65,-0.1331909352169749,0.6401899961590534,0.4067314863204956,0.2168599084486133,0.4677209383107602,0.4463743567466736,0.6272817850112915,pretrained_l1_s1_tta,R05-C03,18,10,0.1833290770371034,0.3369321402000119,0.4957459568977356,0.0093637276440858,pretrained_l1+tta,1,0.1833290770371034,0.3369321402000119,0.0093637276440858,,,
0.0302236262843856,22.97034960549295,0.809607812176083,0.7845384692902636,0.7326732668291344,0.7872340425531915,0.6851851851851852,0.6850828724468727,108,94,73,0.042056685851315,0.4087628115781955,0.4076245427131653,0.1208781883796458,0.3639656105395792,0.4200628399848938,0.5523131489753723,pretrained_l1_s1_tta,R05-C03,18,50,0.0869497122770522,0.3583222195803889,0.4173519611358642,0.0106790149584412,pretrained_l1+tta,1,0.0869497122770522,0.3583222195803889,0.0106790149584412,,,
0.0364750976471628,21.140622056919906,0.7870224664285737,0.7379985751057626,0.6299694184610348,0.6560509554140127,0.6058823529411764,0.617543859167744,170,157,115,0.4027436272018886,0.1916591919597163,0.5487483143806458,0.2835942765849772,0.2414662091586551,0.5323718786239624,0.6271461248397827,pretrained_l1_s1_tta,R05-C03,18,100,0.2804882426856616,0.2588565942095823,0.5554071068763733,0.0070493696257472,pretrained_l1+tta,1,0.2804882426856616,0.2588565942095823,0.0070493696257472,,,
0.0414459925182635,20.373226980217066,0.7661711125907259,0.7465641754355029,0.6372093018277013,0.681592039800995,0.5982532751091703,0.637974683057023,229,201,166,0.4533841428218746,0.1770311749521275,0.5781004428863525,0.3852807976016796,0.212213243951791,0.498965859413147,0.6564061045646667,pretrained_l1_s1_tta,R05-C03,18,150,0.4410477343405904,0.1942442143262376,0.5691421031951904,0.0084796147421002,pretrained_l1+tta,1,0.4410477343405904,0.1942442143262376,0.0084796147421002,,,
0.0225709888111346,24.444808464781595,0.8939993412694368,0.7868635182195378,0.9222797922461272,0.9270833333333334,0.9175257731958762,0.8085106377983816,97,96,91,0.1817903756412907,0.3143412618855591,0.5335702896118164,0.373145793571243,0.2187330796395785,0.5370292663574219,0.6584964990615845,pretrained_l1_s1_tta,R05-C03,19,1,0.3649585319695151,0.2335435684770619,0.5387002229690552,0.0057273413985967,pretrained_l1+tta,1,0.3649585319695151,0.2335435684770619,0.0057273413985967,,,
0.0231696219573455,24.529019575114415,0.8825427680062734,0.8075003071902551,0.8773584900667497,0.9117647058823528,0.8454545454545455,0.7980769225785873,110,102,98,0.1374753125252125,0.3347852388359377,0.5078820586204529,0.3691369520335316,0.2367333403784665,0.5153779983520508,0.6430832147598267,pretrained_l1_s1_tta,R05-C03,19,10,0.3250422495896377,0.271885861281032,0.5105016827583313,0.0060937772504985,pretrained_l1+tta,1,0.3250422495896377,0.271885861281032,0.0060937772504985,,,
0.0309601159425345,23.19445854163768,0.8308069923288236,0.770300948596651,0.7354838704677626,0.7402597402597403,0.7307692307692307,0.7728813554338638,156,154,139,0.2306666358184882,0.2497202434384685,0.5204367637634277,0.3941196185424542,0.2146059920135431,0.5109363794326782,0.6033471822738647,pretrained_l1_s1_tta,R05-C03,19,50,0.3922544645448488,0.2265779508836153,0.5249887704849243,0.0066013503819704,pretrained_l1+tta,1,0.3922544645448488,0.2265779508836153,0.0066013503819704,,,
0.0396435856713124,21.19289371830738,0.7716145773301999,0.6886249368161155,0.6958525340628915,0.722488038277512,0.6711111111111111,0.6969696964789944,225,209,171,0.5460356102766922,0.1693981049519208,0.574378490447998,0.552425018162419,0.1793510074809406,0.4835767745971679,0.6785269975662231,pretrained_l1_s1_tta,R05-C03,19,100,0.6187390793310548,0.1491241880362347,0.5455491542816162,0.0096265655010938,pretrained_l1+tta,1,0.6187390793310548,0.1491241880362347,0.0096265655010938,,,
0.0486662769770237,20.315198873982435,0.7123040057355482,0.6770964365352747,0.5615763541825329,0.6063829787234043,0.5229357798165137,0.5961199289650345,327,282,240,0.5978730375817487,0.182641466308431,0.4291087985038757,0.6012891991456004,0.1866834996624087,0.3589106798171997,0.6648143529891968,pretrained_l1_s1_tta,R05-C03,19,150,0.6263198182330183,0.1715681451837152,0.378672182559967,0.0121002802625298,pretrained_l1+tta,1,0.6263198182330183,0.1715681451837152,0.0121002802625298,,,
0.019713199580057,25.02710813189339,0.9125852166659004,0.8057909163906569,0.8074534156495504,0.8333333333333334,0.7831325301204819,0.7114093954796629,83,78,66,0.3000104120340858,0.2296178202221397,0.5245808959007263,0.2855370095096801,0.232902074618671,0.5337643623352051,0.6476725339889526,pretrained_l1_s1_tta,R05-C03,2,1,0.3310970856853901,0.2054695580187199,0.5245521068572998,0.0043509360402822,pretrained_l1+tta,1,0.3310970856853901,0.2054695580187199,0.0043509360402822,,,
0.0200535242786719,25.22025526090209,0.9026726330721652,0.8217966953461525,0.807228915164465,0.8589743589743589,0.7613636363636364,0.7581699341518219,88,78,65,0.1899035371998109,0.3019827570525399,0.5020698308944702,0.3161301447576967,0.2647713360974147,0.5113852024078369,0.6463476419448853,pretrained_l1_s1_tta,R05-C03,2,10,0.3130058017325619,0.2508211527293967,0.4988735914230346,0.0045867189764976,pretrained_l1+tta,1,0.3130058017325619,0.2508211527293967,0.0045867189764976,,,
0.0273020879323958,24.13136613066023,0.856626396899388,0.8068364042790398,0.794392522864879,0.8173076923076923,0.7727272727272727,0.7596153841170487,110,104,98,0.2615791437900058,0.2394311696343333,0.4566404819488525,0.2850041304789439,0.2454771255041256,0.46054208278656,0.5515772104263306,pretrained_l1_s1_tta,R05-C03,2,50,0.2229331300162912,0.2610104298487108,0.4514806866645813,0.0061616450548172,pretrained_l1+tta,1,0.2229331300162912,0.2610104298487108,0.0061616450548172,,,
0.0337926724670837,22.84193794412909,0.8149649383187241,0.7731235532427497,0.7168674693825846,0.7777777777777778,0.664804469273743,0.6455696197619971,179,153,137,0.4243241145169296,0.1866132602713284,0.5223897695541382,0.3644703028184545,0.2055676370610722,0.4844847917556762,0.574494481086731,pretrained_l1_s1_tta,R05-C03,2,100,0.3230518921301907,0.2144757141955089,0.518527626991272,0.0078240605071187,pretrained_l1+tta,1,0.3230518921301907,0.2144757141955089,0.0078240605071187,,,
0.0429569949063231,20.940013857894847,0.7574711792574178,0.732459566468037,0.6088794921049484,0.6728971962616822,0.555984555984556,0.7381974243989297,259,214,207,0.5225268631393418,0.1650605017740936,0.5545202493667603,0.5160495935447471,0.1640945288052592,0.490274429321289,0.6507011651992798,pretrained_l1_s1_tta,R05-C03,2,150,0.5593938093128429,0.1458600396691462,0.5363038778305054,0.010782079771161,pretrained_l1+tta,1,0.5593938093128429,0.1458600396691462,0.010782079771161,,,
0.024039472417405,23.629417433921702,0.8990464105455888,0.832897225666677,0.8839285709292092,0.9166666666666666,0.853448275862069,0.7809523804578684,116,108,94,0.2121686323631357,0.2721390883788308,0.5575605630874634,0.3425906393360584,0.1995963503846539,0.5599108934402466,0.6575609445571899,pretrained_l1_s1_tta,R05-C03,20,1,0.3048336426261252,0.2054109804004687,0.5635000467300415,0.0047410386614501,pretrained_l1+tta,1,0.3048336426261252,0.2054109804004687,0.0047410386614501,,,
0.0257571886033306,23.878279278936432,0.8729618165396145,0.8187404045321879,0.8412017162389434,0.875,0.8099173553719008,0.8214285709318001,121,112,103,0.2147415837461645,0.2932885371973119,0.5564665794372559,0.3359309069632515,0.2311483778005955,0.5656272172927856,0.673911452293396,pretrained_l1_s1_tta,R05-C03,20,10,0.3061466953980346,0.2471667838076614,0.5687839388847351,0.0053621246479451,pretrained_l1+tta,1,0.3061466953980346,0.2471667838076614,0.0053621246479451,,,
0.0355517693079443,21.794527179552293,0.8053907476496868,0.762483357498591,0.7590361440786036,0.7777777777777778,0.7411764705882353,0.7619047614079112,170,162,145,0.4349415570736298,0.2180556598574448,0.5802410244941711,0.316918701101739,0.2378801804829376,0.5357666015625,0.6458059549331665,pretrained_l1_s1_tta,R05-C03,20,50,0.2629691616149253,0.2685285491434523,0.5737771987915039,0.0074457065202295,pretrained_l1+tta,1,0.2629691616149253,0.2685285491434523,0.0074457065202295,,,
0.0439408358386888,20.75028789983736,0.7511063068859869,0.7491168566680599,0.5961123105173601,0.6388888888888888,0.5587044534412956,0.6447058818661203,247,216,178,0.4864019249597764,0.1901445671778826,0.545526385307312,0.4995575066088203,0.1837158029076952,0.4574569463729858,0.6789953708648682,pretrained_l1_s1_tta,R05-C03,20,100,0.5858865733713042,0.1517007401134587,0.5167903304100037,0.009756788611412,pretrained_l1+tta,1,0.5858865733713042,0.1517007401134587,0.009756788611412,,,
0.0601552513759224,18.19504433581434,0.6636489688403534,0.6759597809083454,0.5306122444038258,0.5950704225352113,0.4787535410764872,0.679867986312295,353,284,253,0.5341113774833133,0.1912427642226069,0.4302509427070617,0.5446711269742082,0.1967223264463837,0.3766255378723144,0.6993221044540405,pretrained_l1_s1_tta,R05-C03,20,150,0.5964173920432972,0.1811064014527158,0.3772990107536316,0.0129045713692903,pretrained_l1+tta,1,0.5964173920432972,0.1811064014527158,0.0129045713692903,,,
0.017899520111698,28.260217243871615,0.8648652119674088,0.7944174209839964,0.6944444439459877,0.7352941176470589,0.6578947368421053,0.7878787873902662,38,34,28,-0.2890227431810565,1.77318648834525,0.0703953504562377,0.1807838341545091,1.5439706163212863,0.1400242447853088,0.6824400424957275,pretrained_l1_s1_tta,R05-C03,21,1,0.4102387768766635,0.1745119540033994,0.5877677798271179,0.0181426722556352,pretrained_l1+tta,1,0.4102387768766635,0.1745119540033994,0.0181426722556352,,,
0.0208100662273668,27.527194563740185,0.8241522650165426,0.7833208731513911,0.7710843368500507,0.8,0.7441860465116279,0.7199999995107556,43,40,32,-0.2656267569108136,1.9222810616510233,0.041468322277069,0.1319257627322033,1.80527707405574,0.0807636976242065,0.7132652997970581,pretrained_l1_s1_tta,R05-C03,21,10,0.4143303539247734,0.1734738109789572,0.6477249264717102,0.0256541166454553,pretrained_l1+tta,1,0.4143303539247734,0.1734738109789572,0.0256541166454553,,,
0.0281347800604072,26.24749847830657,0.74548794987672,0.7431208062374531,0.7017543854650662,0.7142857142857143,0.6896551724137931,0.7766990286341784,58,56,45,-0.1790254567289903,1.5504203939895018,0.0500316023826599,-0.0732082599893687,1.541327331823771,0.060482382774353,0.614203691482544,pretrained_l1_s1_tta,R05-C03,21,50,0.3019532616007393,0.1901579297470963,0.5300863981246948,0.027609022334218,pretrained_l1+tta,1,0.3019532616007393,0.1901579297470963,0.027609022334218,,,
0.0321195166865768,25.078906667398147,0.7007208171523043,0.722577702560398,0.599999999503391,0.6538461538461539,0.5543478260869565,0.6666666661758879,92,78,70,-0.0877856048551807,1.263849423867858,0.1067056655883789,-0.1220397146247215,1.2912917087199138,0.1049972176551818,0.5742435455322266,pretrained_l1_s1_tta,R05-C03,21,100,0.2895196062344371,0.2046443360962626,0.4431937932968139,0.0262384600937366,pretrained_l1+tta,1,0.2895196062344371,0.2046443360962626,0.0262384600937366,,,
0.0311747061098688,24.394147713465244,0.7911806661761782,0.7528248780394731,0.4714828892437363,0.5486725663716814,0.4133333333333333,0.6821705421489094,150,113,108,0.5314627880330011,0.158438432478301,0.4362114071846008,0.3379985477658784,0.2214576139106358,0.4429203867912292,0.5142337083816528,pretrained_l1_s1_tta,R05-C03,21,150,0.1812484522741677,0.2580682836967219,0.4215843677520752,0.0068785538896918,pretrained_l1+tta,1,0.1812484522741677,0.2580682836967219,0.0068785538896918,,,
0.0128844674018572,29.766441459293425,0.9348786995145216,0.8593958098026341,0.7868852454082235,0.8888888888888888,0.7058823529411765,0.8437499995019531,34,27,30,-0.1897981152518043,0.5472989857832672,0.1899504661560058,0.2451959464199927,0.3395155918082055,0.3045037388801574,0.5093090534210205,pretrained_l1_s1_tta,R05-C03,22,1,0.2232275033905056,0.3546855272620255,0.2781415581703186,0.0018994737183675,pretrained_l1+tta,1,0.2232275033905056,0.3546855272620255,0.0018994737183675,,,
0.0139632078308967,28.58725305575693,0.9196620091541964,0.8258229754758069,0.749999999512207,0.8888888888888888,0.6486486486486487,0.840579709647553,37,27,32,-0.2716926512352086,0.5929254841210241,0.1809262037277221,0.2883718157660015,0.3428496344510475,0.3232730627059936,0.54598069190979,pretrained_l1_s1_tta,R05-C03,22,10,0.2735275723559906,0.3636704637204635,0.2969068884849548,0.001944639137946,pretrained_l1+tta,1,0.2735275723559906,0.3636704637204635,0.001944639137946,,,
0.0223317252140913,27.20150702678815,0.8255419292438726,0.7850394763351312,0.6666666661728393,0.75,0.6,0.8723404250339519,50,40,44,-0.0826164484025978,0.7989767617621024,0.1343485713005066,0.0009890845584289,0.7799237348296194,0.1518064141273498,0.445611298084259,pretrained_l1_s1_tta,R05-C03,22,50,0.0020139933627134,0.4079410522520753,0.2726443409919739,0.0106438193470239,pretrained_l1+tta,1,0.0020139933627134,0.4079410522520753,0.0106438193470239,,,
0.0276834940225873,25.695024329165005,0.7978283256878695,0.7670736068464329,0.6363636358677686,0.7,0.5833333333333334,0.7763157889792243,84,70,68,0.1372036507531921,0.3075343193547136,0.2618524432182312,0.1212932106084241,0.3034565683368588,0.2590327858924866,0.4018800258636474,pretrained_l1_s1_tta,R05-C03,22,100,-0.0283503360480771,0.3622638256954451,0.2609961628913879,0.0068534198217093,pretrained_l1+tta,1,-0.0283503360480771,0.3622638256954451,0.0068534198217093,,,
0.0309945141629838,24.467999120734692,0.778762531846578,0.7751750256022905,0.690909090412438,0.7524752475247525,0.6386554621848739,0.7582938383707464,119,101,92,0.3198814076858446,0.2054349367764893,0.3249686956405639,0.2102805749009705,0.2521171553746535,0.3321281671524048,0.4341364502906799,pretrained_l1_s1_tta,R05-C03,22,150,0.0312101168173599,0.3259695280146328,0.3293902277946472,0.0052665048278868,pretrained_l1+tta,1,0.0312101168173599,0.3259695280146328,0.0052665048278868,,,
0.0132062148264979,29.29627022942155,0.9334722250105416,0.8161104791007445,0.7187499995122069,0.8518518518518519,0.6216216216216216,0.8529411759744808,37,27,31,-0.0797048831031792,0.4688227857856119,0.2165945768356323,0.2323373107579164,0.3285876414053449,0.3016391396522522,0.4945284128189087,pretrained_l1_s1_tta,R05-C03,23,1,0.2240324860230119,0.3464611007359501,0.2915768623352051,0.0021700237412005,pretrained_l1+tta,1,0.2240324860230119,0.3464611007359501,0.0021700237412005,,,
0.0135297902838578,28.83338834973364,0.919115405645906,0.808445984178624,0.6984126979229024,0.8148148148148148,0.6111111111111112,0.8307692302750296,36,27,29,-0.2038742169266805,0.5716054298732376,0.1968937516212463,0.2738214837768016,0.3444093383153296,0.3180067539215088,0.5567976236343384,pretrained_l1_s1_tta,R05-C03,23,10,0.1917294638464794,0.389710602248132,0.2741815447807312,0.0021453243680298,pretrained_l1+tta,1,0.1917294638464794,0.389710602248132,0.0021453243680298,,,
0.0200354693271741,28.10837496862497,0.8676497706868909,0.8222172538694974,0.7160493822222221,0.8055555555555556,0.6444444444444445,0.7469879513107853,45,36,38,-0.0628145355092464,0.4217299202532173,0.1558963656425476,0.1196930827458532,0.3460011209957781,0.1889447569847107,0.4000415802001953,pretrained_l1_s1_tta,R05-C03,23,50,-0.0402691486571557,0.4189072061458054,0.1643797159194946,0.003099416848272,pretrained_l1+tta,1,-0.0402691486571557,0.4189072061458054,0.003099416848272,,,
0.0267549236058296,26.484925238725396,0.7862689208563126,0.7811635947224315,0.62135922280328,0.6666666666666666,0.5818181818181818,0.699999999505,55,48,45,0.0133795589362645,0.4273034919589302,0.1875388026237487,0.0292017644898333,0.4256434454055727,0.1828224062919616,0.368684709072113,pretrained_l1_s1_tta,R05-C03,23,100,-0.0535918695942517,0.3630935251251323,0.2110000848770141,0.008142084814608,pretrained_l1+tta,1,-0.0535918695942517,0.3630935251251323,0.008142084814608,,,
0.0309326174260771,24.61754275883619,0.7680827120626565,0.7539758189672909,0.4782608690668977,0.5076923076923077,0.4520547945205479,0.7633587781325097,73,65,58,0.122555852292802,0.2316161668458648,0.2664916515350342,0.1189525093466309,0.2475685969518081,0.2644861936569214,0.3921898603439331,pretrained_l1_s1_tta,R05-C03,23,150,-0.0567761969086061,0.3025012088405596,0.252930223941803,0.005321942269802,pretrained_l1+tta,1,-0.0567761969086061,0.3025012088405596,0.005321942269802,,,
0.0163222465554637,26.823177888553992,0.9250620900982932,0.8761894334513329,0.9607843132256824,0.98,0.9423076923076924,0.9523809518809976,52,50,53,-0.0394950719896067,0.3929097295797625,0.3583342432975769,0.289482243881022,0.2675438058089391,0.4159135818481445,0.5626089572906494,pretrained_l1_s1_tta,R05-C03,24,1,0.33851825817504,0.2419417327403816,0.4194813370704651,0.0029946418944746,pretrained_l1+tta,1,0.33851825817504,0.2419417327403816,0.0029946418944746,,,
0.0164167805829741,26.694421819240397,0.9132999462359644,0.8646817735736544,0.9344262290087342,0.9661016949152542,0.9047619047619048,0.9105691051913544,63,59,60,-0.1404573952882386,0.4472264079287091,0.3612462878227234,0.3032215086244086,0.2755108239543655,0.4326159954071045,0.6155426502227783,pretrained_l1_s1_tta,R05-C03,24,10,0.3358298876137111,0.2540866555456526,0.4356752038002014,0.0031800488941371,pretrained_l1+tta,1,0.3358298876137111,0.2540866555456526,0.0031800488941371,,,
0.0252780740070694,24.35146841107731,0.8442536591322539,0.805341715075248,0.8363636358638017,0.8518518518518519,0.8214285714285714,0.8139534878723633,84,81,88,0.097239136380098,0.3343502291952873,0.4018011689186096,0.1750762288319377,0.2941334843540957,0.4060808420181274,0.5485596656799316,pretrained_l1_s1_tta,R05-C03,24,50,0.0884909679444821,0.3279160864670582,0.4093496799468994,0.0044209896586835,pretrained_l1+tta,1,0.0884909679444821,0.3279160864670582,0.0044209896586835,,,
0.0318867396781086,22.703760961854726,0.7957748654261529,0.7832035683066897,0.6234817808801324,0.6814159292035398,0.5746268656716418,0.7999999995012994,134,113,121,0.2424155587000491,0.2920294536070553,0.4283879995346069,0.1425472972655144,0.2783489730782655,0.43938148021698,0.5606158971786499,pretrained_l1_s1_tta,R05-C03,24,100,0.1062396617267942,0.3026602271368299,0.4481583833694458,0.0053774113766849,pretrained_l1+tta,1,0.1062396617267942,0.3026602271368299,0.0053774113766849,,,
0.0403636069366844,21.36957109975908,0.738151326423011,0.7701786090814831,0.5365853653610946,0.6111111111111112,0.4782608695652174,0.7988338187446388,184,144,159,0.3170088132386509,0.266580673028421,0.4961711168289184,0.2324967621708626,0.2417176654931364,0.4873319268226623,0.5952293872833252,pretrained_l1_s1_tta,R05-C03,24,150,0.2556975502006927,0.2371218786959367,0.5084037780761719,0.0076482617296278,pretrained_l1+tta,1,0.2556975502006927,0.2371218786959367,0.0076482617296278,,,
0.0219941554341519,26.014597330650044,0.827140548414617,0.8000533884147847,0.747826086456862,0.7678571428571429,0.7288135593220338,0.8867924523365965,59,56,47,-0.1753859567961833,1.8835496413729291,0.0735355615615844,0.0970703257669834,1.821504982611622,0.1149194836616516,0.7342536449432373,pretrained_l1_s1_tta,R05-C03,3,1,0.5200231166656849,0.122228278484942,0.6693279147148132,0.0235044006258249,pretrained_l1+tta,1,0.5200231166656849,0.122228278484942,0.0235044006258249,,,
0.0235103410517258,25.698565527312734,0.7828765347303889,0.7811051415536392,0.7519999995002878,0.7704918032786885,0.734375,0.9059829054873256,64,61,53,-0.2685843956148313,2.005054601442112,0.0175682306289672,0.0362392753603982,1.9217350191859257,0.0432115793228149,0.7603301405906677,pretrained_l1_s1_tta,R05-C03,3,10,0.5572610895697403,0.1169862338725775,0.6778886318206787,0.0299492571502923,pretrained_l1+tta,1,0.5572610895697403,0.1169862338725775,0.0299492571502923,,,
0.032039579986016,24.253102701524924,0.711232281196672,0.7438045470811834,0.8280254772075135,0.8552631578947368,0.8024691358024691,0.7887323938761158,81,76,61,-0.0886393330398566,1.857806890639207,0.0259683728218078,-0.073389675953207,1.862420089797804,0.0163920521736145,0.7394838333129883,pretrained_l1_s1_tta,R05-C03,3,50,0.5272668607229192,0.1064921119569799,0.6421990394592285,0.0422001481056213,pretrained_l1+tta,1,0.5272668607229192,0.1064921119569799,0.0422001481056213,,,
0.0358920858414627,23.126642289953825,0.7065389177090367,0.7427255374151674,0.7107438011550781,0.7610619469026548,0.6666666666666666,0.793248944651605,129,113,108,0.0598470409213134,1.452281086995277,0.1612063646316528,0.0032260953495874,1.4908688829390102,0.13733571767807,0.6636747717857361,pretrained_l1_s1_tta,R05-C03,3,100,0.4384309478995377,0.1598575979097337,0.5190749168395996,0.0312878638505935,pretrained_l1+tta,1,0.4384309478995377,0.1598575979097337,0.0312878638505935,,,
0.0393034369021172,21.823730366856505,0.7649902804083784,0.7304443192085096,0.6495726490729783,0.6666666666666666,0.6333333333333333,0.6463414629193931,180,171,148,0.4436251641910436,0.1855252950344736,0.5563653707504272,0.4634860869393973,0.1726077277004053,0.5066524744033813,0.6171833276748657,pretrained_l1_s1_tta,R05-C03,3,150,0.4870481868802223,0.1626714500648931,0.5586267709732056,0.0082437163218855,pretrained_l1+tta,1,0.4870481868802223,0.1626714500648931,0.0082437163218855,,,
0.016638835758307,27.474796802712874,0.9201574841396152,0.8487254380417818,0.911999999500032,0.9047619047619048,0.9193548387096774,0.9499999995005556,62,63,58,0.1565286400281619,0.3879548753455131,0.3844425678253174,0.2001386966377594,0.3100607683881371,0.4113364219665527,0.5835502743721008,pretrained_l1_s1_tta,R05-C03,4,1,0.2439445001498196,0.2924872649498473,0.4169948101043701,0.0048540886491537,pretrained_l1+tta,1,0.2439445001498196,0.2924872649498473,0.0048540886491537,,,
0.0180006749146215,27.09982255495246,0.8980154972398092,0.8328583333485245,0.823529411264814,0.835820895522388,0.8115942028985508,0.8805970144258186,69,67,65,0.0180683411362292,0.5160293629733217,0.3768744468688965,0.3195718910850522,0.3102554098814509,0.4169920086860657,0.5954962372779846,pretrained_l1_s1_tta,R05-C03,4,10,0.3565212839160842,0.2927049972655327,0.425000786781311,0.0062856688164174,pretrained_l1+tta,1,0.3565212839160842,0.2927049972655327,0.0062856688164174,,,
0.0248086342768984,25.86095058168375,0.8535509877621413,0.8296231730581216,0.8878048775488876,0.900990099009901,0.875,0.8965517236382343,104,101,99,0.1060344513821976,0.3180731331665328,0.3548384308815002,0.1814886135524953,0.3093051217547996,0.3590819239616394,0.4974364042282104,pretrained_l1_s1_tta,R05-C03,4,50,0.1521603348704106,0.3130101431478586,0.3585293889045715,0.0050735594704747,pretrained_l1+tta,1,0.1521603348704106,0.3130101431478586,0.0050735594704747,,,
0.0323909045838132,23.90960281617583,0.7970789863997275,0.7841004313500569,0.7635135130136048,0.773972602739726,0.7533333333333333,0.8842105258171744,150,146,135,0.2911642268438836,0.2246493270185489,0.4458885192871094,0.2731835417099598,0.2388504277187787,0.4384762048721313,0.5216224193572998,pretrained_l1_s1_tta,R05-C03,4,100,0.2151880430428054,0.2501101892630263,0.4486749768257141,0.0071927141398191,pretrained_l1+tta,1,0.2151880430428054,0.2501101892630263,0.0071927141398191,,,
0.0375873457337601,22.389997555904245,0.7652413788293941,0.7530840898243881,0.6527415138624437,0.6983240223463687,0.6127450980392157,0.8095238090269588,204,179,174,0.3384150309069201,0.207201677196485,0.4873015880584717,0.3267077562350728,0.2175386213388577,0.4434948563575744,0.5581812262535095,pretrained_l1_s1_tta,R05-C03,4,150,0.2957977539355405,0.2244099918568958,0.485745906829834,0.0082707963883876,pretrained_l1+tta,1,0.2957977539355405,0.2244099918568958,0.0082707963883876,,,
0.0207637543907778,27.39210458965036,0.8313557687197491,0.7917289976671279,0.7999999995031999,0.8695652173913043,0.7407407407407407,0.7608695647325141,54,46,38,-0.1882653119500943,1.9660900253890732,0.0172635316848754,0.0405832245393435,1.8643532037535224,0.0650016665458679,0.7356242537498474,pretrained_l1_s1_tta,R05-C03,5,1,0.4855083558267462,0.1309261938555806,0.687975287437439,0.0206839870661497,pretrained_l1+tta,1,0.4855083558267462,0.1309261938555806,0.0206839870661497,,,
0.0196848967246679,27.0707282820236,0.8600903106367594,0.7680755717359202,0.8113207542185831,0.86,0.7678571428571429,0.7799999995071999,56,50,44,-0.0357924359657936,1.1729522568443764,0.231841504573822,0.1487397090109624,1.040127229149304,0.2732505202293396,0.6409247517585754,pretrained_l1_s1_tta,R05-C03,5,10,0.3433816381786801,0.2500106741137506,0.5210201740264893,0.0127908559516072,pretrained_l1+tta,1,0.3433816381786801,0.2500106741137506,0.0127908559516072,,,
0.0257971993500733,26.65891024514061,0.7987573192994099,0.7983613310113403,0.7611940293535309,0.8225806451612904,0.7083333333333334,0.7226890751523197,72,62,47,0.0612205235560744,1.3292746246623006,0.1283915042877197,0.0039220109999385,1.3151409901256848,0.1268873810768127,0.5720914006233215,pretrained_l1_s1_tta,R05-C03,5,50,0.2782674882546436,0.2131647851099202,0.4876744151115417,0.0193667355924844,pretrained_l1+tta,1,0.2782674882546436,0.2131647851099202,0.0193667355924844,,,
0.0336480564683542,24.122354252446826,0.7443034346221763,0.7074826588974227,0.6543778796848521,0.6761904761904762,0.6339285714285714,0.7319587623985545,112,105,82,0.1880745428848148,1.2319501435902729,0.2089496254920959,0.1122574626205217,1.1916053410229246,0.2009816169738769,0.6026003956794739,pretrained_l1_s1_tta,R05-C03,5,100,0.3862360654898215,0.1652131271316875,0.4968044757843017,0.0250352602452039,pretrained_l1+tta,1,0.3862360654898215,0.1652131271316875,0.0250352602452039,,,
0.0357920760751171,22.987443470724536,0.7868721889471663,0.7216826866900917,0.6209150321805074,0.6462585034013606,0.5974842767295597,0.6409266404525871,159,147,100,0.4683302559728023,0.1568255063090381,0.4837269783020019,0.4034261133143674,0.168693367658311,0.4724684357643127,0.5445868968963623,pretrained_l1_s1_tta,R05-C03,5,150,0.3275624159931216,0.1904477215487597,0.4748435020446777,0.0077514816075563,pretrained_l1+tta,1,0.3275624159931216,0.1904477215487597,0.0077514816075563,,,
0.0163854629466592,26.977597544619396,0.9249280016545204,0.8530681579728623,0.9347826081956522,0.9347826086956522,0.9347826086956522,0.9230769225769836,46,46,45,0.110400924543089,0.3399714607108639,0.3321631550788879,0.1552401244959205,0.3311480313856204,0.369282603263855,0.5544488430023193,pretrained_l1_s1_tta,R05-C03,6,1,0.2235518582864041,0.3069408991118631,0.3789196610450744,0.0029953469056636,pretrained_l1+tta,1,0.2235518582864041,0.3069408991118631,0.0029953469056636,,,
0.017136804185559,26.706996588986463,0.906017038276363,0.8476701056557883,0.8380952375956462,0.8627450980392157,0.8148148148148148,0.8952380947385034,54,51,51,0.0236502869850573,0.3821519778734751,0.3613510131835937,0.2311148782790236,0.3292557977198664,0.4116109609603882,0.6192022562026978,pretrained_l1_s1_tta,R05-C03,6,10,0.254031928343028,0.3208841708925907,0.4215471744537353,0.0040014931000769,pretrained_l1+tta,1,0.254031928343028,0.3208841708925907,0.0040014931000769,,,
0.0226784936230012,26.53180753330808,0.8608288945667391,0.875194202725703,0.7971014487779878,0.859375,0.7432432432432432,0.7891156457585263,74,64,73,0.1392763686468047,0.328597491067165,0.2754276990890503,0.0858954862728724,0.3803522167731186,0.2847666144371032,0.4751225113868713,pretrained_l1_s1_tta,R05-C03,6,50,0.0115541726369722,0.4065844436970564,0.2728911638259887,0.0036537549458444,pretrained_l1+tta,1,0.0115541726369722,0.4065844436970564,0.0036537549458444,,,
0.0308497941661384,23.77144940623884,0.7993519985231118,0.8042198437380954,0.639999999505,0.7111111111111111,0.5818181818181818,0.7135678387015479,110,90,89,0.2982202751526867,0.2248117489818766,0.3863834738731384,0.1207735129786646,0.3008672927699696,0.3798031210899353,0.5061625242233276,pretrained_l1_s1_tta,R05-C03,6,100,0.0698490556014402,0.3236365805177698,0.386019229888916,0.00549360178411,pretrained_l1+tta,1,0.0698490556014402,0.3236365805177698,0.00549360178411,,,
0.0323827704523739,22.518830206415902,0.7971247518824542,0.7889442088405181,0.6796874995024719,0.7310924369747899,0.635036496350365,0.7470817115644446,137,119,120,0.1090218522948242,0.2609525786696575,0.4426630139350891,0.1655387215386443,0.2622302454584979,0.446381151676178,0.5393744707107544,pretrained_l1_s1_tta,R05-C03,6,150,0.1276515376782796,0.2592183897265309,0.447451114654541,0.0059044230729341,pretrained_l1+tta,1,0.1276515376782796,0.2592183897265309,0.0059044230729341,,,
0.0149466842421536,29.585267659700605,0.9014602266429678,0.7683318719587175,0.7307692302721892,0.7916666666666666,0.6785714285714286,0.9259259254266118,28,24,26,-0.0933292809212493,1.0493204689557785,0.1028171181678772,0.0809621852248427,0.8341938826510238,0.2087634801864624,0.5336520671844482,pretrained_l1_s1_tta,R05-C03,7,1,0.1529073516453082,0.3940142272634472,0.3234820365905761,0.0083817914128303,pretrained_l1+tta,1,0.1529073516453082,0.3940142272634472,0.0083817914128303,,,
0.0165669334935247,29.019647191931035,0.8793494689731202,0.7313501267142085,0.741935483371488,0.7666666666666667,0.71875,0.8387096769198752,32,30,30,-0.0560078338214425,0.9545721212748354,0.1633498668670654,0.0792357792869733,0.8065448376658714,0.2114744186401367,0.5351234674453735,pretrained_l1_s1_tta,R05-C03,7,10,0.1985727826170905,0.3968602144987962,0.3124258518218994,0.0097433803603053,pretrained_l1+tta,1,0.1985727826170905,0.3968602144987962,0.0097433803603053,,,
0.021930178027594,28.12069291595073,0.8577045841108435,0.773447823352234,0.638888888398534,0.7419354838709677,0.5609756097560976,0.6493506488527576,41,31,36,0.0837587478992296,0.3517660041978128,0.1765041947364807,0.0805901500900762,0.348875380065675,0.1791533827781677,0.3608995676040649,pretrained_l1_s1_tta,R05-C03,7,50,0.0715768389445974,0.3385436598464035,0.1705989837646484,0.0030988685321062,pretrained_l1+tta,1,0.0715768389445974,0.3385436598464035,0.0030988685321062,,,
0.0287409307359997,25.561822460279338,0.7964993474651524,0.6732022440127879,0.5391304342844612,0.5740740740740741,0.5081967213114754,0.7499999995039858,61,54,51,0.1996307208531289,0.2403192241835995,0.2446493506431579,0.0689340077339532,0.2813755478800025,0.2276592254638672,0.3634916543960571,pretrained_l1_s1_tta,R05-C03,7,100,0.0455704151400692,0.2831578439818669,0.2234113216400146,0.0054282811470329,pretrained_l1+tta,1,0.0455704151400692,0.2831578439818669,0.0054282811470329,,,
0.0341461359235053,24.12042229551213,0.7340396725633489,0.6744842304375336,0.4767441855508383,0.5256410256410257,0.4361702127659574,0.6540880498310985,94,78,65,0.202821728189036,0.3681129005492951,0.26959890127182,0.0645091658888695,0.4177236307548317,0.2586392164230346,0.4031394124031067,pretrained_l1_s1_tta,R05-C03,7,150,0.1440548370199442,0.2543712827468743,0.2836188673973083,0.0119217345491051,pretrained_l1+tta,1,0.1440548370199442,0.2543712827468743,0.0119217345491051,,,
0.0201908570618826,26.276027071432072,0.8665293236140195,0.7981346221637166,0.8461538456539645,0.859375,0.8333333333333334,0.895999999501568,66,64,59,-0.0797222600748906,1.3506569435375182,0.2125405073165893,0.1014993015338219,1.1776684159627508,0.2603463530540466,0.6695926785469055,pretrained_l1_s1_tta,R05-C03,8,1,0.339790449887149,0.2132368646840144,0.562348484992981,0.0143279014155268,pretrained_l1+tta,1,0.339790449887149,0.2132368646840144,0.0143279014155268,,,
0.0225328023292618,25.779821416070753,0.8352487526529647,0.7647868552940116,0.8507462681567164,0.8507462686567164,0.8507462686567164,0.8593749995010986,67,67,61,-0.0865262974170675,1.465835499303478,0.1945357918739318,0.1315405854052995,1.3405694142066984,0.2302340865135193,0.6825237274169922,pretrained_l1_s1_tta,R05-C03,8,10,0.3881104870078901,0.2095246564060052,0.5826982259750366,0.0186741687357425,pretrained_l1+tta,1,0.3881104870078901,0.2095246564060052,0.0186741687357425,,,
0.0280713213659893,25.0884424345028,0.7979591844632219,0.7760458250284721,0.7529411759706574,0.7619047619047619,0.7441860465116279,0.8095238090240929,86,84,82,0.0344601176108676,0.9618442881869242,0.2573772668838501,0.1449792540206249,0.8944052531002069,0.2653683423995971,0.5573687553405762,pretrained_l1_s1_tta,R05-C03,8,50,0.3122891991765401,0.2148389625776879,0.4550474286079407,0.0151086477562785,pretrained_l1+tta,1,0.3122891991765401,0.2148389625776879,0.0151086477562785,,,
0.0315976983690667,23.296424775291364,0.8101227098980809,0.7319783737876085,0.6532258059536941,0.6982758620689655,0.6136363636363636,0.7391304342935349,132,116,98,0.3703820109490357,0.2190199509789479,0.4920185804367065,0.4448239899979261,0.1920551707934062,0.4932953715324402,0.5710240602493286,pretrained_l1_s1_tta,R05-C03,8,100,0.3284114185660605,0.2242324301311575,0.4932178854942322,0.0061434688977897,pretrained_l1+tta,1,0.3284114185660605,0.2242324301311575,0.0061434688977897,,,
0.0368413772364309,22.26416450715623,0.7734740804024358,0.7242519772351926,0.5696202526669805,0.6122448979591837,0.5325443786982249,0.7003366998462288,169,147,128,0.5066032536982659,0.1894768766306871,0.5191344022750854,0.5109735321528636,0.1740202351493534,0.502240777015686,0.6060141324996948,pretrained_l1_s1_tta,R05-C03,8,150,0.5452646438516457,0.159588436736342,0.5284892320632935,0.0073215346783399,pretrained_l1+tta,1,0.5452646438516457,0.159588436736342,0.0073215346783399,,,
0.0252270947368003,23.991352200657143,0.8528128415026067,0.7888455228031336,0.8130841116506244,0.8529411764705882,0.7767857142857143,0.8309178738995076,112,102,95,0.1682774561775173,0.7660610355951749,0.4234458804130554,0.2539900986538337,0.6970206828088192,0.4374186992645263,0.6754118800163269,pretrained_l1_s1_tta,R05-C03,9,1,0.3550324840967909,0.2343102706969333,0.5686192512512207,0.0136939510703086,pretrained_l1+tta,1,0.3550324840967909,0.2343102706969333,0.0136939510703086,,,
0.0250069775277225,24.5399333369286,0.8475071184080649,0.7961929964155479,0.8085106377980987,0.8260869565217391,0.7916666666666666,0.8054298637570894,120,115,101,0.1681661623302284,0.7307901281552253,0.4491913318634033,0.3239584336783528,0.6656505533548417,0.4529656767845154,0.6736260652542114,pretrained_l1_s1_tta,R05-C03,9,10,0.379935491555589,0.2462734203432764,0.5692102313041687,0.0122895492240786,pretrained_l1+tta,1,0.379935491555589,0.2462734203432764,0.0122895492240786,,,
0.0337628272060235,23.06355692684201,0.7965991283295181,0.7804503078945284,0.7834394899465901,0.8145695364238411,0.754601226993865,0.75510204032225,163,151,131,0.2577544142021154,0.4159271262141641,0.4810783863067627,0.3403467227534747,0.4095081045643253,0.4650881290435791,0.5893212556838989,pretrained_l1_s1_tta,R05-C03,9,50,0.3868276714901684,0.241491562515945,0.4943625926971435,0.0120440972968935,pretrained_l1+tta,1,0.3868276714901684,0.241491562515945,0.0120440972968935,,,
0.0405415817203634,21.593927507147207,0.7695385914626679,0.7568526020785399,0.7324561398513485,0.755656108597285,0.7106382978723405,0.724220623009276,235,221,182,0.4848629846505559,0.1865273240163053,0.5520675182342529,0.517453637946019,0.197909851744928,0.4683107137680053,0.6557360887527466,pretrained_l1_s1_tta,R05-C03,9,100,0.5111824161565977,0.1915630203558525,0.5341275930404663,0.0098795145750045,pretrained_l1+tta,1,0.5111824161565977,0.1915630203558525,0.0098795145750045,,,
0.0525583783912955,19.6254824866362,0.7128495614774052,0.6941052670161401,0.628398791042798,0.6709677419354839,0.5909090909090909,0.6110183634552635,352,310,247,0.5822885941398237,0.1808305936761443,0.4409216046333313,0.5868909280663551,0.192552803664055,0.3400846123695373,0.6632579565048218,pretrained_l1_s1_tta,R05-C03,9,150,0.6326660716790999,0.1656636040709697,0.379419207572937,0.0131996301934123,pretrained_l1+tta,1,0.6326660716790999,0.1656636040709697,0.0131996301934123,,,
0.0196059180997581,25.712903537441285,0.908693964430664,0.7758880452504018,0.7755102035844323,0.8382352941176471,0.7215189873417721,0.8111888106943127,79,68,64,0.1312012478966706,0.2661201929940449,0.4431688785552978,0.1514032762130881,0.2663616320171768,0.4507985115051269,0.5703221559524536,pretrained_l1_s2_tta,R05-C03,0,1,0.1867143734564947,0.2469180836958894,0.4552146196365356,0.0044545400887727,pretrained_l1+tta,2,0.1867143734564947,0.2469180836958894,0.0044545400887727,,,
0.0187731762234598,25.97979170722838,0.9003664497759328,0.800687072246847,0.7368421047662742,0.8,0.6829268292682927,0.824324323830168,82,70,66,0.1701241602701268,0.3081563792666094,0.4803956747055053,0.2476586065498639,0.2899713047226492,0.4972601532936096,0.6404259204864502,pretrained_l1_s2_tta,R05-C03,0,10,0.3138158623706655,0.2573445296708765,0.5054640769958496,0.004844598006457,pretrained_l1+tta,2,0.3138158623706655,0.2573445296708765,0.004844598006457,,,
0.0274171226092374,23.76823238173326,0.8391588471505972,0.7516602450884288,0.6844919781128427,0.7441860465116279,0.6336633663366337,0.734463276346133,101,86,76,0.1905359985147729,0.3000462706870488,0.469193696975708,0.3160866210036563,0.2489863478274855,0.4815834164619446,0.5806153416633606,pretrained_l1_s2_tta,R05-C03,0,50,0.3957567639142121,0.2126019624888597,0.4860420227050781,0.0055582751519978,pretrained_l1+tta,2,0.3957567639142121,0.2126019624888597,0.0055582751519978,,,
0.0334045709499217,22.836185641860695,0.7911572865254071,0.7480679876794021,0.5605536327211599,0.6090225563909775,0.5192307692307693,0.7482517477558803,156,133,130,0.2928165897022222,0.2506605311666324,0.4858590364456177,0.3949767100652777,0.2133766295746561,0.4725095629692077,0.5620921850204468,pretrained_l1_s2_tta,R05-C03,0,100,0.4686280222932849,0.1779194840138149,0.4798169136047363,0.0073411730118095,pretrained_l1+tta,2,0.4686280222932849,0.1779194840138149,0.0073411730118095,,,
0.0389720821912985,21.68439375097312,0.7564165432135086,0.7242260694080853,0.5359801483920226,0.6171428571428571,0.4736842105263157,0.6568627446049596,228,175,180,0.5677948739475527,0.1699203178991964,0.5116348266601562,0.5326252394869285,0.1834142903105204,0.4672397375106811,0.6196691989898682,pretrained_l1_s2_tta,R05-C03,0,150,0.5365164370487974,0.1801161753460968,0.4992221593856811,0.0086634429171681,pretrained_l1+tta,2,0.5365164370487974,0.1801161753460968,0.0086634429171681,,,
0.0262710128710038,24.263410321758375,0.8796750102072508,0.8026934544248757,0.809160304845376,0.8617886178861789,0.762589928057554,0.8396946559904142,139,123,123,0.1279962092526928,0.2641813205988484,0.5218507051467896,0.2018197227970241,0.2463463533654428,0.5162530541419983,0.5914726853370667,pretrained_l1_s2_tta,R05-C03,1,1,0.2395965747452552,0.2338264803413474,0.5223586559295654,0.0063580279238522,pretrained_l1+tta,2,0.2395965747452552,0.2338264803413474,0.0063580279238522,,,
0.0277956532849704,23.570426470984728,0.8600864927474312,0.7762803323391644,0.8327645046194597,0.8299319727891157,0.8356164383561644,0.8142857137866326,146,147,134,0.2510485851120014,0.2537292504481046,0.6297851204872131,0.3730592036426267,0.208601397629236,0.611545205116272,0.6897287368774414,pretrained_l1_s2_tta,R05-C03,1,10,0.3841787818552776,0.2012782224944724,0.6231870651245117,0.0077782492153346,pretrained_l1+tta,2,0.3841787818552776,0.2012782224944724,0.0077782492153346,,,
0.0341876799415074,22.495572275917382,0.8112960894625143,0.7465068311103586,0.7031249995006645,0.7297297297297297,0.678391959798995,0.7582417577461206,199,185,165,0.4744712773697744,0.1870196269263625,0.6208590269088745,0.462266949599436,0.2027545810052059,0.5572282671928406,0.6890958547592163,pretrained_l1_s2_tta,R05-C03,1,50,0.4827612602933935,0.1913673493230624,0.610687255859375,0.0091634150594472,pretrained_l1+tta,2,0.4827612602933935,0.1913673493230624,0.0091634150594472,,,
0.0452085280516784,20.5966612185375,0.7308616715719272,0.6815548783097828,0.5523156084223614,0.5985130111524164,0.5127388535031847,0.7423423418509925,314,269,241,0.629093810200319,0.1597691670784472,0.4872744083404541,0.5746093252243982,0.1989028572799301,0.4079564213752746,0.6947579383850098,pretrained_l1_s2_tta,R05-C03,1,100,0.6077638288816952,0.1774527181602109,0.4552589654922485,0.0113714421167969,pretrained_l1+tta,2,0.6077638288816952,0.1774527181602109,0.0113714421167969,,,
0.0637098283061707,18.210401366208067,0.6213361521043886,0.5393593038830755,0.3783783778933381,0.457516339869281,0.3225806451612903,0.6417112294593926,434,306,314,0.6018480457710665,0.2342741997135917,0.3120207786560058,0.5417969704278747,0.3055293431404774,0.2571983337402344,0.6764737963676453,pretrained_l1_s2_tta,R05-C03,1,150,0.5634200988340087,0.2748787324957439,0.2930877804756164,0.0125196278095245,pretrained_l1+tta,2,0.5634200988340087,0.2748787324957439,0.0125196278095245,,,
0.0347501959766847,21.534527510973437,0.8510897017256417,0.7860920024531477,0.7811634344035113,0.8057142857142857,0.7580645161290323,0.8045977006518034,186,175,162,0.2394086274420615,0.2178852217707652,0.5954941511154175,0.3015140437638134,0.20315708651838,0.5695025324821472,0.6495041847229004,pretrained_l1_s2_tta,R05-C03,10,1,0.3047556254196983,0.1976050840953067,0.5911722183227539,0.007466419134289,pretrained_l1+tta,2,0.3047556254196983,0.1976050840953067,0.007466419134289,,,
0.0357127255162802,21.394811831343468,0.8299323065501635,0.7645603321818656,0.7766497456929062,0.7727272727272727,0.7806122448979592,0.8096514740321283,196,198,177,0.3917535530392996,0.1898425260440933,0.6584741473197937,0.4360966160217918,0.175143605398004,0.594375729560852,0.7135076522827148,pretrained_l1_s2_tta,R05-C03,10,10,0.4074843783082384,0.1812770948830577,0.6487479209899902,0.0089862709864974,pretrained_l1+tta,2,0.4074843783082384,0.1812770948830577,0.0089862709864974,,,
0.043672539713192,20.509733825717596,0.7706582447962443,0.7507897821180733,0.6978557499876504,0.716,0.6806083650190115,0.7886178856812496,263,250,229,0.5963113730478756,0.1644295116674993,0.5927019119262695,0.5836157864843656,0.1695231701790442,0.4915753006935119,0.705834150314331,pretrained_l1_s2_tta,R05-C03,10,50,0.5839483642757283,0.1697699268910857,0.5235852003097534,0.0117754349485039,pretrained_l1+tta,2,0.5839483642757283,0.1697699268910857,0.0117754349485039,,,
0.057029720368833,19.096149424865565,0.682265582736062,0.6444243251089399,0.4888268151469679,0.5401234567901234,0.4464285714285714,0.6551724133010964,392,324,304,0.6366340398727336,0.1978083475379829,0.3602433204650879,0.5998260462763195,0.224749760027944,0.2831759452819824,0.670249879360199,pretrained_l1_s2_tta,R05-C03,10,100,0.6188424429495402,0.2087611418988575,0.3397879600524902,0.0133289396762847,pretrained_l1+tta,2,0.6188424429495402,0.2087611418988575,0.0133289396762847,,,
0.0799031786945951,17.0324155340793,0.5612099601696104,0.5576542694367204,0.3595263719560067,0.4271099744245524,0.3104089219330855,0.6048565116588842,538,391,368,0.5679481529018979,0.3043889804386826,0.2100979089736938,0.5317797460185406,0.3379083663571113,0.1745586395263672,0.6014814376831055,pretrained_l1_s2_tta,R05-C03,10,150,0.5390573500476612,0.3303400875273196,0.2110722661018371,0.0147357201203703,pretrained_l1+tta,2,0.5390573500476612,0.3303400875273196,0.0147357201203703,,,
0.0291570547392095,22.768129927901892,0.8714172427379893,0.8013491325777651,0.8082191775822856,0.8194444444444444,0.7972972972972973,0.8413284127883879,148,144,123,0.3514530055404465,0.1867367811766893,0.6208354234695435,0.3979307023705395,0.1708717548925472,0.6180686950683594,0.6762787103652954,pretrained_l1_s2_tta,R05-C03,11,1,0.4083383411462252,0.1639056306416299,0.6187503337860107,0.0068346303887665,pretrained_l1+tta,2,0.4083383411462252,0.1639056306416299,0.0068346303887665,,,
0.0317118168541036,22.705334576193835,0.8530736743465605,0.7876533772562946,0.7951807223915662,0.7951807228915663,0.7951807228915663,0.7622149832166706,166,166,141,0.4166769184873244,0.1549960470902412,0.6324357390403748,0.410777249943522,0.1695519674748216,0.6058846712112427,0.687854528427124,pretrained_l1_s2_tta,R05-C03,11,10,0.4230766213502432,0.1627650279414152,0.6290223002433777,0.0075915064662694,pretrained_l1+tta,2,0.4230766213502432,0.1627650279414152,0.0075915064662694,,,
0.0375800485848946,21.747036106242955,0.7963059095602577,0.7701802836704483,0.7268722461966561,0.7534246575342466,0.7021276595744681,0.7664399087992142,235,219,206,0.6027968889221543,0.1493347714110018,0.6049548387527466,0.5475956379633727,0.1703020705694364,0.5287410616874695,0.6933821439743042,pretrained_l1_s2_tta,R05-C03,11,50,0.5577103991932587,0.165456361798515,0.5653983950614929,0.0102877905592322,pretrained_l1+tta,2,0.5577103991932587,0.165456361798515,0.0102877905592322,,,
0.0488328691745392,19.929854176215112,0.725055461589081,0.7095988680997015,0.5093167696912735,0.5655172413793104,0.4632768361581921,0.7104851325261742,354,290,285,0.661419567391327,0.1446662686079008,0.4717952609062195,0.5906137025939007,0.1852033610346207,0.3987886905670166,0.6964675784111023,pretrained_l1_s2_tta,R05-C03,11,100,0.6105545910566946,0.1696736456808125,0.4503029584884643,0.0121637703850865,pretrained_l1+tta,2,0.6105545910566946,0.1696736456808125,0.0121637703850865,,,
0.0685447505309082,17.91544331892229,0.6110489715412721,0.5870579259040064,0.3074866305361499,0.3846153846153846,0.2561247216035635,0.6025974021112194,449,299,321,0.5887813727326321,0.244138969622333,0.2960857152938843,0.5528790119929513,0.271469986149595,0.2665718793869018,0.6601917743682861,pretrained_l1_s2_tta,R05-C03,11,150,0.5623323455417791,0.2786687729206798,0.2987246513366699,0.0120167760178446,pretrained_l1+tta,2,0.5623323455417791,0.2786687729206798,0.0120167760178446,,,
0.0232775205184502,24.28925544671166,0.8916648974222044,0.8357683640603171,0.8490566032737629,0.8653846153846154,0.8333333333333334,0.8780487799892445,108,104,97,0.164529774883261,0.2746471224816573,0.5137790441513062,0.2907257794002444,0.2431441730215099,0.5189152956008911,0.6306760907173157,pretrained_l1_s2_tta,R05-C03,12,1,0.3283289526002414,0.2262024584880398,0.5204001665115356,0.0055691204033792,pretrained_l1+tta,2,0.3283289526002414,0.2262024584880398,0.0055691204033792,,,
0.0239479475830138,24.403706083168455,0.8787657475222987,0.83870741789788,0.8776371303017678,0.8888888888888888,0.8666666666666667,0.9170305671867433,120,117,109,0.1500693002546858,0.3220586572634504,0.5080077648162842,0.2828238810888174,0.2678370639403292,0.5095903873443604,0.6290525197982788,pretrained_l1_s2_tta,R05-C03,12,10,0.3225628350510107,0.2490807350806669,0.5129024982452393,0.0058230753056705,pretrained_l1+tta,2,0.3225628350510107,0.2490807350806669,0.0058230753056705,,,
0.0327105402264193,22.86971060921144,0.8138481087643767,0.8101574183780177,0.7828947363421919,0.7727272727272727,0.7933333333333333,0.8158844760377432,150,154,127,0.2125077582683156,0.3005168622177457,0.53786301612854,0.3046085804646742,0.2507260695718438,0.5190621018409729,0.6019343733787537,pretrained_l1_s2_tta,R05-C03,12,50,0.3219991664249924,0.2451610366405284,0.536368727684021,0.0076642781496047,pretrained_l1+tta,2,0.3219991664249924,0.2451610366405284,0.0076642781496047,,,
0.042752569593229,21.189915265322053,0.7385676093766377,0.7643283568666487,0.6832579180524047,0.7023255813953488,0.6651982378854625,0.7447306786589077,227,215,200,0.3980271178157041,0.2221865791423926,0.527817964553833,0.392554005603646,0.2226498760909284,0.4583149552345276,0.6119136810302734,pretrained_l1_s2_tta,R05-C03,12,100,0.4268328251989591,0.2113732792735044,0.4871820211410522,0.0110594108700752,pretrained_l1+tta,2,0.4268328251989591,0.2113732792735044,0.0110594108700752,,,
0.0574949139609181,18.90156680652182,0.6531857502536212,0.6825488824539756,0.4702290071388194,0.5238095238095238,0.4265927977839335,0.7723935384151751,361,294,320,0.56115297211111,0.1831192004465675,0.4217711091041565,0.5492950932201289,0.1914699990188331,0.3620981574058532,0.6563471555709839,pretrained_l1_s2_tta,R05-C03,12,150,0.5761292888796695,0.1790974676207803,0.376772940158844,0.014050418511033,pretrained_l1+tta,2,0.5761292888796695,0.1790974676207803,0.014050418511033,,,
0.0143769927316949,28.78142417820516,0.9254151730380132,0.7850920658484977,0.7826086951547992,0.7297297297297297,0.84375,0.7333333328355556,32,37,28,0.0175767656001969,0.4315357297441963,0.2665023803710937,0.1850130282711757,0.3560669909920337,0.3150464296340942,0.5225752592086792,pretrained_l1_s2_tta,R05-C03,13,1,0.2477350782388939,0.3165370262468411,0.3265259861946106,0.0031083249486982,pretrained_l1+tta,2,0.2477350782388939,0.3165370262468411,0.0031083249486982,,,
0.0155416011515901,28.59517674040074,0.905561907210366,0.7847188548589887,0.8611111106126542,0.8157894736842105,0.9117647058823528,0.799999999501065,34,38,31,0.0684057760126356,0.4880855106747071,0.2967592477798462,0.2143555855841519,0.3706172025100517,0.3378103375434875,0.551581859588623,pretrained_l1_s2_tta,R05-C03,13,10,0.2722086098207981,0.3401751501362554,0.3527135252952575,0.0034019800368696,pretrained_l1+tta,2,0.2722086098207981,0.3401751501362554,0.0034019800368696,,,
0.0247787943860989,26.366460969513884,0.8384926799469186,0.738721832265053,0.685185184685871,0.6607142857142857,0.7115384615384616,0.7472527467629514,52,56,39,0.0755762229931357,0.3502781804599041,0.2859057784080505,0.2286278574788391,0.2793605239113088,0.2987317442893982,0.4221307635307312,pretrained_l1_s2_tta,R05-C03,13,50,0.284335971168667,0.2558507144756028,0.3061989545822143,0.0042532663792371,pretrained_l1+tta,2,0.284335971168667,0.2558507144756028,0.0042532663792371,,,
0.0304270767620244,25.224228781435567,0.7867846619622622,0.72698286489295,0.5935483865967949,0.5974025974025974,0.5897435897435898,0.729927006808887,78,77,59,0.0866137507278358,0.285690031192099,0.3172889947891235,0.2603947572992024,0.2214908250602401,0.3252826929092407,0.4107822179794311,pretrained_l1_s2_tta,R05-C03,13,100,0.30219732312087,0.2015031334393759,0.3292993307113647,0.0054921871051192,pretrained_l1+tta,2,0.30219732312087,0.2015031334393759,0.0054921871051192,,,
0.0351502883695278,24.072613686259206,0.7414761982324952,0.7113626764346236,0.5065502178408497,0.5178571428571429,0.4957264957264957,0.7254901955892444,117,112,87,0.1585559987164563,0.2485181116533238,0.3656700253486633,0.3024117924456204,0.196618753016855,0.365028440952301,0.430955708026886,pretrained_l1_s2_tta,R05-C03,13,150,0.3427590409864284,0.1850573839121864,0.3709393739700317,0.0071012168191373,pretrained_l1+tta,2,0.3427590409864284,0.1850573839121864,0.0071012168191373,,,
0.0156358616069963,27.537062946707948,0.9266107621923492,0.7501976082640913,0.7868852454028488,0.75,0.8275862068965517,0.9090909085923968,29,32,26,0.0615526304153266,0.3519365833017235,0.3154650926589966,0.0933870414847881,0.3307767557486569,0.3179893493652344,0.4780547022819519,pretrained_l1_s2_tta,R05-C03,14,1,0.1362057300959958,0.3072026786596146,0.3258970975875854,0.0030119365546852,pretrained_l1+tta,2,0.1362057300959958,0.3072026786596146,0.0030119365546852,,,
0.014281187282327,27.847432170829165,0.92132599649925,0.7639506086557368,0.707692307192426,0.71875,0.696969696969697,0.8571428566439909,33,32,30,-0.0053195997657442,0.4481879331487114,0.3434491157531738,0.1408829441321151,0.3603952349254005,0.3740711212158203,0.5752661228179932,pretrained_l1_s2_tta,R05-C03,14,10,0.1735310800583695,0.3408335857743642,0.3790265917778015,0.0030869145411998,pretrained_l1+tta,2,0.1735310800583695,0.3408335857743642,0.0030869145411998,,,
0.0206344005930369,26.44795127033762,0.8674677580866834,0.7069834644192643,0.4999999994999999,0.5,0.5,0.7948717943747535,42,42,36,0.0686526427219774,0.4159918560513137,0.3258051872253418,0.2256908435378395,0.3180355789374673,0.3503816723823547,0.4894458055496216,pretrained_l1_s2_tta,R05-C03,14,50,0.2961666154712596,0.28087611608206,0.3619229793548584,0.0037703199777752,pretrained_l1+tta,2,0.2961666154712596,0.28087611608206,0.0037703199777752,,,
0.0270168878359088,24.39588429816229,0.8219320107843002,0.6782335250718333,0.4122137399587436,0.3970588235294117,0.4285714285714285,0.7413793098485433,63,68,53,0.1460837941119046,0.305845506221592,0.3868564963340759,0.2438546361467202,0.2506165819721296,0.3957794308662414,0.4878026843070984,pretrained_l1_s2_tta,R05-C03,14,100,0.297492463592983,0.2290236898441366,0.403042733669281,0.0046800761483609,pretrained_l1+tta,2,0.297492463592983,0.2290236898441366,0.0046800761483609,,,
0.0321807130424208,23.95623138815324,0.7806857963974121,0.7130040392678803,0.4651162785700378,0.4761904761904761,0.4545454545454545,0.603550295358846,88,84,81,0.1765871057740886,0.2497846015439817,0.4051240086555481,0.2908735449662171,0.1972555605767985,0.4128007292747497,0.4772809743881225,pretrained_l1_s2_tta,R05-C03,14,150,0.3478090989058648,0.1805225825396024,0.4151027202606201,0.0058106519281864,pretrained_l1+tta,2,0.3478090989058648,0.1805225825396024,0.0058106519281864,,,
0.016356036159199,26.885436004676983,0.9273121581770188,0.8172479505204137,0.6363636358677686,0.7,0.5833333333333334,0.8172043005757891,48,40,45,0.1645049117384135,0.3053706534015237,0.3483480811119079,0.085283390175615,0.3170130696293082,0.339268684387207,0.4903321266174316,pretrained_l1_s2_tta,R05-C03,15,1,0.1040584677578996,0.3094465105733906,0.3521191477775574,0.0031340059358626,pretrained_l1+tta,2,0.1040584677578996,0.3094465105733906,0.0031340059358626,,,
0.0153354783821982,27.03449037907591,0.9197584181833132,0.8122609397233633,0.7356321834133966,0.8205128205128205,0.6666666666666666,0.7032967027982128,48,39,43,0.0202006907290143,0.4061335446234184,0.4042587280273437,0.1774340966678066,0.3254354362521028,0.423145592212677,0.6114142537117004,pretrained_l1_s2_tta,R05-C03,15,10,0.144559870728081,0.3339474096295122,0.4194577932357788,0.0031385642942041,pretrained_l1+tta,2,0.144559870728081,0.3339474096295122,0.0031385642942041,,,
0.0216241228173377,25.57329867238238,0.8707673780725428,0.787410208810268,0.6542056069787755,0.7,0.6140350877192983,0.7619047614084352,57,50,48,0.0287034308972994,0.3996593207047395,0.3813204169273376,0.2380129208645235,0.2982943825849423,0.4013270139694214,0.5317400693893433,pretrained_l1_s2_tta,R05-C03,15,50,0.3425956747740782,0.2441808169700701,0.4053968787193298,0.0039585940539836,pretrained_l1+tta,2,0.3425956747740782,0.2441808169700701,0.0039585940539836,,,
0.027439994160214,24.014953410339647,0.829354434549668,0.7766924106254165,0.6315789468715374,0.6857142857142857,0.5853658536585366,0.6887417213580107,82,70,69,0.085373386333805,0.3060629901247984,0.423464834690094,0.3001614601363194,0.223222716897622,0.4355160593986511,0.5239924192428589,pretrained_l1_s2_tta,R05-C03,15,100,0.3221550889251056,0.2104643985907759,0.440170407295227,0.0046541905030608,pretrained_l1+tta,2,0.3221550889251056,0.2104643985907759,0.0046541905030608,,,
0.0336844105975921,22.14724442581584,0.7878046272173878,0.6846476228906261,0.4392523359584243,0.5108695652173914,0.3852459016393442,0.6877828049352798,122,92,99,0.1883064502556626,0.2453167396997025,0.475939929485321,0.3335690876237804,0.2022512192127669,0.4755755662918091,0.5535513162612915,pretrained_l1_s2_tta,R05-C03,15,150,0.346175430163007,0.2029317038249367,0.4732648730278015,0.0057561662979424,pretrained_l1+tta,2,0.346175430163007,0.2029317038249367,0.0057561662979424,,,
0.0164344856403188,26.37512840321083,0.9239784598346584,0.7969973612046299,0.7356321834112829,0.8,0.6808510638297872,0.853932583771241,47,40,42,0.0239259513487434,0.354368259861208,0.3641201853752136,0.0976659553926105,0.3090639584405803,0.3834627866744995,0.5362424850463867,pretrained_l1_s2_tta,R05-C03,16,1,0.0965762320862215,0.2990459546131932,0.3946265578269958,0.0031130632851272,pretrained_l1+tta,2,0.0965762320862215,0.2990459546131932,0.0031130632851272,,,
0.0159161904933653,26.57421003583655,0.9136048244647488,0.8086127773822682,0.7555555550555555,0.7555555555555555,0.7555555555555555,0.863636363136622,45,45,43,-0.0412503362267333,0.4594917516897965,0.3945021629333496,0.1827332233822959,0.3320702568990351,0.4297287464141845,0.6113883256912231,pretrained_l1_s2_tta,R05-C03,16,10,0.2262052467377713,0.2997569449611484,0.4369472861289978,0.0033473505172878,pretrained_l1+tta,2,0.2262052467377713,0.2997569449611484,0.0033473505172878,,,
0.0223653081074416,26.016425231867704,0.8623548906621057,0.7976285854462817,0.7460317455318719,0.7580645161290323,0.734375,0.8188976372953065,64,62,63,0.0498200397382088,0.4194532217172738,0.3859792351722717,0.2865507217454071,0.2838387199298973,0.4038598537445068,0.5175526142120361,pretrained_l1_s2_tta,R05-C03,16,50,0.3475258504569725,0.2549815623445092,0.4035390615463257,0.0037773761432617,pretrained_l1+tta,2,0.3475258504569725,0.2549815623445092,0.0037773761432617,,,
0.0290764582057132,24.10035095682131,0.8152928509779208,0.7506584954535356,0.5197740108030259,0.5679012345679012,0.4791666666666667,0.7709497201730283,96,81,83,0.1698726985756146,0.3086541399803055,0.4476168751716614,0.3720270894814773,0.2075105810164975,0.455425500869751,0.5268402099609375,pretrained_l1_s2_tta,R05-C03,16,100,0.3766108772735681,0.2048509889191112,0.4530482292175293,0.005035400390625,pretrained_l1+tta,2,0.3766108772735681,0.2048509889191112,0.005035400390625,,,
0.0350350927551465,22.76627718953505,0.7712597444553541,0.7233545742754505,0.4471544710554234,0.5238095238095238,0.3900709219858156,0.7878787873811123,141,105,123,0.3103872661862674,0.2446733747397431,0.4834625720977783,0.4311158431356058,0.1897494263424391,0.4737988114356994,0.5604803562164307,pretrained_l1_s2_tta,R05-C03,16,150,0.4067324698277776,0.1957409169032416,0.4727939963340759,0.0059961001388728,pretrained_l1+tta,2,0.4067324698277776,0.1957409169032416,0.0059961001388728,,,
0.0126569390892931,30.257981943251757,0.9337319039513238,0.7801066139541304,0.6101694910324619,0.6923076923076923,0.5454545454545454,0.5573770486836871,33,26,28,-0.1111645435723932,0.5449962425367648,0.2386603355407714,0.2335754263448034,0.3476678228788601,0.3179845809936523,0.5237500071525574,pretrained_l1_s2_tta,R05-C03,17,1,0.2920693946243886,0.3056234376634718,0.3307152390480041,0.0026442615780979,pretrained_l1+tta,2,0.2920693946243886,0.3056234376634718,0.0026442615780979,,,
0.0141730199066484,30.485623429503832,0.9151733840267712,0.7905325874689306,0.6874999995043944,0.7586206896551724,0.6285714285714286,0.7812499995043946,35,29,29,-0.129130116625827,0.6215749587051643,0.2002078294754028,0.3012663937729804,0.3517433630973037,0.3056749105453491,0.5018019676208496,pretrained_l1_s2_tta,R05-C03,17,10,0.428110495247203,0.2715201844270473,0.3253657221794128,0.002794959815219,pretrained_l1+tta,2,0.428110495247203,0.2715201844270473,0.002794959815219,,,
0.0210807575514298,29.484091862253532,0.8644944915189832,0.8108431456304857,0.7761194024878593,0.8387096774193549,0.7222222222222222,0.5937499995078124,36,31,28,-0.0944117516239814,0.4240697072216161,0.1578997373580932,0.2967975218018386,0.2637774661681785,0.214090347290039,0.3310667872428894,pretrained_l1_s2_tta,R05-C03,17,50,0.4414803739216612,0.2038663022444401,0.2287092804908752,0.0030411428306251,pretrained_l1+tta,2,0.4414803739216612,0.2038663022444401,0.0030411428306251,,,
0.0253825325119458,28.22889121873331,0.8208695531753916,0.783425043757352,0.4716981127139552,0.5319148936170213,0.423728813559322,0.5940594054547593,59,47,42,-0.0363209068750388,0.3242151729919895,0.1882064342498779,0.3370297093072525,0.1944261309269996,0.2258011698722839,0.3040615320205688,pretrained_l1_s2_tta,R05-C03,17,100,0.432609865205863,0.1671513585055943,0.2312098741531372,0.0037967525422573,pretrained_l1+tta,2,0.432609865205863,0.1671513585055943,0.0037967525422573,,,
0.0291792063495958,26.41156030257867,0.7895544186286529,0.7349110063830923,0.4785276068642403,0.5131578947368421,0.4482758620689655,0.6710526310894217,87,76,65,0.144283869825645,0.2544760160910677,0.2725113034248352,0.3953705109305099,0.163600229039487,0.2843530178070068,0.3458994626998901,pretrained_l1_s2_tta,R05-C03,17,150,0.3997026586536611,0.1600111349175999,0.2804824709892273,0.0048310011625289,pretrained_l1+tta,2,0.3997026586536611,0.1600111349175999,0.0048310011625289,,,
0.019833704784636,25.22871669371909,0.9097713795018068,0.8410724307931132,0.8414634141348155,0.8734177215189873,0.8117647058823529,0.7567567562678049,85,79,63,0.0160805952870428,0.3758198277281376,0.4873068332672119,0.3058226067209069,0.2364225720198866,0.5055872797966003,0.6237943172454834,pretrained_l1_s2_tta,R05-C03,18,1,0.3619254115074638,0.2061023240651179,0.5119403600692749,0.0047585992142558,pretrained_l1+tta,2,0.3619254115074638,0.2061023240651179,0.0047585992142558,,,
0.0227505134856312,24.05813751040027,0.8791199839036233,0.799666692543227,0.768361581421686,0.8,0.7391304347826086,0.7261146491963162,92,85,65,-0.0150307577623761,0.3947702543608278,0.5184286832809448,0.3276567028280307,0.2371120047900161,0.5349885821342468,0.6524131298065186,pretrained_l1_s2_tta,R05-C03,18,10,0.3778373178435417,0.2156537439220697,0.5430697202682495,0.0052294586785137,pretrained_l1+tta,2,0.3778373178435417,0.2156537439220697,0.0052294586785137,,,
0.0295658016901967,22.872722232696734,0.8268409363664931,0.7801696114759045,0.7115384610392012,0.74,0.6851851851851852,0.6850828724468727,108,100,73,0.1009783194459306,0.344103784956028,0.5083349943161011,0.2915447135021349,0.2416574290309864,0.5073179006576538,0.5913941860198975,pretrained_l1_s2_tta,R05-C03,18,50,0.2873217015344175,0.2569262109511943,0.5136209726333618,0.0066448054276406,pretrained_l1+tta,2,0.2873217015344175,0.2569262109511943,0.0066448054276406,,,
0.0366418552201034,20.947449444866457,0.7842327254451709,0.7233911625423446,0.6036585360860351,0.6265822784810127,0.5823529411764706,0.617543859167744,170,158,115,0.2758606849041385,0.2618615696614767,0.5865470767021179,0.3568040668058287,0.2166497938293174,0.5641553401947021,0.6473959684371948,pretrained_l1_s2_tta,R05-C03,18,100,0.3600673730946526,0.2231199712952702,0.5857949256896973,0.0079217534512281,pretrained_l1+tta,2,0.3600673730946526,0.2231199712952702,0.0079217534512281,,,
0.0422023119577288,20.16013914588031,0.7574852781835679,0.7327030280896765,0.5854800931794503,0.6313131313131313,0.5458515283842795,0.637974683057023,229,198,166,0.400656209325137,0.2160488908125205,0.5833556652069092,0.4385442560495975,0.1920613595178643,0.529395580291748,0.6679215431213379,pretrained_l1_s2_tta,R05-C03,18,150,0.4425717459741097,0.1866527691585918,0.5706305503845215,0.008970090188086,pretrained_l1+tta,2,0.4425717459741097,0.1866527691585918,0.008970090188086,,,
0.0239770861322005,24.101490245812585,0.8796064143379885,0.7703576799528239,0.8629441619366641,0.85,0.8762886597938144,0.8085106377983816,97,100,91,0.1717334690486127,0.2967900347493165,0.5698011517524719,0.4255391282058355,0.1931681640239923,0.5682090520858765,0.6684446334838867,pretrained_l1_s2_tta,R05-C03,19,1,0.4602597585478515,0.1781258394389812,0.5738965272903442,0.0062010739929974,pretrained_l1+tta,2,0.4602597585478515,0.1781258394389812,0.0062010739929974,,,
0.0242596786550583,24.17841572048879,0.8742060035995157,0.7912944049873781,0.8847926262282061,0.897196261682243,0.8727272727272727,0.7980769225785873,110,107,98,0.1989169408584825,0.309757450816741,0.5626966953277588,0.4384003807910376,0.2027830862596053,0.5565786361694336,0.6572452783584595,pretrained_l1_s2_tta,R05-C03,19,10,0.4554852105836588,0.1953622648694982,0.5609939694404602,0.0062242555432021,pretrained_l1+tta,2,0.4554852105836588,0.1953622648694982,0.0062242555432021,,,
0.031866769220601,22.974332484888087,0.8181716220382024,0.7547383194407492,0.7848101260823586,0.775,0.7948717948717948,0.7728813554338638,156,160,139,0.384771697407745,0.2451473629039034,0.5539108514785767,0.4329016804912469,0.2105201978951252,0.5324851274490356,0.6140179634094238,pretrained_l1_s2_tta,R05-C03,19,50,0.4276745906267422,0.2113747950826997,0.551753044128418,0.0079905577003955,pretrained_l1+tta,2,0.4276745906267422,0.2113747950826997,0.0079905577003955,,,
0.0418698242698281,20.865511660023763,0.7561443825485671,0.6678053931639476,0.6376146783995981,0.6587677725118484,0.6177777777777778,0.6969696964789944,225,211,171,0.6135477550007536,0.1493537601847045,0.5667978525161743,0.5606383562705843,0.1769471393994857,0.4821274876594543,0.6696768999099731,pretrained_l1_s2_tta,R05-C03,19,100,0.59078049705935,0.1597046051112596,0.5329037308692932,0.0101569518446922,pretrained_l1+tta,2,0.59078049705935,0.1597046051112596,0.0101569518446922,,,
0.0506587457972391,19.966325752520603,0.6919273184629479,0.6451640225050402,0.4786324781394346,0.5426356589147286,0.4281345565749235,0.5961199289650345,327,258,240,0.6495411161696868,0.1707314388426233,0.412492573261261,0.5586430776462163,0.2170033974481962,0.3548279404640198,0.6653430461883545,pretrained_l1_s2_tta,R05-C03,19,150,0.5888899889423745,0.199401630350133,0.3771517276763916,0.0113710639998316,pretrained_l1+tta,2,0.5888899889423745,0.199401630350133,0.0113710639998316,,,
0.0220357393284843,24.593053797874607,0.8865321892748993,0.7821679677958194,0.8220858890707214,0.8375,0.8072289156626506,0.7114093954796629,83,80,66,0.2938654834645335,0.2215084036690169,0.5628550052642822,0.3916955891312363,0.1951781506893825,0.5597805976867676,0.6507488489151001,pretrained_l1_s2_tta,R05-C03,2,1,0.4124692876072346,0.1871695897290337,0.5631705522537231,0.006350175011903,pretrained_l1+tta,2,0.4124692876072346,0.1871695897290337,0.006350175011903,,,
0.0221904977370129,24.76619035461459,0.8800877522703825,0.8010916426752,0.775757575259798,0.8311688311688312,0.7272727272727273,0.7581699341518219,88,77,65,0.3266124265091506,0.2531619535949572,0.5395548343658447,0.4025858508440545,0.2303111086153534,0.5345159769058228,0.6386151313781738,pretrained_l1_s2_tta,R05-C03,2,10,0.437986273548268,0.2062846794509852,0.5416637659072876,0.0063064075075089,pretrained_l1+tta,2,0.437986273548268,0.2062846794509852,0.0063064075075089,,,
0.0293545574641541,23.669175238204893,0.835635155204693,0.7825736651658334,0.7777777772779493,0.7924528301886793,0.7636363636363637,0.7596153841170487,110,106,98,0.388514487356865,0.2321979583402141,0.5126422643661499,0.3908669675626836,0.2170040154735748,0.5025461912155151,0.5697983503341675,pretrained_l1_s2_tta,R05-C03,2,50,0.4248304343616277,0.2010757710053514,0.5104358196258545,0.0073156552389264,pretrained_l1+tta,2,0.4248304343616277,0.2010757710053514,0.0073156552389264,,,
0.0363215667228135,22.517120576203,0.7912390089844882,0.7540933939981858,0.6352941171484603,0.6708074534161491,0.6033519553072626,0.6455696197619971,179,161,137,0.4733007476748092,0.1877626401212981,0.5312170386314392,0.480139149583467,0.1763259368249846,0.4939290285110473,0.5750195980072021,pretrained_l1_s2_tta,R05-C03,2,100,0.4605859518388816,0.1857303251437437,0.5214437246322632,0.0094523057341575,pretrained_l1+tta,2,0.4605859518388816,0.1857303251437437,0.0094523057341575,,,
0.0469194940980394,20.58612850500137,0.7276956103567339,0.7061760602082036,0.5496828747687961,0.6074766355140186,0.5019305019305019,0.7381974243989297,259,214,207,0.5655939756157703,0.1439412995691507,0.5212433934211731,0.5470255249222008,0.1569290179281379,0.4665234088897705,0.626836359500885,pretrained_l1_s2_tta,R05-C03,2,150,0.5515419280857297,0.1606406409197198,0.484491765499115,0.0118981851264834,pretrained_l1+tta,2,0.5515419280857297,0.1606406409197198,0.0118981851264834,,,
0.0253053232639674,23.12647079579219,0.8922411612003096,0.8121601142486068,0.8053097340136267,0.8272727272727273,0.7844827586206896,0.7809523804578684,116,110,94,0.1829854270018618,0.2511858170975216,0.5714017748832703,0.309849490353911,0.2005587516553987,0.5756171941757202,0.6495925188064575,pretrained_l1_s2_tta,R05-C03,20,1,0.3301906410508841,0.1922780784256043,0.5779855251312256,0.0054538836702704,pretrained_l1+tta,2,0.3301906410508841,0.1922780784256043,0.0054538836702704,,,
0.0259303247887177,23.830138510936145,0.8732682635814438,0.8143117209825469,0.7878787873799216,0.8272727272727273,0.7520661157024794,0.8214285709318001,121,110,103,0.1849880812442977,0.2906030623605007,0.5881587862968445,0.3119865599152379,0.2212816386458691,0.5929117202758789,0.6769415140151978,pretrained_l1_s2_tta,R05-C03,20,10,0.3313510459114417,0.2110500840287506,0.5969393253326416,0.0065179048106074,pretrained_l1+tta,2,0.3313510459114417,0.2110500840287506,0.0065179048106074,,,
0.0353479659380003,21.48683781656784,0.8043811742751249,0.740755121512752,0.7228915657653506,0.7407407407407407,0.7058823529411765,0.7619047614079112,170,162,145,0.2403101227335545,0.2802691229936301,0.616080105304718,0.3915715801685819,0.2074100279495785,0.578049898147583,0.6786303520202637,pretrained_l1_s2_tta,R05-C03,20,50,0.4655844792684444,0.1840200158895706,0.604428231716156,0.0083748241886496,pretrained_l1+tta,2,0.4655844792684444,0.1840200158895706,0.0083748241886496,,,
0.0445281328840859,20.40448473179476,0.7505375095368522,0.7243693676768093,0.5577342042959356,0.6037735849056604,0.5182186234817814,0.6447058818661203,247,212,178,0.4873321153826205,0.1998443308185568,0.5450211763381958,0.5280895270319632,0.1793616539329467,0.4627687931060791,0.6988565325737,pretrained_l1_s2_tta,R05-C03,20,100,0.5526499411170129,0.1614180978812368,0.5256280899047852,0.0102155273780226,pretrained_l1+tta,2,0.5526499411170129,0.1614180978812368,0.0102155273780226,,,
0.0626444894255964,17.680173162658825,0.6414926814644054,0.6312742405451492,0.3880597010071258,0.468,0.3314447592067989,0.679867986312295,353,250,253,0.5252473580987522,0.2054235726983206,0.4082088470458984,0.5423578209984421,0.2194151317111053,0.3792109489440918,0.7152153253555298,pretrained_l1_s2_tta,R05-C03,20,150,0.559142168812142,0.2133480979667618,0.3843927979469299,0.0116736078634858,pretrained_l1+tta,2,0.559142168812142,0.2133480979667618,0.0116736078634858,,,
0.014632079946034,28.538952450880693,0.9278542550946796,0.8057947808092195,0.7428571423608163,0.8125,0.6842105263157895,0.7878787873902662,38,32,28,-0.0647922417275588,0.4710657648843818,0.3339349031448364,0.1975628301942696,0.3102268379600298,0.389876127243042,0.5642290115356445,pretrained_l1_s2_tta,R05-C03,21,1,0.2876299842701584,0.2625117591485897,0.4163748621940613,0.0032637470867484,pretrained_l1+tta,2,0.2876299842701584,0.2625117591485897,0.0032637470867484,,,
0.01624566390297,27.98600993767982,0.9106182322272188,0.8038261300417369,0.7317073165743605,0.7692307692307693,0.6976744186046512,0.7199999995107556,43,39,32,-0.0593446496261418,0.509043083117152,0.3784725069999695,0.2975776458065958,0.2985120536570476,0.4380515217781067,0.5931556224822998,pretrained_l1_s2_tta,R05-C03,21,10,0.4272996525662528,0.2242220899236729,0.4615679383277893,0.0038127088919281,pretrained_l1+tta,2,0.4272996525662528,0.2242220899236729,0.0038127088919281,,,
0.0231000272874506,26.76526956751654,0.857278796952085,0.7856700022343326,0.6491228065176977,0.6607142857142857,0.6379310344827587,0.7766990286341784,58,56,45,0.0488456692126696,0.400081447834103,0.3388512730598449,0.341581325869715,0.2509687353920022,0.3737843632698059,0.4668640494346618,pretrained_l1_s2_tta,R05-C03,21,50,0.4699407016375289,0.1971739135329094,0.3850525021553039,0.0045269480906426,pretrained_l1+tta,2,0.4699407016375289,0.1971739135329094,0.0045269480906426,,,
0.0273699986235797,25.290362217503176,0.8189622938186683,0.7462358066640937,0.6315789468713108,0.6835443037974683,0.5869565217391305,0.6666666661758879,92,79,70,0.2169011864999585,0.3139385848539485,0.3994477987289428,0.3800480110292781,0.2116855178505551,0.4047939777374267,0.4740839004516601,pretrained_l1_s2_tta,R05-C03,21,100,0.4100491890051796,0.1973936371997855,0.4079357385635376,0.0052853655070066,pretrained_l1+tta,2,0.4100491890051796,0.1973936371997855,0.0052853655070066,,,
0.0318446882755956,24.242961438406255,0.7829192366233723,0.7416972741093757,0.4029850741339942,0.4576271186440678,0.36,0.6821705421489094,150,118,108,0.3805628290223045,0.2369193755741137,0.4518586993217468,0.4542946135488038,0.181549014716887,0.4494971632957458,0.5094188451766968,pretrained_l1_s2_tta,R05-C03,21,150,0.4756498665342602,0.1699622198139984,0.45444256067276,0.0070229573175311,pretrained_l1+tta,2,0.4756498665342602,0.1699622198139984,0.0070229573175311,,,
0.0129710056876484,29.668127792514483,0.9368787354089796,0.8641738091264304,0.7540983601623219,0.8518518518518519,0.6764705882352942,0.8437499995019531,34,27,30,-0.0778508041253099,0.5235561785345489,0.232828676700592,0.0829893346987557,0.3889613997092743,0.2643241286277771,0.4720123410224914,pretrained_l1_s2_tta,R05-C03,22,1,0.1309638585904158,0.3550680545712348,0.2772347331047058,0.0025843440089374,pretrained_l1+tta,2,0.1309638585904158,0.3550680545712348,0.0025843440089374,,,
0.0133274192596028,28.59749453533647,0.9238575922158828,0.829261883199607,0.7301587296739733,0.8846153846153846,0.6216216216216216,0.840579709647553,37,26,32,-0.2235352339344277,0.6416985748270708,0.2560135126113891,0.1448018600907106,0.3972310397695054,0.3151841163635254,0.5512255430221558,pretrained_l1_s2_tta,R05-C03,22,10,0.2721237987646584,0.3248468348868968,0.3401820659637451,0.0026245808694511,pretrained_l1+tta,2,0.2721237987646584,0.3248468348868968,0.0026245808694511,,,
0.0196831813141923,27.416387780296848,0.8680005507024144,0.8073495369344326,0.6516853927660647,0.7435897435897436,0.58,0.8723404250339519,50,39,44,-0.1334664735154544,0.524754954189406,0.2557674646377563,0.1849821176948254,0.3434517779458385,0.2878152132034302,0.4402769804000854,pretrained_l1_s2_tta,R05-C03,22,50,0.310498969328625,0.2867701276121028,0.3006584048271179,0.0033521999139338,pretrained_l1+tta,2,0.310498969328625,0.2867701276121028,0.0033521999139338,,,
0.0270024474529004,25.541723478342853,0.8111960178304557,0.762089207296973,0.602564102067061,0.6527777777777778,0.5595238095238095,0.7763157889792243,84,72,68,-0.0026871806235286,0.3523994457161321,0.3224996328353882,0.2444746921090349,0.2426333683678576,0.3302189111709595,0.4249809980392456,pretrained_l1_s2_tta,R05-C03,22,100,0.3601270042469222,0.2074129177648923,0.3409624695777893,0.004728578031063,pretrained_l1+tta,2,0.3601270042469222,0.2074129177648923,0.004728578031063,,,
0.0308771898132821,24.378713769910014,0.7761849471677159,0.76713740484597,0.6146788985867773,0.6767676767676768,0.5630252100840336,0.7582938383707464,119,99,92,0.1028550429408902,0.3076922250754842,0.3664777278900146,0.2752599427241783,0.224189633442359,0.3632776141166687,0.4391683340072632,pretrained_l1_s2_tta,R05-C03,22,150,0.34332668421584,0.2075198492207309,0.3675864934921264,0.0058307866565883,pretrained_l1+tta,2,0.34332668421584,0.2075198492207309,0.0058307866565883,,,
0.0137390385570666,28.92912311404416,0.933845058882857,0.8043210443405886,0.7384615379711241,0.8571428571428571,0.6486486486486487,0.8529411759744808,37,28,31,0.0190054830486442,0.4312419882274749,0.2367795705795288,0.031836588382956,0.3858994086419458,0.2533959150314331,0.4478726387023926,pretrained_l1_s2_tta,R05-C03,23,1,0.0632654201454134,0.3707462408113618,0.264894962310791,0.0024993058759719,pretrained_l1+tta,2,0.0632654201454134,0.3707462408113618,0.0024993058759719,,,
0.0131848827901555,28.556800684373933,0.9225262833819984,0.7931222952110352,0.6562499995078124,0.75,0.5833333333333334,0.8307692302750296,36,28,29,-0.1741562557213278,0.6073914442450153,0.2676067352294922,0.0980961726371678,0.4144613265638605,0.3076481223106384,0.5474978685379028,pretrained_l1_s2_tta,R05-C03,23,10,0.1752498171583905,0.361795780164071,0.3259859681129455,0.0027920007705688,pretrained_l1+tta,2,0.1752498171583905,0.361795780164071,0.0027920007705688,,,
0.0185517818626507,28.05401016164517,0.8743383584874697,0.8139307016063584,0.7356321834086404,0.7619047619047619,0.7111111111111111,0.7469879513107853,45,42,38,-0.1217300507777416,0.5603702555964243,0.2376071810722351,0.1565483181845247,0.3779001512183092,0.2556294202804565,0.4337999820709228,pretrained_l1_s2_tta,R05-C03,23,50,0.2447327159607323,0.3261930260105659,0.2703354954719543,0.0031441377941519,pretrained_l1+tta,2,0.2447327159607323,0.3261930260105659,0.0031441377941519,,,
0.0248590708517559,26.54759893663705,0.8178695763727033,0.7898529984604885,0.5504587150963723,0.5555555555555556,0.5454545454545454,0.699999999505,55,54,45,-0.0781078181910033,0.4040825085179154,0.2638629674911499,0.2082955388792447,0.2669602174263028,0.2770357131958008,0.3914375901222229,pretrained_l1_s2_tta,R05-C03,23,100,0.2678263160978567,0.2560419744243432,0.2887269258499145,0.0039690011180937,pretrained_l1+tta,2,0.2678263160978567,0.2560419744243432,0.0039690011180937,,,
0.0296819564869902,24.65430905042335,0.7759865322467075,0.7536673599743694,0.5255474447576323,0.5625,0.4931506849315068,0.7633587781325097,73,64,58,-0.0341573255932553,0.3327394843526278,0.3216972351074219,0.1992382952505477,0.2376542978827449,0.3269040584564209,0.4136090874671936,pretrained_l1_s2_tta,R05-C03,23,150,0.2355908976906592,0.2269185194731537,0.3290746808052063,0.0048172329552471,pretrained_l1+tta,2,0.2355908976906592,0.2269185194731537,0.0048172329552471,,,
0.0180645409326933,26.192619926278716,0.9193366405082564,0.8630025132176572,0.8823529406766628,0.9,0.8653846153846154,0.9523809518809976,52,50,53,0.1687148072819583,0.2826330301811197,0.362526535987854,0.1152644944535937,0.2954116823922854,0.3714630603790283,0.5065985918045044,pretrained_l1_s2_tta,R05-C03,24,1,0.1278402966813854,0.281118901642846,0.3758085966110229,0.0036173502448946,pretrained_l1+tta,2,0.1278402966813854,0.281118901642846,0.0036173502448946,,,
0.0172258379741896,26.282420069388557,0.911646216407956,0.8513620497304168,0.9105691051913544,0.9333333333333332,0.8888888888888888,0.9105691051913544,63,60,60,0.0760900924925444,0.3480400320579069,0.4126047492027282,0.1200675836664537,0.3072647219453123,0.4232203364372253,0.5815471410751343,pretrained_l1_s2_tta,R05-C03,24,10,0.1296614609341858,0.2990649825056453,0.4341830611228943,0.0038336860015988,pretrained_l1+tta,2,0.1296614609341858,0.2990649825056453,0.0038336860015988,,,
0.0240808773931539,23.946287875255116,0.8498974099453316,0.7770586650533491,0.7337278101509049,0.7294117647058823,0.7380952380952381,0.8139534878723633,84,85,88,0.0508221136203774,0.3922922616755557,0.4842448830604553,0.1905893770048463,0.2992751508544136,0.4940129518508911,0.6165507435798645,pretrained_l1_s2_tta,R05-C03,24,50,0.2776518508970561,0.2620891394095698,0.50281822681427,0.0052983723580837,pretrained_l1+tta,2,0.2776518508970561,0.2620891394095698,0.0052983723580837,,,
0.0315643761437029,22.37974523175633,0.795595714918118,0.7624351822644687,0.4754098355704111,0.5272727272727272,0.4328358208955223,0.7999999995012994,134,110,121,0.1303341646303816,0.3224841527539354,0.5073416233062744,0.248216267275873,0.2470441864571616,0.5124090909957886,0.6036169528961182,pretrained_l1_s2_tta,R05-C03,24,100,0.2561822081640366,0.2550203477036855,0.5148024559020996,0.0064111370593309,pretrained_l1+tta,2,0.2561822081640366,0.2550203477036855,0.0064111370593309,,,
0.041186118716976,20.920537547762727,0.7313007878938828,0.7406396860277047,0.4097859322295729,0.4685314685314685,0.3641304347826087,0.7988338187446388,184,143,159,0.2613334295486265,0.2597453946962585,0.5364002585411072,0.3349039437479457,0.2107208691403811,0.5214831829071045,0.6329333782196045,pretrained_l1_s2_tta,R05-C03,24,150,0.3533700079449102,0.2108393062062576,0.541448712348938,0.0084702325984835,pretrained_l1+tta,2,0.3533700079449102,0.2108393062062576,0.0084702325984835,,,
0.0181026674093148,26.309751176507156,0.9096718274513677,0.8156714820170672,0.7796610164491525,0.7796610169491526,0.7796610169491526,0.8867924523365965,59,59,47,0.2109172537617291,0.2771777655596975,0.4322883486747741,0.1876855679602208,0.2839254650554397,0.4358100295066833,0.5715209245681763,pretrained_l1_s2_tta,R05-C03,3,1,0.182197999345922,0.2859871335643676,0.4383332729339599,0.0046600205823779,pretrained_l1+tta,2,0.182197999345922,0.2859871335643676,0.0046600205823779,,,
0.0178750436750415,26.17345045781258,0.9003928833543735,0.8134823161022564,0.741935483371488,0.7666666666666667,0.71875,0.9059829054873256,64,60,53,0.177207640106312,0.3395825508506093,0.4579527974128723,0.2607145781558756,0.3022577655256491,0.4686728119850158,0.6276458501815796,pretrained_l1_s2_tta,R05-C03,3,10,0.2421803973710429,0.3047321594597059,0.4723204970359802,0.0047449618577957,pretrained_l1+tta,2,0.2421803973710429,0.3047321594597059,0.0047449618577957,,,
0.028804323739359,24.2291586774984,0.8295245666278416,0.7609717476195857,0.749999999500078,0.759493670886076,0.7407407407407407,0.7887323938761158,81,79,61,0.2830618582783746,0.2466870141300447,0.4457452297210693,0.3183031229468217,0.2376118220189747,0.4455928802490234,0.5288845300674438,pretrained_l1_s2_tta,R05-C03,3,50,0.3576591758438185,0.2281195061104077,0.4534037709236145,0.0066869244910776,pretrained_l1+tta,2,0.3576591758438185,0.2281195061104077,0.0066869244910776,,,
0.0344537248855136,23.067488687623133,0.7891845451551847,0.7475466340725637,0.661157024295574,0.7079646017699115,0.6201550387596899,0.793248944651605,129,113,108,0.3048524901188222,0.2236078913804311,0.4671022891998291,0.345855003161386,0.2031135055837377,0.4485017657279968,0.5260021090507507,pretrained_l1_s2_tta,R05-C03,3,100,0.375260882797005,0.1967513067936607,0.4620231986045837,0.0075850575231015,pretrained_l1+tta,2,0.375260882797005,0.1967513067936607,0.0075850575231015,,,
0.0417625689811957,21.45250793375022,0.7456736288281189,0.7022665112763821,0.5189504368190124,0.5460122699386503,0.4944444444444444,0.6463414629193931,180,163,148,0.4621282034834164,0.1580030923785354,0.540162205696106,0.4612922664746233,0.1720912432423464,0.5051615238189697,0.6090468168258667,pretrained_l1_s2_tta,R05-C03,3,150,0.4685242445797727,0.1694962952851416,0.5350298881530762,0.008995839394629,pretrained_l1+tta,2,0.4685242445797727,0.1694962952851416,0.008995839394629,,,
0.0179079023485284,26.895661455418356,0.9083860596376842,0.8255226323768547,0.943089430394342,0.9508196721311476,0.935483870967742,0.9499999995005556,62,61,58,0.2216509433268279,0.2840344479194462,0.4211096167564392,0.2102490348609559,0.2881437035836149,0.4267252683639526,0.5814892053604126,pretrained_l1_s2_tta,R05-C03,4,1,0.2060677348726499,0.2905239052389372,0.435160756111145,0.0048067201860249,pretrained_l1+tta,2,0.2060677348726499,0.2905239052389372,0.0048067201860249,,,
0.0183662415198552,26.735732205267276,0.8953912987294946,0.8283081706525837,0.8115942023985507,0.8115942028985508,0.8115942028985508,0.8805970144258186,69,69,65,0.1485807031131885,0.3644646717859748,0.4424386024475097,0.3115276191874905,0.3013542235467004,0.4580406546592712,0.6196954250335693,pretrained_l1_s2_tta,R05-C03,4,10,0.32037011400414,0.3028865249087801,0.4667260646820068,0.0051632411777973,pretrained_l1+tta,2,0.32037011400414,0.3028865249087801,0.0051632411777973,,,
0.0257672502876588,25.526150284038252,0.8413293576270562,0.8119149436874994,0.8212560381473546,0.8252427184466019,0.8173076923076923,0.8965517236382343,104,103,99,0.1681319643824713,0.3185508057443386,0.3994507193565368,0.2789184271672937,0.2788458522888397,0.4055649638175964,0.5088201761245728,pretrained_l1_s2_tta,R05-C03,4,50,0.2969802230089864,0.2736743551505067,0.410452663898468,0.0061158263124525,pretrained_l1+tta,2,0.2969802230089864,0.2736743551505067,0.0061158263124525,,,
0.033848161255437,23.688896624995913,0.7810612619710992,0.7708482703301867,0.7205387200387715,0.7278911564625851,0.7133333333333334,0.8842105258171744,150,147,135,0.3053829274574864,0.2338824063655543,0.4721103310585022,0.3757539676593255,0.2156829746536234,0.4542587995529175,0.5268675684928894,pretrained_l1_s2_tta,R05-C03,4,100,0.3920802858017093,0.2144062618108727,0.4666574001312256,0.0085584158077836,pretrained_l1+tta,2,0.3920802858017093,0.2144062618108727,0.0085584158077836,,,
0.0392852725367961,22.121312488918207,0.7489419041539666,0.7341446559655026,0.6063829782270257,0.6627906976744186,0.5588235294117647,0.8095238090269588,204,172,174,0.4276199144345073,0.1827723586863496,0.4923186302185058,0.4057087939893353,0.2034739181453466,0.4558478593826294,0.5650374293327332,pretrained_l1_s2_tta,R05-C03,4,150,0.4042635683461129,0.2065448452015026,0.4851849675178528,0.0091047594323754,pretrained_l1+tta,2,0.4042635683461129,0.2065448452015026,0.0091047594323754,,,
0.0157800106979586,27.85801801248144,0.9249088342816124,0.8022275570847273,0.8118811876212135,0.8723404255319149,0.7592592592592593,0.7608695647325141,54,47,38,0.1526220458675709,0.3070767195017747,0.3795647025108337,0.2240097311686553,0.2788416639429337,0.412962257862091,0.5636754035949707,pretrained_l1_s2_tta,R05-C03,5,1,0.2377847317715596,0.2774083005291015,0.4129096269607544,0.0036523470189422,pretrained_l1+tta,2,0.2377847317715596,0.2774083005291015,0.0036523470189422,,,
0.017248465676401,26.96532806408461,0.9086041067032112,0.7670881450430677,0.8148148143155006,0.8461538461538461,0.7857142857142857,0.7799999995071999,56,52,44,0.1541778556364075,0.3371441145950478,0.4457530379295349,0.3008955100957798,0.2829623247808912,0.4795025587081909,0.6360950469970703,pretrained_l1_s2_tta,R05-C03,5,10,0.3111181462493316,0.2680694877757572,0.4812575578689575,0.0041847242973744,pretrained_l1+tta,2,0.3111181462493316,0.2680694877757572,0.0041847242973744,,,
0.0242411583668271,26.44640500056701,0.8575251902839681,0.7964398367092361,0.7111111106133333,0.7619047619047619,0.6666666666666666,0.7226890751523197,72,63,47,0.2661685057498668,0.2610713885231674,0.346731424331665,0.2606006393918009,0.2618713239200997,0.3534932136535644,0.4611588716506958,pretrained_l1_s2_tta,R05-C03,5,50,0.2908019927780939,0.2511204342872946,0.3554019927978515,0.0046640457585453,pretrained_l1+tta,2,0.2908019927780939,0.2511204342872946,0.0046640457585453,,,
0.0324356317300116,23.81631991259814,0.8096978372688429,0.698577265853783,0.6153846148847075,0.6238532110091743,0.6071428571428571,0.7319587623985545,112,109,82,0.363075774296154,0.1830722779238927,0.4737898707389831,0.4102991932455935,0.1734123978848266,0.4686287045478821,0.5261799693107605,pretrained_l1_s2_tta,R05-C03,5,100,0.4517252862726725,0.1577031817498148,0.4701055288314819,0.0069527490995824,pretrained_l1+tta,2,0.4517252862726725,0.1577031817498148,0.0069527490995824,,,
0.0368866092696098,22.464946096622107,0.7823762918916065,0.685681778571934,0.578947367922113,0.6068965517241379,0.5534591194968553,0.6409266404525871,159,145,100,0.4872088487776939,0.1555101992944977,0.515219509601593,0.5204384774154077,0.1509849857204088,0.5039256811141968,0.5806313157081604,pretrained_l1_s2_tta,R05-C03,5,150,0.5180583532464819,0.1515050261283065,0.5130617618560791,0.0083513110876083,pretrained_l1+tta,2,0.5180583532464819,0.1515050261283065,0.0083513110876083,,,
0.0175662163538964,26.56570391136318,0.917658260905685,0.8444826079979973,0.9130434777608696,0.9130434782608696,0.9130434782608696,0.9230769225769836,46,46,45,0.1729482839175031,0.2734470989439909,0.3600838184356689,0.0822275994406476,0.3330025971968861,0.3633589148521423,0.5240626335144043,pretrained_l1_s2_tta,R05-C03,6,1,0.1657491969513659,0.2925863128631687,0.3702329397201538,0.0037938808090984,pretrained_l1+tta,2,0.1657491969513659,0.2925863128631687,0.0037938808090984,,,
0.0178267391054686,26.29021593796233,0.8997910633946903,0.8346187684146416,0.8411214948271464,0.8490566037735849,0.8333333333333334,0.8952380947385034,54,53,51,0.1767627210609141,0.324931392737601,0.4288265109062195,0.1281224276535824,0.3683493702630092,0.4144543409347534,0.6138855218887329,pretrained_l1_s2_tta,R05-C03,6,10,0.1603242038438707,0.3465279668157557,0.4241750240325928,0.004010634496808,pretrained_l1+tta,2,0.1603242038438707,0.3465279668157557,0.004010634496808,,,
0.0226953621593528,26.024326978860344,0.8558851541949417,0.857821409240474,0.7323943656980758,0.7647058823529411,0.7027027027027027,0.7891156457585263,74,68,73,0.1389501396102777,0.3509436589134616,0.3624794483184814,0.1553921943654959,0.3555074337001326,0.3648472428321838,0.5189294815063477,pretrained_l1_s2_tta,R05-C03,6,50,0.1741571793499969,0.3469253965851813,0.3756090402603149,0.0048577929846942,pretrained_l1+tta,2,0.1741571793499969,0.3469253965851813,0.0048577929846942,,,
0.0310148535233186,23.55224090409611,0.7935182861371918,0.7915693141638805,0.5373134323402886,0.5934065934065934,0.4909090909090909,0.7135678387015479,110,91,89,0.2523885810632604,0.2488895395968711,0.4414847493171692,0.2034738817565436,0.2733602962655043,0.4370237588882446,0.5329155921936035,pretrained_l1_s2_tta,R05-C03,6,100,0.230999967159014,0.2620940542646927,0.4402194023132324,0.0066467463038861,pretrained_l1+tta,2,0.230999967159014,0.2620940542646927,0.0066467463038861,,,
0.032749731401701,22.266897728553936,0.7904940878830023,0.7729969869204033,0.6201550382616129,0.6611570247933884,0.583941605839416,0.7470817115644446,137,121,120,0.2393646967617953,0.2470567198993518,0.4816961288452148,0.2156450840664994,0.2652217082518345,0.4811276197433471,0.5640947818756104,pretrained_l1_s2_tta,R05-C03,6,150,0.2338511319225068,0.2558990693868102,0.4832673072814941,0.0064198393374681,pretrained_l1+tta,2,0.2338511319225068,0.2558990693868102,0.0064198393374681,,,
0.0131587247423512,29.975142919706027,0.9272914223455366,0.7832602217241731,0.7692307687337278,0.8333333333333334,0.7142857142857143,0.9259259254266118,28,24,26,0.0502277143511364,0.4577259251470169,0.2213595509529113,0.1488393598780781,0.400546845547326,0.259179413318634,0.4961846470832824,pretrained_l1_s2_tta,R05-C03,7,1,0.1513206133959019,0.3949160267571023,0.2564839720726013,0.0029328053351491,pretrained_l1+tta,2,0.1513206133959019,0.3949160267571023,0.0029328053351491,,,
0.0151533020826378,28.94013636476413,0.9060772418902764,0.7414819975621468,0.7666666661688888,0.8214285714285714,0.71875,0.8387096769198752,32,28,30,0.0872214218045822,0.4808747051151394,0.2718417048454284,0.2236287379827736,0.3874207395816379,0.3172281384468078,0.5345984101295471,pretrained_l1_s2_tta,R05-C03,7,10,0.2451997720743239,0.3794677940826048,0.3201013207435608,0.0031136930920183,pretrained_l1+tta,2,0.2451997720743239,0.3794677940826048,0.0031136930920183,,,
0.0231782458576496,27.935614082571032,0.8476556944138953,0.7713932954749094,0.613333332837689,0.6764705882352942,0.5609756097560976,0.6493506488527576,41,34,36,0.1217111675420135,0.3296573108831162,0.1941750049591064,0.2110999590142953,0.2890838487392636,0.2145174741744995,0.3502383828163147,pretrained_l1_s2_tta,R05-C03,7,50,0.2424027986369641,0.2794809678746838,0.2161911129951477,0.0034534633159637,pretrained_l1+tta,2,0.2424027986369641,0.2794809678746838,0.0034534633159637,,,
0.0300921945216508,25.589415242827425,0.7861143627726795,0.6848410079900198,0.5172413788116824,0.5454545454545454,0.4918032786885246,0.7499999995039858,61,55,51,0.1359003995920079,0.2479216033457809,0.2487013339996338,0.2546995027387032,0.2112844864934202,0.2601895928382873,0.3494601249694824,pretrained_l1_s2_tta,R05-C03,7,100,0.3026688855117773,0.1987298897361396,0.2625632882118225,0.0046079442836344,pretrained_l1+tta,2,0.3026688855117773,0.1987298897361396,0.0046079442836344,,,
0.034929403712955,23.9503636520435,0.7517333052628222,0.6747575948276581,0.4942528730664552,0.5375,0.4574468085106383,0.6540880498310985,94,80,65,0.1846689779745004,0.2171498132804294,0.3126172423362732,0.3043204943803593,0.1805990551489588,0.3204996585845947,0.3925243020057678,pretrained_l1_s2_tta,R05-C03,7,150,0.3440178062103446,0.1707327131576168,0.3230683207511902,0.0053356341086328,pretrained_l1+tta,2,0.3440178062103446,0.1707327131576168,0.0053356341086328,,,
0.0183271217814546,26.20709808288897,0.909240039673997,0.79007525060073,0.7936507931519275,0.8333333333333334,0.7575757575757576,0.895999999501568,66,60,59,0.1041698768225449,0.3160500677527476,0.4346687793731689,0.1918032576427717,0.2772897533147432,0.4499897956848144,0.595853328704834,pretrained_l1_s2_tta,R05-C03,8,1,0.2153623045889657,0.2572369251302812,0.4579644203186035,0.0044280095025897,pretrained_l1+tta,2,0.2153623045889657,0.2572369251302812,0.0044280095025897,,,
0.0196194356322836,25.91932986758174,0.8899072327220737,0.7727208105126551,0.829629629129657,0.8235294117647058,0.835820895522388,0.8593749995010986,67,68,61,0.1575082475468355,0.3536130168439477,0.4857264757156372,0.3501671217325419,0.265606309754315,0.505347490310669,0.6479800939559937,pretrained_l1_s2_tta,R05-C03,8,10,0.4037580842410582,0.2333327705254435,0.5162090063095093,0.0048599699512124,pretrained_l1+tta,2,0.4037580842410582,0.2333327705254435,0.0048599699512124,,,
0.0258528050848382,24.981837400984507,0.8435162157948115,0.7750070704644096,0.6823529406765397,0.6904761904761905,0.6744186046511628,0.8095238090240929,86,84,82,0.2764133294194519,0.3009549033801092,0.4466650485992431,0.3885865619479292,0.2378950752121547,0.4505394697189331,0.5454143285751343,pretrained_l1_s2_tta,R05-C03,8,50,0.4106589607734626,0.2223989687874831,0.4545355439186096,0.0053968261927366,pretrained_l1+tta,2,0.4106589607734626,0.2223989687874831,0.0053968261927366,,,
0.0321677905148035,22.918369228967023,0.8030304622598624,0.7057384977445466,0.6104417665700875,0.6495726495726496,0.5757575757575758,0.7391304342935349,132,117,98,0.4851732155712188,0.2255242613312599,0.5304226875305176,0.4954549052196126,0.1972278342098704,0.5286906361579895,0.5999020934104919,pretrained_l1_s2_tta,R05-C03,8,100,0.4669160453057895,0.2025830973286272,0.5302212238311768,0.0065266764722764,pretrained_l1+tta,2,0.4669160453057895,0.2025830973286272,0.0065266764722764,,,
0.038763866514314,21.792562168508592,0.7621555063571707,0.6891583863689191,0.4983818765270577,0.55,0.4556213017751479,0.7003366998462288,169,140,128,0.5571969050499991,0.1755539318446383,0.5206527709960938,0.5228429024758205,0.1776504068144642,0.5072618126869202,0.6141217947006226,pretrained_l1_s2_tta,R05-C03,8,150,0.5406088281058943,0.1675351088541811,0.5247502326965332,0.0076268049888312,pretrained_l1+tta,2,0.5406088281058943,0.1675351088541811,0.0076268049888312,,,
0.0253010924924079,23.727033371498468,0.8730749702027002,0.7741435150955442,0.7926267276111193,0.819047619047619,0.7678571428571429,0.8309178738995076,112,105,95,0.2995740567920672,0.2134764830270246,0.5813500285148621,0.3455595173150084,0.2119343944482937,0.5788431763648987,0.6722597479820251,pretrained_l1_s2_tta,R05-C03,9,1,0.3585846139920459,0.203419238209833,0.580651581287384,0.006533685605973,pretrained_l1+tta,2,0.3585846139920459,0.203419238209833,0.006533685605973,,,
0.0250586482676742,24.289922045744188,0.8733824941685386,0.7992347630960271,0.8205128200131492,0.8421052631578947,0.8,0.8054298637570894,120,114,101,0.2847987896460889,0.2444856665986638,0.5843895673751831,0.3586457594587443,0.2291076947784598,0.5845304727554321,0.6776996850967407,pretrained_l1_s2_tta,R05-C03,9,10,0.3816504516189478,0.2116257943179027,0.588392972946167,0.0066151642240583,pretrained_l1+tta,2,0.3816504516189478,0.2116257943179027,0.0066151642240583,,,
0.0350915038736878,22.70244661392651,0.8091119124813935,0.7766456899357819,0.787301586802197,0.8157894736842105,0.7607361963190185,0.75510204032225,163,152,131,0.3213647104391206,0.251435512071861,0.5464896559715271,0.447745342329059,0.2076707336758979,0.5113927125930786,0.603843629360199,pretrained_l1_s2_tta,R05-C03,9,50,0.4829105300755568,0.1885715516793381,0.5471144914627075,0.008847483433783,pretrained_l1+tta,2,0.4829105300755568,0.1885715516793381,0.008847483433783,,,
0.042918757327217,21.25012110782081,0.7587826307576708,0.7424040593399119,0.6960352417913699,0.7214611872146118,0.6723404255319149,0.724220623009276,235,219,182,0.536375060305024,0.1827531032194929,0.5451029539108276,0.5417441970342136,0.1855996552606743,0.4651463627815246,0.653704822063446,pretrained_l1_s2_tta,R05-C03,9,100,0.5444210925491911,0.1823270149083175,0.5177913308143616,0.0108335968106985,pretrained_l1+tta,2,0.5444210925491911,0.1823270149083175,0.0108335968106985,,,
0.055847299823837,19.19089896229314,0.6959323993845375,0.6620979466760057,0.5528700901364535,0.5903225806451613,0.5198863636363636,0.6110183634552635,352,310,247,0.6415012871341874,0.1522190522957653,0.4413121938705444,0.5933780678627356,0.1924599035664752,0.344228446483612,0.6638198494911194,pretrained_l1_s2_tta,R05-C03,9,150,0.623266657259601,0.1724395930834076,0.3901268243789673,0.0132860755547881,pretrained_l1+tta,2,0.623266657259601,0.1724395930834076,0.0132860755547881,,,
0.0224858348760609,25.754753751748872,0.8730082990807083,0.7915150442456763,0.7837837832860665,0.8405797101449275,0.7341772151898734,0.8111888106943127,79,69,64,0.1534889093488716,0.6083137429232676,0.4219655990600586,0.2835371717913183,0.315131052840738,0.4533607363700866,0.5956058502197266,chipstain_nll_s0_tta,R05-C03,0,1,0.339071311906067,0.2064944320180198,0.5322592258453369,0.0416855216026306,chipstain_nll+tta,0,0.3111126905763543,0.2438537205709142,0.0180007219314575,0.2900124542436215,0.2812323126311836,0.0324164107441902
0.0215237855941358,25.945126740762458,0.870491458634542,0.8084973644864345,0.7388535026857074,0.7733333333333333,0.7073170731707317,0.824324323830168,82,75,66,0.2150054967678384,0.5712270595042149,0.4608089923858642,0.3569101595107197,0.3189180532188465,0.49510258436203,0.6324906349182129,chipstain_nll_s0_tta,R05-C03,0,10,0.4213886831141651,0.1956914588565277,0.5525763034820557,0.0381014049053192,chipstain_nll+tta,0,0.3652725855291063,0.248746276429791,0.0136978048831224,0.3777019248562304,0.3143556946489828,0.031946949660778
0.0291930620583766,24.083593654534752,0.8146054485828371,0.7780011888546293,0.7628865974389946,0.7956989247311828,0.7326732673267327,0.734463276346133,101,93,76,0.3640627004746681,0.4001391340199383,0.4895384907722473,0.4092329141741205,0.2676315158044351,0.4736546874046325,0.5784057378768921,chipstain_nll_s0_tta,R05-C03,0,50,0.4309109664795404,0.2195590793584122,0.5294147729873657,0.0431116111576557,chipstain_nll+tta,0,0.400336911018038,0.2612012170600144,0.0152836833149194,0.3961233177401925,0.2616858890583435,0.0366639867424964
0.0364869596389433,23.181717951775767,0.7538978018325982,0.783099460531468,0.6484641633246281,0.6934306569343066,0.6089743589743589,0.7482517477558803,156,137,130,0.4058849298212136,0.4338045048156996,0.476269781589508,0.51924262636209,0.2661951189210966,0.4039593338966369,0.5604050159454346,chipstain_nll_s0_tta,R05-C03,0,100,0.6130180647642881,0.1395925723163441,0.5029958486557007,0.0607368350028991,chipstain_nll+tta,0,0.5676695100057908,0.1885272966949529,0.0258993431925773,0.5735634264327713,0.1701849902074182,0.0475848354399204
0.0449219003539649,21.657657400504643,0.7108973345499203,0.7503985919050072,0.6682027644782432,0.7038834951456311,0.6359649122807017,0.6568627446049596,228,206,180,0.5613288796278547,0.3961978079023304,0.4648506045341491,0.5979408144559181,0.2838637714464777,0.3753867149353027,0.585999608039856,chipstain_nll_s0_tta,R05-C03,0,150,0.7136019801944312,0.1130498899075639,0.4881603717803955,0.0744049102067947,chipstain_nll+tta,0,0.653244724004098,0.172586205683461,0.0297090336680412,0.6626490210847813,0.1554799107255695,0.0595266632735729
0.0267265857420173,24.47311733906597,0.8736623541124878,0.8196165369089401,0.8120300746889876,0.8503937007874016,0.7769784172661871,0.8396946559904142,139,127,123,0.3429092304563981,0.2192036831222783,0.5503066778182983,0.2720977331589262,0.2277137494174592,0.5379327535629272,0.6113694906234741,chipstain_nll_s0_tta,R05-C03,1,1,0.2723098849682712,0.2194064874604432,0.556527316570282,0.0412871986627578,chipstain_nll+tta,0,0.2406511115245482,0.2453121299856726,0.0095328520983457,0.2714625530240229,0.2201367290357446,0.0395914055407047
0.0283403429321399,23.844970541841523,0.8495272291297653,0.797875288424987,0.873720136018777,0.8707482993197279,0.8767123287671232,0.8142857137866326,146,147,134,0.2965638875527729,0.3073800708249898,0.6195306777954102,0.4663273072236918,0.1946499823801076,0.5854842066764832,0.6785229444503784,chipstain_nll_s0_tta,R05-C03,1,10,0.5010749338517918,0.168246708258686,0.6316056251525879,0.0462436974048614,chipstain_nll+tta,0,0.4695030189176339,0.1954310249216896,0.0118676219135522,0.4906833871048562,0.1740834552994957,0.0433272533118724
0.0370900318952203,22.552160338379995,0.777247462671713,0.7603417457421465,0.7121212116212249,0.7157360406091371,0.7085427135678392,0.7582417577461206,199,197,165,0.5043662575834884,0.3621606798481483,0.5679339170455933,0.5826617353324705,0.2309196699734103,0.450549840927124,0.6602985858917236,chipstain_nll_s0_tta,R05-C03,1,50,0.6589390374932991,0.1338791788974201,0.5878824591636658,0.0649483352899551,chipstain_nll+tta,0,0.6166006929450388,0.1806977276044045,0.0233586151152849,0.6219099617335759,0.1621871765201632,0.0546512156724929
0.0549414810970244,20.311943742323415,0.6895448744842868,0.7181816027678588,0.66666666616689,0.6810631229235881,0.6528662420382165,0.7423423418509925,314,301,241,0.7186248771382437,0.2235323850253703,0.443101167678833,0.6826244075751833,0.1961283705530647,0.3044390082359314,0.5904726982116699,chipstain_nll_s0_tta,R05-C03,1,100,0.7637873345200559,0.1127320265560018,0.4514247179031372,0.0899185091257095,chipstain_nll+tta,0,0.6486561984174138,0.1952936949107718,0.0232368577271699,0.7377041822864181,0.1352549101852198,0.0825279206037521
0.0687359071771333,18.915785212286178,0.632338774145154,0.6607299226675607,0.6165413528873059,0.6758241758241759,0.5668202764976958,0.6417112294593926,434,364,314,0.7763860809978138,0.117783593017369,0.3491567373275757,0.6730885633415745,0.2007345225192854,0.227144718170166,0.5415855050086975,chipstain_nll_s0_tta,R05-C03,1,150,0.7662937865135238,0.121829403489094,0.357734203338623,0.1034663245081901,chipstain_nll+tta,0,0.6822323705691067,0.1896200144876163,0.018645167350769,0.7637963949346606,0.1236043073943078,0.1011834219098091
0.0362075418853632,22.12940393106682,0.8263340974237984,0.808666859126961,0.7967914433502815,0.7925531914893617,0.8010752688172043,0.8045977006518034,186,188,162,0.3566603731953099,0.3631852926898274,0.5748788118362427,0.3952067510833817,0.2341922855357584,0.5114438533782959,0.6453733444213867,chipstain_nll_s0_tta,R05-C03,10,1,0.4269752841104044,0.1668894143585198,0.608015775680542,0.0565726421773433,chipstain_nll+tta,0,0.3945887605957336,0.2057633154786026,0.0181146617978811,0.4050701863857179,0.1823800661860193,0.049924399703741
0.0366550378780999,21.80286541519489,0.8166798878161335,0.7887706063282894,0.8299999995002001,0.8137254901960784,0.8469387755102041,0.8096514740321283,196,204,177,0.4610466245354208,0.2232203009819598,0.6518950462341309,0.5046730422810409,0.1670374542329762,0.5465124845504761,0.6945116519927979,chipstain_nll_s0_tta,R05-C03,10,10,0.5334986369737424,0.1354532150325413,0.6518852710723877,0.055678516626358,chipstain_nll+tta,0,0.5025048503140342,0.1757863283725591,0.0148091148585081,0.5252358335847223,0.1379195934725614,0.0520313568413257
0.0464495814743947,20.82538663129353,0.7548260643029131,0.7766539312059235,0.763915546524998,0.7713178294573644,0.7566539923954373,0.7886178856812496,263,258,229,0.6731039673127461,0.1472244413215312,0.5543729662895203,0.638090830951955,0.1687480346364659,0.4095597863197326,0.6547218561172485,chipstain_nll_s0_tta,R05-C03,10,50,0.6764910228452632,0.1288448807344062,0.5495504140853882,0.0696234926581382,chipstain_nll+tta,0,0.6322058487648531,0.1721098440386671,0.0161003470420837,0.6737051783849124,0.130089159971824,0.0666957646608352
0.0615552237182369,19.552952870487996,0.6773145842183539,0.708567696244343,0.6499339493024855,0.673972602739726,0.6275510204081632,0.6551724133010964,392,365,304,0.727461647149743,0.1765034600000404,0.371415376663208,0.6569987986655891,0.2059960682357782,0.2241054773330688,0.5717036128044128,chipstain_nll_s0_tta,R05-C03,10,100,0.7546140320937397,0.1215836542003861,0.3702811002731323,0.099079430103302,chipstain_nll+tta,0,0.6717678492807725,0.1916785552396494,0.021324036642909,0.7466614122505052,0.1262152896073882,0.094500795006752
0.0783424926411024,18.127924519973057,0.590125064799138,0.648154214870214,0.5567839191013035,0.6061269146608315,0.5148698884758365,0.6048565116588842,538,457,368,0.6939973040297934,0.1880673540036461,0.2593018412590027,0.5701065208509357,0.2820379818944221,0.1445604562759399,0.5077734589576721,chipstain_nll_s0_tta,R05-C03,10,150,0.6992063527863683,0.1771969811908312,0.2576997876167297,0.1160066872835159,chipstain_nll+tta,0,0.607489252999923,0.2451955349395071,0.0203834120184183,0.6968341208193188,0.1785463352903716,0.1136485412716865
0.0293229815449193,23.05730962829008,0.862809077188527,0.8142639268512779,0.8503401355544449,0.8561643835616438,0.8445945945945946,0.8413284127883879,148,146,123,0.3051041484891746,0.2583018865319689,0.6185799837112427,0.4471611626758814,0.162090430561985,0.6025911569595337,0.6803299784660339,chipstain_nll_s0_tta,R05-C03,11,1,0.4586365486207475,0.1447756857795075,0.6313434839248657,0.0435906164348125,chipstain_nll+tta,0,0.4435483080051212,0.1715209562321772,0.011079654097557,0.4429300939695564,0.1550379593628527,0.0409970171749591
0.0362251989197793,22.70406050754032,0.7925067102948756,0.7923087117169532,0.7655786345149468,0.7543859649122807,0.7771084337349398,0.7622149832166706,166,171,141,0.3466935683293768,0.5883465079979893,0.5200926065444946,0.5029601757286449,0.415906911198495,0.4312853217124939,0.6654292345046997,chipstain_nll_s0_tta,R05-C03,11,10,0.6520041498302276,0.1079070186683846,0.6021763682365417,0.0704388543963432,chipstain_nll+tta,0,0.5908855742219192,0.1633428011376131,0.0330029986798763,0.5854339858941504,0.1818293711408976,0.0512760914862155
0.0436342866310789,21.621939514311595,0.7478343448230725,0.7775621314983883,0.7478632473632569,0.7510729613733905,0.7446808510638298,0.7664399087992142,235,233,206,0.6124557264043192,0.3286752363645278,0.5248950123786926,0.6327569771495414,0.2554387634264101,0.3845244646072387,0.6277782320976257,chipstain_nll_s0_tta,R05-C03,11,50,0.7275155449455274,0.1081639143717477,0.5204087495803833,0.0786579772830009,chipstain_nll+tta,0,0.6555875830783092,0.1790502322118594,0.0297764483839273,0.6769494175688793,0.1560562473072489,0.064755655825138
0.0557718848474578,20.15545872959616,0.6873802415141047,0.7416268166704103,0.609212480927801,0.6426332288401254,0.5790960451977402,0.7104851325261742,354,319,285,0.6711407142577042,0.3310776328349553,0.3993899822235107,0.6403582644554509,0.2847269548251743,0.2778975963592529,0.5774604082107544,chipstain_nll_s0_tta,R05-C03,11,100,0.7832957541464363,0.0988000405601531,0.415874183177948,0.0979629531502723,chipstain_nll+tta,0,0.6793331563204131,0.1830407119973149,0.0352514684200286,0.7238493135227525,0.1606968279516482,0.0811553373932838
0.0709701860704401,18.80578173596735,0.6018030181051084,0.6697123538751979,0.5637254897011276,0.6267029972752044,0.512249443207127,0.6025974021112194,449,367,321,0.5892335312841295,0.4720670336069856,0.2462382912635803,0.534901104443652,0.4225067734228481,0.1541994214057922,0.5072990655899048,chipstain_nll_s0_tta,R05-C03,11,150,0.7579005052545631,0.1296770257562298,0.2976678609848022,0.1332806348800659,chipstain_nll+tta,0,0.6471186741104579,0.2081279205921706,0.0511299669742584,0.6453043180876681,0.2935391076574595,0.1039603948593139
0.023293623257137,24.625779673622844,0.8913099947033677,0.8439417665009878,0.8962264145945176,0.9134615384615384,0.8796296296296297,0.8780487799892445,108,104,97,0.1596464118298622,0.2938433116128963,0.526894748210907,0.3340158325233273,0.2308717229825087,0.5335710048675537,0.6332491636276245,chipstain_nll_s0_tta,R05-C03,12,1,0.3442588727723184,0.2148277592935525,0.5356367230415344,0.0333340056240558,chipstain_nll+tta,0,0.3335307626925213,0.22984235013947,0.0070601301267743,0.3424140986270297,0.216431700989704,0.0322731249034404
0.0244418206894318,24.587907773469972,0.87601190176406,0.8424027416069596,0.8898305079747199,0.9051724137931034,0.875,0.9170305671867433,120,116,109,0.15251218153358,0.319641962103127,0.5346121788024902,0.3182271375001441,0.2599523657079122,0.5353196859359741,0.6384848356246948,chipstain_nll_s0_tta,R05-C03,12,10,0.3392088959057904,0.2440962323729199,0.5407556295394897,0.0352765992283821,chipstain_nll+tta,0,0.3024742776828518,0.264524144807028,0.0076473802328109,0.3411139245977804,0.244702302764691,0.0341249965131282
0.0335809450902082,23.005088051146693,0.8124910617007873,0.8185898136481153,0.8372093018255868,0.8344370860927153,0.84,0.8158844760377432,150,151,127,0.3331832996315373,0.239262957651853,0.5568535327911377,0.2688759024224108,0.262007122162242,0.5142002105712891,0.6012587547302246,chipstain_nll_s0_tta,R05-C03,12,50,0.2737418940572492,0.2450643782097627,0.5584867000579834,0.0435333326458931,chipstain_nll+tta,0,0.2500227770803781,0.262416537682281,0.0090225106105208,0.2751467901116111,0.2455026259720765,0.0422368645668029
0.0450849328503983,21.417007406338456,0.7357855022752251,0.7850868017262791,0.7349665919276789,0.7432432432432432,0.7268722466960352,0.7447306786589077,227,222,200,0.5241183495628302,0.175512517689842,0.5246685743331909,0.4512075050399448,0.2167967881852658,0.4019883871078491,0.5918179750442505,chipstain_nll_s0_tta,R05-C03,12,100,0.4728796448737352,0.1911980737360506,0.5214837789535522,0.0612515397369861,chipstain_nll+tta,0,0.4640213441580638,0.2109529157245321,0.0122624458745121,0.4710504213346297,0.1923908706344424,0.0596637837588787
0.0657547462220586,19.151516125199297,0.6331949178445292,0.7262407106860371,0.5610465111291282,0.5902140672782875,0.5346260387811634,0.7723935384151751,361,327,320,0.7376620786091572,0.1131593463767893,0.3790095448493957,0.6795463287311884,0.1628505049965343,0.28133225440979,0.5498365759849548,chipstain_nll_s0_tta,R05-C03,12,150,0.7402847598404885,0.1109814606024934,0.3931346535682678,0.0931031331419944,chipstain_nll+tta,0,0.6955009964578761,0.1617283874420191,0.0172928646206855,0.7389429742168269,0.111587452316086,0.0910640880465507
0.0150045460356113,28.469257274661757,0.9236414260020128,0.7886470753961732,0.8529411759723182,0.8055555555555556,0.90625,0.7333333328355556,32,36,28,0.0925869981805738,0.3984153193502327,0.3288946747779846,0.1956278131497393,0.3268081581054949,0.3485262989997864,0.541532039642334,chipstain_nll_s0_tta,R05-C03,13,1,0.16372230652224,0.3291374363534589,0.3356956839561462,0.0212480630725622,chipstain_nll+tta,0,0.1764233050409117,0.3308302318390846,0.0038060410879552,0.1601779416567076,0.3350949842825846,0.0207444485276937
0.0159194224449111,28.17618652693313,0.9052238717933988,0.794494432604764,0.8108108103140979,0.75,0.8823529411764706,0.799999999501065,34,40,31,0.0306529361863428,0.4717134975312806,0.3432649374008178,0.2495711903547022,0.3445698646272566,0.3716938495635986,0.5852146148681641,chipstain_nll_s0_tta,R05-C03,13,10,0.2937702836568646,0.3128204966674482,0.3645998239517212,0.0220752786844968,chipstain_nll+tta,0,0.2300643188171738,0.3531862297369976,0.0040151979774236,0.2943551622943605,0.3179370819492282,0.0215444862842559
0.0250266143933649,25.93891983175558,0.8399732904928312,0.7475424707268445,0.7090909085923965,0.6724137931034483,0.75,0.7472527467629514,52,58,39,0.0880240340347333,0.3388014768820616,0.3379135727882385,0.2502489727061753,0.2701801825953384,0.3431398272514343,0.470010757446289,chipstain_nll_s0_tta,R05-C03,13,50,0.2946125987099062,0.2526053899984057,0.344779372215271,0.0264755059033632,chipstain_nll+tta,0,0.1807904410453419,0.288585742258131,0.0053258733823895,0.3064665845526018,0.2525384515595754,0.0256951618939638
0.0314125984552047,24.75642780300175,0.7834414766310299,0.7409109799264573,0.6463414629158238,0.6162790697674418,0.6794871794871795,0.729927006808887,78,86,59,0.2842688578903635,0.2249572996884381,0.379286527633667,0.2248877972507502,0.2422718990519983,0.3710258603096008,0.4555922150611877,chipstain_nll_s0_tta,R05-C03,13,100,0.1793218666610106,0.2546040305446586,0.3745883107185364,0.0336654596030712,chipstain_nll+tta,0,0.1208671094585609,0.2742763588625337,0.0079883346334099,0.1872700709911256,0.2545120067379557,0.0319430865347385
0.0366697170167826,23.705630791013803,0.7366059597235242,0.7369013652502028,0.641025640525641,0.6410256410256411,0.6410256410256411,0.7254901955892444,117,117,87,0.3905013442389349,0.194535991754488,0.4173258543014526,0.2670370406207638,0.2256075635347458,0.397222101688385,0.465089738368988,chipstain_nll_s0_tta,R05-C03,13,150,0.2411429652029863,0.2322005568194543,0.4169841408729553,0.0407823473215103,chipstain_nll+tta,0,0.1827859071616745,0.255835756449042,0.0101858926936984,0.2443491754268382,0.2328761936896908,0.0383109077811241
0.0198525856777107,27.14196105422493,0.8621846611181807,0.7364164564984637,0.8888888883920383,0.8235294117647058,0.9655172413793104,0.9090909085923968,29,34,26,0.0507147279460792,0.8889278127029229,0.3076761364936828,0.322545022414242,0.3409797060376048,0.3828095197677612,0.5772262215614319,chipstain_nll_s0_tta,R05-C03,14,1,0.3719048023464537,0.217573272201822,0.5194858908653259,0.0442714877426624,chipstain_nll+tta,0,0.3882520337485091,0.2303337134968914,0.0261124800890684,0.2971952036244211,0.2875705006853075,0.0280522443354129
0.0191273140712849,27.373717683393345,0.858977784532265,0.7629508202740327,0.7323943656996627,0.6842105263157895,0.7878787878787878,0.8571428566439909,33,38,30,0.078208131284028,0.776908127696711,0.3751152753829956,0.4136780983079371,0.2674430067342211,0.4287624955177307,0.598386287689209,chipstain_nll_s0_tta,R05-C03,14,10,0.4605088774865108,0.2074269767858328,0.5304888486862183,0.0414624810218811,chipstain_nll+tta,0,0.4610511448477191,0.223636422413615,0.0227568205446004,0.4029529302522504,0.25456232527374,0.0279041472822427
0.0219836726763163,26.23111578260808,0.8537417813468663,0.7200778833783439,0.4772727267737603,0.4565217391304347,0.5,0.7948717943747535,42,46,36,0.1310090437753183,0.3952701477316398,0.3789980411529541,0.2541714418882607,0.2945309212518349,0.3791645169258117,0.5196815729141235,chipstain_nll_s0_tta,R05-C03,14,50,0.2274453255145099,0.3028914364722956,0.3714415431022644,0.0271805115044116,chipstain_nll+tta,0,0.1652151142202566,0.3275563200049778,0.0072638192214071,0.2285033076651656,0.3062194943525136,0.0249843299388885
0.029880875031909,24.191369435957046,0.792420173468536,0.6980394949804177,0.4274809155312628,0.4117647058823529,0.4444444444444444,0.7413793098485433,63,68,53,0.2709606456714858,0.3552641343246192,0.4244514107704162,0.3421230222603882,0.231576414859017,0.4192265272140503,0.5071608424186707,chipstain_nll_s0_tta,R05-C03,14,100,0.3484504273696523,0.2127758963798666,0.4480780363082886,0.0395249873399734,chipstain_nll+tta,0,0.2736260680647326,0.2593899086169575,0.0154320280998945,0.3366014474522611,0.2247197587581912,0.0320698358118534
0.0352304644482208,23.661765798621005,0.7485877383208488,0.7250107024168949,0.5287356316839741,0.5348837209302325,0.5227272727272727,0.603550295358846,88,86,81,0.3364448333456377,0.3371077905450347,0.4310373067855835,0.3872743085845688,0.2034480231920852,0.4121631383895874,0.5007116198539734,chipstain_nll_s0_tta,R05-C03,14,150,0.3913276144932724,0.1831786874878025,0.4609982967376709,0.0462509430944919,chipstain_nll+tta,0,0.3486908637135962,0.2143295130725383,0.0177658833563327,0.3705105812049564,0.2067634363933114,0.0374961644411087
0.0207517775971415,26.831398935344524,0.8616066941608201,0.8007899708625891,0.6222222217244444,0.6666666666666666,0.5833333333333334,0.8172043005757891,48,42,45,0.1454598932974805,1.0917417486449428,0.2767723798751831,0.3056964023690532,0.5173689665625246,0.3728923201560974,0.6113910675048828,chipstain_nll_s0_tta,R05-C03,15,1,0.3863022755419234,0.1933895367680471,0.559809684753418,0.0519747212529182,chipstain_nll+tta,0,0.3686071050634937,0.2266261199612275,0.0326283164322376,0.3219028956448863,0.2768333128983913,0.0298321284353733
0.0195414153121981,26.93310783154445,0.8628700125797742,0.8053876563658824,0.7111111106133333,0.7619047619047619,0.6666666666666666,0.7032967027982128,48,42,43,0.1472175481407797,1.0183628910922071,0.3348426222801208,0.3681098048671723,0.5041904028440023,0.4129529595375061,0.6449052095413208,chipstain_nll_s0_tta,R05-C03,15,10,0.4559492955078741,0.1900958813810642,0.5801592469215393,0.0465197302401065,chipstain_nll+tta,0,0.4340305482059097,0.2263513948614375,0.0266888197511434,0.3975919484085012,0.2979219112825665,0.0290272813290357
0.024241621615433,25.641788091609513,0.8322499722052877,0.7924407332584731,0.7155963297762815,0.75,0.6842105263157895,0.7619047614084352,57,52,48,0.1378809612666357,0.726787579608818,0.361396849155426,0.3562683103933655,0.3640384113373913,0.4001219868659973,0.5523467659950256,chipstain_nll_s0_tta,R05-C03,15,50,0.4087176380606815,0.2256482980086759,0.4846893548965454,0.0417506694793701,chipstain_nll+tta,0,0.3547947640176629,0.2696239834074753,0.0200067684054374,0.3664916262953549,0.3298285488343794,0.0298370793461799
0.0337209529087314,23.760980040830965,0.7541507552030731,0.7653367678510609,0.6075949362095817,0.631578947368421,0.5853658536585366,0.6887417213580107,82,76,69,0.2459249643135792,0.8137013841870679,0.3738044500350952,0.4242971168932349,0.5344596143913471,0.3519572019577026,0.5743066072463989,chipstain_nll_s0_tta,R05-C03,15,100,0.5605110722649524,0.1421600949601948,0.540753960609436,0.0658214539289474,chipstain_nll+tta,0,0.5110404554696426,0.1834972352351852,0.040681917220354,0.5120745258271522,0.2046581992967797,0.0375925712287426
0.0416199286923788,21.936510956005968,0.7054841206416673,0.6941043920288971,0.5350877188007078,0.5754716981132075,0.5,0.6877828049352798,122,106,99,0.3529250500203305,0.7166356591761525,0.4123671650886535,0.4851701443141175,0.4862014708042554,0.3542616367340088,0.5932284593582153,chipstain_nll_s0_tta,R05-C03,15,150,0.6097182066397273,0.1301218900657907,0.5322961807250977,0.079873502254486,chipstain_nll+tta,0,0.5869975114845296,0.1636419235588914,0.0486233755946159,0.5545327420267296,0.1902984455166177,0.04603773355484
0.0195958568292594,27.016669079095863,0.8722110655251258,0.8162413607560373,0.8409090904114153,0.902439024390244,0.7872340425531915,0.853932583771241,47,41,42,0.0359995596509909,0.9060336354060188,0.2775146961212158,0.2371993114433481,0.4573465926704848,0.3794900774955749,0.5803415775299072,chipstain_nll_s0_tta,R05-C03,16,1,0.3101379697184313,0.2208724787787795,0.5052895545959473,0.0408205240964889,chipstain_nll+tta,0,0.2671388236304915,0.2678383870631579,0.0217017102986574,0.2434945378261182,0.3324071501724513,0.0270638894289731
0.0191370590943221,27.050012787791093,0.8670263753258388,0.8198376171748422,0.7826086951524102,0.7659574468085106,0.8,0.863636363136622,45,47,43,0.1228600876249607,0.8731708274534179,0.3294490575790405,0.3053913497029459,0.4453768389588708,0.4026380181312561,0.6064844131469727,chipstain_nll_s0_tta,R05-C03,16,10,0.385870677567043,0.2225388529181017,0.51609867811203,0.0388405174016952,chipstain_nll+tta,0,0.3123340095414577,0.2898542741467271,0.0194425359368324,0.3310376353747958,0.3343000256260665,0.0270402617752552
0.0235373711561578,26.27527424149396,0.8390047320871885,0.81594432484464,0.8527131777946036,0.8461538461538461,0.859375,0.8188976372953065,64,65,63,0.1297083824402537,0.5553854966824597,0.3744216561317444,0.3246545270902256,0.2997740763338619,0.3900469541549682,0.5178452730178833,chipstain_nll_s0_tta,R05-C03,16,50,0.3631781436555343,0.2445857228112856,0.4273725152015686,0.0344175435602664,chipstain_nll+tta,0,0.2966485635573662,0.2885047508806327,0.0121718160808086,0.3333085826081019,0.3051846353106564,0.0289255864918231
0.0336950349536602,24.048870027362632,0.7525474419251886,0.7702050812610348,0.5837837832844995,0.6067415730337079,0.5625,0.7709497201730283,96,89,83,0.3173748899891523,0.5772842210918674,0.4202871322631836,0.4755244384197472,0.3242801955585681,0.3849798440933227,0.5449438095092773,chipstain_nll_s0_tta,R05-C03,16,100,0.5478501994684201,0.1586617246097068,0.5051913857460022,0.0593766421079635,chipstain_nll+tta,0,0.5127473723681086,0.2015077497377427,0.0310235526412725,0.5038370266071294,0.2093990549952098,0.0399461053311824
0.0415619753957213,22.63717293062336,0.695611265076376,0.7404883492156847,0.5474452549748788,0.5639097744360902,0.5319148936170213,0.7878787873811123,141,133,123,0.4331752266147088,0.617338620367149,0.4036749005317688,0.5158457637565449,0.4027025095972357,0.3300621509552002,0.5699370503425598,chipstain_nll_s0_tta,R05-C03,16,150,0.6313585488326163,0.1363504240187831,0.4755297303199768,0.0825312137603759,chipstain_nll+tta,0,0.6007933725511069,0.1749463879302851,0.0489795543253421,0.5735165434215173,0.201372636106104,0.0491854473948478
0.0136436662595458,29.58685101383321,0.9309804278595504,0.7791547211842104,0.7213114749131952,0.7857142857142857,0.6666666666666666,0.5573770486836871,33,28,28,-0.0093402125045173,0.4613131614649371,0.2917566895484924,0.1780344034858053,0.3369504666274289,0.3401504755020141,0.5304286479949951,chipstain_nll_s0_tta,R05-C03,17,1,0.1728707243616126,0.3198516947493984,0.3392359018325805,0.0195965748280286,chipstain_nll+tta,0,0.1649792742672555,0.3383673069615134,0.0034109381958842,0.172360398278798,0.3227912307526907,0.0191470347344875
0.0142895513065217,29.70374241595512,0.9158784376070116,0.7922903203247288,0.6969696964715334,0.7419354838709677,0.6571428571428571,0.7812499995043946,35,31,29,-0.1135059228059626,0.5957971123835009,0.2795711159706116,0.3183313469688269,0.3212544815584577,0.3647851943969726,0.5500691533088684,chipstain_nll_s0_tta,R05-C03,17,10,0.4151730808144628,0.247408081425709,0.3739275932312011,0.0201321970671415,chipstain_nll+tta,0,0.3142191068747397,0.3144630277593145,0.0035153741482645,0.4161255607801448,0.250972580974821,0.019667949527502
0.0209861546049311,28.82092403441697,0.8643038740593059,0.8099999685431619,0.7761194024878593,0.8387096774193549,0.7222222222222222,0.5937499995078124,36,31,28,-0.0949368814321206,0.4315026936669727,0.2144868373870849,0.2994236826498351,0.26795892343086,0.25444495677948,0.3846580386161804,chipstain_nll_s0_tta,R05-C03,17,50,0.3508828093690661,0.2295959886212874,0.2507189512252807,0.0224118735641241,chipstain_nll+tta,0,0.2586446912004291,0.2726175678584672,0.0042699803598225,0.3554513551593386,0.2311927868334718,0.0217965170741081
0.0260024874742684,27.63484128774642,0.8206248860678953,0.783277663361181,0.6666666661709534,0.7346938775510204,0.6101694915254238,0.5940594054547593,59,49,42,-0.0096354405983897,0.3035985065127148,0.2514141798019409,0.36640836871542,0.1875496076941391,0.2766117453575134,0.3501584529876709,chipstain_nll_s0_tta,R05-C03,17,100,0.391569272672088,0.1677280313834712,0.2776117324829101,0.0263339951634407,chipstain_nll+tta,0,0.2966321070769334,0.1987808289067071,0.0053902249783277,0.3991125947821961,0.168063096604124,0.0255065523087978
0.0321015976880909,25.470266784518433,0.772999907088907,0.7449396841641802,0.6390532539383075,0.6585365853658537,0.6206896551724138,0.6710526310894217,87,82,65,0.2500214783883234,0.2194204380014746,0.3564122319221496,0.4348011356085667,0.1581095402755745,0.3427215814590454,0.3993360996246338,chipstain_nll_s0_tta,R05-C03,17,150,0.4621450327583855,0.1369940037448753,0.3518940210342407,0.0365377254784107,chipstain_nll+tta,0,0.3688205800693202,0.1733476278363917,0.0104611683636903,0.4750076364851945,0.1360238870858442,0.0332229994237422
0.0213696618597415,25.282350168280047,0.8979590436428897,0.8350579922381407,0.8313253007051096,0.8518518518518519,0.8117647058823529,0.7567567562678049,85,81,63,0.0685908430139233,0.3879339233410482,0.5002709031105042,0.3100200319240944,0.2369932796862068,0.5234858989715576,0.630737841129303,chipstain_nll_s0_tta,R05-C03,18,1,0.3108229867639546,0.223132296163619,0.5232633352279663,0.0324293933808803,chipstain_nll+tta,0,0.3080177990160107,0.2364397977720194,0.0079877488315105,0.3048830146609116,0.2275177572427362,0.0306673273444175
0.0239243832196496,24.229251329715645,0.8739805486231058,0.8034620066143038,0.7650273219043865,0.7692307692307693,0.7608695652173914,0.7261146491963162,92,91,65,0.0329003815921365,0.363544811734074,0.5440119504928589,0.3414381076286948,0.2370649354846227,0.5566648244857788,0.6620827913284302,chipstain_nll_s0_tta,R05-C03,18,10,0.3848688317717617,0.2067774688114396,0.557328999042511,0.0327147655189037,chipstain_nll+tta,0,0.3149922659006144,0.2461247081744707,0.0071937786415219,0.3854325960492121,0.2081583751941723,0.0315509550273418
0.0314785666143362,23.078741173767657,0.8145570851251188,0.7914164129440426,0.7169811315756496,0.7307692307692307,0.7037037037037037,0.6850828724468727,108,104,73,0.160521176481688,0.3797355149082081,0.5020918846130371,0.3220800266559631,0.2420089527383687,0.4979520440101623,0.581331729888916,chipstain_nll_s0_tta,R05-C03,18,50,0.3274897278043112,0.225667965169654,0.5215456485748291,0.0397924594581127,chipstain_nll+tta,0,0.2859732918222685,0.2517989271328548,0.0111488392576575,0.3225473615018334,0.2293789764303059,0.0363870412111282
0.0400577397133441,21.11249924133364,0.7615979310170397,0.7364707549210471,0.6587537086988527,0.6646706586826348,0.6529411764705882,0.617543859167744,170,167,115,0.3965780169655729,0.2744047562273661,0.586182713508606,0.4401158649340088,0.2021380573943429,0.5100405216217041,0.6291074752807617,chipstain_nll_s0_tta,R05-C03,18,100,0.4643174254480091,0.1773811002570834,0.5836726427078247,0.0529897026717662,chipstain_nll+tta,0,0.4215251890972274,0.2277776321543797,0.0177004747092723,0.4572942986693706,0.1775223483572627,0.0468759909272193
0.0446814908778704,20.47698439829454,0.7422650478352059,0.7524522817511335,0.611494252374961,0.6456310679611651,0.5807860262008734,0.637974683057023,229,206,166,0.5016626439969001,0.299578675591461,0.5476543307304382,0.5133670899365294,0.2134363518153902,0.4422568678855896,0.63758784532547,chipstain_nll_s0_tta,R05-C03,18,150,0.5691337669413318,0.1530474513895583,0.5551325082778931,0.0646631717681884,chipstain_nll+tta,0,0.5038858690306475,0.2247885835741472,0.0232210736721754,0.5484294937565335,0.1608640670116208,0.0553708299994468
0.0239918221751205,24.291470934594912,0.8850132172902708,0.7881979883742486,0.8934010147285424,0.88,0.9072164948453608,0.8085106377983816,97,100,91,0.2044087875041592,0.294003653812623,0.5824828743934631,0.4133866382062268,0.1981488766909374,0.5876476764678955,0.6739102602005005,chipstain_nll_s0_tta,R05-C03,19,1,0.4214324517531393,0.1832965997448638,0.5941152572631836,0.0355329103767871,chipstain_nll+tta,0,0.4287440476397794,0.1897827361159409,0.0075491545721888,0.4168930520396577,0.1867307869280798,0.0344460643827915
0.0250756044657047,24.238794560872524,0.870408858411685,0.8024027667357476,0.8940092160899572,0.9065420560747663,0.8818181818181818,0.7980769225785873,110,107,98,0.2201192347875828,0.2864652662672652,0.5895938873291016,0.4459078368449194,0.2002583098608745,0.5833263397216797,0.6689767241477966,chipstain_nll_s0_tta,R05-C03,19,10,0.4499957245868883,0.1922521832231165,0.5888767242431641,0.0381147488951683,chipstain_nll+tta,0,0.4433307046043602,0.2019388413183442,0.0087939519435167,0.4470109408222782,0.1957215708183889,0.0367118120193481
0.0359455344205276,22.815010996767334,0.7810819693901859,0.7667019903449687,0.7806451607903434,0.7857142857142857,0.7756410256410257,0.7728813554338638,156,154,139,0.3815174879691435,0.4105590664902843,0.5214873552322388,0.5531777882635852,0.1971788643745302,0.4605510234832763,0.5976660251617432,chipstain_nll_s0_tta,R05-C03,19,50,0.6035571800863901,0.1534776919695382,0.5495497584342957,0.0595521070063114,chipstain_nll+tta,0,0.555563751456846,0.1985905812980596,0.0235637631267309,0.5742498024430495,0.1748026137592386,0.0484183430671691
0.0556012094157914,20.110749892643405,0.6525721788735737,0.6648797190480806,0.6576576571577488,0.6666666666666666,0.6488888888888888,0.6969696964789944,225,219,171,0.5604974683676419,0.6901947865187169,0.369284451007843,0.6159547799432749,0.4899777461989573,0.2414353489875793,0.5870341062545776,chipstain_nll_s0_tta,R05-C03,19,100,0.8021144794808306,0.0872992122761735,0.4468675255775451,0.120689257979393,chipstain_nll+tta,0,0.7230373307173839,0.1543216194881073,0.0699890404939651,0.7306037532948824,0.1783341553276331,0.0722457095980644
0.0660398143116685,19.454567307571672,0.5995852699541853,0.6751066532694464,0.6015999995010765,0.6308724832214765,0.5749235474006116,0.5961199289650345,327,298,240,0.6293758816122873,0.4832703936297545,0.2929437160491943,0.5817966048644606,0.4430407976529879,0.1883853077888488,0.5078423023223877,chipstain_nll_s0_tta,R05-C03,19,150,0.7994931614405786,0.0992794161702578,0.334440529346466,0.1288963705301284,chipstain_nll+tta,0,0.6790934222905071,0.1845418216398159,0.0600834712386131,0.7087211295265744,0.1984719874732683,0.0913492888212204
0.0219316495664307,24.74095824373937,0.8992338862368175,0.7918103721958946,0.8170731702317817,0.8271604938271605,0.8072289156626506,0.7114093954796629,83,81,66,0.303203541014832,0.2388515741062943,0.5815610885620117,0.4135694895596782,0.1752122953213344,0.5949892997741699,0.6630823612213135,chipstain_nll_s0_tta,R05-C03,2,1,0.4487218818214809,0.1604548674939572,0.6016325354576111,0.0320801064372062,chipstain_nll+tta,0,0.4544192921815033,0.1603013295586767,0.0063414764590561,0.4442908891378314,0.1629011175371037,0.0312349703162908
0.0218062788798658,25.071709880115588,0.8913829898570943,0.8163543150433961,0.7999999995006227,0.8292682926829268,0.7727272727272727,0.7581699341518219,88,82,65,0.1884399880117059,0.3142907011924415,0.560816764831543,0.4480815800643287,0.1932684899670661,0.5724407434463501,0.6566846966743469,chipstain_nll_s0_tta,R05-C03,2,10,0.5483784226559563,0.1476838418831723,0.5812352895736694,0.0317630283534526,chipstain_nll+tta,0,0.4695164770558467,0.1819685723745964,0.0064343186095356,0.5469050193589252,0.1500789182903918,0.0308747664093971
0.0300604368970159,23.799170082894708,0.8368075986886906,0.7979929213476822,0.7657657652658062,0.7589285714285714,0.7727272727272727,0.7596153841170487,110,112,98,0.3287366885832675,0.2371985760827087,0.5307693481445312,0.4356253409131401,0.1918631674103446,0.5154430270195007,0.577114999294281,chipstain_nll_s0_tta,R05-C03,2,50,0.4946284810226519,0.1560145064661486,0.5284378528594971,0.0409341901540756,chipstain_nll+tta,0,0.4194774553782506,0.2008723924725529,0.0097026117146015,0.4968617440166142,0.1560178241058882,0.0390424132347106
0.0403543409835817,22.441377695121425,0.7529849273240142,0.7679239719412916,0.6824925811043154,0.7278481012658228,0.6424581005586593,0.6455696197619971,179,158,137,0.5595721365586872,0.2862602590692491,0.5037652254104614,0.5620522512321575,0.1995978324518036,0.3986952900886535,0.5683015584945679,chipstain_nll_s0_tta,R05-C03,2,100,0.6397701348932392,0.1298132199423836,0.4955772161483764,0.0664504319429397,chipstain_nll+tta,0,0.5518097594152923,0.2005590851393325,0.026141645386815,0.6095409009328866,0.1546385970444678,0.0535715818405151
0.0542137347592904,20.581601310517986,0.669046644494644,0.7379515463828069,0.6296296291317973,0.6740088105726872,0.5907335907335908,0.7381974243989297,259,227,207,0.6725372633715965,0.3300755155485835,0.4151861071586609,0.6379512377778707,0.2849427265659847,0.3108278512954712,0.5424762964248657,chipstain_nll_s0_tta,R05-C03,2,150,0.7644663583748362,0.1071105610377842,0.4116190075874328,0.0952911004424095,chipstain_nll+tta,0,0.6627011634661549,0.1875698370945396,0.037759430706501,0.6954287625838773,0.1874582332521079,0.0750530883669853
0.0255013208993529,23.790153629639555,0.8893575671442433,0.8335159083814798,0.8355555550560394,0.8623853211009175,0.8103448275862069,0.7809523804578684,116,109,94,0.2052039476582838,0.2480629018110097,0.5644491910934448,0.3790425198006886,0.1866106038491374,0.567475438117981,0.6385814547538757,chipstain_nll_s0_tta,R05-C03,20,1,0.3309060895403473,0.2032348890308543,0.5702007412910461,0.034607533365488,chipstain_nll+tta,0,0.3940468535476435,0.1774939771488452,0.0071861329488456,0.3241648641788976,0.206123399160995,0.0335673727095127
0.0264514622748786,23.907545561856217,0.8698627704862711,0.8188944944282325,0.8425531909898054,0.868421052631579,0.8181818181818182,0.8214285709318001,121,114,103,0.1802066518248718,0.2933405478787327,0.6009908318519592,0.389732052512363,0.1979122647145174,0.601310670375824,0.6804229021072388,chipstain_nll_s0_tta,R05-C03,20,10,0.3761227684487949,0.2030617709706396,0.6089324355125427,0.0371186509728431,chipstain_nll+tta,0,0.3914510821313746,0.1930558623008371,0.0076897130347788,0.3737024118424311,0.206018125164529,0.0360395051538944
0.0372316917584711,21.99126244388446,0.7948320381114006,0.7780712836640364,0.8047337273106684,0.8095238095238095,0.8,0.7619047614079112,170,168,145,0.4903739907169918,0.1916392411476169,0.6107099652290344,0.430201531483804,0.2036422535678509,0.533221960067749,0.6468569040298462,chipstain_nll_s0_tta,R05-C03,20,50,0.3519333445137084,0.2259594653157094,0.607516348361969,0.0499896109104156,chipstain_nll+tta,0,0.4083014068624934,0.2092884920701144,0.0103184226900339,0.3480846292958072,0.2287161943004678,0.0485745668411254
0.0463805359921701,20.97207152885393,0.743970680555892,0.7715791395185535,0.6638115626708362,0.7045454545454546,0.6275303643724697,0.6447058818661203,247,220,178,0.586692172117956,0.1566687682321397,0.5539593696594238,0.6100839940834971,0.1634761900081597,0.4073591828346252,0.6559808850288391,chipstain_nll_s0_tta,R05-C03,20,100,0.6203156465534808,0.1364989602401436,0.5563614368438721,0.065861240029335,chipstain_nll+tta,0,0.6032888563813658,0.1590593346526125,0.0127296932041645,0.6180046054181995,0.1372718312474619,0.0642458200454711
0.0697045417162242,18.53964156503728,0.6221648233430122,0.707682291895601,0.5718518513529064,0.5993788819875776,0.546742209631728,0.679867986312295,353,322,253,0.7724840654414498,0.1131784715008257,0.3743396997451782,0.7082190787233489,0.1648298582477739,0.2702321410179138,0.5557898283004761,chipstain_nll_s0_tta,R05-C03,20,150,0.7761889945089748,0.1083431586376086,0.3754332661628723,0.0977531820535659,chipstain_nll+tta,0,0.7088769044161568,0.1741136025686092,0.0177878644317388,0.7749498580773194,0.1087483248255622,0.0956569761037826
0.0157913821870727,28.02197356519223,0.923035499637928,0.800876407620749,0.7222222217237654,0.7647058823529411,0.6842105263157895,0.7878787873902662,38,34,28,0.0269988591379117,0.3869124047580812,0.3622686266899109,0.1418527854375789,0.3144651178468592,0.3922861218452453,0.5672730207443237,chipstain_nll_s0_tta,R05-C03,21,1,0.1279817572813719,0.3193317906924146,0.383087158203125,0.0237051881849765,chipstain_nll+tta,0,0.1067652770207693,0.324553155938699,0.0046313577331602,0.1296625646037885,0.3207462807166951,0.0230343304574489
0.0175625617143116,27.256862049535112,0.8997408771527062,0.7978692726965317,0.7209302320581394,0.7209302325581395,0.7209302325581395,0.7199999995107556,43,43,32,0.0017970468172563,0.5005698192204325,0.4069738984107971,0.2726075819158088,0.2918618282013956,0.4536740183830261,0.6107025742530823,chipstain_nll_s0_tta,R05-C03,21,10,0.2289699652560248,0.3203208531333521,0.451720118522644,0.0272035561501979,chipstain_nll+tta,0,0.2335937795612748,0.3133443932581599,0.0065873907878994,0.2248630839132954,0.3243834153200285,0.025431690737605
0.0248824915589919,26.067071586687938,0.840726990540014,0.7719789476646289,0.7130434777609074,0.7192982456140351,0.7068965517241379,0.7766990286341784,58,57,45,0.1108528818507606,0.4172706710575717,0.3814399242401123,0.3499216178717083,0.2437795185388063,0.399413526058197,0.4913409948348999,chipstain_nll_s0_tta,R05-C03,21,50,0.3330925057836673,0.2477125015488762,0.4090049862861633,0.0324925668537616,chipstain_nll+tta,0,0.2876252744722661,0.2658313828484925,0.009582876227796,0.3254976783167305,0.2569168107066155,0.0292428154498338
0.032226550325442,24.74275782311331,0.7664826397566025,0.7582363759436379,0.6741573028713546,0.6976744186046512,0.6521739130434783,0.6666666661758879,92,86,70,0.3369159402415139,0.4572956770589376,0.4132891893386841,0.4477776238594176,0.2646339837546982,0.3772373795509338,0.5034393072128296,chipstain_nll_s0_tta,R05-C03,21,100,0.4496647217228812,0.2013576200657989,0.4611091613769531,0.0532520227134227,chipstain_nll+tta,0,0.4443416424785088,0.2140916040236253,0.0254920851439237,0.412884518149836,0.2709912047456387,0.0387379080057144
0.0431950185105603,22.870975418197887,0.6800541569588258,0.727009891969725,0.3949044580997201,0.3780487804878049,0.4133333333333333,0.6821705421489094,150,164,108,0.4885725989978646,0.6646452559065569,0.3701341152191162,0.5180553447774878,0.4779483800085329,0.2657960057258606,0.5459038019180298,chipstain_nll_s0_tta,R05-C03,21,150,0.6491455844809731,0.1396900550232288,0.4524237513542175,0.0954851284623146,chipstain_nll+tta,0,0.6095375236368051,0.1736552975198856,0.0613845735788345,0.5871659114388862,0.2173052413838651,0.0526094995439052
0.0162037358055757,28.99763604789317,0.8846122165981656,0.8226238090349134,0.7540983601623219,0.8518518518518519,0.6764705882352942,0.8437499995019531,34,27,30,-0.0240368721916373,1.022719658579636,0.2088380455970764,0.256948468025404,0.3589338462435419,0.3588896989822387,0.5372026562690735,chipstain_nll_s0_tta,R05-C03,22,1,0.2899094327275172,0.2820768270834662,0.423169732093811,0.0380337573587894,chipstain_nll+tta,0,0.2747558008648599,0.3007114193577407,0.0208699032664299,0.246615328985067,0.3242670910215044,0.0252523086965084
0.0166950143078628,28.407485412178794,0.8738409955609231,0.8141531180210173,0.6969696964770432,0.7931034482758621,0.6216216216216216,0.840579709647553,37,29,32,-0.0870851176086599,0.9948522317496428,0.2500538229942322,0.3090137519258309,0.3714951923416215,0.3840057253837585,0.5702678561210632,chipstain_nll_s0_tta,R05-C03,22,10,0.3433100355514131,0.2905282924139467,0.4464343190193176,0.0375766530632972,chipstain_nll+tta,0,0.3182062101009645,0.313864566086257,0.0201404523104429,0.3068966509531489,0.3335389685034565,0.0251886397600173
0.0230568291676162,27.08093543768692,0.8207403380356928,0.7894401128185297,0.6741573028784245,0.7692307692307693,0.6,0.8723404250339519,50,39,44,-0.0468014867789129,0.7774414004574732,0.2501683831214905,0.286393262649295,0.3507358129659417,0.3096350431442261,0.4587529897689819,chipstain_nll_s0_tta,R05-C03,22,50,0.3254873377865491,0.272897558845307,0.3798535466194153,0.0404315181076526,chipstain_nll+tta,0,0.2649026279795397,0.304159999923317,0.0211411286145448,0.2987774332305285,0.301119234916642,0.0277223791927099
0.0307448404736667,25.35517545458262,0.7619636615788002,0.7663465466994107,0.6289308171116649,0.6666666666666666,0.5952380952380952,0.7763157889792243,84,75,68,0.1158174604806691,0.5617659461746521,0.3183750510215759,0.3371045808173319,0.2711331371552682,0.3275931477546692,0.4490298628807068,chipstain_nll_s0_tta,R05-C03,22,100,0.3773188763343301,0.2102017610527581,0.4088700413703918,0.0496386773884296,chipstain_nll+tta,0,0.3315573525126865,0.2342882062800404,0.0252288207411766,0.3558485472772958,0.2342325950563655,0.0348229743540287
0.0367112229777937,23.86145381107332,0.7196777928964434,0.755270147689904,0.6666666661676285,0.6972477064220184,0.6386554621848739,0.7582938383707464,119,109,92,0.3046954504504956,0.5002812195886299,0.3657343983650207,0.3583752717603791,0.341772010602178,0.323573887348175,0.4735360741615295,chipstain_nll_s0_tta,R05-C03,22,150,0.3864512547426409,0.2154584052051227,0.4334530234336853,0.0601608231663703,chipstain_nll+tta,0,0.369256364419994,0.2321342123836708,0.0302104391157627,0.3539078093699503,0.2439843714035664,0.0427723564207553
0.0161262447843368,29.547396356745345,0.8853281256390624,0.8253253834840466,0.6769230764326627,0.7857142857142857,0.5945945945945946,0.8529411759744808,37,28,31,0.0090184600756224,1.050850133807813,0.1658089756965637,0.201246989892145,0.4231405493857502,0.3173326253890991,0.5292099118232727,chipstain_nll_s0_tta,R05-C03,23,1,0.2633305099428572,0.257064218236626,0.4210929870605469,0.0359941832721233,chipstain_nll+tta,0,0.2340320434996264,0.2928981344827345,0.0195132661610841,0.2030120811497936,0.3212734951373789,0.0234875436872243
0.0156934878643962,29.050116743835112,0.8770007511914728,0.8142168896720342,0.6769230764288757,0.7586206896551724,0.6111111111111112,0.8307692302750296,36,29,29,-0.080629509594234,1.0685159450009751,0.215064525604248,0.2919982281166757,0.4095575793451003,0.3601672053337097,0.5836917757987976,chipstain_nll_s0_tta,R05-C03,23,10,0.3364484185824869,0.2796161581709933,0.4564076066017151,0.0353858135640621,chipstain_nll+tta,0,0.3300429966581545,0.2944006961865809,0.0183059535920619,0.2877538205981003,0.3453832769416138,0.023932185024023
0.0203714118120789,28.3836988116719,0.8402627714438616,0.8319497049711768,0.7906976739196864,0.8292682926829268,0.7555555555555555,0.7469879513107853,45,41,38,-0.1127987499709249,0.7736271036780596,0.2102981805801391,0.2712306289790402,0.3704099339317077,0.2876980304718017,0.4588381648063659,chipstain_nll_s0_tta,R05-C03,23,50,0.3170255258032301,0.2847082010488883,0.338982343673706,0.0336582548916339,chipstain_nll+tta,0,0.2440992583118032,0.3262462162926363,0.015109940432012,0.2877426450561559,0.3282367963721843,0.0247783474624156
0.0275265875179142,26.421743309813447,0.7827618685990536,0.7983810400673054,0.6140350872199137,0.5932203389830508,0.6363636363636364,0.699999999505,55,59,45,0.022507293875632,0.5669616145943682,0.2807713150978088,0.2920271617798679,0.3120995548280775,0.2948683500289917,0.4262704849243164,chipstain_nll_s0_tta,R05-C03,23,100,0.3273627698118572,0.2298828491786123,0.3605692386627197,0.0401594601571559,chipstain_nll+tta,0,0.3041998290332174,0.236796668373001,0.0179547183215618,0.30346938578048,0.2676165724053587,0.03001020103693
0.0351191662482903,24.112070884950576,0.7205247586212559,0.7378608054273661,0.538461537963593,0.5060240963855421,0.5753424657534246,0.7633587781325097,73,83,58,0.1846675276420461,0.5399636077826032,0.3553579449653625,0.3751934051596907,0.3246314317344773,0.339387834072113,0.474955677986145,chipstain_nll_s0_tta,R05-C03,23,150,0.410582881567146,0.1879728327248017,0.4414311647415161,0.0545006059110164,chipstain_nll+tta,0,0.389658391806179,0.2067158039154356,0.027200736105442,0.3803052965455312,0.2222730314261684,0.0379922799766063
0.0183250873786585,26.890122264308044,0.905782998890748,0.8666322189450032,0.9019607838139178,0.92,0.8846153846153846,0.9523809518809976,52,50,53,0.1539483388516961,0.3978705502873215,0.3553335070610046,0.1362471874729073,0.300734692899627,0.3894537687301636,0.5136180520057678,chipstain_nll_s0_tta,R05-C03,24,1,0.1611498588295272,0.2832969346417108,0.391252338886261,0.0281855426728725,chipstain_nll+tta,0,0.1290519917618212,0.3105586291199022,0.0083805797621607,0.1501872762062269,0.2861831974056242,0.0253942813724279
0.0181227458337945,26.750275062420744,0.8951111654199037,0.8532265393737606,0.8412698407698412,0.8412698412698413,0.8412698412698413,0.9105691051913544,63,63,60,0.1440759879068014,0.4336079825671483,0.4136789441108703,0.2385770435818841,0.2826410269629681,0.4544850587844848,0.5912237763404846,chipstain_nll_s0_tta,R05-C03,24,10,0.2865851791375486,0.2539815993109111,0.4618772268295288,0.0302075091749429,chipstain_nll+tta,0,0.2553571034300607,0.2793861034165965,0.0094071784988045,0.275883069342547,0.2593935708881262,0.0269926525652408
0.0236437462707311,24.747560079488,0.8505276507092836,0.8182621454078693,0.857142856642857,0.8571428571428571,0.8571428571428571,0.8139534878723633,84,84,88,0.1163152517028276,0.3487497549228548,0.4810983538627624,0.2913301049339656,0.2761350010610369,0.4864163994789123,0.6071659326553345,chipstain_nll_s0_tta,R05-C03,24,50,0.3570944955821848,0.2341171466887934,0.4889244437217712,0.0304900202900171,chipstain_nll+tta,0,0.2849924774042208,0.2756756241501131,0.0060162949375808,0.3567742336995081,0.2360346576364993,0.0296818371862173
0.0309804677584571,23.12687091093637,0.8000129745707565,0.8017528745599493,0.6184738950852404,0.6695652173913044,0.5746268656716418,0.7999999995012994,134,115,121,0.2439332690033786,0.2720850396959375,0.5267664194107056,0.2972569470943864,0.2489409283867771,0.5105067491531372,0.5899635553359985,chipstain_nll_s0_tta,R05-C03,24,100,0.3443265294783738,0.2124362195987308,0.5271899104118347,0.0373130030930042,chipstain_nll+tta,0,0.2942371279482246,0.2412097284143502,0.0074518900364637,0.3430863990224069,0.214583930739164,0.0362896062433719
0.0406641179788694,21.84441512246608,0.736859821920152,0.7921601665471424,0.5449275357341062,0.5838509316770186,0.5108695652173914,0.7988338187446388,184,161,159,0.4378529405901483,0.1970879695472084,0.5515042543411255,0.4386188813037457,0.2005803859614374,0.4826867580413818,0.6005452871322632,chipstain_nll_s0_tta,R05-C03,24,150,0.4727300995709637,0.1743937451697069,0.5486820340156555,0.0514110997319221,chipstain_nll+tta,0,0.4582383848337488,0.1896729792702228,0.0102728679776191,0.4710231313342766,0.1760294091418731,0.050057727843523
0.0178914070578857,26.598286565896107,0.9177695361532788,0.8256691491686371,0.7933884292523735,0.7741935483870968,0.8135593220338984,0.8867924523365965,59,62,47,0.2121994613736942,0.3064890279453374,0.4421306252479553,0.2298321341672179,0.2676133699421087,0.4497799277305603,0.5805575847625732,chipstain_nll_s0_tta,R05-C03,3,1,0.2764707358536495,0.2441342565268712,0.452666699886322,0.0263056475669145,chipstain_nll+tta,0,0.244330272608271,0.2589034181930758,0.0054766619578003,0.276465576105431,0.2461268473380789,0.0254831444472074
0.0181474938392395,26.50352320351997,0.9037215840542578,0.8274944360954128,0.7086614168228657,0.7142857142857143,0.703125,0.9059829054873256,64,63,53,0.106436210554668,0.3595635853782789,0.4559239745140075,0.2620405191515345,0.2925265507969049,0.4727326035499573,0.6313972473144531,chipstain_nll_s0_tta,R05-C03,3,10,0.3080293340916752,0.2591648082409499,0.4748675227165222,0.0283853560686111,chipstain_nll+tta,0,0.2493529919435122,0.2921300533944532,0.0060833129100501,0.3104829375790877,0.2603033684774826,0.0274658612906932
0.0284684227762308,24.381839828795044,0.8370667635704143,0.7749155938697423,0.7388535026852205,0.7631578947368421,0.7160493827160493,0.7887323938761158,81,76,61,0.2037220658141804,0.2777230687791663,0.4497113227844238,0.3001055911029628,0.2384691061588494,0.4420649409294128,0.5318950414657593,chipstain_nll_s0_tta,R05-C03,3,50,0.3643645358943116,0.2069769473516231,0.4494708776473999,0.0334679558873176,chipstain_nll+tta,0,0.2892946869466877,0.2355667092023967,0.0072341379709541,0.3700123907824172,0.206691048633659,0.0324164479970932
0.0343900326397848,23.336861576328857,0.793341308830315,0.7749303502808161,0.7091633461139347,0.7295081967213115,0.689922480620155,0.793248944651605,129,122,108,0.3793292005237879,0.1973912216810912,0.4856601357460022,0.3060677798561325,0.2243652673225226,0.4603624939918518,0.5300058126449585,chipstain_nll_s0_tta,R05-C03,3,100,0.3311328507044351,0.2075248647590334,0.4845459461212158,0.0417846366763114,chipstain_nll+tta,0,0.2692502033827138,0.2382770716151276,0.0099613741040229,0.3353858574680603,0.2069466783976833,0.0399271138012409
0.0482265582082664,21.291174588771785,0.6837975139342772,0.7310881814847999,0.6611570242934225,0.6557377049180327,0.6666666666666666,0.6463414629193931,180,183,148,0.5565904955337208,0.4309104065698512,0.4506064057350158,0.5845270323227364,0.3071807187188558,0.3615667223930359,0.5644536018371582,chipstain_nll_s0_tta,R05-C03,3,150,0.6934251173391555,0.1201650964381811,0.4664220213890075,0.0832121670246124,chipstain_nll+tta,0,0.6274769969261574,0.1813217339389136,0.0363630205392837,0.6371497061212789,0.1661299083753211,0.0623429529368877
0.0179480287997416,27.21473201856274,0.9123454358993468,0.8408199947811271,0.9516129027258065,0.9516129032258064,0.9516129032258064,0.9499999995005556,62,62,58,0.1671294632362562,0.3239594759822806,0.4155225157737732,0.2001220402864451,0.2916256836585153,0.4267908334732055,0.5718732476234436,chipstain_nll_s0_tta,R05-C03,4,1,0.2133159043907052,0.2827413197356238,0.4302796721458435,0.0275794956833124,chipstain_nll+tta,0,0.2090446244059668,0.2850942580957557,0.0054410994052886,0.2123256521870669,0.2854453901230734,0.0268019195646047
0.0182477298973761,26.911526080372106,0.8999741003933873,0.8322997556758189,0.8321167878211946,0.8382352941176471,0.8260869565217391,0.8805970144258186,69,68,65,0.1203734000061614,0.3748055210058514,0.4455907344818115,0.3117285974135151,0.2949945576191062,0.4556750655174255,0.619171679019928,chipstain_nll_s0_tta,R05-C03,4,10,0.3461226352140956,0.2833992747002105,0.4611973762512207,0.0289113502949476,chipstain_nll+tta,0,0.3159146286605697,0.2946817454713757,0.0059392657130956,0.3459721838053882,0.2865182680133283,0.0280334521085023
0.0262644710085681,25.519702272658023,0.8439183598909665,0.8263776273730514,0.8695652168913159,0.8737864077669902,0.8653846153846154,0.8965517236382343,104,103,99,0.2192271480009196,0.2969908644339407,0.42723548412323,0.2865745579601194,0.2740210425088509,0.4233016967773437,0.517640233039856,chipstain_nll_s0_tta,R05-C03,4,50,0.2961270775202408,0.2655202102951951,0.4288185834884643,0.0350491814315319,chipstain_nll+tta,0,0.2403631646653188,0.2866870507969464,0.0075049675069749,0.3015802919163227,0.2657933275993603,0.0339269787073135
0.0377527420981019,23.28196069950692,0.7556981862973062,0.7825846407888319,0.765100670640962,0.7702702702702703,0.76,0.8842105258171744,150,148,135,0.4256378143316963,0.2598639511564843,0.498209536075592,0.5081020959490696,0.1811215314393376,0.4419861435890198,0.536022424697876,chipstain_nll_s0_tta,R05-C03,4,100,0.538677448798569,0.1591843584205748,0.4962957501411438,0.0562761612236499,chipstain_nll+tta,0,0.4957630141576634,0.1930859033299851,0.0180380623787641,0.5268545234129111,0.1647646016917217,0.0499691292643547
0.0440384455072045,21.978930725663467,0.7145661883308794,0.7631109303252209,0.6445012782733237,0.6737967914438503,0.6176470588235294,0.8095238090269588,204,187,174,0.4898728475974701,0.350121752200184,0.4738784432411194,0.5661539094204838,0.2466534943722035,0.38086998462677,0.5643781423568726,chipstain_nll_s0_tta,R05-C03,4,150,0.6566988744383668,0.1211441565668923,0.487183928489685,0.0710876584053039,chipstain_nll+tta,0,0.5980777744305058,0.1763316526479457,0.026823740452528,0.623510222574028,0.1460320926717723,0.0583415850996971
0.0158025183903916,28.227960664209135,0.9260191553004788,0.828261739757142,0.7999999995031999,0.8695652173913043,0.7407407407407407,0.7608695647325141,54,46,38,0.1971077916288854,0.3103754344592493,0.3948265314102173,0.2103060229268872,0.2883575139349816,0.407827615737915,0.5599433183670044,chipstain_nll_s0_tta,R05-C03,5,1,0.1825096100303143,0.2896711387698455,0.4005995988845825,0.0242508184164762,chipstain_nll+tta,0,0.2018941408637945,0.2856554528708131,0.0047864965163171,0.1800678949058247,0.2926132396876175,0.0235593169927597
0.0175794444992123,27.279117788727273,0.906630773511714,0.8065936276046092,0.8245614030089257,0.8103448275862069,0.8392857142857143,0.7799999995071999,56,58,44,0.1805314531567955,0.327230382826678,0.4807438850402832,0.3398571771016628,0.2598675104038062,0.4977884888648987,0.6442822813987732,chipstain_nll_s0_tta,R05-C03,5,10,0.4029228392203699,0.2174109641164963,0.4979036450386047,0.0270186103880405,chipstain_nll+tta,0,0.3519857718708262,0.2454271399716221,0.0055085159838199,0.4024117283827951,0.2208022216384983,0.0262040328234434
0.0236821711190605,26.740103298026167,0.8631813822429397,0.8225025079532599,0.7591240870925463,0.8,0.7222222222222222,0.7226890751523197,72,65,47,0.1793737105442466,0.2967849213514339,0.3732720017433166,0.3452872785711326,0.2355241390493031,0.3755170106887817,0.4758329391479492,chipstain_nll_s0_tta,R05-C03,5,50,0.430400951198423,0.1950710242728485,0.3795551061630249,0.0284045059233903,chipstain_nll+tta,0,0.3422987809727343,0.2303632786906473,0.0058297784999012,0.4332380982004499,0.1964405976295375,0.0275569204241037
0.03292849973894,24.148759424242456,0.7967046543607083,0.7470665424710052,0.6260869560220794,0.6101694915254238,0.6428571428571429,0.7319587623985545,112,118,82,0.4925844762457748,0.2186858813615721,0.4832195043563843,0.4629721638648112,0.1706880918464748,0.4620992541313171,0.5258364081382751,chipstain_nll_s0_tta,R05-C03,5,100,0.4389457628752901,0.1695547822772555,0.4798412322998047,0.0444342754781246,chipstain_nll+tta,0,0.4019715358995818,0.1970469250813885,0.0143502028658986,0.4348010773793977,0.171808257635881,0.0392157584428787
0.043881071729723,22.10445903053493,0.709551915266268,0.7109860002196353,0.6100628925817609,0.610062893081761,0.610062893081761,0.6409266404525871,159,159,100,0.5287251911744215,0.7137926930787154,0.3972083330154419,0.570963752923187,0.429795388755885,0.3161786198616028,0.5915995836257935,chipstain_nll_s0_tta,R05-C03,5,150,0.6735114263819872,0.1075807472878703,0.5109482407569885,0.090255856513977,chipstain_nll+tta,0,0.6479814456115648,0.1409902372371788,0.052552044391632,0.6274241561995325,0.1659139960770611,0.0539250820875167
0.0183441310464592,26.996637343000486,0.9001898996300448,0.8491861693780474,0.9462365586398428,0.9361702127659576,0.9565217391304348,0.9230769225769836,46,47,45,0.0942143283690628,0.527580489275568,0.3468186855316162,0.1950511950151698,0.29916536369783,0.4090725779533386,0.5510029196739197,chipstain_nll_s0_tta,R05-C03,6,1,0.1966552807568476,0.2839364121538497,0.4175500869750976,0.0306770969182252,chipstain_nll+tta,0,0.213580071535022,0.2967545278173827,0.0102837486192584,0.1738442245658469,0.2973101084712761,0.0267535392194986
0.0182140330869682,26.903728816354192,0.8929273574252987,0.8511346295372124,0.8679245278020647,0.8846153846153846,0.8518518518518519,0.8952380947385034,54,52,51,0.0924278623573265,0.4190394142932538,0.3977994918823242,0.2236674623840711,0.3297451416121243,0.4283852577209472,0.6062129139900208,chipstain_nll_s0_tta,R05-C03,6,10,0.2282295806997525,0.3151320480221825,0.4252912402153015,0.0281215198338031,chipstain_nll+tta,0,0.1967220871351373,0.3463136617839934,0.0072594727389514,0.2189474943454109,0.3223734023687768,0.0262309219688177
0.0233779757616892,26.560917955563134,0.847345102829329,0.873322291354236,0.771428570930204,0.8181818181818182,0.7297297297297297,0.7891156457585263,74,66,73,0.1633096289730213,0.3816667687410126,0.3452702760696411,0.1897686960087924,0.3367862618136892,0.3585646748542785,0.4919069409370422,chipstain_nll_s0_tta,R05-C03,6,50,0.189131746969301,0.318862944924279,0.3655740022659302,0.0336425229907035,chipstain_nll+tta,0,0.1402867056850102,0.3611922629726649,0.0099109420552849,0.1845750796342444,0.3237629635949516,0.0306205451488494
0.0340845618322165,23.563711134532173,0.7636520965106155,0.7976812670858302,0.5971563976051749,0.6237623762376238,0.5727272727272728,0.7135678387015479,110,101,89,0.3177478227554582,0.3548189198234119,0.4411777853965759,0.3290315055214969,0.2496265644130081,0.4269427061080932,0.5238741636276245,chipstain_nll_s0_tta,R05-C03,6,100,0.3512887134905656,0.221688680680133,0.4756973385810852,0.0494846738874912,chipstain_nll+tta,0,0.328679752616167,0.2462728602889584,0.0199950467795133,0.3266145958130045,0.2348782503766337,0.0402432717382907
0.0398146297985704,22.10015498105125,0.7175373615925106,0.7565512058043465,0.6044776114405491,0.6183206106870229,0.5912408759124088,0.7470817115644446,137,131,120,0.223409440562015,0.9220264851299736,0.3573509454727173,0.407262504362638,0.5677615504742008,0.2974160313606262,0.6151555776596069,chipstain_nll_s0_tta,R05-C03,6,150,0.5785882127873115,0.1322733612574723,0.5522524118423462,0.0890392214059829,chipstain_nll+tta,0,0.5359722646310626,0.1606788966932292,0.0593224540352821,0.5212030016053736,0.208813113888031,0.046220026910305
0.0134313226177781,30.012888891750336,0.9302756351728332,0.7979947981678321,0.7692307687337278,0.8333333333333334,0.7142857142857143,0.9259259254266118,28,24,26,0.0171952289223947,0.4843198390122752,0.2284159064292907,0.1274757802723861,0.3850113721881931,0.2685127258300781,0.4891206622123718,chipstain_nll_s0_tta,R05-C03,7,1,0.1657420640227281,0.3598023432676193,0.2747828364372253,0.0196578409522771,chipstain_nll+tta,0,0.1144232180049016,0.38630663797827,0.003345388919115,0.1669549912441166,0.3627352162886665,0.0192410610616207
0.0151967253037957,29.085840783422917,0.906947778169104,0.7762841018350994,0.7619047614048877,0.7741935483870968,0.75,0.8387096769198752,32,31,30,-0.0031966792407032,0.5311687943570207,0.2903732061386108,0.2184249613662099,0.3854970479212581,0.3260166645050049,0.5498396158218384,chipstain_nll_s0_tta,R05-C03,7,10,0.3254465597706694,0.3277657435490725,0.3383563160896301,0.0211942307651042,chipstain_nll+tta,0,0.209030413671552,0.3821663314973165,0.0036282008513808,0.3279952101705438,0.3311567659261443,0.0207543838769197
0.0228271451604668,27.7942270109116,0.8508206417645898,0.791509940723146,0.641025640526956,0.6756756756756757,0.6097560975609756,0.6493506488527576,41,37,36,0.0352600613019733,0.3892907410056552,0.234743595123291,0.2531474569490703,0.2854373161177116,0.2507256269454956,0.3863845467567444,chipstain_nll_s0_tta,R05-C03,7,50,0.4084859550729616,0.2147572706660104,0.2623594403266907,0.0231720712035894,chipstain_nll+tta,0,0.2573918474814917,0.2782931532196114,0.0040075168944895,0.4136319513075844,0.2164535893418994,0.0226882342249155
0.0303712819599947,25.34274351331638,0.7915840839561691,0.7166013450341968,0.540983606057377,0.5409836065573771,0.5409836065573771,0.7499999995039858,61,61,51,0.0891671151537109,0.2753381982227758,0.298216164112091,0.2856162057851639,0.2074461666745259,0.3032888174057007,0.3895918130874634,chipstain_nll_s0_tta,R05-C03,7,100,0.3519727316206755,0.1926885602341274,0.3087055683135986,0.0277999639511108,chipstain_nll+tta,0,0.262544834044464,0.211913967901408,0.0052712089382112,0.35849216688984,0.1931181441845544,0.027110431343317
0.0349283366044911,24.0323700744958,0.7540668441905998,0.71470745993298,0.5730337073667465,0.6071428571428571,0.5425531914893617,0.6540880498310985,94,84,65,0.3195316767515975,0.1853817253792919,0.3590716123580932,0.3027411167287035,0.1959461218046859,0.3505700826644897,0.420725405216217,chipstain_nll_s0_tta,R05-C03,7,150,0.3026389040435163,0.1958562731769503,0.3552716374397278,0.0350566767156124,chipstain_nll+tta,0,0.2506551056993921,0.2113362781339626,0.0084278583526611,0.3093963702842888,0.1959023756689747,0.0333928726613521
0.0184253000490256,26.7406857565785,0.9109670629777749,0.8236825733502053,0.8507462681568279,0.8382352941176471,0.8636363636363636,0.895999999501568,66,68,59,0.1429788514215569,0.3036547299594617,0.4385760426521301,0.1993640894740435,0.2729690538346555,0.4477745294570923,0.5888587832450867,chipstain_nll_s0_tta,R05-C03,8,1,0.2164668627525897,0.2546314656528139,0.4443337321281433,0.0267956126481294,chipstain_nll+tta,0,0.184823036964068,0.2719365939378604,0.0052940011955797,0.2173575890170575,0.2575230291726282,0.0260574929416179
0.0196618519462533,26.169076863648947,0.8918776339724305,0.8005359920657639,0.8115942023989707,0.7887323943661971,0.835820895522388,0.8593749995010986,67,71,61,0.1847281124204871,0.3445036096828734,0.5118228197097778,0.3765112276694456,0.2492822581146173,0.5181988477706909,0.6559089422225952,chipstain_nll_s0_tta,R05-C03,8,10,0.3938682848341843,0.2303975816781796,0.5175864100456238,0.0288227759301662,chipstain_nll+tta,0,0.3821441664765052,0.2390771279652055,0.0056716878898441,0.3899788066026468,0.2361433738508052,0.0280473362654447
0.0262297028359559,25.060531813024085,0.8410540930860975,0.7939594067791576,0.7630057798468375,0.7586206896551724,0.7674418604651163,0.8095238090240929,86,87,82,0.3316248793821906,0.2648277908666992,0.4778358936309814,0.3998538489923673,0.2299945824568748,0.4701102972030639,0.5597900152206421,chipstain_nll_s0_tta,R05-C03,8,50,0.3906625296841144,0.2167469357337172,0.4707000255584717,0.0344268754124641,chipstain_nll+tta,0,0.3642989568532687,0.2342800919780601,0.0079568764194846,0.3906625891046622,0.2193048880831707,0.032914575189352
0.0360598625702615,22.839379225029973,0.7572267357770603,0.7313043358868587,0.6015624995004882,0.6209677419354839,0.5833333333333334,0.7391304342935349,132,124,98,0.4562346215474944,0.4085191446665041,0.5041533708572388,0.5660455550920985,0.2173085618574287,0.4630478024482727,0.5871827602386475,chipstain_nll_s0_tta,R05-C03,8,100,0.6045869021963066,0.1515577166564828,0.5355671644210815,0.0604431517422199,chipstain_nll+tta,0,0.555872389978961,0.1970111437543263,0.0275038611143827,0.5686043676951146,0.177222728971848,0.0456308685243129
0.0404253764062114,22.137813451475893,0.7384980393710376,0.7363020926608722,0.6347305384222274,0.6424242424242425,0.6272189349112426,0.7003366998462288,169,165,128,0.5442075763908504,0.2380247091692671,0.532700777053833,0.594696206043871,0.1595446978298839,0.4613714814186096,0.5905505418777466,chipstain_nll_s0_tta,R05-C03,8,150,0.6122724910856542,0.1411175150731909,0.5239757299423218,0.057677436619997,chipstain_nll+tta,0,0.5458267628400062,0.1908716100758938,0.0184750538319349,0.5936473582393448,0.1549017486032637,0.0507383644580841
0.0248742592825401,24.129243817943447,0.8801343433552378,0.7988398592331395,0.8093023250822714,0.8446601941747572,0.7767857142857143,0.8309178738995076,112,103,95,0.3226931353573705,0.2187292263011684,0.5746340751647949,0.3466115359045134,0.2075674439963562,0.5748599767684937,0.6649526357650757,chipstain_nll_s0_tta,R05-C03,9,1,0.3739638785606237,0.1891418532869059,0.5800224542617798,0.0350650288164615,chipstain_nll+tta,0,0.3407616913138598,0.2023126457355117,0.0076282015070319,0.3750971803757467,0.1912446178194165,0.0339455343782901
0.0260722030762652,24.521966738168945,0.8573412212838685,0.8066179229143685,0.8016877632131603,0.811965811965812,0.7916666666666666,0.8054298637570894,120,117,101,0.3036823830481315,0.3326676550613776,0.5655806064605713,0.3940868101619529,0.2318153434812857,0.5528448820114136,0.6518100500106812,chipstain_nll_s0_tta,R05-C03,9,10,0.4362327628751962,0.1992557863254322,0.5862013101577759,0.0429465025663375,chipstain_nll+tta,0,0.3766558136353563,0.2480734504852686,0.0132827246561646,0.4240153329828174,0.2206040244379692,0.0386282429099082
0.0357602743103722,22.977490449138315,0.7898496102882216,0.7861873007270324,0.8187499995001758,0.8343949044585988,0.803680981595092,0.75510204032225,163,157,131,0.3785043379416125,0.3630082346529195,0.5213534832000732,0.4501508733511014,0.2425856942998065,0.4729149937629699,0.5861057639122009,chipstain_nll_s0_tta,R05-C03,9,50,0.5202139734663156,0.1785299621493001,0.5427277088165283,0.0543573684990406,chipstain_nll+tta,0,0.461069626930553,0.2230426892537624,0.017614372074604,0.493091368606376,0.2043005234270915,0.0477027893066406
0.0483021946014104,21.225385168220495,0.6932173167449213,0.747730705777041,0.7226890751303315,0.7136929460580913,0.7319148936170212,0.724220623009276,235,241,182,0.5087070889435562,0.5754843215087492,0.3977043628692627,0.5466182859453524,0.4483006382870802,0.288327693939209,0.5865495204925537,chipstain_nll_s0_tta,R05-C03,9,100,0.7150762183213905,0.1274172400042826,0.4526345133781433,0.0919864401221275,chipstain_nll+tta,0,0.641427364019918,0.1918689833941355,0.0451450459659099,0.6377458745933343,0.2197951212510515,0.0643720403313636
0.0611463216804368,19.479909771129552,0.6477975604328786,0.7103003516862093,0.6906906901923184,0.732484076433121,0.6534090909090909,0.6110183634552635,352,314,247,0.6034916928064092,0.4462651262016786,0.3563993573188782,0.5764281985485811,0.3608701543887531,0.2245696187019348,0.5588093996047974,chipstain_nll_s0_tta,R05-C03,9,150,0.7356142129772079,0.1322282074875869,0.3581584692001343,0.1096043288707733,chipstain_nll+tta,0,0.615917855252814,0.2283290237474004,0.0421663261950016,0.6540168146765363,0.2486503393883344,0.0866687223315239
0.0207323470702988,25.832448232304195,0.9096339580265984,0.8043793152152275,0.7919463082266563,0.8428571428571429,0.7468354430379747,0.8111888106943127,79,70,64,0.2402753748742016,0.2254708318320192,0.4737021923065185,0.1884458397897754,0.2390208535353642,0.4758035540580749,0.5547187328338623,chipstain_nll_s1_tta,R05-C03,0,1,0.1511540064849894,0.2534414265491569,0.4751094579696655,0.025466077029705,chipstain_nll+tta,1,0.149750444026277,0.2488272894260748,0.0055049508810043,0.1535236896100114,0.2527394143882157,0.0247189980000257
0.0191213965358611,26.106455031664986,0.9051589736487656,0.8196753937715471,0.7741935478887824,0.821917808219178,0.7317073170731707,0.824324323830168,82,73,66,0.1798341199352581,0.2578480279355766,0.5352246761322021,0.2578062989377593,0.2300412418228906,0.5549064874649048,0.6471630334854126,chipstain_nll_s1_tta,R05-C03,0,10,0.369550745003191,0.1651825991907377,0.5531131029129028,0.0267638694494962,chipstain_nll+tta,1,0.2285898933034907,0.2488920190485603,0.0057667582295835,0.3753333745215748,0.1633840373324569,0.0259846877306699
0.0240970914563576,24.279698961293953,0.8601148480272057,0.7866106807711859,0.7395833328346896,0.7802197802197802,0.7029702970297029,0.734463276346133,101,91,76,0.2470555340471073,0.2487943172893463,0.6260637044906616,0.4403640896688763,0.2028700870774373,0.6282033324241638,0.7029576301574707,chipstain_nll_s1_tta,R05-C03,0,50,0.493778407117315,0.1596828320849759,0.6339889764785767,0.0336748249828815,chipstain_nll+tta,1,0.4060082981835201,0.2267236326317312,0.0076136658899486,0.4973429254318446,0.158202467046934,0.0325601138174533
0.0297869544861242,23.434684202621423,0.8199875574697151,0.7895270265339345,0.6644518267431927,0.6896551724137931,0.6410256410256411,0.7482517477558803,156,145,130,0.4085327433313669,0.1930108414289275,0.6469330191612244,0.5381269224249419,0.1640281068239955,0.6021570563316345,0.6794589161872864,chipstain_nll_s1_tta,R05-C03,0,100,0.6196998287542077,0.1082537121114258,0.6478148698806763,0.0433827824890613,chipstain_nll+tta,1,0.5207546636669227,0.1619856028272802,0.0096579222008585,0.6241149770638039,0.1068898227476281,0.0419798418879509
0.0396849586182156,21.924720766613316,0.7657591133964863,0.7611552460804798,0.666666666167511,0.6952380952380952,0.6403508771929824,0.6568627446049596,228,210,180,0.6737160767453695,0.117686968303886,0.6017738580703735,0.6366011483009274,0.1527711427575719,0.4799200892448425,0.668999433517456,chipstain_nll_s1_tta,R05-C03,0,150,0.6655655756644777,0.1122684025716617,0.6000998020172119,0.0584268756210804,chipstain_nll+tta,1,0.6423525672630342,0.1422911119874518,0.0117789851501584,0.6617733087006565,0.1137493118131471,0.056912574917078
0.0280850163572437,24.4470714880968,0.8685270770380698,0.8207872888419993,0.8208955218887558,0.8527131782945736,0.7913669064748201,0.8396946559904142,139,129,123,0.3417461295535856,0.198073903254597,0.5044836401939392,0.2808620935674218,0.2264797951450666,0.4962881803512573,0.5559707880020142,chipstain_nll_s1_tta,R05-C03,1,1,0.2845161494898489,0.2231808180003256,0.5072383880615234,0.0398620031774044,chipstain_nll+tta,1,0.3189630740628913,0.211468300132178,0.0092669380828738,0.2771650917189477,0.2255350900853529,0.0384307540953159
0.0497182459016078,18.414684952531267,0.8050283430299827,0.6104884978105125,0.7360594790575586,0.8048780487804879,0.678082191780822,0.8142857137866326,146,123,134,0.5117089918626037,0.1024057178818864,0.7557039260864258,0.5621200772554816,0.1470953505076733,0.566612958908081,0.7757664918899536,chipstain_nll_s1_tta,R05-C03,1,10,0.6357395906046658,0.0730484414021762,0.75106281042099,0.061648353934288,chipstain_nll+tta,1,0.6030489233589346,0.0933396076244309,0.0308745801448822,0.6148189476998275,0.1453091607064911,0.043888084590435
0.0770721402349711,14.721489182533489,0.7289176644702478,0.4808125578997864,0.3536231879175971,0.4178082191780822,0.3065326633165829,0.7582417577461206,199,146,165,0.6676237349697639,0.0625184661506349,0.7593506574630737,0.6267858979181181,1.0411560833236306,0.2670601606369018,0.806889533996582,chipstain_nll_s1_tta,R05-C03,1,50,0.7421684391541848,0.0444663642955803,0.7520797252655029,0.0906473323702812,chipstain_nll+tta,1,0.7536481359056775,0.0529196918957475,0.053810141980648,0.544125243480536,1.469806484206155,0.0511758923530578
0.0749998810131358,16.281993494834254,0.6775513380210104,0.5398370748593708,0.5748709117235817,0.6254681647940075,0.5318471337579618,0.7423423418509925,314,267,241,0.7794226137632463,0.0757544240403538,0.5596922636032104,0.6948225722888435,0.4892552931584901,0.2148959040641784,0.671176552772522,chipstain_nll_s1_tta,R05-C03,1,100,0.7895332539288953,0.0688020945139326,0.5629888772964478,0.1005948260426521,chipstain_nll+tta,1,0.7833690465542686,0.092303136306622,0.0388015508651733,0.696680220414057,0.4801099626508076,0.0775309726595878
0.1122124494518507,13.250932287190013,0.5867279865464743,0.4079903390898869,0.0167014612076307,0.0888888888888888,0.0092165898617511,0.6417112294593926,434,45,314,0.8234480959995067,0.0624587273628655,0.5788978338241577,0.5642646028638004,1.1988978399589956,0.0609591007232666,0.6796534061431885,chipstain_nll_s1_tta,R05-C03,1,150,0.8208597075574432,0.0634370223177376,0.5818160176277161,0.1408259570598602,chipstain_nll+tta,1,0.7938427437328167,0.0849963584580348,0.0749783888459205,0.4864301543601139,1.5125712313032218,0.0844898447394371
0.0368452115791508,22.15485598273791,0.8349601100788123,0.8100729725306713,0.8118279564892472,0.8118279569892473,0.8118279569892473,0.8045977006518034,186,186,162,0.4047967092633007,0.1682364292514648,0.5933388471603394,0.40171250372718,0.1891624658051201,0.5149210691452026,0.6198773980140686,chipstain_nll_s1_tta,R05-C03,10,1,0.4149196758837986,0.1676529862464456,0.5893118381500244,0.0523851923644542,chipstain_nll+tta,1,0.4009117229430995,0.1929245584133281,0.012064604088664,0.4163184297561884,0.1663659298180054,0.0501246452331543
0.0365199730164812,21.97303872505924,0.8229448428588787,0.7976353384252799,0.8370927313297277,0.8226600985221675,0.8520408163265306,0.8096514740321283,196,203,177,0.4353201925686941,0.1557583642298024,0.6530246734619141,0.4315892522515192,0.1778427000930528,0.5341657996177673,0.6814100742340088,chipstain_nll_s1_tta,R05-C03,10,10,0.4647571606879898,0.1491043469309294,0.6498201489448547,0.0538653135299682,chipstain_nll+tta,1,0.4314774545992987,0.1808096872724574,0.0120119536295533,0.4695245416950385,0.1456253965653835,0.052059382200241
0.0468304179137079,20.728120365837384,0.7585369798615128,0.7721455077790125,0.7641325531065589,0.784,0.7452471482889734,0.7886178856812496,263,250,229,0.6835767203931197,0.1220385235008315,0.5693292617797852,0.6578760282038676,0.1531106331457809,0.4080378413200378,0.6708906888961792,chipstain_nll_s1_tta,R05-C03,10,50,0.6862267334457482,0.1244628151699058,0.5648667812347412,0.0711285024881362,chipstain_nll+tta,1,0.6598730584519137,0.1612091014370418,0.0169186238199472,0.6816124365928459,0.1254036050753501,0.0678007751703262
0.0881337751851934,15.287929916210672,0.6415111813238438,0.5232905658558248,0.4879432619176259,0.549520766773163,0.4387755102040816,0.6551724133010964,392,313,304,0.7959678051530819,0.0760525358613059,0.5346763730049133,0.6134752245977794,1.1800806570727458,0.0911231637001037,0.6662712097167969,chipstain_nll_s1_tta,R05-C03,10,100,0.806255309128261,0.067957408162345,0.5392428636550903,0.123795174062252,chipstain_nll+tta,1,0.7428153157618801,0.1121458003289216,0.0549175962805748,0.6088504592709502,1.392600210791831,0.0868612006306648
0.1173515522710775,13.83542938501234,0.5336371014640877,0.4392182722083078,0.124694376077857,0.1821428571428571,0.0947955390334572,0.6048565116588842,538,280,368,0.7608847533509984,0.1182033244204748,0.4308952689170837,0.4902184482739918,0.6714983812537524,0.037734568119049,0.577135443687439,chipstain_nll_s1_tta,R05-C03,10,150,0.7692258133391771,0.1113167216916301,0.4342395067214966,0.147625133395195,chipstain_nll+tta,1,0.686154402943034,0.1610531866958325,0.0737470686435699,0.4043855422727311,1.1258818958490462,0.0964811295270919
0.0302646590636158,23.05548434556873,0.8649044034354227,0.8150693819897059,0.8464163817526121,0.8551724137931035,0.8378378378378378,0.8413284127883879,148,145,123,0.378133494666461,0.169574616457326,0.5904227495193481,0.409892411863633,0.1810328045034541,0.5733533501625061,0.6353175640106201,chipstain_nll_s1_tta,R05-C03,11,1,0.4497411198601118,0.1539461803634967,0.5927308797836304,0.0403409935534,chipstain_nll+tta,1,0.4497528844666441,0.1667801697429428,0.009228628128767,0.4477361939390036,0.1544629383088212,0.0389316007494926
0.0489461646705453,18.36861375830079,0.8056487914116963,0.6141065269671385,0.8024691353027741,0.8227848101265823,0.7831325301204819,0.7622149832166706,166,158,141,0.6018187587004897,0.0781320014976183,0.7251077890396118,0.5165600661209959,0.4496142924334667,0.4645977616310119,0.7518023252487183,chipstain_nll_s1_tta,R05-C03,11,10,0.6240358242139196,0.0797647137047107,0.7214806079864502,0.0672386214137077,chipstain_nll+tta,1,0.4751071027998867,0.1293338465742378,0.0277952346950769,0.5969711217145303,0.4821040428369017,0.0504907332360744
0.0390273069341854,21.79619631585334,0.7967654773915488,0.7827074047227084,0.7741935478871546,0.782608695652174,0.7659574468085106,0.7664399087992142,235,230,206,0.6538374676467318,0.1062652263542175,0.6434784531593323,0.6721677632084813,0.1274052390101867,0.487507164478302,0.7108538746833801,chipstain_nll_s1_tta,R05-C03,11,50,0.6859347077986293,0.095268887951525,0.638359785079956,0.0619161874055862,chipstain_nll+tta,1,0.6674168412762342,0.1255064637024243,0.0126421069726347,0.6821599411194884,0.0958344719190003,0.0602338872849941
0.0580795353869265,19.549540177980223,0.7102019768834044,0.7115194514300236,0.6102719028256769,0.6558441558441559,0.5706214689265536,0.7104851325261742,354,308,285,0.7729006252557687,0.0957616019577835,0.455954372882843,0.7106943853304265,0.1568365206459987,0.2894272208213806,0.6086194515228271,chipstain_nll_s1_tta,R05-C03,11,100,0.7868410104049062,0.0839940058970531,0.4649176001548767,0.0864012390375137,chipstain_nll+tta,1,0.7539367372482323,0.1316871911458294,0.0214082431048154,0.7681696196415526,0.11441276870128,0.0809560418128967
0.0914141022726262,15.31863409527482,0.6134790204090309,0.5085570784707727,0.3368983952420322,0.4214046822742475,0.2806236080178174,0.6025974021112194,449,299,321,0.7811861968161364,0.0943924181062485,0.4664978981018066,0.622946847953005,0.7268336550011896,0.1217948794364929,0.626541018486023,chipstain_nll_s1_tta,R05-C03,11,150,0.7925421340718771,0.0878178560651729,0.4767220020294189,0.1257260590791702,chipstain_nll+tta,1,0.7371494940454322,0.1254429648800005,0.0558457635343074,0.6176195051381149,0.951055887044538,0.0891770049929618
0.024039886616719,24.610423218975093,0.8915878328007133,0.8418062850293757,0.8857142852146939,0.9117647058823528,0.8611111111111112,0.8780487799892445,108,102,97,0.169266524190106,0.2565152786943923,0.5132526159286499,0.3403004097208693,0.2158048307714732,0.5235049724578857,0.5942389369010925,chipstain_nll_s1_tta,R05-C03,12,1,0.4460128962692097,0.1578902223144079,0.5258728265762329,0.03196507319808,chipstain_nll+tta,1,0.3868896257179357,0.1996520974218312,0.0075237499549984,0.4442021132899463,0.1584083584388164,0.0308033563196659
0.0234148315700457,24.620757080602026,0.8846756144737155,0.8413505690722336,0.8916666661666667,0.8916666666666667,0.8916666666666667,0.9170305671867433,120,120,109,0.1667327569783451,0.2721293424005813,0.569542407989502,0.3772828208755244,0.2154379090867059,0.5731358528137207,0.6529052257537842,chipstain_nll_s1_tta,R05-C03,12,10,0.4972084959835808,0.1357181724823278,0.5771426558494568,0.0349280461668968,chipstain_nll+tta,1,0.3898235005365302,0.2146032564566447,0.0090359635651111,0.4982202885265035,0.1348142129986816,0.0333347469568252
0.0338569385137919,22.293966738036666,0.8197247792544521,0.7852147052507171,0.7932203384831944,0.8068965517241379,0.78,0.8158844760377432,150,145,127,0.3799029838943057,0.1992347850271278,0.6753162741661072,0.4416634892702677,0.1906337227322818,0.5948833227157593,0.7009062170982361,chipstain_nll_s1_tta,R05-C03,12,50,0.4580740783564335,0.1507934929429601,0.6727268695831299,0.0483002178370952,chipstain_nll+tta,1,0.3848876257141167,0.202651195465541,0.0142379263415932,0.4609509682421098,0.1558461065840717,0.044287234544754
0.0433692249855023,21.29422399963112,0.7480641512325124,0.7756954592181688,0.7208791203791233,0.7192982456140351,0.7224669603524229,0.7447306786589077,227,228,200,0.5679997562971701,0.1591732806144618,0.5757366418838501,0.5883539229979692,0.1656073138966544,0.4412026405334472,0.6510241031646729,chipstain_nll_s1_tta,R05-C03,12,100,0.6180973364571138,0.1260375518802076,0.5728806257247925,0.064534991979599,chipstain_nll+tta,1,0.5816835318855496,0.176056420827328,0.0145125174894928,0.615952483187199,0.1263203677659471,0.0623144656419754
0.0692668128549345,18.643192965384973,0.6236587915144169,0.6936756563698494,0.5505952375980061,0.594855305466238,0.5124653739612188,0.7723935384151751,361,311,320,0.7431356794996318,0.1177547868184565,0.3872585296630859,0.6984841151597584,0.1662678825804116,0.2584768533706665,0.5523159503936768,chipstain_nll_s1_tta,R05-C03,12,150,0.7564164313549064,0.1098503363432427,0.399943470954895,0.1008544713258743,chipstain_nll+tta,1,0.7398301448996072,0.1434616561542971,0.0267902426421642,0.73639532580587,0.133314179533988,0.0916183665394783
0.0153191200607617,28.35234284187916,0.9289980969043076,0.7956030807757336,0.8656716412920471,0.8285714285714286,0.90625,0.7333333328355556,32,35,28,0.1467264416144874,0.2961763072414125,0.332226812839508,0.1867809590879586,0.2943239863194177,0.3457838892936706,0.4738432168960571,chipstain_nll_s1_tta,R05-C03,13,1,0.1376168650328693,0.2918533344032354,0.3371482491493225,0.0183529444038867,chipstain_nll+tta,1,0.1926162736947066,0.2910991638234141,0.0034592649899423,0.1312459870583053,0.2933732963650557,0.0179387889802455
0.0145615108963428,28.132020968833498,0.9191079437162172,0.7961565651213663,0.8219178077215238,0.7692307692307693,0.8823529411764706,0.799999999501065,34,39,31,0.0822075316947164,0.3551435733847354,0.3952015042304992,0.2177252161030451,0.3084190152891919,0.420410692691803,0.5975953340530396,chipstain_nll_s1_tta,R05-C03,13,10,0.2530019637089721,0.2694564126731351,0.401220440864563,0.0192178934812545,chipstain_nll+tta,1,0.1971220991259908,0.3167026075067454,0.0036791963502764,0.2499330246862933,0.2721559388497759,0.0187746342271566
0.0204505520630863,25.87369145105457,0.8705034771151714,0.7499256106881247,0.7169811315756496,0.7037037037037037,0.7307692307692307,0.7472527467629514,52,54,39,0.0710021060973858,0.3675837368069961,0.4544456005096435,0.3334946630095362,0.2507242418860547,0.4905294775962829,0.6013256907463074,chipstain_nll_s1_tta,R05-C03,13,50,0.4896882501070524,0.1740093924404231,0.4951967597007751,0.0242648068815469,chipstain_nll+tta,1,0.3108427075292926,0.249626763159002,0.0047684768214821,0.4934260374313767,0.1743144064278275,0.0236711651086807
0.0263901501700806,24.711647928959437,0.8217414801987327,0.7395592228336445,0.6708074529166314,0.6506024096385542,0.6923076923076923,0.729927006808887,78,83,59,0.2861942787220944,0.2564079768319068,0.507849395275116,0.3689147665552075,0.2179199814541912,0.5097315907478333,0.5833196640014648,chipstain_nll_s1_tta,R05-C03,13,100,0.3990145658417119,0.1853054289528263,0.5064795613288879,0.031386312097311,chipstain_nll+tta,1,0.33235433835672,0.2219361449696779,0.0068809534423053,0.3998358189920837,0.1859803283316182,0.0303960293531417
0.0316354937808103,23.624868949410992,0.7810407930779645,0.7306991620832838,0.6008583685987215,0.603448275862069,0.5982905982905983,0.7254901955892444,117,116,87,0.364631695854124,0.2163104889159833,0.546061635017395,0.417969549000297,0.1932304792854147,0.5334521532058716,0.587577223777771,chipstain_nll_s1_tta,R05-C03,13,150,0.4411354792251847,0.1610594476881364,0.5470401048660278,0.0383016839623451,chipstain_nll+tta,1,0.3517913242353836,0.2088992491485019,0.0083111450076103,0.4441958960625879,0.1597628401780955,0.0371234863996505
0.016478351935727,27.79070287504409,0.9277356543594832,0.77845431586842,0.8749999995043947,0.8,0.9655172413793104,0.9090909085923968,29,35,26,0.1761618147611717,0.2671490563612966,0.3138777017593384,0.0582181745238946,0.3158902874115449,0.3098840713500976,0.4299312829971313,chipstain_nll_s1_tta,R05-C03,14,1,-0.0377610878939081,0.3536119731621189,0.307956337928772,0.0175083857029676,chipstain_nll+tta,1,0.1171383402863778,0.287329727752865,0.003249289933592,-0.0403944663639817,0.3527350686936837,0.01713846065104
0.0144256413819137,28.03456736316136,0.9280594381748578,0.7873459891058078,0.782608695153119,0.75,0.8181818181818182,0.8571428566439909,33,36,30,0.0789431646348293,0.3068634651683525,0.3813720941543579,0.1779611061748557,0.2727996443918578,0.4175396561622619,0.5390374660491943,chipstain_nll_s1_tta,R05-C03,14,10,0.2087460671913943,0.2463318218707697,0.4180805087089538,0.0190813355147838,chipstain_nll+tta,1,0.1997156172689637,0.2594557066654355,0.0033734035678207,0.205383570900439,0.2475918503301993,0.0187114775180816
0.0174510722715229,26.402434757946924,0.8895431212076063,0.7344810504583837,0.5555555550577778,0.5208333333333334,0.5952380952380952,0.7948717943747535,42,48,36,0.1106443623022038,0.3480410140838788,0.5075335502624512,0.3614016347763512,0.233639008101215,0.5395809412002563,0.6573755741119385,chipstain_nll_s1_tta,R05-C03,14,50,0.455238105506095,0.1759592444961991,0.5293871164321899,0.0230227150022983,chipstain_nll+tta,1,0.3697165014937992,0.2168653477483063,0.0041880188509821,0.4509457676880022,0.1790630972466698,0.0225466918200254
0.0226787099079589,24.594581884504517,0.8562428275095644,0.7204353928145033,0.4615384610389348,0.4477611940298507,0.4761904761904761,0.7413793098485433,63,67,53,0.2161225462776472,0.2762910647996281,0.5509227514266968,0.3849581895898581,0.200542508970614,0.5754706263542175,0.650170087814331,chipstain_nll_s1_tta,R05-C03,14,100,0.4730666842342005,0.1428436004464168,0.5682984590530396,0.0284369979053735,chipstain_nll+tta,1,0.3357678111605545,0.2092396447734934,0.005574719980359,0.4747345044190552,0.1426142271343276,0.0277555342763662
0.0284460135917353,23.833138969763024,0.8152984894463449,0.7321124922798621,0.5536723158841966,0.550561797752809,0.5568181818181818,0.603550295358846,88,89,81,0.3436442392023211,0.2093338542518265,0.5999420285224915,0.4632516829010699,0.1667884043927332,0.5921881198883057,0.6417238712310791,chipstain_nll_s1_tta,R05-C03,14,150,0.5138653177084685,0.1280277239105403,0.5942460298538208,0.0367384254932403,chipstain_nll+tta,1,0.4192095593897978,0.1793877154938584,0.007559010758996,0.5135560554143328,0.1275147904277481,0.0357273444533348
0.017095598857821,27.672216448564075,0.9271217564606286,0.8430712931976226,0.6888888883911111,0.7380952380952381,0.6458333333333334,0.8172043005757891,48,42,45,0.2691436308121396,0.2318175316155458,0.3291460275650024,0.0478147256379134,0.3138490740886544,0.3167385458946228,0.4328322410583496,chipstain_nll_s1_tta,R05-C03,15,1,-0.069627108921868,0.3358882996431876,0.3166579604148865,0.0190583560615777,chipstain_nll+tta,1,0.0840806354623422,0.3024894218166783,0.0036510715726763,-0.0707694251304428,0.3344493065305953,0.0186120513826608
0.01512415694215,27.69781256873184,0.9276063396699182,0.8367553436187898,0.7555555550577778,0.8095238095238095,0.7083333333333334,0.7032967027982128,48,42,43,0.1779577259704184,0.2602498467668187,0.4095962047576904,0.1683340098318741,0.2715289252423015,0.4349309206008911,0.5557072758674622,chipstain_nll_s1_tta,R05-C03,15,10,0.1313185719868689,0.2572417565701643,0.4310130476951599,0.0205669533461332,chipstain_nll+tta,1,0.1889191661534814,0.2540977392147012,0.0036262108478695,0.1290981581865607,0.2579122675866189,0.0201525650918483
0.0171593295657834,26.25419890560707,0.8993077927405388,0.8154234960539757,0.77477477427514,0.7962962962962963,0.7543859649122807,0.7619047614084352,57,54,48,0.0588817996509837,0.3429233002641786,0.5202372074127197,0.3753454149403379,0.2312434559728678,0.5700898170471191,0.6829750537872314,chipstain_nll_s1_tta,R05-C03,15,50,0.5252649767339488,0.1558088371972967,0.5674746036529541,0.0244314391165971,chipstain_nll+tta,1,0.422973072449596,0.1958868830611627,0.0045315851457417,0.5225517081171531,0.1576862702946432,0.0238839332014322
0.0219199364478652,24.682676465974637,0.8662330682742404,0.8051097770175671,0.6835443032981894,0.7105263157894737,0.6585365853658537,0.6887417213580107,82,76,69,0.1263079140895363,0.2766091204307456,0.6008687019348145,0.4695290689339402,0.1697548721318633,0.6189465522766113,0.6922395825386047,chipstain_nll_s1_tta,R05-C03,15,100,0.630638669745888,0.0986554086544272,0.6226269006729126,0.0300345607101917,chipstain_nll+tta,1,0.4450512041482443,0.1726500276935551,0.0061036297120153,0.6324742563521809,0.0985451460753583,0.029234604910016
0.0285541425878198,22.82464824183394,0.8257828144124347,0.7418642236795989,0.5520361986004381,0.6161616161616161,0.5,0.6877828049352798,122,99,99,0.3507580227157483,0.1955073180024468,0.6700253486633301,0.539789213727551,0.1447331382123738,0.6614769101142883,0.7099174857139587,chipstain_nll_s1_tta,R05-C03,15,150,0.6315347717566974,0.093176172831741,0.6708348393440247,0.0388356521725654,chipstain_nll+tta,1,0.5171583928415645,0.1457990369201674,0.0080308150500059,0.632180149325086,0.0933011556841051,0.0377434343099594
0.0174039044434644,27.50600927436039,0.922729021573149,0.8394983205357297,0.7954545449568697,0.8536585365853658,0.7446808510638298,0.853932583771241,47,41,42,0.0546255230797696,0.2759182959198684,0.3240255117416382,0.0704713222517557,0.3003724716412537,0.3463889956474304,0.4533648490905761,chipstain_nll_s1_tta,R05-C03,16,1,0.1249161230741322,0.2738268028509299,0.3512676358222961,0.0195512510836124,chipstain_nll+tta,1,0.0835030645663141,0.2919842531544555,0.0038122180849313,0.1318594948240565,0.2713902453547916,0.0190723780542612
0.0157082038909649,27.512104030012196,0.922371025250162,0.8370302924030893,0.8260869560219753,0.8085106382978723,0.8444444444444444,0.863636363136622,45,47,43,0.0459846964401798,0.2988879210310192,0.3918666839599609,0.1980285342013686,0.2642617322503325,0.4369732141494751,0.5553431510925293,chipstain_nll_s1_tta,R05-C03,16,10,0.2714890312326812,0.2070612236788885,0.4373959898948669,0.0199741832911968,chipstain_nll+tta,1,0.2390081893578042,0.2399528005259958,0.00401819543913,0.2713766832725763,0.2070368494030981,0.0194460395723581
0.0176931543671411,26.62877929034492,0.8912608040044723,0.8256139128626423,0.8153846148847336,0.803030303030303,0.828125,0.8188976372953065,64,66,63,0.0198325911445322,0.3878137401607522,0.5229959487915039,0.4139979608195542,0.2084052643480551,0.5675506591796875,0.6660867929458618,chipstain_nll_s1_tta,R05-C03,16,50,0.5453100326849537,0.1379408192921051,0.5607883930206299,0.026210967451334,chipstain_nll+tta,1,0.4081905541273277,0.2050079145387725,0.0050163236446678,0.5455135760843667,0.1376813706058612,0.0255949981510639
0.0238168237351077,24.71645326357114,0.8504121743189588,0.7940828855482484,0.5729729724736888,0.5955056179775281,0.5520833333333334,0.7709497201730283,96,89,83,0.1897243722494546,0.2828344998203438,0.6274451017379761,0.5174022025962669,0.1540356952358173,0.6292792558670044,0.6837525963783264,chipstain_nll_s1_tta,R05-C03,16,100,0.6026910939176641,0.1127183444603032,0.6306004524230957,0.0341606400907039,chipstain_nll+tta,1,0.4554939740739416,0.1692138782103155,0.0070061446167528,0.6029103045975398,0.1126964783574465,0.0332347117364406
0.0296441315945187,23.40186142823065,0.8110052543759072,0.7731131224396706,0.5660377353511141,0.6048387096774194,0.5319148936170213,0.7878787873811123,141,124,123,0.4200438901440871,0.2003162595592708,0.6675002574920654,0.6003904251827602,0.1304723886786584,0.6423715949058533,0.7018134593963623,chipstain_nll_s1_tta,R05-C03,16,150,0.6437002316358141,0.0966651063080956,0.667238175868988,0.0430312938988208,chipstain_nll+tta,1,0.5679903622863964,0.1381023037740533,0.0091429539024829,0.6433758022162278,0.096860430552562,0.0417430885136127
0.0138587953934192,29.216740992977815,0.937194394705102,0.7836867349994391,0.7213114749131952,0.7857142857142857,0.6666666666666666,0.5573770486836871,33,28,28,0.0470395591978667,0.3437104706682283,0.2747923135757446,0.0934631071162923,0.3298517105599692,0.333665132522583,0.4702087044715881,chipstain_nll_s1_tta,R05-C03,17,1,0.1253483736917365,0.2995670204869713,0.3489167094230652,0.0171215329319238,chipstain_nll+tta,1,0.0904644225801927,0.3312993167822805,0.0030460522975772,0.1273910708094383,0.2974119871433867,0.016780562698841
0.012691704381516,29.61807607829205,0.930438934283466,0.8030650402972942,0.7462686562174202,0.78125,0.7142857142857143,0.7812499995043946,35,32,29,-0.0344289387048179,0.4645631389958215,0.3347113728523254,0.2973613391205983,0.2713895453737199,0.4373143911361694,0.5732181668281555,chipstain_nll_s1_tta,R05-C03,17,10,0.4042068223992242,0.1916253297307036,0.4673817753791809,0.018295107409358,chipstain_nll+tta,1,0.3125484784980729,0.2597068045285805,0.0032449222635477,0.4000507735462465,0.1934153995544646,0.0179355256259441
0.0162452572601455,28.995534493418123,0.8952453559220277,0.815685727052293,0.8059701487565158,0.8709677419354839,0.75,0.5937499995078124,36,31,28,-0.1838761420743261,0.5253084721498195,0.3216973543167114,0.4494400426197383,0.2293269087157009,0.4198434352874756,0.5049463510513306,chipstain_nll_s1_tta,R05-C03,17,50,0.7010573964162834,0.1157330033639778,0.4348411560058594,0.0203082505613565,chipstain_nll+tta,1,0.524502546430129,0.1890577227841205,0.0035909134894609,0.6981875115656696,0.1169927592613441,0.0199100356549024
0.0214250073905055,27.65327325348188,0.8573144429117243,0.7858709790595507,0.7037037032079902,0.7755102040816326,0.6440677966101694,0.5940594054547593,59,49,42,-0.0347488853689765,0.3367014948948785,0.3677943348884582,0.5135842384680841,0.1538711443091183,0.4242632389068603,0.4652291536331177,chipstain_nll_s1_tta,R05-C03,17,100,0.7019022099523736,0.0914474695377432,0.4288025498390198,0.0250176917761564,chipstain_nll+tta,1,0.5561012090732144,0.1350346903173772,0.0047657024115324,0.700737616778683,0.0918516525971076,0.0244386810809373
0.0272183746042629,25.578399958524297,0.8219986158094651,0.7507088958676117,0.6982248515714435,0.7195121951219512,0.6781609195402298,0.6710526310894217,87,82,65,0.1433477586905741,0.2208619543076336,0.4644210934638977,0.5489749439147696,0.1158183447794935,0.4818286299705505,0.5134595036506653,chipstain_nll_s1_tta,R05-C03,17,150,0.6973277715751537,0.0744041735505389,0.4868272542953491,0.0314078405499458,chipstain_nll+tta,1,0.5757065711499274,0.1060036562259223,0.0059734373353421,0.699070762710401,0.0739760450755078,0.0306821465492248
0.0210166174859227,25.376088620258905,0.9094970444327748,0.8389892083637543,0.8674698790183625,0.8888888888888888,0.8470588235294118,0.7567567562678049,85,81,63,0.2361755515812982,0.2422231334154208,0.5118420124053955,0.3128085827596483,0.2086399912002,0.5301188230514526,0.6017446517944336,chipstain_nll_s1_tta,R05-C03,18,1,0.3376783816805712,0.1871038639725005,0.527915358543396,0.0265849791467189,chipstain_nll+tta,1,0.3228029843232381,0.2035800173244357,0.0057453531771898,0.3336104706792004,0.1880535100908434,0.025791073217988
0.0224277289816525,24.456982821695583,0.888870173360794,0.8131246217653839,0.811111110611358,0.8295454545454546,0.7934782608695652,0.7261146491963162,92,88,65,0.1546223399276131,0.2755215924066115,0.5881916284561157,0.4047039521131383,0.1785228478203517,0.6062930226325989,0.6817617416381836,chipstain_nll_s1_tta,R05-C03,18,10,0.5268594599508805,0.1193671815295481,0.6048634052276611,0.0292534288018941,chipstain_nll+tta,1,0.4025522293865236,0.1775261754332928,0.0064125540666282,0.5269358804095697,0.1192659706406866,0.028358832001686
0.0269080615658819,23.17772794067964,0.850156722727164,0.7897419437913521,0.723809523309932,0.7450980392156863,0.7037037037037037,0.6850828724468727,108,102,73,0.1823580943520298,0.264501129858856,0.632340669631958,0.4638912683501689,0.1645666793461764,0.6325290203094482,0.6940971612930298,chipstain_nll_s1_tta,R05-C03,18,50,0.5506988808167766,0.1163970398020587,0.6370384693145752,0.0353771746158599,chipstain_nll+tta,1,0.4022746094451824,0.1798359235964244,0.0078746257349848,0.5544687206650317,0.1156877836248946,0.0342576466500759
0.0370112154098401,20.826741836352213,0.7988186214497182,0.7125830464000219,0.6296296291308489,0.6623376623376623,0.6,0.617543859167744,170,154,115,0.4320848647246224,0.1705044728884955,0.7245978116989136,0.547160827537962,0.1423164228916626,0.6292479634284973,0.7517315745353699,chipstain_nll_s1_tta,R05-C03,18,100,0.5710959627167759,0.1042517465230226,0.7219306826591492,0.0499514229595661,chipstain_nll+tta,1,0.5044902201454214,0.1601359862644033,0.015111512504518,0.571211075547004,0.1058548459246951,0.0456677116453647
0.0508623918955857,18.7499391888903,0.7543865575916696,0.6582740945066126,0.5659472417110685,0.6276595744680851,0.5152838427947598,0.637974683057023,229,188,166,0.5168017001238262,0.1471794202458787,0.6591454744338989,0.6087023391874712,0.1966617699471983,0.4523687958717346,0.7253252863883972,chipstain_nll_s1_tta,R05-C03,18,150,0.5877467223260021,0.1216523632347106,0.6587580442428589,0.0661720484495163,chipstain_nll+tta,1,0.6803207305072325,0.1137762826085862,0.0223699323832988,0.5599799131148506,0.1710073061239076,0.0566926226019859
0.0237894646131421,24.371232881833965,0.8899525946299706,0.7988882385121063,0.8934010147285424,0.88,0.9072164948453608,0.8085106377983816,97,100,91,0.3547485496867699,0.2100178999436788,0.5974107384681702,0.4025414631150663,0.1831498267968119,0.6028897166252136,0.6703382730484009,chipstain_nll_s1_tta,R05-C03,19,1,0.4171529257213215,0.155877184170603,0.6061035394668579,0.0326783470809459,chipstain_nll+tta,1,0.428182842763455,0.1726200533671551,0.0070745642296969,0.4112008009202889,0.1569514662836539,0.0317127369344234
0.0242539460294696,24.16780955922224,0.8800420554423439,0.8017749559674379,0.8818181813181818,0.8818181818181818,0.8818181818181818,0.7980769225785873,110,110,98,0.276050465761429,0.2456907661034613,0.6334812641143799,0.4778473375521932,0.1615400124285619,0.6329293251037598,0.6994568109512329,chipstain_nll_s1_tta,R05-C03,19,10,0.568256240494708,0.1094527573879793,0.6397990584373474,0.0352443791925907,chipstain_nll+tta,1,0.511009702685699,0.1500097483151432,0.008001253940165,0.5635408168765337,0.1103355948996001,0.0340794809162616
0.0333135789566464,22.400379447710527,0.8231132816986252,0.7563980988614888,0.7961165043544159,0.803921568627451,0.7884615384615384,0.7728813554338638,156,153,139,0.4763411465990982,0.1746875954761023,0.6801276206970215,0.5902714800956739,0.1441573488749883,0.5942987203598022,0.7080487012863159,chipstain_nll_s1_tta,R05-C03,19,50,0.5966518596778391,0.1127302540610789,0.6764183044433594,0.0487226136028766,chipstain_nll+tta,1,0.5580724931505431,0.1488340307464775,0.0139133650809526,0.5943896145525404,0.1194801449574227,0.0451809838414192
0.0617610329124339,17.0481334898606,0.7243113367605253,0.5306667269381827,0.6459330138569973,0.6994818652849741,0.6,0.6969696964789944,225,193,171,0.7155339412914378,0.0822205686758071,0.661084771156311,0.6994656973076385,0.6043505133475522,0.3345765471458435,0.733650803565979,chipstain_nll_s1_tta,R05-C03,19,100,0.7300228796473474,0.0752121076472894,0.6587333679199219,0.0847582146525383,chipstain_nll+tta,1,0.7667459244300296,0.0858933958794005,0.0348247662186622,0.6688876260553691,0.5897423331641299,0.0638273209333419
0.0682540156338465,18.251619442293844,0.6578242251913039,0.6217998568663937,0.6184873944628994,0.6865671641791045,0.5626911314984709,0.5961199289650345,327,268,240,0.7942984874674844,0.0947376698444348,0.4390355944633484,0.7399871352901891,0.1619119126377208,0.2564047574996948,0.5891791582107544,chipstain_nll_s1_tta,R05-C03,19,150,0.8118417039802036,0.0843645126995031,0.4501089453697204,0.0984280854463577,chipstain_nll+tta,1,0.7934533820791634,0.1151478521108644,0.0323944725096225,0.7721431014934427,0.1513610442635814,0.0837382972240448
0.0214430832700755,24.98173470019953,0.904214432259235,0.8058198203014864,0.778443113272473,0.7738095238095238,0.7831325301204819,0.7114093954796629,83,84,66,0.3673774831692574,0.1782011852055491,0.5764726400375366,0.3549356061212822,0.1821529875624998,0.5877441167831421,0.6429272890090942,chipstain_nll_s1_tta,R05-C03,2,1,0.3132045686374402,0.1901163010966446,0.5921475887298584,0.02863185480237,chipstain_nll+tta,1,0.4003590942645547,0.1694411245253489,0.0063052647747099,0.305013799424773,0.1939060650833706,0.0277601592242717
0.0198068681187569,25.35268758481676,0.9031947770779954,0.8274514956184654,0.795321636927328,0.8192771084337349,0.7727272727272727,0.7581699341518219,88,83,65,0.198123833606753,0.2626486163015066,0.6008870601654053,0.3999810120600179,0.1942838900916734,0.6272888779640198,0.6991094946861267,chipstain_nll_s1_tta,R05-C03,2,10,0.50704009257538,0.1300313714406097,0.6402798295021057,0.0283554829657077,chipstain_nll+tta,1,0.3846261681169698,0.2078281914323293,0.0065434947609901,0.4983788899123333,0.1404844023181862,0.0273906551301479
0.0265756662492551,23.916075179497852,0.8602155385674856,0.802222903215771,0.757990867079919,0.7614678899082569,0.7545454545454545,0.7596153841170487,110,109,98,0.2884939606969752,0.2192120923391194,0.6415009498596191,0.4672970315930593,0.1694335141421373,0.6291944980621338,0.6840403079986572,chipstain_nll_s1_tta,R05-C03,2,50,0.6083761739096694,0.0948564504559154,0.6457058787345886,0.0370575077831745,chipstain_nll+tta,1,0.4259181279606523,0.177380779597734,0.0084648914635181,0.6158678444469726,0.0930996057016068,0.0358192957937717
0.0388499277106532,21.58752660221561,0.7964571281951273,0.7339804446253542,0.6443768991999335,0.7066666666666667,0.5921787709497207,0.6455696197619971,179,150,137,0.5426250865918854,0.1366576978131326,0.661859393119812,0.569927616905181,0.1484502599915813,0.5311994552612305,0.7022273540496826,chipstain_nll_s1_tta,R05-C03,2,100,0.6179959459144834,0.0989456026584173,0.6586471796035767,0.0559894815087318,chipstain_nll+tta,1,0.549923419227424,0.1436307713846084,0.0173585154116153,0.617321759692384,0.1098397133576174,0.050213698297739
0.0468970586432714,20.824372767324036,0.7451491246188356,0.74317079657369,0.6434426224527092,0.6855895196506551,0.6061776061776062,0.7381974243989297,259,229,207,0.7166384759019626,0.1042389762951857,0.557327151298523,0.702610392468832,0.1249730826654903,0.4428858757019043,0.6575302481651306,chipstain_nll_s1_tta,R05-C03,2,150,0.7413856657205792,0.0854411706291297,0.555225133895874,0.0700710266828537,chipstain_nll+tta,1,0.6969405698482494,0.1276279669275085,0.0143939955160021,0.7414120323921797,0.0860459395734633,0.068163014948368
0.0403922086575371,19.310657809524375,0.8489317301199896,0.6220282498767427,0.8075117365931803,0.8865979381443299,0.7413793103448276,0.7809523804578684,116,97,94,0.2347987237965644,0.1678724476702965,0.6742181777954102,0.4367149072569305,0.2910156423242555,0.6126620769500732,0.7032521367073059,chipstain_nll_s1_tta,R05-C03,20,1,0.5558716652183097,0.0899052497028604,0.6743669509887695,0.0507254600524902,chipstain_nll+tta,1,0.5140772078639705,0.1208527662193503,0.0255912039428949,0.5434661812661098,0.1294798843870073,0.0349159836769104
0.0267758608852694,23.9846031071024,0.871622550249029,0.8212378814015167,0.8403361339539227,0.8547008547008547,0.8264462809917356,0.8214285709318001,121,117,103,0.2566689785910268,0.2070976386688119,0.5866799354553223,0.3905254984211342,0.184774125502634,0.587009608745575,0.6486498713493347,chipstain_nll_s1_tta,R05-C03,20,10,0.4193967790976519,0.1528267536858979,0.5893943309783936,0.0369005873799324,chipstain_nll+tta,1,0.3715365343038501,0.1887493678939383,0.008009866811335,0.4183587032557922,0.1536033970452601,0.0357164554297924
0.0386033764832242,21.479988422799742,0.7968678820497901,0.7499795870485267,0.7590361440786036,0.7777777777777778,0.7411764705882353,0.7619047614079112,170,162,145,0.4710994944201764,0.1656126019049307,0.6677328944206238,0.5134229989652708,0.1616493405856206,0.5488585233688354,0.7044893503189087,chipstain_nll_s1_tta,R05-C03,20,50,0.4772236631977985,0.1438322289331194,0.6652183532714844,0.0564697012305259,chipstain_nll+tta,1,0.4516953925411493,0.1843536300483546,0.0176363475620746,0.4729185556511257,0.150233716055668,0.050146497786045
0.0452046078854917,21.01585525766781,0.7512909183062295,0.7730527062877622,0.6666666661678589,0.7008928571428571,0.6356275303643725,0.6447058818661203,247,224,178,0.5883316985533242,0.1504018838383596,0.5740325450897217,0.6367895178718156,0.1539845704244237,0.4128296971321106,0.6781662106513977,chipstain_nll_s1_tta,R05-C03,20,100,0.6145907874793907,0.13780728381429,0.579075038433075,0.0677743405103683,chipstain_nll+tta,1,0.6809440729601653,0.1303297914451757,0.0117115015164017,0.6065780053360451,0.1414538984513212,0.0665108114480972
0.0751312134849519,17.54516274784293,0.6147134883273411,0.6357028507893727,0.5303030298054591,0.5700325732899023,0.4957507082152974,0.679867986312295,353,307,253,0.7906573248592648,0.1031081167114125,0.4067431092262268,0.7260795234832303,0.1690140749816826,0.2515159845352173,0.5768764615058899,chipstain_nll_s1_tta,R05-C03,20,150,0.7896784023844687,0.1033320032745255,0.4108846187591553,0.1048882082104682,chipstain_nll+tta,1,0.7659761440292902,0.1388308414441942,0.027639664709568,0.7610631206295972,0.1558120532600255,0.0940888300538063
0.0155315718732443,28.232329900169013,0.9311506672627408,0.8129390256994966,0.7397260268981045,0.7714285714285715,0.7105263157894737,0.7878787873902662,38,35,28,0.1235777246671202,0.2901238883132317,0.3564066886901855,0.1305734305806904,0.2877963032066731,0.3851326107978821,0.5026997327804565,chipstain_nll_s1_tta,R05-C03,21,1,0.1336160246745934,0.2684402224451926,0.3906205296516418,0.019594382494688,chipstain_nll+tta,1,0.1286137685413856,0.2841305950603043,0.0035567001905292,0.1355678122944311,0.2673961416137859,0.0191943272948265
0.0155295033552638,27.449129678973264,0.9224035069488286,0.8041930120732778,0.7906976739186046,0.7906976744186046,0.7906976744186046,0.7199999995107556,43,43,32,0.0331360993977834,0.3509837964981363,0.4527596831321716,0.2560613331037916,0.2412485721301978,0.5120722651481628,0.6234747171401978,chipstain_nll_s1_tta,R05-C03,21,10,0.3108240097957854,0.1950532104252706,0.5218762159347534,0.0218809321522712,chipstain_nll+tta,1,0.2803450328917818,0.2201942295745727,0.0039238110184669,0.3090777405320691,0.1954929879761162,0.0214389376342296
0.0190531680702419,26.26489875469989,0.8847932423480271,0.7783761989292376,0.7433628313587596,0.7636363636363637,0.7241379310344828,0.7766990286341784,58,55,45,-0.0634690431255544,0.4152010958574149,0.5088068246841431,0.4357823107673234,0.2029541860336855,0.5630470514297485,0.6466318368911743,chipstain_nll_s1_tta,R05-C03,21,50,0.6432136949272204,0.1061991066996231,0.5585168600082397,0.0260071884840726,chipstain_nll+tta,1,0.476238518271726,0.1786464818277228,0.0049543478526175,0.6436046360509035,0.106253407766326,0.0253930166363716
0.0238685850346104,25.322658550946297,0.848316308456172,0.7767902646935002,0.6440677961109514,0.6705882352941176,0.6195652173913043,0.6666666661758879,92,85,70,0.2264660579105826,0.2894212895873335,0.5594683885574341,0.4958478887846231,0.1737702410860744,0.5606141090393066,0.6190854907035828,chipstain_nll_s1_tta,R05-C03,21,100,0.5865342601390297,0.1217397562239316,0.5598992109298706,0.0326191484928131,chipstain_nll+tta,1,0.4498648404113735,0.1857581051427994,0.006703580264002,0.5893145646927452,0.1212847332592803,0.0317125394940376
0.0281797980303141,24.228676135093927,0.8189851796237693,0.779280149346155,0.526315788981853,0.603448275862069,0.4666666666666667,0.6821705421489094,150,116,108,0.5019952883827926,0.1904580990973284,0.6304564476013184,0.5885489794620297,0.1471676267721536,0.6064920425415039,0.6624690890312195,chipstain_nll_s1_tta,R05-C03,21,150,0.6233675954812218,0.1127747001694948,0.6300486326217651,0.0420137681066989,chipstain_nll+tta,1,0.5587567707657005,0.1524758506543989,0.0089339539408683,0.6232000135366291,0.1138123580176217,0.0407611355185508
0.0127163542799506,30.372998355147494,0.943912067088466,0.8759079194319759,0.8253968248999748,0.896551724137931,0.7647058823529411,0.8437499995019531,34,29,30,0.2468043131039307,0.3145018792896925,0.3002439141273498,0.0893459186456549,0.3410810784818029,0.2818969488143921,0.4253934621810913,chipstain_nll_s1_tta,R05-C03,22,1,-0.1133290076430524,0.4243966252557327,0.2943094372749328,0.0165609568357467,chipstain_nll+tta,1,0.0951298425326945,0.331677645448427,0.0029081639368087,-0.1144687075840665,0.4244353509825338,0.0162411481142044
0.011503427391426,29.381874902179923,0.9392018544389324,0.8516259857970807,0.7384615379711241,0.8571428571428571,0.6486486486486487,0.840579709647553,37,28,32,-0.0504358002918467,0.4726212677400683,0.340644896030426,0.1827478762908539,0.3162254167787897,0.3959593772888183,0.5612123608589172,chipstain_nll_s1_tta,R05-C03,22,10,0.2384593359495975,0.2704525859019174,0.4431603550910949,0.0167287327349185,chipstain_nll+tta,1,0.2344214877324317,0.2813905620891414,0.0029593158978968,0.2386079147284251,0.2702314866486279,0.016399148851633
0.014690994948142,28.2948595281848,0.9022181740822164,0.8386782243693529,0.6881720425135853,0.7441860465116279,0.64,0.8723404250339519,50,43,44,-0.2430338157349933,0.5608720077831957,0.345119297504425,0.3138984750092559,0.2805883673589577,0.441323459148407,0.5814332962036133,chipstain_nll_s1_tta,R05-C03,22,50,0.6278538876599402,0.1239415362042203,0.4755501747131347,0.0201734919100999,chipstain_nll+tta,1,0.3198647617376022,0.2669408522776416,0.0037717213854193,0.6334621840981031,0.1224880485745057,0.0197138655930757
0.0213895062384747,26.192383862686015,0.8513985316027568,0.8008430135546898,0.6749999995012499,0.7105263157894737,0.6428571428571429,0.7763157889792243,84,76,68,0.0725680653028937,0.3641076510480753,0.4760279059410095,0.3930752353572523,0.2151947668119002,0.4953471422195434,0.5807795524597168,chipstain_nll_s1_tta,R05-C03,22,100,0.5367320816678892,0.1438850127586412,0.4897908568382263,0.029001535847783,chipstain_nll+tta,1,0.302125119578625,0.2384699355143015,0.00602538138628,0.5463160598031324,0.1410417592860345,0.0281868185847997
0.0263370803363292,24.644212595299948,0.8162945977065076,0.785852430484508,0.6695652168919093,0.6936936936936937,0.6470588235294118,0.7582938383707464,119,111,92,0.2629223103021535,0.273251373638154,0.553341269493103,0.4479525274980142,0.1954358058708437,0.5433979630470276,0.5996409058570862,chipstain_nll_s1_tta,R05-C03,22,150,0.5290978935509354,0.1417532834352173,0.5572242736816406,0.0368600152432918,chipstain_nll+tta,1,0.3468013820044756,0.22536306479012,0.0082464860752224,0.5412264978438136,0.1382763012837529,0.0356645435094833
0.0140272285697685,30.00908995097003,0.9372716000301644,0.8492927859553722,0.7384615379711241,0.8571428571428571,0.6486486486486487,0.8529411759744808,37,28,31,0.2707077107834021,0.2612649381264212,0.2469335794448852,0.0289732180189035,0.3616683807921159,0.2469180822372436,0.3878257274627685,chipstain_nll_s1_tta,R05-C03,23,1,-0.0617260515325979,0.3749818289365375,0.2453392744064331,0.0169503595679998,chipstain_nll+tta,1,0.0586871863904138,0.347395233080025,0.003162391250953,-0.0644370592097102,0.3752656367430799,0.0165702700614929
0.0123236285616517,29.32836956268968,0.934977879909195,0.8246123257674779,0.6666666661707987,0.7333333333333333,0.6111111111111112,0.8307692302750296,36,30,29,0.0692376873543929,0.3700897983941508,0.3253422975540161,0.1448974079226423,0.3129665837371037,0.3704467415809631,0.5258533954620361,chipstain_nll_s1_tta,R05-C03,23,10,0.1425161598677976,0.2806035209062796,0.3863673806190491,0.017876423895359,chipstain_nll+tta,1,0.1022679856106675,0.3244097234258228,0.0034153023734688,0.1429910517937941,0.2799188965219726,0.0174574889242649
0.013972113428259,28.96600856364652,0.9049816427213596,0.8459093582259674,0.7529411759723184,0.8,0.7111111111111111,0.7469879513107853,45,40,38,-0.0983190893130501,0.5293829207808338,0.3443825244903564,0.2860497210081356,0.3174412954129773,0.4053568840026855,0.580580472946167,chipstain_nll_s1_tta,R05-C03,23,50,0.4374183679141133,0.2295423004460018,0.4299634099006653,0.0197831094264984,chipstain_nll+tta,1,0.2603190141827323,0.313897852985559,0.0037673071492463,0.4403859447638185,0.228923006900101,0.019317464902997
0.0198104526089022,27.00256791585645,0.8560188447674114,0.8135573655805518,0.6140350872199137,0.5932203389830508,0.6363636363636364,0.699999999505,55,59,45,0.0928337041376082,0.3738362809545945,0.4136087894439697,0.3241520670642613,0.2637302749571965,0.4273838400840759,0.5393778085708618,chipstain_nll_s1_tta,R05-C03,23,100,0.4200019192288704,0.2098605877891872,0.4217684268951416,0.0258138757199049,chipstain_nll+tta,1,0.2158201834089543,0.2962175081775741,0.0053237322717905,0.4281641867603492,0.208260361914865,0.0251187141984701
0.0259487880700079,24.853566181540124,0.8098204839378054,0.7660667854759249,0.5342465748424657,0.5342465753424658,0.5342465753424658,0.7633587781325097,73,73,58,0.224453457642149,0.2697404784374735,0.4984568953514099,0.385446314736093,0.2085131157419467,0.5040334463119507,0.5677744746208191,chipstain_nll_s1_tta,R05-C03,23,150,0.4529464437218095,0.166900722632752,0.5012974739074707,0.0327830463647842,chipstain_nll+tta,1,0.2562111947668808,0.2522037827477498,0.0068205008283257,0.4615860771139173,0.1643321775767232,0.0318818129599094
0.018409894229404,27.07991877143462,0.9197582335388516,0.8738214000478718,0.9215686269511726,0.94,0.903846153846154,0.9523809518809976,52,50,53,0.286521562291319,0.2257657729225818,0.345537006855011,0.0847604140897142,0.3046588161623081,0.3454230427742004,0.4477930068969726,chipstain_nll_s1_tta,R05-C03,24,1,0.0500569314299389,0.3050891209486762,0.3502595424652099,0.0214281268417835,chipstain_nll+tta,1,0.1607597703967908,0.2810974639756353,0.0045078676193952,0.0438648307725521,0.3064440445817253,0.0208022315055131
0.0169109536605429,27.071859212952944,0.9208567825432308,0.8648267523932526,0.8292682921832243,0.85,0.8095238095238095,0.9105691051913544,63,60,60,0.2062928677299565,0.242691209017444,0.4173520803451538,0.1408680832679431,0.268031034390995,0.4292518496513366,0.5296581983566284,chipstain_nll_s1_tta,R05-C03,24,10,0.1532643238470636,0.2548348047948483,0.4305141568183899,0.0228814408183097,chipstain_nll+tta,1,0.1838240540447731,0.2540252795813303,0.0049044233746826,0.1488165440392449,0.2555438160426315,0.02218808978796
0.019935087886517,24.999071970330856,0.8780424212560445,0.8221026964968295,0.857142856642857,0.8571428571428571,0.8571428571428571,0.8139534878723633,84,84,88,0.1392515100040416,0.2895686544711919,0.6098830699920654,0.365487068812324,0.2067476782983037,0.6203150153160095,0.7131667137145996,chipstain_nll_s1_tta,R05-C03,24,50,0.4237728370980833,0.1638863934069627,0.6186010837554932,0.0313084311783313,chipstain_nll+tta,1,0.3031185589846976,0.2283602772502279,0.0066269068047404,0.4268528665264282,0.1629655344147281,0.0303814895451068
0.0263150009037059,23.37771694363372,0.8325939179602646,0.8098767116330459,0.6341463409674136,0.6964285714285714,0.582089552238806,0.7999999995012994,134,112,121,0.2276011232437971,0.2546980973608017,0.6520692110061646,0.4090155331342182,0.1971709240913008,0.6385817527770996,0.7082294225692749,chipstain_nll_s1_tta,R05-C03,24,100,0.440962711358667,0.1582395266810128,0.6556673049926758,0.037725169211626,chipstain_nll+tta,1,0.3336674824429215,0.2284745238924539,0.0085110804066061,0.442887975167314,0.1571596589979116,0.03643499314785
0.0359335919475627,21.943570574733585,0.7703652453127419,0.7953135876095103,0.5597667633510527,0.6037735849056604,0.5217391304347826,0.7988338187446388,184,159,159,0.428654524913342,0.1986483815832647,0.6484283208847046,0.5167470878654625,0.1726381425527212,0.5664547085762024,0.7000898122787476,chipstain_nll_s1_tta,R05-C03,24,150,0.5226841887834307,0.1463047687800124,0.6450920104980469,0.0504100173711776,chipstain_nll+tta,1,0.4663346540548888,0.1935544454616132,0.0109146321192383,0.525278427937285,0.1455057646113551,0.0488553047180175
0.0182412526763577,26.58453535615822,0.9225313846554306,0.8282576567584045,0.7999999995001389,0.7868852459016393,0.8135593220338984,0.8867924523365965,59,61,47,0.2624094537013576,0.2320264370578543,0.4402741193771362,0.183746510296512,0.252068026090754,0.4418627023696899,0.536734938621521,chipstain_nll_s1_tta,R05-C03,3,1,0.1277919523624299,0.2745214591245545,0.4349220395088196,0.0223471671342849,chipstain_nll+tta,1,0.1875112348104922,0.2533652225208278,0.0047258934937417,0.1239974451649016,0.274623646963675,0.0217270981520414
0.0172043358464948,26.51583728650135,0.9166019974045498,0.8290115908194204,0.7741935478876171,0.8,0.75,0.9059829054873256,64,60,53,0.1204009889130175,0.3066841610003025,0.492572009563446,0.2100049578298519,0.2627697623216593,0.5214241743087769,0.6387258768081665,chipstain_nll_s1_tta,R05-C03,3,10,0.3655878695012654,0.178188452740049,0.5155201554298401,0.0236308705061674,chipstain_nll+tta,1,0.2081406441292509,0.2643762664882548,0.0050080809742212,0.3706638129263649,0.175708200514887,0.0229692421853542
0.0242925089148185,24.55849512248951,0.8592963876668342,0.7789719429833679,0.774999999500078,0.7848101265822784,0.7654320987654321,0.7887323938761158,81,79,61,0.2504675513159499,0.2569176878787484,0.5651670694351196,0.3243508210314483,0.2388490011333797,0.5663750171661377,0.6483571529388428,chipstain_nll_s1_tta,R05-C03,3,50,0.3668646281132695,0.1802176324474611,0.5692007541656494,0.0326392538845539,chipstain_nll+tta,1,0.2824686981406482,0.2508528736907537,0.0070140953175723,0.3699636088354279,0.1786655976989011,0.0317058824002742
0.0293629989634406,23.534224804722932,0.8281082397174182,0.7810866341543574,0.6987951802235447,0.725,0.6744186046511628,0.793248944651605,129,120,108,0.3617637584947398,0.2106334314723002,0.6040626168251038,0.3778792775838374,0.2090078881893364,0.57989501953125,0.6445239782333374,chipstain_nll_s1_tta,R05-C03,3,100,0.3889255003594843,0.1728471423939139,0.6011432409286499,0.0385475531220436,chipstain_nll+tta,1,0.319280530101688,0.2194770691793102,0.0087624546140432,0.3938277833559537,0.1712527371668663,0.0372659787535667
0.0418646868773983,21.40110032548696,0.7606401920797933,0.7285871425803511,0.6798866850526045,0.6936416184971098,0.6666666666666666,0.6463414629193931,180,173,148,0.6638318377863701,0.1177431199545268,0.6326391100883484,0.6610235277701149,0.1272349206493182,0.5201119184494019,0.6880341172218323,chipstain_nll_s1_tta,R05-C03,3,150,0.6772492018537372,0.0943053741477304,0.6289197206497192,0.0600833743810653,chipstain_nll+tta,1,0.6549467914626671,0.1252454439492501,0.0137862665578722,0.6730605687747239,0.0970747719891988,0.0576248243451118
0.018767294553049,27.17571174255072,0.9128089701088676,0.8425290613658889,0.9516129027258065,0.9516129032258064,0.9516129032258064,0.9499999995005556,62,62,58,0.2093928244555114,0.241995711123333,0.4093857407569885,0.1320665295726326,0.27616149818447,0.415032148361206,0.5160499811172485,chipstain_nll_s1_tta,R05-C03,4,1,0.1745529268100727,0.2413627851730347,0.4118493199348449,0.0258289352059364,chipstain_nll+tta,1,0.1378606519852371,0.2765011947476143,0.0055430741049349,0.1752729240760537,0.2408321958683714,0.025048341602087
0.0175800477515996,26.96380481996153,0.9088921640685784,0.8349780586854408,0.8175182476752091,0.8235294117647058,0.8115942028985508,0.8805970144258186,69,68,65,0.2190904845577345,0.2718022200841992,0.4826771020889282,0.2379374894444394,0.2672842366691912,0.4985939860343933,0.6184083223342896,chipstain_nll_s1_tta,R05-C03,4,10,0.2519595564371731,0.2414526361008768,0.4975389242172241,0.027079289779067,chipstain_nll+tta,1,0.2621805039310019,0.2529048878042875,0.0055673932656645,0.2500559553720668,0.2423493701850458,0.0263328943401575
0.0294794707579348,22.442059920047708,0.8455215721325331,0.7339778373433928,0.844221105028661,0.8842105263157894,0.8076923076923077,0.8965517236382343,104,95,99,0.2866123832150982,0.2236254614198715,0.6473582983016968,0.4267722091351929,0.2055630330966552,0.633644700050354,0.6896591782569885,chipstain_nll_s1_tta,R05-C03,4,50,0.4653443735205279,0.1641110132575845,0.6465452909469604,0.042756762355566,chipstain_nll+tta,1,0.4428067266171291,0.1809400726686142,0.0175117086619138,0.4619887805416446,0.1859585221551853,0.0340736471116542
0.0439302807123605,19.3711857043598,0.7812284811591318,0.6352191413019197,0.6903914585770189,0.7404580152671756,0.6466666666666666,0.8842105258171744,150,131,135,0.4442755477724076,0.1445949625179409,0.7142243981361389,0.5815340296062546,0.2324220427848091,0.5623108148574829,0.7332955598831177,chipstain_nll_s1_tta,R05-C03,4,100,0.6493000202160283,0.0853022008806544,0.7127299308776855,0.0587622299790382,chipstain_nll+tta,1,0.574021342566604,0.1197954500858423,0.0247742552310228,0.6408174878575291,0.1469893761399457,0.0456035919487476
0.0641039130644775,16.510023645183537,0.7219628435555028,0.5851747073385126,0.5310734458393183,0.6266666666666667,0.4607843137254901,0.8095238090269588,204,150,174,0.6623797766166365,0.075983574135564,0.7220151424407959,0.6268641103225798,1.1241324273552975,0.3170700073242187,0.7723323106765747,chipstain_nll_s1_tta,R05-C03,4,150,0.7177884098801407,0.0608074029314321,0.7135361433029175,0.0803594887256622,chipstain_nll+tta,1,0.6697287725533558,0.0842898342155518,0.0453563258051872,0.6271859692308087,1.249189423197828,0.0507412925362587
0.0162115575455712,28.203942140012508,0.9291662340947084,0.8354734324769284,0.8199999995032,0.8913043478260869,0.7592592592592593,0.7608695647325141,54,46,38,0.1482613068012923,0.2738548742813451,0.3676308393478393,0.1982358606542098,0.2743325061446603,0.390480637550354,0.4979678988456726,chipstain_nll_s1_tta,R05-C03,5,1,0.2156965381826082,0.2619666236540893,0.378268301486969,0.0204086508601903,chipstain_nll+tta,1,0.1919839817529805,0.2737875988151354,0.003909736406058,0.2143278474824832,0.2614299210877626,0.019950708374381
0.0165926261985219,27.332586986017677,0.9172646234881836,0.8141824875322863,0.8793103443281807,0.85,0.9107142857142856,0.7799999995071999,56,60,44,0.1423888097923943,0.2712291955411924,0.4897432923316955,0.2901639746293447,0.2387412903833768,0.52703857421875,0.6418066024780273,chipstain_nll_s1_tta,R05-C03,5,10,0.3793819628032207,0.1767089665951019,0.5192492008209229,0.0232502445578575,chipstain_nll+tta,1,0.2697483487865041,0.2496965010464576,0.0043553817085921,0.3791039770157842,0.1763716189973851,0.0227527599781751
0.0199017357733781,26.78848069286909,0.8861790000830141,0.8240405832604359,0.7428571423575508,0.7647058823529411,0.7222222222222222,0.7226890751523197,72,68,47,0.2703795849295927,0.2761226667406569,0.4735568761825561,0.3457061121592811,0.2544982081372935,0.4930262565612793,0.5894273519515991,chipstain_nll_s1_tta,R05-C03,5,50,0.4165502204196281,0.194431989112795,0.4954780340194702,0.0261489804834127,chipstain_nll+tta,1,0.3484299881571981,0.2538574930977313,0.0054733571596443,0.4170812446683171,0.1944491501017565,0.0254329591989517
0.0278212986595701,24.26546595470464,0.8386861720200923,0.7541233230657964,0.6933333328333431,0.6902654867256637,0.6964285714285714,0.7319587623985545,112,113,82,0.54793000401277,0.1538296187472187,0.621141254901886,0.4704388512357306,0.1743615588666033,0.6082206964492798,0.6539705991744995,chipstain_nll_s1_tta,R05-C03,5,100,0.4520892471428945,0.1568563414537553,0.6177080869674683,0.0384743809700012,chipstain_nll+tta,1,0.4048641671098594,0.1895984274630552,0.0086139868944883,0.4536563465975814,0.1566471199171053,0.0372043326497077
0.0375067067137835,21.89949108183578,0.7951068370549473,0.705172112398715,0.6325878589250478,0.6428571428571429,0.6226415094339622,0.6409266404525871,159,154,100,0.6550563262733635,0.1030090446877528,0.68648761510849,0.6732773801703998,0.1130893868364307,0.5919250249862671,0.7239943742752075,chipstain_nll_s1_tta,R05-C03,5,150,0.6853848641791794,0.0818640789500736,0.6844260096549988,0.0544156916439533,chipstain_nll+tta,1,0.6326602429070476,0.1208902554072255,0.0159686896950006,0.6829857390681979,0.0905203491762549,0.049685351550579
0.0173575107251112,27.310738057931225,0.9229549366356444,0.8602895265499209,0.9565217386304348,0.9565217391304348,0.9565217391304348,0.9230769225769836,46,46,45,0.1065223378684739,0.2739738388211122,0.3611243963241577,0.1583329557863007,0.2806394433410058,0.3803131580352783,0.4854620099067688,chipstain_nll_s1_tta,R05-C03,6,1,0.1441040521593181,0.2813312256249243,0.3774471282958984,0.0208456199616193,chipstain_nll+tta,1,0.1617372960035048,0.2803896593982121,0.0043724421411752,0.1412142717777862,0.2826915227814467,0.0202695317566394
0.0164843128409812,27.091040378061464,0.9133706850919892,0.8542295392816918,0.8518518513518518,0.8518518518518519,0.8518518518518519,0.8952380947385034,54,54,51,0.0529902500406212,0.3115837271169931,0.4262683987617492,0.1806074380897236,0.2999284619712233,0.4709096550941467,0.6087008118629456,chipstain_nll_s1_tta,R05-C03,6,10,0.3189173739069066,0.1901110385575741,0.4623056054115295,0.0219809040427207,chipstain_nll+tta,1,0.1410740576310988,0.3115139740978674,0.0045205405913293,0.3240136715794794,0.188564085288827,0.0213941168040037
0.0199641388392562,26.515349156948016,0.8763255126476526,0.8653777465563406,0.7323943656980758,0.7647058823529411,0.7027027027027027,0.7891156457585263,74,68,73,0.1968388772429193,0.3119677259788858,0.4725940227508545,0.2508736277245399,0.3141641867034067,0.4913855195045471,0.6115742921829224,chipstain_nll_s1_tta,R05-C03,6,50,0.3560208309904061,0.2177388393440484,0.4829329252243042,0.0285451430827379,chipstain_nll+tta,1,0.1693777745408282,0.357008076018347,0.0074422904290258,0.3672251140500548,0.2125776469741087,0.0270928237587213
0.0278197469238987,23.842361473241912,0.8241835548755562,0.8065615961908135,0.5645933009367917,0.5959595959595959,0.5363636363636364,0.7135678387015479,110,99,89,0.4078374470683654,0.1931930271840955,0.5940180420875549,0.3091105436324485,0.2506597078220816,0.5890798568725586,0.65297532081604,chipstain_nll_s1_tta,R05-C03,6,100,0.2995138750837217,0.2233475691139236,0.5946246385574341,0.0378336645662784,chipstain_nll+tta,1,0.2034690710634716,0.2972498696307452,0.0093874502927064,0.308591559680725,0.2196017399513146,0.0360856130719184
0.0469302921652335,17.54718145246551,0.7895477826157248,0.5833314982060366,0.5063291134362371,0.6,0.437956204379562,0.7470817115644446,137,100,120,0.4594087196178575,0.0990408366024508,0.7919366359710693,0.4265501603602034,1.369388382606166,0.4373291134834289,0.8076121211051941,chipstain_nll_s1_tta,R05-C03,6,150,0.47251373486164,0.1009067084379161,0.7911382913589478,0.0644033178687095,chipstain_nll+tta,1,0.4177993760251496,0.1356030658065833,0.0382026098668575,0.3980319682886681,1.7652381874507357,0.0371568016707897
0.0131951454788073,29.83898875780018,0.936806802869698,0.8007836822493726,0.7692307687337278,0.8333333333333334,0.7142857142857143,0.9259259254266118,28,24,26,-0.0111385501297427,0.3875160815609553,0.233961284160614,0.0711256998641897,0.3659237665504706,0.2765995860099792,0.4446033239364624,chipstain_nll_s1_tta,R05-C03,7,1,0.1660680783862206,0.308268684384229,0.2754244208335876,0.0165240690112113,chipstain_nll+tta,1,0.069767768747818,0.3637985194842957,0.0033926430623978,0.1607296916527528,0.31719742284895,0.0160787962377071
0.0134336140530364,29.081212746473035,0.9207724618428026,0.7823899294040824,0.7058823524429066,0.6666666666666666,0.75,0.8387096769198752,32,36,30,-0.0279019535204254,0.4531966190407498,0.3288668394088745,0.1770632984090044,0.3561996394401255,0.3974603414535522,0.588162362575531,chipstain_nll_s1_tta,R05-C03,7,10,0.3517528070201472,0.2173754816756738,0.399000346660614,0.0187202207744121,chipstain_nll+tta,1,0.1726924474987066,0.3519618820878661,0.0034660885576158,0.3536983240776823,0.2162565913196389,0.0183217823505401
0.0190472698877256,27.93673349505849,0.8754946192374975,0.7914065907001814,0.6749999995003125,0.6923076923076923,0.6585365853658537,0.6493506488527576,41,39,36,0.0805732635207436,0.4036135922075251,0.3023511171340942,0.2932242849211869,0.3042862224148298,0.3443958163261413,0.4699737429618835,chipstain_nll_s1_tta,R05-C03,7,50,0.4616176619726568,0.1937870183279005,0.3483495116233825,0.0212760008871555,chipstain_nll+tta,1,0.3222332121457108,0.2788249588282002,0.0041161775588989,0.4606296800116136,0.1940000828261193,0.0207768715918064
0.0258747599968636,25.47287416654596,0.8245734842254403,0.7271594124610754,0.5806451607904526,0.5714285714285714,0.5901639344262295,0.7499999995039858,61,63,51,0.1966488434677472,0.2753966249175484,0.389755368232727,0.3296732050473162,0.2225646588288374,0.4043488502502441,0.4793495535850525,chipstain_nll_s1_tta,R05-C03,7,100,0.3664547475119367,0.1777894153009093,0.4024949669837951,0.0268721356987953,chipstain_nll+tta,1,0.3777502442661244,0.1968624839981087,0.0052193142473697,0.3620041924314214,0.1789198791119646,0.0262473132461309
0.0303495377086067,24.162849425050975,0.7930358952494886,0.7239197318382448,0.6779661011968464,0.7228915662650602,0.6382978723404256,0.6540880498310985,94,83,65,0.294385507026593,0.2191827318465938,0.4598234891891479,0.3857621386201322,0.1874500567725346,0.4600292444229126,0.5142608284950256,chipstain_nll_s1_tta,R05-C03,7,150,0.438184851709385,0.1507205964292197,0.4609788060188293,0.032747309654951,chipstain_nll+tta,1,0.3794560685757547,0.1849269661705681,0.0064640208147466,0.4379827386038119,0.1504432739070045,0.0319380536675453
0.0187977493200456,26.78258298759863,0.9138033948934856,0.8317075739562317,0.8636363631363636,0.8636363636363636,0.8636363636363636,0.895999999501568,66,66,59,0.1063982863729095,0.2762624863990938,0.4267454147338867,0.1649437878926348,0.2623034401821021,0.4401143789291382,0.5418463945388794,chipstain_nll_s1_tta,R05-C03,8,1,0.246777716893163,0.2264590413733781,0.4428064823150635,0.0239409860223531,chipstain_nll+tta,1,0.1464144139712007,0.2673098739351449,0.0050131231546401,0.2538851470136227,0.2236640182639305,0.0232815481722354
0.0185737759885285,26.315928735386205,0.9020712520348528,0.8104757883809446,0.8676470583236376,0.855072463768116,0.8805970149253731,0.8593749995010986,67,69,61,0.0972994452476388,0.3026902170126591,0.5291911959648132,0.2832856480457639,0.2356344625165758,0.552005410194397,0.6612715125083923,chipstain_nll_s1_tta,R05-C03,8,10,0.4170900444493273,0.1586810655467873,0.5451892614364624,0.026847206056118,chipstain_nll+tta,1,0.308107426420082,0.2190237583662914,0.0052428129129111,0.4202379754157797,0.1578345898978627,0.0262241698801517
0.0218735837636525,25.26072000028821,0.8679052147106872,0.8009678182457467,0.7674418599651162,0.7674418604651163,0.7674418604651163,0.8095238090240929,86,86,82,0.1881264224519843,0.3007252550738612,0.588425874710083,0.4607423053293714,0.1986914356371426,0.5993862748146057,0.6808128356933594,chipstain_nll_s1_tta,R05-C03,8,50,0.5978788504330022,0.1148210384270519,0.6003494262695312,0.0315936133265495,chipstain_nll+tta,1,0.4787057332016121,0.1849274202494361,0.0065507632680237,0.6004681374810259,0.1139602990460456,0.0307201482355594
0.0290171574889281,23.35086395834366,0.8227639542908007,0.7503790805503486,0.6614785987221609,0.68,0.6439393939393939,0.7391304342935349,132,125,98,0.4960134892525524,0.1900401202885661,0.6743491888046265,0.6182063554893056,0.1368510773140308,0.640947699546814,0.7063639163970947,chipstain_nll_s1_tta,R05-C03,8,100,0.6788459860339047,0.0928383758342131,0.6746530532836914,0.0434402003884315,chipstain_nll+tta,1,0.6148845474661416,0.1358337741774162,0.0096944766119122,0.6802389708702394,0.0920206140160555,0.0419530346989631
0.0361874363505743,22.359616606227085,0.7775706125513044,0.746286201936353,0.6011904756904939,0.6047904191616766,0.5976331360946746,0.7003366998462288,169,167,128,0.6623278734830542,0.1409523407363776,0.6280473470687866,0.6087441426791198,0.1555625002265452,0.5426865816116333,0.6758296489715576,chipstain_nll_s1_tta,R05-C03,8,150,0.6398408358815408,0.1272535759974992,0.6280168294906616,0.0521643199026584,chipstain_nll+tta,1,0.5401274403320843,0.1846548697978378,0.0110100703313946,0.6428512484862148,0.1268416340931454,0.0506197214126586
0.0337320368676124,20.855251373665688,0.8555693630562978,0.6735127522962806,0.776699028630031,0.851063829787234,0.7142857142857143,0.8309178738995076,112,94,95,0.4255418323059572,0.1369883949819718,0.6835312247276306,0.4390334713406802,0.1822404091199179,0.632686197757721,0.7168221473693848,chipstain_nll_s1_tta,R05-C03,9,1,0.4728821497806807,0.1211670904196511,0.6840400695800781,0.0426091849803924,chipstain_nll+tta,1,0.487380730435741,0.1369573915069108,0.0175406374037265,0.462304077758755,0.1500953325314057,0.0341153144836425
0.0454416492313649,17.646654830634457,0.8284583021118005,0.5851144159236756,0.762790697181179,0.8631578947368421,0.6833333333333333,0.8054298637570894,120,95,101,0.4524139232118064,0.085857766188588,0.8308857679367065,0.4800235501722234,1.6488345063031753,0.4111940860748291,0.8423856496810913,chipstain_nll_s1_tta,R05-C03,9,10,0.6107248394998005,0.0526131751664989,0.8308470845222473,0.0667633861303329,chipstain_nll+tta,1,0.5882605067613816,0.067082094817798,0.0409805849194526,0.522720569243782,1.9763014411995483,0.0356268435716629
0.0676348022049044,15.295645422728978,0.7503544031327201,0.5237191477421428,0.4738675953280481,0.5483870967741935,0.4171779141104294,0.75510204032225,163,124,131,0.5305392408940688,0.0715314112664236,0.8241792917251587,0.5654713413874607,1.9088133456727896,0.1970676183700561,0.8484345078468323,chipstain_nll_s1_tta,R05-C03,9,50,0.7398256740678978,0.0348835448534947,0.8180962800979614,0.0999448895454406,chipstain_nll+tta,1,0.6789865112389671,0.0538352393251458,0.0667363107204437,0.5634559996633617,2.24939257230837,0.0464497543871402
0.0861837467751399,14.221786684372352,0.6914330081929296,0.5282472752221511,0.1774193543734102,0.2408759124087591,0.1404255319148936,0.724220623009276,235,137,182,0.7367959865069933,0.0446127779213082,0.7714811563491821,0.6016799729117308,1.8063140524250367,0.0893880724906921,0.8188484907150269,chipstain_nll_s1_tta,R05-C03,9,100,0.7808368607355912,0.0404747499076903,0.7643508911132812,0.1269910186529159,chipstain_nll+tta,1,0.7684548461921363,0.049384087767575,0.0843433067202568,0.4964511676206611,2.1730949425876913,0.0581619404256343
0.1420594427150288,11.174804610648554,0.5938495415362918,0.4339963165242855,0.010840108313188,0.1176470588235294,0.0056818181818181,0.6110183634552635,352,17,247,0.8404046828545204,0.0331930894426769,0.7492523193359375,0.4453759927802347,1.9064718454634015,-0.045484185218811,0.7978618741035461,chipstain_nll_s1_tta,R05-C03,9,150,0.8544792327149955,0.029731408343827,0.7544533014297485,0.2073012888431549,chipstain_nll+tta,1,0.8425168700456247,0.0381606465704697,0.1596208959817886,0.2291050519247255,2.315552564003865,0.0650215595960617
0.0204182080377199,25.850351422653596,0.8945844744496937,0.7957591928239677,0.7891156457613031,0.8529411764705882,0.7341772151898734,0.8111888106943127,79,68,64,0.2143879884732341,0.285431237495564,0.4969369173049927,0.3127107946479037,0.2286714216698616,0.505946159362793,0.6118820905685425,chipstain_nll_s2_tta,R05-C03,0,1,0.3504556427721784,0.2012545876152479,0.5149152874946594,0.0327766239643096,chipstain_nll+tta,2,0.3198635796268831,0.2289177131309696,0.0092117832973599,0.3262807376803529,0.2277178141854124,0.0299623645842075
0.0204390218770066,25.997213295159128,0.8870692262991776,0.8127300924320663,0.7692307687320843,0.8108108108108109,0.7317073170731707,0.824324323830168,82,74,66,0.2110707927571984,0.3237672750398958,0.5329816937446594,0.4011606994389555,0.2353498697054463,0.5373314619064331,0.6520930528640747,chipstain_nll_s2_tta,R05-C03,0,10,0.4499536175009012,0.1951464090817169,0.5394951105117798,0.0320888869464397,chipstain_nll+tta,2,0.4458363182455118,0.2081121423443301,0.0075207185000181,0.4116293695219152,0.2397126398141657,0.0305991992354393
0.0306519451393774,23.959398143910793,0.8163404075147332,0.7776805516068777,0.715789473186205,0.7640449438202247,0.6732673267326733,0.734463276346133,101,89,76,0.3464596260092821,0.2336393469214931,0.5119929313659668,0.4455696505034398,0.190178679746804,0.4777033925056457,0.5614582300186157,chipstain_nll_s2_tta,R05-C03,0,50,0.5166683326912039,0.1501138243671674,0.5035785436630249,0.0387391038239002,chipstain_nll+tta,2,0.4716265380717637,0.1827443830335548,0.011032254435122,0.4387512102300595,0.2731038980156922,0.035379733890295
0.0365132247664842,23.073503230734783,0.779351626341671,0.7790440629336356,0.6262626257639016,0.6595744680851063,0.5961538461538461,0.7482517477558803,156,141,130,0.4023094727233191,0.189410697056206,0.5031050443649292,0.4733891351237033,0.1759585725289539,0.4639502167701721,0.5408222675323486,chipstain_nll_s2_tta,R05-C03,0,100,0.5414700004440433,0.1405241689991908,0.5004437565803528,0.0457500852644443,chipstain_nll+tta,2,0.4903930671806172,0.1663291529718532,0.0107468478381633,0.5396475243287105,0.1406693128773627,0.0440722741186618
0.0425498473671361,21.84782910886895,0.7444024500834816,0.7561492434437798,0.652777777279321,0.6911764705882353,0.618421052631579,0.6568627446049596,228,204,180,0.6643341273961051,0.1318611941319204,0.5362271070480347,0.6127864158398432,0.1569403403215893,0.4438918232917785,0.6001307964324951,chipstain_nll_s2_tta,R05-C03,0,150,0.6329155083148778,0.1329734204555783,0.5311276912689209,0.059062223881483,chipstain_nll+tta,2,0.6108631649581221,0.161145151092948,0.0139390481635928,0.6296481322801595,0.1349728032714273,0.0568952225148677
0.0267632055070357,24.43892906817816,0.8712159851556529,0.81848270158127,0.7969924807040251,0.8346456692913385,0.762589928057554,0.8396946559904142,139,127,123,0.3293694255782209,0.2106879242606504,0.5683832168579102,0.3265089803764956,0.2170225360170425,0.5564708113670349,0.624366283416748,chipstain_nll_s2_tta,R05-C03,1,1,0.3720749866081993,0.1811636996246298,0.5693086385726929,0.0427792035043239,chipstain_nll+tta,2,0.3159066640499984,0.2289643927745865,0.0095977140590548,0.3773243482787693,0.1783890670085497,0.0412807017564773
0.0288471498488871,23.71503475740893,0.8508844761169851,0.7972850612046262,0.8384879720085969,0.8413793103448276,0.8356164383561644,0.8142857137866326,146,145,134,0.3205991624887972,0.2335370238854762,0.6499682664871216,0.4695169663745659,0.1900753028374298,0.6072720885276794,0.6931884288787842,chipstain_nll_s2_tta,R05-C03,1,10,0.4905574299922728,0.1516447612128313,0.6436876058578491,0.0469224862754344,chipstain_nll+tta,2,0.4664181259176762,0.1991225437596117,0.0106018017977476,0.4909490772921639,0.1508816383708193,0.0452660359442234
0.0368824733010158,22.51719736966021,0.7932816275164815,0.7645491514912658,0.7430025440293431,0.7525773195876289,0.7336683417085427,0.7582417577461206,199,194,165,0.5479032358280885,0.1686417147595417,0.6256170272827148,0.5831462239069879,0.1731938456990935,0.4991031289100647,0.6758731603622437,chipstain_nll_s2_tta,R05-C03,1,50,0.5997896171150569,0.1428433412055058,0.6233490705490112,0.0597602315247058,chipstain_nll+tta,2,0.5711378697691901,0.1875534309273481,0.0136930756270885,0.5958676714626567,0.144804021106519,0.0576219297945499
0.0537173820000648,20.41390374044715,0.6981627481798083,0.7208823355835348,0.6194398677048817,0.6416382252559727,0.5987261146496815,0.7423423418509925,314,293,241,0.7300298594435498,0.1285685428094557,0.4614450335502624,0.6995456709871958,0.1627221868021105,0.3241398930549621,0.6081537008285522,chipstain_nll_s2_tta,R05-C03,1,100,0.7379278807273981,0.1177448387452648,0.4692947268486023,0.0876106098294258,chipstain_nll+tta,2,0.6466685288100207,0.199932327405202,0.0182209368795156,0.7355294097752962,0.1191410574605157,0.0851044431328773
0.0696187610724196,18.84580934777607,0.6183922456859539,0.6562160997674411,0.5782227779768201,0.6328767123287671,0.532258064516129,0.6417112294593926,434,365,314,0.7578644773822504,0.1328914255501293,0.3383051753044128,0.669148728774813,0.1959405120680299,0.225662350654602,0.5358580350875854,chipstain_nll_s2_tta,R05-C03,1,150,0.7490845281486023,0.1268243471760965,0.3404211401939392,0.1093453094363212,chipstain_nll+tta,2,0.5693390225696073,0.2497969478394993,0.0216509997844696,0.7465406243598204,0.129579902717899,0.1065518781542778
0.0347378210547915,22.11081107869514,0.8429953780203194,0.8083297114918839,0.7945945940946091,0.7989130434782609,0.7903225806451613,0.8045977006518034,186,184,162,0.4255181283484444,0.1674616007833884,0.6203049421310425,0.4147407786463157,0.1845737744915196,0.5590153932571411,0.656018078327179,chipstain_nll_s2_tta,R05-C03,10,1,0.4034691296874633,0.1765402765307736,0.6150577664375305,0.0517672821879386,chipstain_nll+tta,2,0.380051255626891,0.2120704538026238,0.0123133715242147,0.4044915012350484,0.1761389246062974,0.0497451610863208
0.0367388047357082,21.76550584452197,0.8175950359510747,0.7877959432006663,0.8477157355406221,0.8434343434343434,0.8520408163265306,0.8096514740321283,196,198,177,0.5024767892150357,0.1607552316404476,0.6701514720916748,0.5441011312061073,0.1561520725453562,0.5532926321029663,0.7055000066757202,chipstain_nll_s2_tta,R05-C03,10,10,0.5485950986424007,0.1335696603858089,0.6635103821754456,0.0572729669511318,chipstain_nll+tta,2,0.525295215011592,0.1775364791498266,0.0136955790221691,0.546224983428408,0.1342857882514753,0.0550351366400718
0.0469790521044615,20.740067741373377,0.7491256667134852,0.7715500426827547,0.7624521067797229,0.7683397683397684,0.7566539923954373,0.7886178856812496,263,259,229,0.676823688837493,0.136777782572222,0.5516881942749023,0.6537691896591272,0.1626441223980197,0.4171269536018371,0.6546164751052856,chipstain_nll_s2_tta,R05-C03,10,50,0.6704233198855835,0.1309443819549406,0.5449327230453491,0.0725559666752815,chipstain_nll+tta,2,0.6182926860154896,0.1935694526193805,0.0170712694525718,0.6681104290584666,0.131397656595577,0.0699038803577423
0.0614891087397307,19.52390747408815,0.6744690292876726,0.703711909930862,0.6586985386774742,0.6869806094182825,0.6326530612244898,0.6551724133010964,392,361,304,0.7418988535922915,0.1375843513787183,0.3755686283111572,0.6802581077245996,0.19050721347532,0.2312856912612915,0.5766203999519348,chipstain_nll_s2_tta,R05-C03,10,100,0.7542296370646401,0.1196248466728475,0.3840159773826599,0.1009271070361137,chipstain_nll+tta,2,0.5943152051390228,0.2411266840445597,0.0210405699908733,0.752271206748617,0.1219407852427299,0.0980209782719612
0.079432540230522,18.07676519323364,0.5794889140155873,0.6471898426176154,0.5593561363243282,0.6096491228070176,0.516728624535316,0.6048565116588842,538,456,368,0.6837605314661694,0.1959454338339011,0.2609709501266479,0.57053747904825,0.2772017473709032,0.1515857577323913,0.5016697645187378,chipstain_nll_s2_tta,R05-C03,10,150,0.6813405864771549,0.187025666317439,0.261925458908081,0.1218464374542236,chipstain_nll+tta,2,0.4521214769109082,0.341125353486169,0.0234538801014423,0.679750287559966,0.189268798096188,0.1188446283340454
0.0294950226618334,23.121725096929392,0.8612685292758024,0.8173810503444457,0.8367346933775741,0.8424657534246576,0.831081081081081,0.8413284127883879,148,146,123,0.4083922508448466,0.1869828405033952,0.6336146593093872,0.4847766870772663,0.1543779572301732,0.6080291271209717,0.6787779331207275,chipstain_nll_s2_tta,R05-C03,11,1,0.4895161466481965,0.1432799958931927,0.6321879625320435,0.0447362996637821,chipstain_nll+tta,2,0.4650673988957363,0.1767863797247585,0.0114485677331686,0.4797763379418412,0.1471586914820688,0.0424556583166122
0.0333324604023143,22.84284843551186,0.834576935061779,0.8001065987709314,0.7964601764913636,0.7803468208092486,0.8132530120481928,0.7622149832166706,166,173,141,0.5045487822288404,0.1449056350822037,0.6538313627243042,0.5336487020252861,0.1475058761629027,0.5822970867156982,0.6902740001678467,chipstain_nll_s2_tta,R05-C03,11,10,0.5711038208682035,0.1181903573642208,0.6458560824394226,0.0540094673633575,chipstain_nll+tta,2,0.5260761566389242,0.165811504020719,0.0123021779581904,0.5708560716796708,0.1183269785881195,0.0520523153245449
0.0416462242433506,21.65889728075053,0.7773414725737147,0.7766747714357536,0.7451820123479863,0.75,0.7404255319148936,0.7664399087992142,235,232,206,0.6539579872124589,0.1334276493196396,0.5931543111801147,0.6548681881604945,0.1425557710200215,0.4589430093765259,0.6631335020065308,chipstain_nll_s2_tta,R05-C03,11,50,0.6753416499319242,0.1111215300053688,0.5881003737449646,0.067187987267971,chipstain_nll+tta,2,0.6242402219708324,0.171244173406185,0.0157012809067964,0.6733205383329947,0.112173572862112,0.0647688955068588
0.0528765191378717,20.243691270811013,0.7159142030314335,0.7391489344791115,0.6015037589005868,0.6430868167202572,0.5649717514124294,0.7104851325261742,354,311,285,0.7307205888823896,0.1211973199274042,0.4649699926376343,0.6967959459729992,0.1488486883241248,0.3455812931060791,0.6217038631439209,chipstain_nll_s2_tta,R05-C03,11,100,0.7441251729711419,0.1048025756803542,0.467012345790863,0.0818190723657608,chipstain_nll+tta,2,0.6630298527156591,0.1815549205679323,0.0193596445024013,0.742913635579254,0.1053163791537827,0.0788226649165153
0.0678167111164393,19.079657257021086,0.6376491247836689,0.6904507762285965,0.5270758117776184,0.5732984293193717,0.487750556792873,0.6025974021112194,449,382,321,0.7229109021436027,0.1524182949249835,0.3140000700950622,0.6515731144091351,0.2022064582568085,0.2169575095176696,0.5432437062263489,chipstain_nll_s2_tta,R05-C03,11,150,0.7238912089852689,0.1417494964366892,0.318131148815155,0.1089359074831008,chipstain_nll+tta,2,0.5620808663774961,0.2536443063155033,0.0215321443974971,0.7220876845334183,0.1427652457698674,0.1061351001262664
0.0279421790282967,24.08820840022555,0.8361224435092305,0.822293910903548,0.8396226410096119,0.8557692307692307,0.8240740740740741,0.8780487799892445,108,104,97,0.3595359916856646,0.2712464077029619,0.5697857141494751,0.4479950157691033,0.2091449568569894,0.5024760961532593,0.6250094175338745,chipstain_nll_s2_tta,R05-C03,12,1,0.5213662872177219,0.1560730370227918,0.5688308477401733,0.0461430810391902,chipstain_nll+tta,2,0.4732225876640537,0.2208872617282851,0.0192937012761831,0.4374973179697147,0.2854374814417559,0.036133985966444
0.0304867837299919,23.74410259545484,0.8139244847749172,0.8107370229849352,0.8713692941058176,0.8677685950413223,0.875,0.9170305671867433,120,121,109,0.3559460207819301,0.2791650726769812,0.575823962688446,0.4489773889064745,0.2289575732505433,0.4835468530654907,0.6222846508026123,chipstain_nll_s2_tta,R05-C03,12,10,0.5289674921425159,0.1778577586868817,0.5706276893615723,0.048825204372406,chipstain_nll+tta,2,0.4714738908387899,0.2350764444629413,0.02090984582901,0.4532806357073333,0.3467334496025707,0.037871915847063
0.035313301516481,22.90302888815138,0.8010347906361337,0.8158919229845641,0.7692307687307748,0.7718120805369127,0.7666666666666667,0.8158844760377432,150,149,127,0.2974364932918734,0.2571530831150706,0.5348469018936157,0.3335632023761427,0.2348694292629107,0.4904654622077942,0.5755895376205444,chipstain_nll_s2_tta,R05-C03,12,50,0.4126177995776237,0.1821497039460046,0.531457781791687,0.0461234226822853,chipstain_nll+tta,2,0.3244369429092447,0.2357378582857815,0.0109314117580652,0.419595093050192,0.1794674522309448,0.0443635657429695
0.0469874017951631,21.187428955124822,0.7170194277001894,0.7712027268322824,0.7123893800309832,0.7155555555555555,0.7092511013215859,0.7447306786589077,227,225,200,0.5652545546310299,0.1588765780700045,0.5066006183624268,0.4575942581502459,0.2086976596837002,0.3979336023330688,0.57403165102005,chipstain_nll_s2_tta,R05-C03,12,100,0.4865027566895791,0.1744458703771099,0.5018235445022583,0.065958634018898,chipstain_nll+tta,2,0.4297588164323228,0.235415185695909,0.0161903146654367,0.4775132574121374,0.1824406071862504,0.0632244348526001
0.0640984808867995,19.222399508040176,0.6274898461480736,0.719676441208443,0.499999999501221,0.5259938837920489,0.4764542936288088,0.7723935384151751,361,327,320,0.7042335128715314,0.1240997794301632,0.3846064209938049,0.6431141023153258,0.16996117320454,0.2887937426567077,0.5577516555786133,chipstain_nll_s2_tta,R05-C03,12,150,0.6887627426126774,0.1231130509077984,0.3959481120109558,0.0922943130135536,chipstain_nll+tta,2,0.6144117633356182,0.1987424836155694,0.0194778703153133,0.6866521976077671,0.123793018404354,0.0896676927804946
0.0195976934321658,27.25654988995966,0.8634814741599384,0.7488965359834125,0.840579709647553,0.7837837837837838,0.90625,0.7333333328355556,32,37,28,0.1798641588838152,0.4720964751965375,0.420185923576355,0.3788004509962315,0.2550265788780774,0.4362668991088867,0.5721724033355713,chipstain_nll_s2_tta,R05-C03,13,1,0.409707475775268,0.2267522611898092,0.4614280462265014,0.0395146645605564,chipstain_nll+tta,2,0.402684229892258,0.2498284959237721,0.0180650204420089,0.272460734996418,0.5358025995923212,0.028654720634222
0.022364065727702,26.759869363002245,0.8332038926608965,0.7456275969807579,0.8205128200210386,0.7272727272727273,0.9411764705882352,0.799999999501065,34,44,31,0.2342636112494367,0.4579472067610588,0.4425028562545776,0.3937262429831089,0.2730268557800371,0.4314441680908203,0.5623102784156799,chipstain_nll_s2_tta,R05-C03,13,10,0.4354771896376695,0.2450644975087756,0.4639361500740051,0.0414451994001865,chipstain_nll+tta,2,0.4169427847761812,0.2654387938340422,0.0204485096037387,0.2904930684849599,0.5123867963416384,0.0287470761686563
0.0311301251625868,25.029267423882445,0.7719994286249634,0.7186678120117177,0.7090909085923965,0.6724137931034483,0.75,0.7472527467629514,52,58,39,0.3232810807368458,0.295500556401449,0.3963888883590698,0.3506015436703113,0.2299585388266544,0.3598195314407348,0.4561804533004761,chipstain_nll_s2_tta,R05-C03,13,50,0.4167427363718328,0.1872968915408056,0.3908810019493103,0.0423820614814758,chipstain_nll+tta,2,0.3516567766477808,0.2387324470094108,0.01891372166574,0.2709425923503015,0.3771464968265106,0.03157265111804
0.0361660596409623,24.126462810659017,0.7376873225314916,0.7227193118796829,0.6265060235982,0.5909090909090909,0.6666666666666666,0.729927006808887,78,88,59,0.3497330712091219,0.20548744948408,0.3942351341247558,0.3342609542169497,0.2041527227467683,0.3581370115280151,0.4330847859382629,chipstain_nll_s2_tta,R05-C03,13,100,0.3499463979626305,0.1974788092115629,0.3847070932388305,0.0411539413034915,chipstain_nll+tta,2,0.3143682399047992,0.2228470997141451,0.0150601072236895,0.2414206561152597,0.2915744840455758,0.0343539081513881
0.0405974764429184,23.248678383996577,0.7010101410168577,0.7247816411890122,0.5565217386305861,0.5663716814159292,0.5470085470085471,0.7254901955892444,117,113,87,0.4184056245261522,0.1689809334080213,0.4064454436302185,0.3131619601520953,0.2062577848155941,0.3650044798851013,0.4373125433921814,chipstain_nll_s2_tta,R05-C03,13,150,0.337458212210612,0.1949911916852054,0.3988232016563415,0.0455539748072624,chipstain_nll+tta,2,0.3014122218617933,0.222337399277351,0.0149941211566329,0.2810964702430476,0.2357004486836728,0.0400329083204269
0.016292755529001,27.64295338608171,0.9033636751892468,0.7651302684049611,0.8888888883920383,0.8235294117647058,0.9655172413793104,0.9090909085923968,29,34,26,0.0600020678193678,0.4574016746139748,0.3567909002304077,0.2485436174417835,0.2896348355832013,0.4023869633674621,0.5401380062103271,chipstain_nll_s2_tta,R05-C03,14,1,0.2440887065984867,0.3021231169238901,0.4072068333625793,0.0269575286656618,chipstain_nll+tta,2,0.2505625126104135,0.2923711678914766,0.0098679149523377,0.1108138159341321,0.4844573488218814,0.0217833016067743
0.0162265198175613,27.82900248806277,0.8940276825913159,0.783017086692225,0.771428570930204,0.7297297297297297,0.8181818181818182,0.8571428566439909,33,37,30,0.08301975625366,0.4563633734058297,0.3803361058235168,0.2492458776338767,0.3259946814267075,0.4021592736244201,0.5831891298294067,chipstain_nll_s2_tta,R05-C03,14,10,0.2416538691958016,0.3147550827494226,0.4056310653686523,0.0275115799158811,chipstain_nll+tta,2,0.260381749750858,0.3210103130550036,0.0091929025948047,0.1360612357026607,0.4641997833531984,0.0232839584350585
0.0270498414059579,25.59497773949946,0.8041113975471511,0.7010940589113787,0.4615384610414201,0.4285714285714285,0.5,0.7948717943747535,42,49,36,0.3192121665831393,0.3143680496146738,0.4068881869316101,0.3262965882974853,0.2529941037570907,0.3816325664520263,0.4829680919647217,chipstain_nll_s2_tta,R05-C03,14,50,0.3199537315332063,0.2621398435697153,0.403972327709198,0.0360356234014034,chipstain_nll+tta,2,0.3219824649230275,0.2672025409270563,0.0163745693862438,0.1879088964963203,0.4013148514899003,0.0261891894042491
0.0315524967573273,24.124194932875636,0.7803483611939365,0.7003524710057628,0.4242424237434573,0.4057971014492754,0.4444444444444444,0.7413793098485433,63,69,53,0.3706552275126835,0.2118049670072189,0.410632848739624,0.2959188701116529,0.2228385145597396,0.3858256936073303,0.4658316373825073,chipstain_nll_s2_tta,R05-C03,14,100,0.291686985959847,0.2205955769484471,0.4001857042312622,0.0359037294983863,chipstain_nll+tta,2,0.2844154360332726,0.2385501050111596,0.0121847186237573,0.1728015411883347,0.3315545453864278,0.0303625464439392
0.0369686710409823,23.50061141359109,0.7403256102749457,0.7238656666122247,0.550561797252872,0.5444444444444444,0.5568181818181818,0.603550295358846,88,90,81,0.4349830488787488,0.1658770174591851,0.4331231117248535,0.3347540503057434,0.1920753510590407,0.4067659378051758,0.4678528308868408,chipstain_nll_s2_tta,R05-C03,14,150,0.3149148506366698,0.1865671176202311,0.4235555529594421,0.0413845516741275,chipstain_nll+tta,2,0.2955218900995636,0.2167607090602384,0.0124513301998376,0.2178800649038182,0.2636634996062425,0.0368217825889587
0.0165728728127684,27.40799901986685,0.9050281711086088,0.8286383896175873,0.6516853927615199,0.7073170731707317,0.6041666666666666,0.8172043005757891,48,41,45,0.130992207384311,0.3743541748003303,0.4155796766281128,0.3276967950478163,0.2389861500331793,0.4343768358230591,0.5576326251029968,chipstain_nll_s2_tta,R05-C03,15,1,0.360513261242422,0.2128420599464514,0.4509875774383545,0.0276558957993984,chipstain_nll+tta,2,0.3536859889254584,0.2360745193442576,0.0097115896642208,0.2335168212747729,0.3780983967650876,0.0230941604822874
0.0176627189706645,27.158294825277306,0.882545825658169,0.8193376053433937,0.7191011230985985,0.7804878048780488,0.6666666666666666,0.7032967027982128,48,41,43,0.1522214630236013,0.4085911528694821,0.5024245977401733,0.4495676789161473,0.2044470972426929,0.4987791776657104,0.6283314228057861,chipstain_nll_s2_tta,R05-C03,15,10,0.5155752269164222,0.161587648603396,0.5254150032997131,0.0307433065026998,chipstain_nll+tta,2,0.4876814233646672,0.1980546699886483,0.0123704317957162,0.3048071880086135,0.549476106747324,0.0239809434860944
0.0249219752430087,25.558096062518544,0.8387011669705612,0.7946252128651053,0.7272727267733884,0.7547169811320755,0.7017543859649122,0.7619047614084352,57,53,48,0.2181102326529004,0.3056891534982341,0.4065823554992676,0.3547233483803099,0.231833066550295,0.3861846923828125,0.4959799647331238,chipstain_nll_s2_tta,R05-C03,15,50,0.4251442791459668,0.1879204056383864,0.400511622428894,0.0314776375889778,chipstain_nll+tta,2,0.3812545254363033,0.2212662314320688,0.0106234867125749,0.3007940969040887,0.3217693447751199,0.0269346926361322
0.0294574539905813,24.313034217252945,0.8164678955722507,0.7981117971878845,0.6075949362095817,0.631578947368421,0.5853658536585366,0.6887417213580107,82,76,69,0.2409818443521607,0.2206985676892041,0.4199485182762146,0.342285021001123,0.1986113367961536,0.4155407547950744,0.4960364699363708,chipstain_nll_s2_tta,R05-C03,15,100,0.418741171528098,0.1539145231646057,0.4157138466835022,0.0316534452140331,chipstain_nll+tta,2,0.3187575984517884,0.2027809387910715,0.0072147757746279,0.4151627340261562,0.154404969646572,0.0302834939211606
0.0361762792133839,22.411130712729985,0.7739028634912872,0.7211011441154985,0.5112107618362725,0.5643564356435643,0.4672131147540984,0.6877828049352798,122,101,99,0.406414890826103,0.1669008115767343,0.4976966977119446,0.4090173950947675,0.1738689651469107,0.4880064129829407,0.5411572456359863,chipstain_nll_s2_tta,R05-C03,15,150,0.4410269869979005,0.1430313202216978,0.494659960269928,0.0395826324820518,chipstain_nll+tta,2,0.3264461141048458,0.1980371316552146,0.0082820877432823,0.4472694056563874,0.1395783980616569,0.0383779555559158
0.0185209827984043,27.014632623250176,0.8833931354647435,0.8177750011072666,0.804597700652662,0.875,0.7446808510638298,0.853932583771241,47,40,42,0.1655783420726956,0.4064563289107538,0.4384549856185913,0.3331105040493723,0.2385605473343013,0.4444386959075928,0.5744777917861938,chipstain_nll_s2_tta,R05-C03,16,1,0.345801182039484,0.2213191907456919,0.469872772693634,0.0317060761153698,chipstain_nll+tta,2,0.3286407924759044,0.2512716811623421,0.0136052248999476,0.1426080650694395,0.5290508268226939,0.0238143298774957
0.019390776442474,26.916166953615036,0.8647708563940003,0.819751196516472,0.7252747247747856,0.717391304347826,0.7333333333333333,0.863636363136622,45,46,43,0.1594666355075359,0.4462468033199477,0.4813510775566101,0.4434306014978692,0.2301667919167799,0.4606368541717529,0.6016404628753662,chipstain_nll_s2_tta,R05-C03,16,10,0.5168235502297975,0.1839491549970883,0.4942432641983032,0.0335177890956401,chipstain_nll+tta,2,0.4627084391082294,0.2346125259729548,0.0150746507570147,0.2562012846642427,0.5996939288131962,0.024484796449542
0.0279299509645096,25.651384994451696,0.7987302427052775,0.804117208112051,0.7575757570762167,0.7352941176470589,0.78125,0.8188976372953065,64,68,63,0.2682340428396948,0.3417311989455359,0.4358536005020141,0.4251926572993036,0.2119486688758786,0.3958088159561157,0.4949124455451965,chipstain_nll_s2_tta,R05-C03,16,50,0.5038645919659055,0.1674221848345458,0.4339250326156616,0.0404946506023407,chipstain_nll+tta,2,0.4392606336278559,0.2164294344888794,0.0180886760354042,0.2738995454803966,0.4780228160943691,0.029739174991846
0.031584302259943,24.260978353590488,0.7929716457211499,0.7845117473177347,0.5464480869329033,0.5747126436781609,0.5208333333333334,0.7709497201730283,96,87,83,0.2914045575373032,0.2322797127726516,0.4603893756866455,0.4391147586353995,0.1742497982808361,0.4436693787574768,0.5058394074440002,chipstain_nll_s2_tta,R05-C03,16,100,0.4469294197506591,0.1624596656859386,0.4509950876235962,0.0380180664360523,chipstain_nll+tta,2,0.376848588210901,0.1984501323189711,0.0096572171896696,0.397921504985097,0.2000378292010456,0.0355227179825305
0.0361450296673504,23.12689187219509,0.7648049844071619,0.7650815405934803,0.5482625477664912,0.6016949152542372,0.5035460992907801,0.7878787873811123,141,118,123,0.4600937808633021,0.1834032971859255,0.513809084892273,0.505610606126278,0.1604858559635926,0.4970067143440246,0.551969051361084,chipstain_nll_s2_tta,R05-C03,16,150,0.5037727308678698,0.1440316490003405,0.5083359479904175,0.0443345829844474,chipstain_nll+tta,2,0.4218061812928824,0.1905842601493747,0.0096650691702961,0.5047954188171478,0.1420701316269539,0.042858812958002
0.0170719562111615,28.487065901153947,0.8813723792291741,0.7511930572416131,0.7213114749131952,0.7857142857142857,0.6666666666666666,0.5573770486836871,33,28,28,0.0284463791463088,0.5503666400721298,0.3823038935661316,0.3416335024118144,0.2749025633522641,0.4266858100891113,0.5705980062484741,chipstain_nll_s2_tta,R05-C03,17,1,0.3782090819851901,0.2642277534786621,0.4385744333267212,0.0317938812077045,chipstain_nll+tta,2,0.3533720747588424,0.2708148378447247,0.0138883227482438,0.2697274432291984,0.5653187147217734,0.0238645412027835
0.0190731113356342,28.367198705758632,0.8623377986223729,0.7631034110644792,0.7076923071952662,0.7666666666666667,0.6571428571428571,0.7812499995043946,35,30,29,0.0326646017686328,0.5355957222243741,0.3662302494049072,0.3885170580226886,0.2805738778883531,0.3899399042129516,0.528660774230957,chipstain_nll_s2_tta,R05-C03,17,10,0.4590058191571447,0.2567139886925735,0.4038493037223816,0.0327614955604076,chipstain_nll+tta,2,0.4222519274979961,0.2576761807654086,0.0139814624562859,0.3238710827930487,0.5779575159560819,0.0249493196606636
0.0265148826922892,27.403467967387044,0.8033643288798578,0.7745023972882402,0.8059701487565158,0.8709677419354839,0.75,0.5937499995078124,36,31,28,0.1164280804556413,0.3381687734067224,0.2998781204223633,0.3740002811263985,0.2144635838156487,0.2918930053710937,0.3883233070373535,chipstain_nll_s2_tta,R05-C03,17,50,0.4597762898076608,0.1784890731766963,0.3044789433479309,0.0337948352098465,chipstain_nll+tta,2,0.3907178720835638,0.2044674413462107,0.014784812927246,0.356134051566899,0.3987541666165233,0.0251781828701496
0.030417835256425,26.655008999413347,0.7697553623815003,0.7656609747862388,0.6605504582190052,0.72,0.6101694915254238,0.5940594054547593,59,50,42,0.2245073394584058,0.2360265787771354,0.3050060868263244,0.4170067611794383,0.1742240330770278,0.27804034948349,0.3539174795150757,chipstain_nll_s2_tta,R05-C03,17,100,0.5139057134298148,0.1405641351743075,0.2975159287452698,0.0339629165828228,chipstain_nll+tta,2,0.4446297550570429,0.1667153568437087,0.013518376275897,0.4341509568779387,0.2044999705035763,0.0270146466791629
0.034218635078527,25.261168540867025,0.7525017054870567,0.7439351977217299,0.6586826342314174,0.6875,0.632183908045977,0.6710526310894217,87,80,65,0.2787802259874177,0.1832499780515235,0.3460249900817871,0.4577481471439908,0.1406316113654334,0.3272047042846679,0.3794953823089599,chipstain_nll_s2_tta,R05-C03,17,150,0.5544676680376153,0.114018493696634,0.3427770137786865,0.0363302007317543,chipstain_nll+tta,2,0.4881862617315423,0.1376820226677006,0.0110569177195429,0.4735354704327912,0.1771127185317931,0.032235000282526
0.0212400218657299,25.348299701278375,0.8951875195798328,0.8391011965393844,0.8363636358640955,0.8625,0.8117647058823529,0.7567567562678049,85,80,63,0.0560624024155752,0.3773562275842083,0.5096836090087891,0.3520539345010002,0.2229242486605468,0.5255544185638428,0.6319435834884644,chipstain_nll_s2_tta,R05-C03,18,1,0.4337573896049165,0.1709119716532778,0.5272177457809448,0.032621394842863,chipstain_nll+tta,2,0.3629537684982999,0.2182996892484584,0.0083490498363971,0.4086138543424289,0.2056747907385767,0.0303957760334014
0.0265428793253867,24.050547795875502,0.8446360794423424,0.7976275346765371,0.7666666661669135,0.7840909090909091,0.75,0.7261146491963162,92,88,65,0.1524820440020874,0.3594822670238551,0.5567092895507812,0.430898621154888,0.2084337792668747,0.5416083335876465,0.6307318210601807,chipstain_nll_s2_tta,R05-C03,18,10,0.5596421797770722,0.1358163553995381,0.5601611137390137,0.0395157113671302,chipstain_nll+tta,2,0.4414866752582486,0.2128470268303083,0.0136971361935138,0.5275384973041652,0.1740619934483593,0.0335601642727851
0.0342607481419493,22.81640039486893,0.7832853050275138,0.7798117895443875,0.739336492391276,0.7572815533980582,0.7222222222222222,0.6850828724468727,108,103,73,0.2876800142400679,0.2736979317941751,0.5150288343429565,0.327058042402127,0.2314456828088756,0.46492600440979,0.5534186363220215,chipstain_nll_s2_tta,R05-C03,18,50,0.4041370654023118,0.1767708797405448,0.5104126930236816,0.0438463948667049,chipstain_nll+tta,2,0.307593276081938,0.2559840273818514,0.0160597916692495,0.3187415997398127,0.2587873253825851,0.0365286096930503
0.0396106260050961,21.14610382838315,0.7704434320258043,0.7398110818358765,0.6626506019099289,0.6790123456790124,0.6470588235294118,0.617543859167744,170,162,115,0.3562592290962622,0.2122568629790139,0.5836434364318848,0.4411940115902984,0.1816348258183516,0.5250988602638245,0.6163766384124756,chipstain_nll_s2_tta,R05-C03,18,100,0.5420362524729853,0.1238145018981631,0.5778408050537109,0.0469579324126243,chipstain_nll+tta,2,0.4034886226047726,0.1985605717215507,0.0111479433253407,0.5498062687259861,0.1218172695117307,0.0451836697757244
0.0438817926772507,20.480815034048483,0.7529928069206301,0.7533988302234997,0.5761124116806213,0.6212121212121212,0.537117903930131,0.637974683057023,229,198,166,0.4597496965754186,0.1899993733109773,0.571020781993866,0.4827070234747628,0.1820499912342718,0.4756178855895996,0.6408634185791016,chipstain_nll_s2_tta,R05-C03,18,150,0.5461030637524796,0.1363889913949906,0.5697229504585266,0.0548376478254795,chipstain_nll+tta,2,0.4788422712548065,0.1907624727328508,0.0133168864995241,0.5479036225660667,0.1354204161562093,0.0526960790157318
0.0283107428943715,23.92485521562483,0.8252633682698539,0.7782767915023475,0.8877551015408683,0.8787878787878788,0.8969072164948454,0.8085106377983816,97,99,91,0.3435255988029668,0.2844012453498776,0.5921511650085449,0.4762807940496512,0.1948330615776641,0.5251145362854004,0.6404446363449097,chipstain_nll_s2_tta,R05-C03,19,1,0.5209784703234344,0.1563561316814549,0.5901532769203186,0.0487887151539325,chipstain_nll+tta,2,0.4800849562683408,0.2209174506697935,0.0200525093823671,0.3748653226024275,0.3361116014416095,0.0389059111475944
0.0280085459367252,24.006485138475973,0.8336596203982414,0.7973823426511202,0.8611111106112824,0.8773584905660378,0.8454545454545455,0.7980769225785873,110,106,98,0.3339713166766018,0.27624364269234,0.5796962976455688,0.4468757180123722,0.2069582784284857,0.5336058139801025,0.6317145824432373,chipstain_nll_s2_tta,R05-C03,19,10,0.5068456706221574,0.1622516057730068,0.5748928785324097,0.0452995859086513,chipstain_nll+tta,2,0.4565709441957053,0.2245596114192537,0.01606354303658,0.4061220120079575,0.2801171334895228,0.0385268293321132
0.0340157399421135,23.03964618866015,0.8117239903219529,0.7784777970106025,0.8193548382096981,0.8246753246753247,0.8141025641025641,0.7728813554338638,156,154,139,0.3504600538194026,0.2330117530712462,0.5569751262664795,0.4970323874164796,0.176910139360005,0.5128132700920105,0.5984081029891968,chipstain_nll_s2_tta,R05-C03,19,50,0.585209312565038,0.1221750585424241,0.5511863827705383,0.046829305589199,chipstain_nll+tta,2,0.4839442044018199,0.1844743765647516,0.0111964344978332,0.5905899852331898,0.1206818565349186,0.0450338795781135
0.0484883379879646,20.651581326172632,0.7273340934474366,0.6993279098861246,0.6788154892497444,0.6962616822429907,0.6622222222222223,0.6969696964789944,225,214,171,0.7001187302313667,0.1204393714540752,0.5602234601974487,0.6999276636487842,0.1364019139773316,0.412649393081665,0.6403250694274902,chipstain_nll_s2_tta,R05-C03,19,100,0.7277885784273547,0.0929031688859561,0.5593308210372925,0.0718533843755722,chipstain_nll+tta,2,0.6568400543297546,0.1671703265559726,0.0153652932494878,0.7275792423630122,0.0927178349457201,0.0696702599525451
0.0588338375821883,20.04306724124277,0.6640906303375758,0.7095932832550362,0.6314102559114121,0.6632996632996633,0.6024464831804281,0.5961199289650345,327,297,240,0.7466414471813245,0.1210717654657397,0.3986660838127136,0.7111949364665651,0.1526368185271603,0.2831726670265198,0.5632473826408386,chipstain_nll_s2_tta,R05-C03,19,150,0.7632910761227518,0.1018983938354583,0.4038587808609009,0.0925559028983116,chipstain_nll+tta,2,0.6654712281405436,0.1855381931581648,0.0188680551946163,0.762231319458513,0.1023522625722488,0.0900568291544914
0.0400870660078502,22.268828686833658,0.6913406291652674,0.6629164518103396,0.6037735844292008,0.4961240310077519,0.7710843373493976,0.7114093954796629,83,129,66,0.5545739519161744,0.3028856405491935,0.5529799461364746,0.586538643625781,0.1829997779046368,0.3835303783416748,0.5962553024291992,chipstain_nll_s2_tta,R05-C03,2,1,0.6511244410203624,0.1472351957187357,0.4960665702819824,0.085148774087429,chipstain_nll+tta,2,0.6314684421104707,0.1966839459593636,0.0542741939425468,0.3206288073047389,0.5584078480544776,0.049635823816061
0.0393831613324756,22.964456773541784,0.686034271381797,0.7235802891596423,0.7222222217224691,0.7065217391304348,0.7386363636363636,0.7581699341518219,88,92,65,0.5999792166433241,0.2745056308585931,0.5137676000595093,0.5632655672980954,0.1977392584839799,0.3462350368499756,0.5468446016311646,chipstain_nll_s2_tta,R05-C03,2,10,0.6432385603847594,0.1611189556191223,0.4576159119606018,0.0811277404427528,chipstain_nll+tta,2,0.6093266934603296,0.2157348448133523,0.0522479116916656,0.313448104144786,0.50043673848656,0.0468857288360595
0.0340934364213153,23.429674764215935,0.7947729048618442,0.7869064185595014,0.75576036816369,0.7663551401869159,0.7454545454545455,0.7596153841170487,110,107,98,0.4799156939038081,0.1987571684921906,0.5240044593811035,0.4723292710408324,0.1867550083181894,0.4671573638916015,0.5515114665031433,chipstain_nll_s2_tta,R05-C03,2,50,0.5307993731957554,0.1469913139617391,0.515499472618103,0.0483294352889061,chipstain_nll+tta,2,0.4813619162221285,0.2027399567111343,0.017016913741827,0.3851894887397178,0.3023930310197666,0.0410041771829128
0.0393645470332906,22.489511029748243,0.7787770989142955,0.7713633863130465,0.6863905320461293,0.7295597484276729,0.6480446927374302,0.6455696197619971,179,159,137,0.4965911261158295,0.1561984897901073,0.5367453098297119,0.5324813886489173,0.1517745541082515,0.46418297290802,0.571986734867096,chipstain_nll_s2_tta,R05-C03,2,100,0.5979164174260141,0.113082093439696,0.5336748361587524,0.0546806566417217,chipstain_nll+tta,2,0.5406167120190141,0.1596865711493933,0.0133842211216688,0.5877815275686176,0.1213877088673418,0.0523372516036033
0.0495608883570578,20.79554171129356,0.722381831575912,0.7388240975594638,0.6307053936936606,0.6816143497757847,0.5868725868725869,0.7381974243989297,259,223,207,0.6602875981274787,0.1207784768849297,0.5084311962127686,0.6578605661370033,0.1330446482402667,0.4067211747169494,0.6003700494766235,chipstain_nll_s2_tta,R05-C03,2,150,0.6927468176986554,0.1000111815541526,0.5055609345436096,0.0715839862823486,chipstain_nll+tta,2,0.6450201076094987,0.1481240351216758,0.0156257171183824,0.6911586897607119,0.1009097824994728,0.0693845003843307
0.0255012596172097,23.707929947407788,0.8868478776211213,0.8291508680976961,0.8266666661671506,0.8532110091743119,0.8017241379310345,0.7809523804578684,116,109,94,0.1925860399647801,0.2726539523856854,0.5816797614097595,0.3973988865915774,0.1810343061710112,0.5857994556427002,0.6546357274055481,chipstain_nll_s2_tta,R05-C03,20,1,0.4042924735239834,0.1644786083952936,0.5890407562255859,0.0364981181919574,chipstain_nll+tta,2,0.3976971714481467,0.1826469635504217,0.008225635625422,0.3948916191982832,0.168152123964576,0.0351687632501125
0.0274847123707628,23.8549488033646,0.8605840173135696,0.8177499357529755,0.820512820013405,0.8495575221238938,0.7933884297520661,0.8214285709318001,121,113,103,0.2358369001120559,0.2885248767026284,0.5958305597305298,0.4135641790053478,0.203375487953617,0.5887887477874756,0.6662774682044983,chipstain_nll_s2_tta,R05-C03,20,10,0.5086999685928951,0.1447188716234873,0.6018751859664917,0.0403848104178905,chipstain_nll+tta,2,0.4180094107529333,0.2024333399472257,0.0092590628191828,0.5097568140205325,0.1457382865887531,0.0388321653008461
0.038847320321064,21.821330634072694,0.7824207960498524,0.7701192485221214,0.7820895517389174,0.793939393939394,0.7705882352941177,0.7619047614079112,170,165,145,0.4917532328130308,0.2019221664750889,0.5993450880050659,0.4666327231948907,0.1946052117906146,0.5139760971069336,0.6369865536689758,chipstain_nll_s2_tta,R05-C03,20,50,0.4297319409697019,0.1870402805012852,0.5923764109611511,0.0546923950314521,chipstain_nll+tta,2,0.4064772341323917,0.2264592250201914,0.0123792774975299,0.4262458491447434,0.1896360055161115,0.0528208129107952
0.047856212148831,20.8325711941238,0.7286198162334435,0.7628796279445464,0.6326963901593663,0.6651785714285714,0.6032388663967612,0.6447058818661203,247,224,178,0.6275408511116547,0.1498575718026716,0.5347164869308472,0.5967245048710298,0.172789185768099,0.3900959491729736,0.6405744552612305,chipstain_nll_s2_tta,R05-C03,20,100,0.6214591767110607,0.1264560374668239,0.5365654230117798,0.0704352632164955,chipstain_nll+tta,2,0.5475977148105646,0.2033038018991791,0.0153829120099544,0.6196979385583729,0.1265975049178183,0.0681807696819305
0.0709237114534003,18.439874651013916,0.6038594525605261,0.6969961720846387,0.5022831045256121,0.5427631578947368,0.4674220963172804,0.679867986312295,353,304,253,0.7522057101234625,0.1201980333190038,0.3676947951316833,0.6867519218932103,0.166612743280658,0.270907998085022,0.5518432855606079,chipstain_nll_s2_tta,R05-C03,20,150,0.7417445968387143,0.113827860548417,0.3734478950500488,0.101614736020565,chipstain_nll+tta,2,0.6445363409077012,0.2047908716959867,0.0202644020318985,0.7394407331409937,0.1142791338381163,0.0990402474999427
0.0207381713302879,26.89139863031752,0.8524689851912675,0.7590369036070336,0.7105263152894736,0.7105263157894737,0.7105263157894737,0.7878787873902662,38,38,28,0.1649941167967484,0.5057711964640148,0.5036027431488037,0.458343543567394,0.2006799692768623,0.5063304901123047,0.6186165809631348,chipstain_nll_s2_tta,R05-C03,21,1,0.514726467489225,0.1551208836430063,0.5441895127296448,0.0406717769801616,chipstain_nll+tta,2,0.4753834796732135,0.2019015071315503,0.0208289194852113,0.2497074790432819,0.7083289589292813,0.0270704478025436
0.0222188524049393,26.486942098524953,0.8427697104075371,0.781130118534046,0.735632183408112,0.7272727272727273,0.7441860465116279,0.7199999995107556,43,44,32,0.1727627370822443,0.453372270802184,0.5141203999519348,0.5043597938460366,0.2028782750602861,0.4901310205459595,0.6011430025100708,chipstain_nll_s2_tta,R05-C03,21,10,0.6100535925943125,0.1330285196655145,0.5250862836837769,0.0396483018994331,chipstain_nll+tta,2,0.5367617536461989,0.1974992865443724,0.0184380579739809,0.3668051830655752,0.5779080012349643,0.0282485503703355
0.0286693578319532,25.378523715693824,0.8028266204507719,0.7558658929634694,0.7130434777609074,0.7192982456140351,0.7068965517241379,0.7766990286341784,58,57,45,0.2864132154827356,0.3277962417200393,0.4417754411697387,0.4682175024241456,0.1873804687009274,0.412667453289032,0.4993618726730346,chipstain_nll_s2_tta,R05-C03,21,50,0.5638681784502195,0.1323486085090554,0.4416494965553283,0.0389642156660556,chipstain_nll+tta,2,0.4859339708374607,0.1865307959527906,0.0158396493643522,0.3558148966080733,0.4148109055372434,0.0304225515574216
0.0329017073768756,24.628438508233327,0.7668086090905059,0.7580151295695893,0.632768361082703,0.6588235294117647,0.6086956521739131,0.6666666661758879,92,85,70,0.4597727257712281,0.2199563819845953,0.4390462636947632,0.4521337166123836,0.1851191012129055,0.3951201438903808,0.4741535186767578,chipstain_nll_s2_tta,R05-C03,21,100,0.493347622261188,0.1488560579097906,0.4261066317558288,0.0443144179880619,chipstain_nll+tta,2,0.3910287889432324,0.2362986112017681,0.0158627443015575,0.3894865265424686,0.2601579164658359,0.0374072752892971
0.033856205330696,23.87428059559383,0.778783674818435,0.7668357072815349,0.4528301881879673,0.5217391304347826,0.4,0.6821705421489094,150,115,108,0.5647616612036559,0.1554463920905115,0.512121319770813,0.5234191623522907,0.1604545504757747,0.4870073795318603,0.5445931553840637,chipstain_nll_s2_tta,R05-C03,21,150,0.5866022396165602,0.1164321579125331,0.5039868354797363,0.0450406670570373,chipstain_nll+tta,2,0.5238947408098373,0.162369219716422,0.0096569238230586,0.582216350630495,0.1187488107779756,0.0436230450868606
0.0135017373370917,30.058574888199946,0.9222258105009432,0.8657431899940122,0.8064516124079085,0.8928571428571429,0.7352941176470589,0.8437499995019531,34,28,30,-0.0601371266324637,0.5126483721106851,0.2704570889472961,0.2414077805006665,0.3251958542291811,0.3299638032913208,0.5085378289222717,chipstain_nll_s2_tta,R05-C03,22,1,0.2883210813580416,0.2849719370861521,0.3185068964958191,0.022181998938322,chipstain_nll+tta,2,0.2542473399645224,0.312049912587555,0.0060299355536699,0.2325296874938882,0.3866896419335447,0.0198696162551641
0.0154007524583647,28.62344956148921,0.8955954538070229,0.8288310918408763,0.7384615379711241,0.8571428571428571,0.6486486486486487,0.840579709647553,37,28,32,-0.0633411246643346,0.5352761825457192,0.3504647612571716,0.3774744989859819,0.2765961468930645,0.3977670669555664,0.5687890648841858,chipstain_nll_s2_tta,R05-C03,22,10,0.5371635596762989,0.1718404321102646,0.397513210773468,0.0246883612126112,chipstain_nll+tta,2,0.3930975478465261,0.2595439068511719,0.0085480250418186,0.4068363682092694,0.495155380264238,0.0202516950666904
0.0222832965265275,27.460572905117772,0.8386840058210466,0.8199003027264076,0.65934065884555,0.7317073170731707,0.6,0.8723404250339519,50,41,44,0.1096706666322613,0.3783986186562593,0.3130834102630615,0.3406809372956598,0.2639873834041329,0.2983313798904419,0.4289858937263489,chipstain_nll_s2_tta,R05-C03,22,50,0.4950288156790847,0.1688513343518599,0.3086061477661133,0.0273522417992353,chipstain_nll+tta,2,0.3199274419375371,0.2711029098190747,0.0094652203842997,0.3801546727519084,0.3598040658928363,0.0230025444179773
0.0286774049740663,25.763539829736267,0.79476573010217,0.7938213161679324,0.6499999995012501,0.6842105263157895,0.6190476190476191,0.7763157889792243,84,76,68,0.2264962214599425,0.2583241019843502,0.3433864712715149,0.3297806030844379,0.2206281286832311,0.32392019033432,0.4160910248756408,chipstain_nll_s2_tta,R05-C03,22,100,0.3857909576279594,0.1831026984594903,0.3333335518836975,0.0322209745645523,chipstain_nll+tta,2,0.219886024412788,0.2590828351421148,0.0084740463644266,0.3583157328481659,0.2184056949769591,0.0299352072179317
0.0334079264796484,24.217030923979873,0.7648113857651023,0.7742939948504114,0.6916666661667015,0.6859504132231405,0.6974789915966386,0.7582938383707464,119,121,92,0.3360485096597047,0.2065382423382868,0.4041846990585327,0.3541303151881853,0.2038935971773909,0.3908513188362121,0.4534192085266113,chipstain_nll_s2_tta,R05-C03,22,150,0.3872681984767895,0.178756183278383,0.4019933938980102,0.0383406691253185,chipstain_nll+tta,2,0.2342021135830341,0.2495127935150349,0.0086258463561534,0.4039372349922935,0.1715372245282806,0.0370435379445552
0.0137080620889267,29.746154004340223,0.9212815722685124,0.8345234683963546,0.7272727267800734,0.8275862068965517,0.6486486486486487,0.8529411759744808,37,29,31,0.0296232180021135,0.4343861511959799,0.3178567886352539,0.2733834900829524,0.283775276277641,0.3862335681915283,0.5200740098953247,chipstain_nll_s2_tta,R05-C03,23,1,0.3046270396233599,0.2622391498769625,0.3700840473175049,0.021994175389409,chipstain_nll+tta,2,0.2886992010128902,0.2646761049786934,0.0060509406030178,0.2071235114666294,0.4880285313934332,0.0195251479744911
0.0144634011600349,28.934081895962244,0.9026193970234532,0.8152995691176694,0.7076923071981064,0.7931034482758621,0.6388888888888888,0.8307692302750296,36,29,29,-0.0981260438028595,0.528186918683636,0.3531571626663208,0.3511192962517413,0.2793610752744793,0.4224541187286377,0.5853015184402466,chipstain_nll_s2_tta,R05-C03,23,10,0.4682516067772592,0.1974608458777608,0.4144168496131897,0.02359907515347,chipstain_nll+tta,2,0.3834007588728846,0.2522631427517835,0.0072521260008215,0.3332620157967401,0.5117262152429758,0.0202896427363157
0.021425694995548,28.125655528260005,0.8455598126357952,0.8333527595971654,0.8139534878731746,0.8536585365853658,0.7777777777777778,0.7469879513107853,45,41,38,0.0543240518753459,0.397343000779319,0.2909164428710937,0.3357833680083371,0.2658850801986622,0.2909870147705078,0.4215633869171142,chipstain_nll_s2_tta,R05-C03,23,50,0.4854738874148241,0.1813714316945396,0.2932261228561401,0.0262685138732194,chipstain_nll+tta,2,0.3542954375843388,0.2539342037992986,0.0084503944963216,0.3767996000701481,0.3847012146634107,0.0224421806633472
0.0271181222241229,26.55991051030984,0.8006842661632193,0.8119419802889988,0.6363636358636363,0.6363636363636364,0.6363636363636364,0.699999999505,55,55,45,0.1428782285209353,0.2873098033771462,0.2943490743637085,0.3291187780743616,0.2193739649937665,0.2852811813354492,0.3833459019660949,chipstain_nll_s2_tta,R05-C03,23,100,0.4105140136840016,0.1689524698677605,0.2862275838851928,0.0291918776929378,chipstain_nll+tta,2,0.2729565662836718,0.2391396855450523,0.007180655375123,0.3842760454566228,0.2017397058070865,0.0273813605308532
0.0332825373781888,24.50865226472628,0.7520932346375817,0.7640023690850235,0.5810810805811724,0.5733333333333334,0.589041095890411,0.7633587781325097,73,75,58,0.2655894227629514,0.2148708081778773,0.3677346706390381,0.3353697729647099,0.1959736154247953,0.3544228076934814,0.4251424074172973,chipstain_nll_s2_tta,R05-C03,23,150,0.3610041117394038,0.1662788957875174,0.3589118123054504,0.0353741832077503,chipstain_nll+tta,2,0.2596452097270612,0.2223257057484335,0.0081402631476521,0.3504833472995142,0.1753489395892977,0.0338225848972797
0.0169853938937918,26.90610136492092,0.9121977284027282,0.8626632573019151,0.9019607838139178,0.92,0.8846153846153846,0.9523809518809976,52,50,53,0.1494138774631384,0.3406075268468719,0.4284647703170776,0.268247338358781,0.2579977125332982,0.4514684677124023,0.5737529993057251,chipstain_nll_s2_tta,R05-C03,24,1,0.3036105021304888,0.2384994241229149,0.4556073546409607,0.0264049898833036,chipstain_nll+tta,2,0.3096017703848412,0.237663842341146,0.0070558339357376,0.2475373076723403,0.3272990148220685,0.0241999179124832
0.0172122197366609,26.72488803509165,0.9006114870613533,0.8530211584241822,0.8455284547848502,0.8666666666666667,0.8253968253968254,0.9105691051913544,63,60,60,0.0417622444460645,0.4039982275707063,0.4769959449768066,0.3664459035605769,0.2417602004320268,0.5071520805358887,0.6414861679077148,chipstain_nll_s2_tta,R05-C03,24,10,0.4532088329706838,0.1871299001768811,0.5086641311645508,0.0276451297104358,chipstain_nll+tta,2,0.4371875794392916,0.201028422968013,0.0071810567751526,0.384225330427891,0.2904979833018054,0.0255261324346065
0.0273057428283039,24.46368999335537,0.821185546462558,0.805980503419226,0.8383233527934312,0.8433734939759037,0.8333333333333334,0.8139534878723633,84,83,88,0.1304570323103903,0.3257627861673884,0.5016682147979736,0.4290732608969249,0.1969876507697043,0.4609310626983642,0.5637005567550659,chipstain_nll_s2_tta,R05-C03,24,50,0.5270158035290888,0.149460166079572,0.4867812395095825,0.0370737463235855,chipstain_nll+tta,2,0.44006995807256,0.1938833385218013,0.0114085646346211,0.397758140577568,0.3512632270151844,0.0325488448143005
0.0346291074735108,22.92759384386853,0.772284731495453,0.792638355794984,0.5863453810290157,0.6347826086956522,0.5447761194029851,0.7999999995012994,134,115,121,0.2286915999063175,0.2558453634933498,0.4926334619522095,0.3986479584552361,0.1895445783243167,0.4558072686195373,0.5427616238594055,chipstain_nll_s2_tta,R05-C03,24,100,0.454002613313255,0.1614888945506651,0.4835286140441894,0.0413440279662609,chipstain_nll+tta,2,0.4018618569206728,0.1884714763330675,0.0110762938857078,0.3953200391944415,0.2229830469999186,0.0384678468108177
0.0436317649787618,21.66972111877318,0.7112314349281348,0.7858940379062208,0.5705882347975086,0.6217948717948718,0.5271739130434783,0.7988338187446388,184,156,159,0.3774294442705165,0.2032806143880844,0.5019747018814087,0.4583974303256817,0.1739363510991708,0.442381203174591,0.555827260017395,chipstain_nll_s2_tta,R05-C03,24,150,0.486883951518003,0.1537230389978832,0.4973509311676025,0.0537374764680862,chipstain_nll+tta,2,0.4642949656196206,0.1771253663894464,0.0136197013780474,0.4443742518687152,0.1900791298492947,0.0508469492197036
0.0280925445488312,24.35693622049589,0.7959435469669647,0.7244139913358083,0.6808510633430913,0.5853658536585366,0.8135593220338984,0.8867924523365965,59,82,47,0.3435122433008609,0.3580001096880293,0.5994758605957031,0.5437231739955567,0.1719088666300781,0.505733847618103,0.6545103788375854,chipstain_nll_s2_tta,R05-C03,3,1,0.5954808142037367,0.1409514892751958,0.6080191731452942,0.0555687397718429,chipstain_nll+tta,2,0.5951055404039896,0.1669201342529893,0.0345344394445419,0.3530936761450361,0.4749227725773963,0.0311396084725856
0.0245353452773541,25.33231950354642,0.8223008412273607,0.7828975394034113,0.731707316573997,0.7627118644067796,0.703125,0.9059829054873256,64,59,53,0.321774634405433,0.3487673153082771,0.5797680616378784,0.5259336975029334,0.1952724617306393,0.5010459423065186,0.6401088237762451,chipstain_nll_s2_tta,R05-C03,3,10,0.5762122466696803,0.1586711486081377,0.574196994304657,0.0449770241975784,chipstain_nll+tta,2,0.5675739903147581,0.1911372861646981,0.0224406644701957,0.3845450001163847,0.4776881021267617,0.0312491822987794
0.0537518603898913,20.255738880463507,0.6457087633660719,0.5697574251095577,0.6461538456681657,0.5526315789473685,0.7777777777777778,0.7887323938761158,81,114,61,0.666523146549481,0.1768219435793713,0.5618082284927368,0.517096869795961,0.1916632490640029,0.3682816624641418,0.589805006980896,chipstain_nll_s2_tta,R05-C03,3,50,0.5646012787586167,0.1559281453677651,0.5140635371208191,0.0894472226500511,chipstain_nll+tta,2,0.5486214074937648,0.1799896725972778,0.0595690347254276,0.2518365796912718,0.7445702317352703,0.0479488782584667
0.039711972405653,22.665031526960973,0.7438231519614751,0.7472051385533975,0.682539682039966,0.6991869918699187,0.6666666666666666,0.793248944651605,129,123,108,0.4997150768055379,0.1673167802159089,0.4960143566131592,0.4151484838125769,0.192559057470778,0.4174659848213196,0.5293742418289185,chipstain_nll_s2_tta,R05-C03,3,100,0.4754968024132714,0.1549159086728881,0.4896886348724365,0.0513463988900184,chipstain_nll+tta,2,0.4334112258484331,0.1992204461935759,0.0197619032114744,0.3706012848310508,0.2913236177436574,0.0419221334159374
0.045248719253598,21.435029946434415,0.7326326994986436,0.7380699686402136,0.6949152537374318,0.7068965517241379,0.6833333333333333,0.6463414629193931,180,174,148,0.5869084747523798,0.1448283514787191,0.558230996131897,0.6166402384152093,0.1397405516699518,0.46226567029953,0.6070680618286133,chipstain_nll_s2_tta,R05-C03,3,150,0.6052214792382826,0.1299823327362368,0.553487241268158,0.0635799765586853,chipstain_nll+tta,2,0.5902424700589828,0.1583134295792047,0.0133002065122127,0.6011110329768294,0.1319585223480097,0.0617397427558898
0.0241938511077165,25.74746841016955,0.8322408666435479,0.7923481279069838,0.8976377947758694,0.8769230769230769,0.9193548387096774,0.9499999995005556,62,65,58,0.364832920238665,0.3296558304609326,0.5604488849639893,0.4594525843985705,0.2025274272153242,0.5030738115310669,0.6299031376838684,chipstain_nll_s2_tta,R05-C03,4,1,0.4920089418836783,0.1741674143559081,0.5646107196807861,0.0491230376064777,chipstain_nll+tta,2,0.4970856557849092,0.2006363704424001,0.0249488241970539,0.2943758527910198,0.5458957308809166,0.0340363346040248
0.0242593266674208,25.908292236266885,0.8285480152426472,0.8113558231546503,0.7971014487753623,0.7971014492753623,0.7971014492753623,0.8805970144258186,69,69,65,0.3525186967856212,0.3520191231293307,0.5282080173492432,0.4744101822811437,0.2313328165586591,0.4596261382102966,0.5938717722892761,chipstain_nll_s2_tta,R05-C03,4,10,0.4970421779892912,0.2214204648458023,0.520174503326416,0.0484857261180877,chipstain_nll+tta,2,0.5086710721057194,0.2347375400558301,0.0217710882425308,0.3614765733545724,0.4246362703797759,0.0371552743017673
0.0291332347050969,25.29632287072438,0.8150222371291588,0.824091362552093,0.8502415453937314,0.8543689320388349,0.8461538461538461,0.8965517236382343,104,103,99,0.3317253271637146,0.2532618613958345,0.428718090057373,0.3483140919720056,0.2336854894719036,0.3876588940620422,0.4851440191268921,chipstain_nll_s2_tta,R05-C03,4,50,0.3687970451123646,0.2204101261408575,0.4134686589241028,0.0401949137449264,chipstain_nll+tta,2,0.3521970573758393,0.239191571835854,0.0127617977559566,0.2717767620684897,0.3266610189682854,0.0355665050446987
0.0382217960598375,23.298817249122138,0.7574726082389773,0.7816919824683789,0.765100670640962,0.7702702702702703,0.76,0.8842105258171744,150,148,135,0.4024887205092035,0.1823834743948565,0.4849907159805298,0.3928833332608902,0.1951237811514088,0.4404997229576111,0.5141307711601257,chipstain_nll_s2_tta,R05-C03,4,100,0.4115422061781364,0.175035112745554,0.478794515132904,0.050427671521902,chipstain_nll+tta,2,0.3879116131023026,0.1994206144415138,0.0127017740160226,0.3798308894198288,0.2122199742964499,0.0474287196993827
0.0423021599019312,22.229167980639364,0.7387931143651361,0.7659013151551154,0.6428571423579758,0.6702127659574468,0.6176470588235294,0.8095238090269588,204,188,174,0.3969643452630486,0.1751421797359633,0.4998419880867004,0.47063866642803,0.1697492065970468,0.4227150082588196,0.544248640537262,chipstain_nll_s2_tta,R05-C03,4,150,0.5311110719239924,0.1369267234529989,0.4981452226638794,0.0550366044044494,chipstain_nll+tta,2,0.4777991960020692,0.1717092145528029,0.0123857464641332,0.5299818829764019,0.1377501406402642,0.0531921833753585
0.0191158691817117,27.391595740372058,0.878400826746251,0.8054304615054197,0.7999999995031999,0.8695652173913043,0.7407407407407407,0.7608695647325141,54,46,38,0.2814685346798167,0.3522080129770417,0.4756768345832824,0.3873358726184408,0.2301040579530368,0.4641726613044739,0.590084433555603,chipstain_nll_s2_tta,R05-C03,5,1,0.3756422299161009,0.248771413659246,0.4955496788024902,0.0349229611456394,chipstain_nll+tta,2,0.4121565844777041,0.2294299841661187,0.0153650073334574,0.1859020166139774,0.5133383839676722,0.0259931739419698
0.0209467227929868,26.586926931893764,0.8688553738193975,0.7846039247778829,0.8108108103108514,0.8181818181818182,0.8035714285714286,0.7799999995071999,56,55,44,0.3154163385460354,0.3159731042583296,0.5163987874984741,0.4259639723942663,0.2401712264793976,0.488233745098114,0.6129789352416992,chipstain_nll_s2_tta,R05-C03,5,10,0.4381040966238612,0.249439980891133,0.5174647569656372,0.034544751048088,chipstain_nll+tta,2,0.470417015774236,0.2301877713173789,0.0127852708101272,0.3169482750722339,0.4127618550641734,0.0283923298120498
0.0280293531378898,26.00406477240853,0.817500669152617,0.8065615746608089,0.762589927558201,0.7910447761194029,0.7361111111111112,0.7226890751523197,72,67,47,0.3933258822403709,0.2354778109188679,0.4072782397270202,0.3731108597986308,0.2281279030569344,0.3776937127113342,0.4674163460731506,chipstain_nll_s2_tta,R05-C03,5,50,0.3946164588494893,0.2333423051101813,0.403291642665863,0.037798274308443,chipstain_nll+tta,2,0.3875789643412897,0.2278939013937125,0.0146462991833686,0.3238489153116183,0.326637669686185,0.0304274763911962
0.037456766152565,23.558590636462444,0.7541706757738991,0.7329117258259863,0.6607142852142857,0.6607142857142857,0.6607142857142857,0.7319587623985545,112,112,82,0.5792137899782178,0.1514014184326289,0.4804381132125854,0.4479499486333116,0.1764129068602189,0.4234517812728882,0.5056023597717285,chipstain_nll_s2_tta,R05-C03,5,100,0.4388545730754861,0.1772963027730935,0.4722188115119934,0.0496052131056785,chipstain_nll+tta,2,0.4277643179536383,0.2058958026399865,0.0185761749744415,0.3237990455912772,0.2670830793950089,0.0407003909349441
0.0399638192369747,22.5008811550169,0.7644353973731274,0.7328242496029471,0.6477987416383647,0.6477987421383647,0.6477987421383647,0.6409266404525871,159,159,100,0.6233049578523989,0.11815872025944,0.5426551699638367,0.5754792838208427,0.1368961910903201,0.4841899275779724,0.5761162042617798,chipstain_nll_s2_tta,R05-C03,5,150,0.5670469839043761,0.1271374737175329,0.539155125617981,0.0532689206302166,chipstain_nll+tta,2,0.5196656896356328,0.1687142688100664,0.0121747618541121,0.5627225177214547,0.1280181925259283,0.0513124167919158
0.017704135881137,26.956109483031693,0.9073247622284238,0.8478188473948848,0.9148936165215028,0.8958333333333334,0.9347826086956522,0.9230769225769836,46,48,45,0.2476709903215051,0.2829529310497872,0.4386302828788757,0.3083848285085083,0.2398626999698591,0.4791437983512878,0.5748072862625122,chipstain_nll_s2_tta,R05-C03,6,1,0.29268332493915,0.2314537440020311,0.484257161617279,0.0271338000893592,chipstain_nll+tta,2,0.3241125218087748,0.2360354103457592,0.0071979272179305,0.2485723300343945,0.3099437859939076,0.0247306153178215
0.0194608852669997,26.3860176874864,0.8798817379485726,0.8316085881490902,0.8490566032737629,0.8653846153846154,0.8333333333333334,0.8952380947385034,54,52,51,0.1703775718873585,0.335054523368181,0.5209611654281616,0.3958741508720999,0.2223239090810256,0.552383542060852,0.6519856452941895,chipstain_nll_s2_tta,R05-C03,6,10,0.4255131836245704,0.1823174791312848,0.562064528465271,0.0307913571596145,chipstain_nll+tta,2,0.425279659502121,0.211642890930193,0.0100758280605077,0.3083566218891462,0.5738990847644014,0.0259689502418041
0.0246456832896283,26.371898651180366,0.8396227175931191,0.8703659310277212,0.7571428566444898,0.803030303030303,0.7162162162162162,0.7891156457585263,74,66,73,0.2292793290379709,0.3061484762786473,0.3953351378440857,0.3535645172563344,0.2499243152692156,0.3866641521453857,0.4947190284729004,chipstain_nll_s2_tta,R05-C03,6,50,0.4194620341829667,0.1978811596569395,0.3958041071891784,0.0331589467823505,chipstain_nll+tta,2,0.3806656675857729,0.2347867647667912,0.0091810887679457,0.3302738726344118,0.3635060895780067,0.0301325861364603
0.0332885455589786,23.77290691788695,0.7816716844066675,0.8110293109264549,0.5673076918093565,0.6020408163265306,0.5363636363636364,0.7135678387015479,110,98,89,0.3435799663508428,0.2085706304577014,0.4567393660545349,0.3940304723125888,0.1926414890869793,0.4281829595565796,0.5104265213012695,chipstain_nll_s2_tta,R05-C03,6,100,0.4128725163463123,0.173518469635285,0.4381113052368164,0.03986232355237,chipstain_nll+tta,2,0.3918464212406399,0.1988538166245073,0.009808056987822,0.3843195103521981,0.2039498272270293,0.0376997292041778
0.0332618495336722,22.93055622351288,0.789778402656034,0.8082217876737346,0.7022900758369267,0.736,0.6715328467153284,0.7470817115644446,137,125,120,0.1937676477160262,0.2405348033683327,0.4738038182258606,0.279128119502073,0.2366531089285278,0.4610608220100403,0.5361610651016235,chipstain_nll_s2_tta,R05-C03,6,150,0.3541409750382193,0.2018681322502333,0.4724413752555847,0.039533857256174,chipstain_nll+tta,2,0.3210138162811144,0.2169906048921468,0.0090815480798482,0.3529607115233924,0.2025300559407924,0.038123071193695
0.0185970287991729,28.238059783400264,0.8542493777805872,0.728565842468399,0.7843137249950018,0.8695652173913043,0.7142857142857143,0.9259259254266118,28,23,26,0.2181440191673761,0.4444365508813682,0.4451574087142944,0.4148148686323079,0.2412650093915083,0.419452965259552,0.5614016652107239,chipstain_nll_s2_tta,R05-C03,7,1,0.4465298164547293,0.2089748848163604,0.4705949425697326,0.0362985506653785,chipstain_nll+tta,2,0.4405839974825534,0.2317402781703728,0.0201981570571661,0.2356986744895284,0.6249894601311585,0.0230356138199567
0.0221926557843924,27.08354724144649,0.8203600381008392,0.6992312759638702,0.7272727267731863,0.7058823529411765,0.75,0.8387096769198752,32,34,30,0.2856452363876599,0.3995574269357966,0.4942042231559753,0.4665539505608963,0.2371510991906346,0.4300904870033264,0.5678937435150146,chipstain_nll_s2_tta,R05-C03,7,10,0.5167721589411362,0.1943058936813241,0.4880430102348327,0.0406384170055389,chipstain_nll+tta,2,0.4978123708192088,0.2260273428082806,0.0226333737373352,0.2652663969084976,0.6856426029256484,0.0256348084658384
0.0285302575136836,26.513942818132,0.7816198626942387,0.7464821063047782,0.6329113919057843,0.6578947368421053,0.6097560975609756,0.6493506488527576,41,38,36,0.3356746174925809,0.2698757864725459,0.3426240682601928,0.340892770939545,0.2514680215958025,0.3028973340988159,0.4101479053497314,chipstain_nll_s2_tta,R05-C03,7,50,0.3933550495240548,0.2288190996943115,0.3306177854537964,0.037945557385683,chipstain_nll+tta,2,0.3552325576192133,0.2463494891120463,0.017844770103693,0.2324020987858472,0.4684956336318154,0.0272235758602619
0.0340076003758869,24.81812092990175,0.7450594496217989,0.6997698783527112,0.5619834705744142,0.5666666666666667,0.5573770491803278,0.7499999995039858,61,60,51,0.3505434914008957,0.1946817609885514,0.3471293449401855,0.3528131340260469,0.1937914565682688,0.3105199337005615,0.3898747563362121,chipstain_nll_s2_tta,R05-C03,7,100,0.3529757064069758,0.1846310466236049,0.3286499977111816,0.0377369634807109,chipstain_nll+tta,2,0.3401340540138053,0.2043613512189064,0.0141608314588665,0.2317393743184068,0.3268784441833918,0.0310543198138475
0.0377828878198146,23.767868610731185,0.7235768278079466,0.7126906024436848,0.5747126431813978,0.625,0.5319148936170213,0.6540880498310985,94,80,65,0.3877880598767772,0.1666368093423483,0.3671115636825561,0.3469449064123531,0.1820847085916127,0.3397893905639648,0.4077991247177124,chipstain_nll_s2_tta,R05-C03,7,150,0.3703431587507403,0.1627595736724763,0.3550114631652832,0.0388535298407077,chipstain_nll+tta,2,0.346751279386875,0.1898454196377775,0.01200482994318,0.3150461675654201,0.2113240864510407,0.0345919206738472
0.0211151911167285,26.108886815492312,0.8740574328551949,0.8042876811557848,0.8244274804160597,0.8307692307692308,0.8181818181818182,0.895999999501568,66,65,59,0.2221674317726566,0.3516269327242697,0.5004463195800781,0.3402714364711773,0.2452774801167313,0.5024271011352539,0.6136367917060852,chipstain_nll_s2_tta,R05-C03,8,1,0.3817285757199176,0.2069783841375174,0.5204779505729675,0.0362983606755733,chipstain_nll+tta,2,0.3679267480787855,0.2369097906669754,0.0137345809489488,0.3097694013580391,0.326843887594145,0.0293359775096178
0.0253136469473074,25.169233076751492,0.8333916675116247,0.7729880637706502,0.846715327967393,0.8285714285714286,0.8656716417910447,0.8593749995010986,67,70,61,0.3330652865795175,0.3284190042635019,0.5513595938682556,0.4265051439005401,0.2449839869753523,0.521532416343689,0.6235861778259277,chipstain_nll_s2_tta,R05-C03,8,10,0.4345055795026161,0.2389406282745629,0.5582268238067627,0.043011900037527,chipstain_nll+tta,2,0.4357278631408207,0.2524780534254162,0.018656788393855,0.3345069782128624,0.4299997005736536,0.0323287658393383
0.0305684845451775,24.519993363751308,0.8013553341581383,0.7835036396567031,0.7272727267729855,0.7111111111111111,0.7441860465116279,0.8095238090240929,86,90,82,0.3715077534723642,0.2613111112647849,0.4808803796768188,0.4119220028889918,0.2123972995571995,0.4482183456420898,0.5280486345291138,chipstain_nll_s2_tta,R05-C03,8,50,0.4717035468221775,0.1733946279741688,0.4791738986968994,0.0426898822188377,chipstain_nll+tta,2,0.4382691611652397,0.2050186194235465,0.0154783008620142,0.3602693259037939,0.3383715632627839,0.0351382158696651
0.0341650444935051,22.948776917226432,0.7922875954489034,0.7409489820731843,0.6070038905509546,0.624,0.5909090909090909,0.7391304342935349,132,125,98,0.5090935771369937,0.1894069474974302,0.5800697207450867,0.5763095991557017,0.1612944085075379,0.5438127517700195,0.6118898391723633,chipstain_nll_s2_tta,R05-C03,8,100,0.5949033911140623,0.1396913244653744,0.5743212103843689,0.046613834798336,chipstain_nll+tta,2,0.5508281882539864,0.1753521275677529,0.010060042142868,0.5942117807557176,0.1389586406676136,0.0451245084404945
0.0405689871052074,21.99177752464703,0.7514354259933659,0.7337403399187432,0.5878787873790816,0.6024844720496895,0.5739644970414202,0.7003366998462288,169,161,128,0.6181728749727297,0.1525405704800151,0.5638552904129028,0.6274844322869836,0.145346527130451,0.4901694059371948,0.6116317510604858,chipstain_nll_s2_tta,R05-C03,8,150,0.6347476859308502,0.1300613814419211,0.5612950325012207,0.0556779541075229,chipstain_nll+tta,2,0.6105801424156865,0.1628565271194124,0.0121100498363375,0.6326277373822324,0.1311406992322302,0.0539044737815856
0.0325908691377206,23.097380510400505,0.7917990469111185,0.7567103962360752,0.7423580781028584,0.7264957264957265,0.7589285714285714,0.8309178738995076,112,117,95,0.4407513997632969,0.2640907371699987,0.6059441566467285,0.4394101946189727,0.2118348669418462,0.5121894478797913,0.6481509804725647,chipstain_nll_s2_tta,R05-C03,9,1,0.460313619531501,0.2022612523007727,0.6097420454025269,0.0564021654427051,chipstain_nll+tta,2,0.4472854804124291,0.243373936229991,0.0279721319675445,0.2270283466273907,0.5312330597136045,0.0391767583787441
0.0291105280968802,24.11619742347659,0.8219536404277753,0.7997033694603257,0.8340425526917156,0.8521739130434782,0.8166666666666667,0.8054298637570894,120,115,101,0.3955917973874723,0.2526569078140568,0.5937509536743164,0.4322877887364579,0.2246154955689136,0.5298469066619873,0.6389809846878052,chipstain_nll_s2_tta,R05-C03,9,10,0.478131422057593,0.18993988821955,0.5921924114227295,0.0491123646497726,chipstain_nll+tta,2,0.4516904834831062,0.2448729892051623,0.0192721802741289,0.3590509042875495,0.2941991621431372,0.0396410003304481
0.039256706694432,22.608106454619417,0.7624396228873096,0.784409033025655,0.8101265817789817,0.8366013071895425,0.7852760736196319,0.75510204032225,163,153,131,0.5231346801445168,0.1860186228888602,0.5378220081329346,0.456860868541573,0.2137328625729987,0.4434614777565002,0.5744497776031494,chipstain_nll_s2_tta,R05-C03,9,50,0.5122809454612732,0.1689106696865243,0.5312013626098633,0.058711539953947,chipstain_nll+tta,2,0.4466907568370012,0.2383951491416864,0.0201946031302213,0.3875552814895905,0.3468538887350209,0.0504419580101966
0.0448999835624221,21.418472889618783,0.7458015963719846,0.7653683466325172,0.7441860460116481,0.7394957983193278,0.7489361702127659,0.724220623009276,235,238,182,0.6212116255349195,0.1494536723787192,0.5464080572128296,0.6376506207693877,0.1611292796922852,0.4082207083702087,0.6296844482421875,chipstain_nll_s2_tta,R05-C03,9,100,0.6643697006290098,0.1306367598281171,0.5480232834815979,0.0677867084741592,chipstain_nll+tta,2,0.6064412196254516,0.1799911286992284,0.0152007415890693,0.6628568949565349,0.1321545893612905,0.0655223578214645
0.0584293748079614,19.616271562499502,0.6872960830375114,0.7155109803006515,0.6656580932993927,0.7119741100323624,0.625,0.6110183634552635,352,309,247,0.7128182693358507,0.1328901021259173,0.426756203174591,0.6670937964264347,0.1780809413461095,0.2803349494934082,0.5953296422958374,chipstain_nll_s2_tta,R05-C03,9,150,0.713913924711145,0.1228556094254353,0.4250432252883911,0.0897171050310134,chipstain_nll+tta,2,0.6206025238147642,0.2048172076774253,0.0184838194400072,0.7126175368526112,0.1231300309619729,0.087216168642044
0.0190637953757354,26.016561199170177,0.9094050258621476,0.8060898350829167,0.7947019862560413,0.8333333333333334,0.759493670886076,0.8111888106943127,79,72,64,-0.0197777306772174,0.4439272521548545,0.4079964756965637,0.3173972247949668,0.2800026058223904,0.4703361392021179,0.6269698143005371,baseline_unet_s0_tta,R05-C03,0,1,0.3890635584363775,0.2227456329476064,0.4693250656127929,0.0038613597862422,baseline_unet+tta,0,0.3890635584363775,0.2227456329476064,0.0038613597862422,,,
0.0231305252163131,26.017251140985287,0.8859382996072195,0.8176214633130905,0.7402597397618484,0.7916666666666666,0.6951219512195121,0.824324323830168,82,72,66,-0.0180482197502328,0.3965732920967429,0.3145749568939209,0.2933429712912709,0.263810693169355,0.3734161257743835,0.5043085813522339,baseline_unet_s0_tta,R05-C03,0,10,0.3872693584726723,0.2190369278980733,0.3778837323188782,0.0040480489842593,baseline_unet+tta,0,0.3872693584726723,0.2190369278980733,0.0040480489842593,,,
0.0287427115924948,24.09905270161293,0.8386611961535347,0.7773067717182964,0.7659574463112833,0.8275862068965517,0.7128712871287128,0.734463276346133,101,87,76,0.3267605039583941,0.2478386822892216,0.3778742551803589,0.2522074059224415,0.2667601213850772,0.4057973027229309,0.5195835828781128,baseline_unet_s0_tta,R05-C03,0,50,-0.0617356519397345,0.3949888506021428,0.384900152683258,0.0052528041414916,baseline_unet+tta,0,-0.0617356519397345,0.3949888506021428,0.0052528041414916,,,
0.0304780678084587,23.409447457243328,0.81590084825099,0.7848174756244529,0.6666666661685409,0.7101449275362319,0.6282051282051282,0.7482517477558803,156,138,130,0.2171911507775437,0.2647351193741362,0.4892824292182922,0.3394561841898548,0.2212404819254003,0.4884632229804992,0.5743700265884399,baseline_unet_s0_tta,R05-C03,0,100,0.2614433042540051,0.2584102456487823,0.5022503137588501,0.006627099122852,baseline_unet+tta,0,0.2614433042540051,0.2584102456487823,0.006627099122852,,,
0.0367978344056827,21.96599011071659,0.7731354455100372,0.7448497486282435,0.5807962524297068,0.6231155778894473,0.543859649122807,0.6568627446049596,228,199,180,0.5079368884199382,0.1800666875827836,0.5480468273162842,0.5210509873710368,0.1839236834344672,0.4909039139747619,0.6428749561309814,baseline_unet_s0_tta,R05-C03,0,150,0.5655387388854687,0.1681049627540408,0.5424920320510864,0.0086694685742259,baseline_unet+tta,0,0.5655387388854687,0.1681049627540408,0.0086694685742259,,,
0.0216166857066552,24.794792440229063,0.8976823226027703,0.8298940044753846,0.8167938926316356,0.8699186991869918,0.7697841726618705,0.8396946559904142,139,123,123,0.032318675389446,0.3620307676475382,0.5944267511367798,0.4028449001473847,0.2050893119314497,0.6147396564483643,0.7205058336257935,baseline_unet_s0_tta,R05-C03,1,1,0.3514543698076661,0.2077334109090042,0.6004277467727661,0.0066920407116413,baseline_unet+tta,0,0.3514543698076661,0.2077334109090042,0.0066920407116413,,,
0.0268850445740602,23.770085776818014,0.8679986198440539,0.7876144031549203,0.8701754380967928,0.8920863309352518,0.8493150684931506,0.8142857137866326,146,139,134,0.2347643897066388,0.2522140828696755,0.5977571606636047,0.4203775196106471,0.2010375253057263,0.5927037000656128,0.6860127449035645,baseline_unet_s0_tta,R05-C03,1,10,0.4804541200711882,0.1554286725358667,0.6102755069732666,0.0076640690676867,baseline_unet+tta,0,0.4804541200711882,0.1554286725358667,0.0076640690676867,,,
0.0355642425755101,22.07686521814164,0.8078888662547761,0.7219433220462748,0.6684350127641507,0.7078651685393258,0.6331658291457286,0.7582417577461206,199,178,165,0.5465998950234212,0.1623056921225462,0.6273601651191711,0.5597396073971083,0.1679657808965459,0.5356125831604004,0.7035844326019287,baseline_unet_s0_tta,R05-C03,1,50,0.5757346470399751,0.1633109608953333,0.5467155575752258,0.0114691210910677,baseline_unet+tta,0,0.5757346470399751,0.1633109608953333,0.0114691210910677,,,
0.0450681151514086,20.805193654941046,0.7365405142613247,0.7010247990852373,0.6343906505863138,0.6666666666666666,0.6050955414012739,0.7423423418509925,314,285,241,0.6122160578322217,0.1743912815390186,0.5030562877655029,0.6114802470547276,0.1842180870256156,0.3881195783615112,0.6886165738105774,baseline_unet_s0_tta,R05-C03,1,100,0.626256973141876,0.1732524501302359,0.4244894385337829,0.011799787171185,baseline_unet+tta,0,0.626256973141876,0.1732524501302359,0.011799787171185,,,
0.0637943836946845,18.356535467903875,0.6248404492187779,0.5547980364768991,0.4638069700227559,0.5544871794871795,0.3986175115207373,0.6417112294593926,434,312,314,0.6345711665766881,0.2229233537124167,0.3282802104949951,0.6073434188797965,0.2440180287097565,0.2572157979011535,0.6554241180419922,baseline_unet_s0_tta,R05-C03,1,150,0.6364143119537946,0.2236448451421544,0.2699025869369507,0.0160606894642114,baseline_unet+tta,0,0.6364143119537946,0.2236448451421544,0.0160606894642114,,,
0.0307258198211904,22.07818007733597,0.8726898664253672,0.8136135180465878,0.808864265428442,0.8342857142857143,0.7849462365591398,0.8045977006518034,186,175,162,0.3337683961335265,0.181217701958106,0.6494433879852295,0.3690063318235181,0.1746360668797689,0.6313173770904541,0.7081475257873535,baseline_unet_s0_tta,R05-C03,10,1,0.3668371874883406,0.1898552874447815,0.6555112600326538,0.0068565346300601,baseline_unet+tta,0,0.3668371874883406,0.1898552874447815,0.0068565346300601,,,
0.0328647619940142,21.65919938762739,0.8434327720312299,0.7808507847224647,0.7817258878248861,0.7777777777777778,0.7857142857142857,0.8096514740321283,196,198,177,0.3104361242346914,0.2110995969422998,0.6958000659942627,0.4868702451494114,0.1661610797907684,0.6412359476089478,0.7532996535301208,baseline_unet_s0_tta,R05-C03,10,10,0.2869920369074406,0.2340511071986071,0.6960803270339966,0.0086491974070668,baseline_unet+tta,0,0.2869920369074406,0.2340511071986071,0.0086491974070668,,,
0.0409692182013719,20.74128054104763,0.787220082128544,0.7671134289653329,0.7606177601178798,0.7725490196078432,0.7490494296577946,0.7886178856812496,263,255,229,0.5551907313924871,0.1692617718550761,0.6199375987052917,0.5729254630582324,0.1716757889862568,0.4886364340782165,0.7273427248001099,baseline_unet_s0_tta,R05-C03,10,50,0.5696389040738263,0.1724127378303743,0.56095951795578,0.0102858981117606,baseline_unet+tta,0,0.5696389040738263,0.1724127378303743,0.0102858981117606,,,
0.0559647944985903,19.337670036867117,0.6886864363328677,0.662990078108113,0.574931879611312,0.6169590643274854,0.5382653061224489,0.6551724133010964,392,342,304,0.6195471845122096,0.2157901505527422,0.3681342601776123,0.6169741318791409,0.2187599594380219,0.2751038074493408,0.6652867794036865,baseline_unet_s0_tta,R05-C03,10,100,0.6322779788021801,0.203294116033427,0.3145800828933716,0.0138169238343834,baseline_unet+tta,0,0.6322779788021801,0.203294116033427,0.0138169238343834,,,
0.0777250103588866,17.341745690860943,0.5744839928113308,0.5829395142617971,0.4582893342505662,0.530562347188264,0.4033457249070632,0.6048565116588842,538,409,368,0.56377971203439,0.3256314464663072,0.2203038334846496,0.5474948897162024,0.3272797789553569,0.1722970604896545,0.5937108397483826,baseline_unet_s0_tta,R05-C03,10,150,0.5767886297765038,0.296530442242306,0.2113891839981079,0.0162707772105932,baseline_unet+tta,0,0.5767886297765038,0.296530442242306,0.0162707772105932,,,
0.0286601564553086,22.97206041609714,0.873026703909116,0.812438350084199,0.8413793098450416,0.8591549295774648,0.8243243243243243,0.8413284127883879,148,142,123,-0.0241196236686581,0.3657228354629746,0.5823653936386108,0.4361693471285402,0.1811793184992276,0.5981487035751343,0.6770508885383606,baseline_unet_s0_tta,R05-C03,11,1,0.3924584215878712,0.1901611893115446,0.5970593094825745,0.0061640366911888,baseline_unet+tta,0,0.3924584215878712,0.1901611893115446,0.0061640366911888,,,
0.0303055510164586,22.73109520648592,0.8584944940343452,0.7905924257012741,0.8231707312073914,0.8333333333333334,0.8132530120481928,0.7622149832166706,166,162,141,0.3667204687309293,0.1831119710278696,0.6617940664291382,0.5158484475631124,0.1479955417204471,0.6267727613449097,0.7236158847808838,baseline_unet_s0_tta,R05-C03,11,10,0.3342392315509049,0.2189835788068776,0.6569602489471436,0.008779514580965,baseline_unet+tta,0,0.3342392315509049,0.2189835788068776,0.008779514580965,,,
0.0351211932407306,21.99157506959793,0.8154613296330665,0.7840067332386701,0.7765726676129889,0.7920353982300885,0.7617021276595745,0.7664399087992142,235,226,206,0.5176335442610018,0.1630948389140263,0.6464080810546875,0.5678845071526482,0.1531910828980607,0.5343515872955322,0.7225208878517151,baseline_unet_s0_tta,R05-C03,11,50,0.578359971091837,0.1453655749004262,0.6096605062484741,0.0089787254109978,baseline_unet+tta,0,0.578359971091837,0.1453655749004262,0.0089787254109978,,,
0.0468793443450209,20.27486918062408,0.7429469894485999,0.7360040272764766,0.6068759337318935,0.6444444444444445,0.5734463276836158,0.7104851325261742,354,315,285,0.6064243670402051,0.1613478952906747,0.5028045773506165,0.6309970743243611,0.1607304194126646,0.4090887308120727,0.695904016494751,baseline_unet_s0_tta,R05-C03,11,100,0.6539007653398092,0.1469903826598338,0.4487307071685791,0.011998513713479,baseline_unet+tta,0,0.6539007653398092,0.1469903826598338,0.011998513713479,,,
0.0652600183831662,18.429974616806284,0.6354562483537761,0.6301400643165238,0.4467532462670636,0.5358255451713395,0.3830734966592428,0.6025974021112194,449,321,321,0.5850871325692389,0.2509849586474968,0.2931295037269592,0.5846681840342899,0.2589569185949842,0.2502943277359009,0.6436856985092163,baseline_unet_s0_tta,R05-C03,11,150,0.5960650229687198,0.2412677316508616,0.267802357673645,0.0138919232413172,baseline_unet+tta,0,0.5960650229687198,0.2412677316508616,0.0138919232413172,,,
0.0233581858181907,24.667876993108628,0.8909457044201632,0.8481851460144517,0.8599033811434571,0.898989898989899,0.8240740740740741,0.8780487799892445,108,99,97,0.0064881322811582,0.383939044618129,0.4448752403259277,0.1816872411665863,0.3288664909391898,0.4729917049407959,0.6265902519226074,baseline_unet_s0_tta,R05-C03,12,1,0.1207990503178956,0.3445720262287707,0.4625731110572815,0.0048338677734136,baseline_unet+tta,0,0.1207990503178956,0.3445720262287707,0.0048338677734136,,,
0.0230434328874335,24.76523266335618,0.8866010289236473,0.8505276231638489,0.8765957441810773,0.8956521739130435,0.8583333333333333,0.9170305671867433,120,115,109,0.1241365757822414,0.3293686926925822,0.4740256071090698,0.1545755117261546,0.3232363974945215,0.4930989742279053,0.6268832087516785,baseline_unet_s0_tta,R05-C03,12,10,0.0299783493726637,0.3394651262463795,0.4775248765945434,0.005172814708203,baseline_unet+tta,0,0.0299783493726637,0.3394651262463795,0.005172814708203,,,
0.0318803600958551,23.18093626944499,0.8233379426815522,0.826239124103745,0.8294314376270958,0.8322147651006712,0.8266666666666667,0.8158844760377432,150,149,127,0.3634867711887954,0.2363097292945379,0.4893303513526916,0.1921084440224715,0.2971871461256251,0.4792491197586059,0.5820914506912231,baseline_unet_s0_tta,R05-C03,12,50,0.1223657149507544,0.3115813342278934,0.4905917048454284,0.0070108994841575,baseline_unet+tta,0,0.1223657149507544,0.3115813342278934,0.0070108994841575,,,
0.0395163404029787,21.35200388990349,0.7631509425123382,0.7768034726023982,0.7438752778964985,0.7522522522522522,0.73568281938326,0.7447306786589077,227,222,200,0.3650011942457176,0.2246454006532256,0.571822464466095,0.4011840641000153,0.218769186614657,0.4734368324279785,0.6517993807792664,baseline_unet_s0_tta,R05-C03,12,100,0.4696937460230236,0.1896317289405562,0.5288649797439575,0.0098473029211163,baseline_unet+tta,0,0.4696937460230236,0.1896317289405562,0.0098473029211163,,,
0.056444396667466,19.065773535768848,0.6640947419011032,0.6967388143511433,0.5022156568138781,0.5379746835443038,0.4709141274238227,0.7723935384151751,361,316,320,0.4930374899194354,0.2051432918201194,0.4315498471260071,0.5273848393319028,0.1956687786997606,0.3590490221977234,0.6563552021980286,baseline_unet_s0_tta,R05-C03,12,150,0.5421233122916616,0.1927847195797737,0.3705946803092956,0.0145351719111204,baseline_unet+tta,0,0.5421233122916616,0.1927847195797737,0.0145351719111204,,,
0.0159402323174743,28.320826170500503,0.9185403944851634,0.8028965219231734,0.7941176465605536,0.75,0.84375,0.7333333328355556,32,36,28,-0.1303851731489979,0.5544087550976156,0.1917037963867187,0.210266908323646,0.3826776221674188,0.3084116578102112,0.5234169363975525,baseline_unet_s0_tta,R05-C03,13,1,0.1355321335169156,0.4298321220151697,0.2923699021339416,0.002352952491492,baseline_unet+tta,0,0.1355321335169156,0.4298321220151697,0.002352952491492,,,
0.0210438517953847,27.954421250341746,0.888778802047105,0.8034332955655121,0.888888888390432,0.8421052631578947,0.9411764705882352,0.799999999501065,34,38,31,-0.1042612426624842,0.4161890975724602,0.1717657446861267,0.1963186970708141,0.3125637460974292,0.2431913018226623,0.4006392359733581,baseline_unet_s0_tta,R05-C03,13,10,0.2037664109011926,0.2954491686571473,0.2318555116653442,0.0027051125653088,baseline_unet+tta,0,0.2037664109011926,0.2954491686571473,0.0027051125653088,,,
0.0293973143618043,25.992831924670075,0.8214183619888152,0.7584525242623582,0.7238095233095692,0.7169811320754716,0.7307692307692307,0.7472527467629514,52,53,39,-0.0856033597144896,0.2639510144394466,0.1942274570465088,0.2245640314994592,0.2025269754424442,0.2385966777801513,0.3314893841743469,baseline_unet_s0_tta,R05-C03,13,50,0.2430651296580405,0.1897419871136546,0.2329374551773071,0.0038381740450859,baseline_unet+tta,0,0.2430651296580405,0.1897419871136546,0.0038381740450859,,,
0.0330423251130949,24.903256514208923,0.7776331200247779,0.7388734310117339,0.5569620248165358,0.55,0.5641025641025641,0.729927006808887,78,80,59,0.1532678221559152,0.2084470781464542,0.2662737965583801,0.1830758108380835,0.1997286647968063,0.2914361953735351,0.3669548630714416,baseline_unet_s0_tta,R05-C03,13,100,0.1230737129443705,0.204167680750195,0.2853315472602844,0.0051616453565657,baseline_unet+tta,0,0.1230737129443705,0.204167680750195,0.0051616453565657,,,
0.0311568702927636,24.4751592818153,0.7725165220585336,0.7347557984400404,0.5374449334211803,0.5545454545454546,0.5213675213675214,0.7254901955892444,117,110,87,0.3990140636500895,0.2064756588160999,0.4004996418952942,0.3203896164371516,0.2230470877102658,0.3967382907867431,0.4850912690162658,baseline_unet_s0_tta,R05-C03,13,150,0.4633462701024894,0.1765395536232592,0.4107712507247925,0.0063937208615243,baseline_unet+tta,0,0.4633462701024894,0.1765395536232592,0.0063937208615243,,,
0.0143366647997375,28.039519906226666,0.9290978104431292,0.7871843868116178,0.8064516124053068,0.7575757575757576,0.8620689655172413,0.9090909085923968,29,33,26,-0.2265976577301405,0.5241818259416927,0.2408145666122436,0.3502919537438825,0.2851986688783869,0.3770598769187927,0.5710934996604919,baseline_unet_s0_tta,R05-C03,14,1,0.4750456652853988,0.1878093051273199,0.4221372604370117,0.0024891979992389,baseline_unet+tta,0,0.4750456652853988,0.1878093051273199,0.0024891979992389,,,
0.0161202601202116,28.04890477716971,0.915971707615495,0.7946356171840088,0.776119402485186,0.7647058823529411,0.7878787878787878,0.8571428566439909,33,34,30,-0.0881122904456139,0.457978438938907,0.2296936511993408,0.2356599297608646,0.2925269316948176,0.3299946784973144,0.5023022890090942,baseline_unet_s0_tta,R05-C03,14,10,0.2823897573895346,0.2844794417313319,0.3205404281616211,0.0030472583603113,baseline_unet+tta,0,0.2823897573895346,0.2844794417313319,0.0030472583603113,,,
0.0231241801308514,26.091066068027057,0.8563843716666679,0.6954380499528193,0.5476190471190476,0.5476190476190477,0.5476190476190477,0.7948717943747535,42,42,36,0.4623012697890125,0.2498690654924975,0.368914246559143,0.1585588270146249,0.3426635647579407,0.3108584880828857,0.4711143374443054,baseline_unet_s0_tta,R05-C03,14,50,-0.1459160807345331,0.4772394446651317,0.2471087574958801,0.0038452290464192,baseline_unet+tta,0,-0.1459160807345331,0.4772394446651317,0.0038452290464192,,,
0.02663105918658,24.577115727489456,0.8278059530122528,0.6965879781062896,0.48062015453903,0.4696969696969697,0.492063492063492,0.7413793098485433,63,66,53,0.1639285826300183,0.2627607995756781,0.3462927341461181,0.2524767317974328,0.2345989266558962,0.3781517744064331,0.468532383441925,baseline_unet_s0_tta,R05-C03,14,100,0.0845288394833794,0.2757524067294502,0.32815682888031,0.0050007696263492,baseline_unet+tta,0,0.0845288394833794,0.2757524067294502,0.0050007696263492,,,
0.0301891714914381,23.915112460110063,0.7940397843965925,0.6997444602977858,0.5280898871405125,0.5222222222222223,0.5340909090909091,0.603550295358846,88,90,81,0.3600429878526538,0.2157603499142753,0.4593597650527954,0.3578322156145383,0.2000720275995874,0.461496353149414,0.5326830148696899,baseline_unet_s0_tta,R05-C03,14,150,0.40136837529289,0.1942062072394868,0.453183114528656,0.0056237112730741,baseline_unet+tta,0,0.40136837529289,0.1942062072394868,0.0056237112730741,,,
0.0147888140933458,27.54607582509344,0.9284417168790292,0.8432067426207167,0.7032967027982128,0.7441860465116279,0.6666666666666666,0.8172043005757891,48,43,45,-0.2747621417300573,0.5786656107762415,0.2602380514144897,0.335698427239308,0.2865037805235373,0.4031963944435119,0.5926177501678467,baseline_unet_s0_tta,R05-C03,15,1,0.5415987607420577,0.1674209107564749,0.4733510017395019,0.0025375206023454,baseline_unet+tta,0,0.5415987607420577,0.1674209107564749,0.0025375206023454,,,
0.0174053831009449,27.43783576547854,0.9114808478947066,0.8388096033926187,0.7415730332109581,0.8048780487804879,0.6875,0.7032967027982128,48,41,43,-0.1513045796771068,0.4718853849656828,0.2485831379890442,0.2465476753401772,0.2907438217550368,0.3388373851776123,0.5145798921585083,baseline_unet_s0_tta,R05-C03,15,10,0.2614675355591757,0.2808058172823524,0.3116138577461242,0.0031221022363752,baseline_unet+tta,0,0.2614675355591757,0.2808058172823524,0.0031221022363752,,,
0.0246879254723999,25.02339136845439,0.8592413167779274,0.7566599111572421,0.6274509798990772,0.7111111111111111,0.5614035087719298,0.7619047614084352,57,45,48,0.1551409761526347,0.2940084161319005,0.3217916488647461,0.2512049046780886,0.255982256552283,0.3604564666748047,0.4687758684158325,baseline_unet_s0_tta,R05-C03,15,50,0.2385984405852716,0.2623783274270845,0.33486008644104,0.0055160936899483,baseline_unet+tta,0,0.2385984405852716,0.2623783274270845,0.0055160936899483,,,
0.0276844987670437,24.263614936250995,0.8316251861405998,0.7907880094816186,0.6666666661692511,0.7183098591549296,0.6219512195121951,0.6887417213580107,82,71,69,0.108842392571743,0.2590839733901365,0.3914564847946167,0.3097614918769784,0.2046169590894926,0.4252722263336181,0.4917294979095459,baseline_unet_s0_tta,R05-C03,15,100,0.0481626552736015,0.2922999603014221,0.3990984559059143,0.0056768474169075,baseline_unet+tta,0,0.0481626552736015,0.2922999603014221,0.0056768474169075,,,
0.030912152509694,22.44882577760988,0.8064944909219737,0.7088061860805169,0.4954128435438093,0.5625,0.4426229508196721,0.6877828049352798,122,96,99,0.267023589690276,0.2277671029115651,0.5273541808128357,0.3998073526450622,0.1885172016161532,0.5340564250946045,0.6008206605911255,baseline_unet_s0_tta,R05-C03,15,150,0.3645650052591466,0.211278430740845,0.5387711524963379,0.0059728636406362,baseline_unet+tta,0,0.3645650052591466,0.211278430740845,0.0059728636406362,,,
0.0163763314185925,27.244700102442128,0.9185191996996726,0.8361638368796118,0.7415730332094431,0.7857142857142857,0.7021276595744681,0.853932583771241,47,42,42,-0.0389205727701993,0.4931309719375461,0.2983027100563049,0.3084967871364707,0.3018692991753892,0.3893494009971618,0.5855464339256287,baseline_unet_s0_tta,R05-C03,16,1,0.2563932846708731,0.3149560947176559,0.3561874628067016,0.0025395590346306,baseline_unet+tta,0,0.2563932846708731,0.3149560947176559,0.0025395590346306,,,
0.0202464678535898,27.057489437586405,0.8972702082367598,0.8379009200780617,0.7640449433202878,0.7727272727272727,0.7555555555555555,0.863636363136622,45,44,43,0.019931505674647,0.4001699935954503,0.2511475086212158,0.2864075152572289,0.273506424801426,0.3093798756599426,0.4592350721359253,baseline_unet_s0_tta,R05-C03,16,10,0.2856039872040045,0.2711344748913279,0.3012884259223938,0.0026906991843134,baseline_unet+tta,0,0.2856039872040045,0.2711344748913279,0.0026906991843134,,,
0.026306070294373,26.15000835867853,0.8465251064800671,0.8180132790278399,0.7777777772779038,0.7903225806451613,0.765625,0.8188976372953065,64,62,63,0.1593283734455491,0.2645600688722173,0.2739132642745971,0.2521272405590138,0.2110934114800186,0.3131760358810425,0.4035140872001648,baseline_unet_s0_tta,R05-C03,16,50,0.0391645237162215,0.2676639011259177,0.2790473699569702,0.0036708251573145,baseline_unet+tta,0,0.0391645237162215,0.2676639011259177,0.0036708251573145,,,
0.0314294888832524,24.20508054493201,0.8036325454082816,0.7655914735009639,0.5222222217244444,0.5595238095238095,0.4895833333333333,0.7709497201730283,96,84,83,0.3118497448302605,0.2079274453410536,0.3801848888397217,0.3187650710101247,0.1863517389081192,0.3892466425895691,0.4616662859916687,baseline_unet_s0_tta,R05-C03,16,100,-0.0182258198834963,0.2855913599138884,0.3592327833175659,0.0056733707897365,baseline_unet+tta,0,-0.0182258198834963,0.2855913599138884,0.0056733707897365,,,
0.032439298794924,23.345875561057824,0.7874587196578385,0.7644568049196191,0.5577689238104157,0.6363636363636364,0.4964539007092198,0.7878787873811123,141,110,123,0.1954945592585472,0.2573935533109284,0.4937490820884704,0.4578223525291366,0.1652625591806382,0.5014141798019409,0.568337082862854,baseline_unet_s0_tta,R05-C03,16,150,0.2434480683765754,0.2474261750110715,0.4941389560699463,0.0064384220167994,baseline_unet+tta,0,0.2434480683765754,0.2474261750110715,0.0064384220167994,,,
0.0155188982434141,29.146293494196748,0.9217114081286012,0.7837272573994691,0.6666666661716666,0.7407407407407407,0.6060606060606061,0.5573770486836871,33,27,28,-0.0253110869635655,0.5323424826328499,0.2226173877716064,0.3178223975643205,0.3430599762696112,0.2995327711105346,0.5022594332695007,baseline_unet_s0_tta,R05-C03,17,1,0.3021356207064715,0.331922401000227,0.2838701009750366,0.0019492206629365,baseline_unet+tta,0,0.3021356207064715,0.331922401000227,0.0019492206629365,,,
0.0191088063433065,29.33569867620281,0.900746615301128,0.7977921929892843,0.7187499995043944,0.7931034482758621,0.6571428571428571,0.7812499995043946,35,29,29,-0.0384301870174093,0.4340892410768057,0.1713653802871704,0.3070607770672242,0.2902220527820096,0.2285191416740417,0.3804194927215576,baseline_unet_s0_tta,R05-C03,17,10,0.3553844871517738,0.2766280115042725,0.227263331413269,0.0022421302273869,baseline_unet+tta,0,0.3553844871517738,0.2766280115042725,0.0022421302273869,,,
0.0243457917361583,29.19156104128241,0.8518026821947837,0.8256631550692293,0.823529411266436,0.875,0.7777777777777778,0.5937499995078124,36,32,28,-0.3542073508835091,0.3334272446971604,0.0970245003700256,0.3793908542926275,0.1477801853502744,0.1757430434226989,0.238256573677063,baseline_unet_s0_tta,R05-C03,17,50,0.4893182722891955,0.1220496082266407,0.1748847365379333,0.0026205393951386,baseline_unet+tta,0,0.4893182722891955,0.1220496082266407,0.0026205393951386,,,
0.0272671987369002,28.27843172540897,0.8144611788072794,0.8001805745181786,0.6296296291339162,0.6938775510204082,0.576271186440678,0.5940594054547593,59,49,42,-0.0502030246534653,0.2187637382528103,0.1436284780502319,0.280265009739105,0.1418916050024154,0.1853764057159423,0.2347612977027893,baseline_unet_s0_tta,R05-C03,17,100,0.2324656049125123,0.1524340664893235,0.1730292439460754,0.0034154979512095,baseline_unet+tta,0,0.2324656049125123,0.1524340664893235,0.0034154979512095,,,
0.0297594044432729,26.135039797228153,0.7937354356298499,0.7290157663455906,0.5365853653555176,0.5714285714285714,0.5057471264367817,0.6710526310894217,87,77,65,0.1898718792491516,0.189046850610538,0.271732747554779,0.2857612468713665,0.151260052429057,0.2970010042190552,0.3402960896492004,baseline_unet_s0_tta,R05-C03,17,150,0.2650100804796835,0.1645293987768656,0.2884540557861328,0.0050168973393738,baseline_unet+tta,0,0.2650100804796835,0.1645293987768656,0.0050168973393738,,,
0.0214825395176526,25.531977397579325,0.8999061735932112,0.851001885380569,0.8414634141348155,0.8734177215189873,0.8117647058823529,0.7567567562678049,85,79,63,-0.2161943187310397,0.5269178210419618,0.3713473081588745,0.2831950363729053,0.2786984358739919,0.4343307018280029,0.5835159420967102,baseline_unet_s0_tta,R05-C03,18,1,0.1950764261147333,0.3317951814623794,0.4197900295257568,0.0041600936092436,baseline_unet+tta,0,0.1950764261147333,0.3317951814623794,0.0041600936092436,,,
0.0253455828600783,24.30030764290884,0.8711037293983495,0.8122613419837436,0.793296088885865,0.8160919540229885,0.7717391304347826,0.7261146491963162,92,87,65,0.0470957689860103,0.3649835304721902,0.3992555141448974,0.2458182060601422,0.2701799159738545,0.4388071894645691,0.5637284517288208,baseline_unet_s0_tta,R05-C03,18,10,-0.0028374561533709,0.3799522402140847,0.4189786911010742,0.004934751894325,baseline_unet+tta,0,-0.0028374561533709,0.3799522402140847,0.004934751894325,,,
0.030006282786292,23.1628425226467,0.8249858919983288,0.7952542859955606,0.6859903376651963,0.7171717171717171,0.6574074074074074,0.6850828724468727,108,99,73,0.3647306415635993,0.2598216422974038,0.455712080001831,0.347757431682819,0.2378897434511552,0.4558269381523132,0.5496580600738525,baseline_unet_s0_tta,R05-C03,18,50,0.4409260340829078,0.1941999628975434,0.4656296372413635,0.0073079224675893,baseline_unet+tta,0,0.4409260340829078,0.1941999628975434,0.0073079224675893,,,
0.0340644473552726,21.08863700193954,0.8018096300490911,0.7364133005321165,0.6463414629153034,0.6708860759493671,0.6235294117647059,0.617543859167744,170,158,115,0.2319740831251762,0.2602413278036851,0.6157093644142151,0.4168564111633961,0.1882319182101966,0.5931792259216309,0.6787099838256836,baseline_unet_s0_tta,R05-C03,18,100,0.4935721622504744,0.1728796296544115,0.619608461856842,0.0069449790753424,baseline_unet+tta,0,0.4935721622504744,0.1728796296544115,0.0069449790753424,,,
0.0411699135461699,20.41059148691909,0.76596584813546,0.7503571733634727,0.6403712292003381,0.6831683168316832,0.6026200873362445,0.637974683057023,229,202,166,0.3211982926031348,0.2394451439979799,0.5785992741584778,0.4556217121953445,0.1885386177671409,0.4977982640266418,0.6571972370147705,baseline_unet_s0_tta,R05-C03,18,150,0.533198765150407,0.1630159997010065,0.5312197208404541,0.0099235782399773,baseline_unet+tta,0,0.533198765150407,0.1630159997010065,0.0099235782399773,,,
0.0251310090246201,24.181792652445974,0.8836888160653239,0.7868831416504685,0.8775510199082153,0.8686868686868687,0.8865979381443299,0.8085106377983816,97,99,91,-0.100910442023153,0.4033751568830986,0.4687502384185791,0.3346119136915829,0.2424022593998234,0.5125908851623535,0.6228476762771606,baseline_unet_s0_tta,R05-C03,19,1,0.3414483431072459,0.2466477191174528,0.5170347690582275,0.0053680669516325,baseline_unet+tta,0,0.3414483431072459,0.2466477191174528,0.0053680669516325,,,
0.0285694732753203,24.287872486214255,0.8641015989214731,0.8123273313684195,0.8744186041514332,0.8952380952380953,0.8545454545454545,0.7980769225785873,110,105,98,-0.185631009660794,0.3862667299053254,0.3978390097618103,0.3568952766167713,0.2050232311294757,0.4297813773155212,0.5221110582351685,baseline_unet_s0_tta,R05-C03,19,10,0.402760903018534,0.1981532174494483,0.4363541007041931,0.0053817285224795,baseline_unet+tta,0,0.402760903018534,0.1981532174494483,0.0053817285224795,,,
0.0297720797710246,23.34322486025723,0.8389071988910107,0.7777760229402615,0.7845659158987189,0.7870967741935484,0.782051282051282,0.7728813554338638,156,155,139,0.2496125155008886,0.2573941553973148,0.5327775478363037,0.4236447298727266,0.1947783035385377,0.5235073566436768,0.6050100326538086,baseline_unet_s0_tta,R05-C03,19,50,0.196158691568015,0.2784426985619126,0.5401440858840942,0.0069457544013857,baseline_unet+tta,0,0.196158691568015,0.2784426985619126,0.0069457544013857,,,
0.0408215591243401,21.116412481586508,0.7665286593166708,0.6889913924120512,0.695652173413486,0.7169811320754716,0.6755555555555556,0.6969696964789944,225,212,171,0.531321271692479,0.1753605028498976,0.5878137350082397,0.6156030344541565,0.1521084738264698,0.4787076115608215,0.6799972057342529,baseline_unet_s0_tta,R05-C03,19,100,0.6009880203190677,0.1558564160159344,0.5178113579750061,0.0104318419471383,baseline_unet+tta,0,0.6009880203190677,0.1558564160159344,0.0104318419471383,,,
0.050693165188604,20.10092062610541,0.6984113242116032,0.6611883030610967,0.5960912047138485,0.6376306620209059,0.5596330275229358,0.5961199289650345,327,287,240,0.6141607196376954,0.1813198900072116,0.4225940108299255,0.630317369151699,0.1767749619629997,0.3441693186759949,0.6561034917831421,baseline_unet_s0_tta,R05-C03,19,150,0.6279011631571694,0.1772293541460965,0.3589529991149902,0.0129289319738745,baseline_unet+tta,0,0.6279011631571694,0.1772293541460965,0.0129289319738745,,,
0.021418724402261,25.048575362410546,0.9020610532410342,0.8128845081621455,0.7798742133374469,0.8157894736842105,0.7469879518072289,0.7114093954796629,83,76,66,-0.0700764021004011,0.4139973026366764,0.448458731174469,0.3493478303517562,0.2421263802804468,0.5132130980491638,0.6264240145683289,baseline_unet_s0_tta,R05-C03,2,1,0.3377338646364952,0.2361315434714603,0.5101736783981323,0.0045584505423903,baseline_unet+tta,0,0.3377338646364952,0.2361315434714603,0.0045584505423903,,,
0.0250426568736177,25.19528623511224,0.8841781747988388,0.8309851816677217,0.7904191611780989,0.8354430379746836,0.75,0.7581699341518219,88,79,65,0.0048663432562408,0.3557905419510944,0.3548836708068847,0.2957428897429573,0.2458360510305144,0.4009611010551452,0.5011464357376099,baseline_unet_s0_tta,R05-C03,2,10,0.2208978507573919,0.2795071989272215,0.3901209831237793,0.0045261145569384,baseline_unet+tta,0,0.2208978507573919,0.2795071989272215,0.0045261145569384,,,
0.0309824173117896,23.93138821503165,0.8394597634567437,0.8034539977565615,0.77981651326151,0.7870370370370371,0.7727272727272727,0.7596153841170487,110,108,98,0.2382728883236522,0.2104167319164052,0.3981623649597168,0.2902442005862682,0.2024757451324338,0.4101228713989258,0.4792177677154541,baseline_unet_s0_tta,R05-C03,2,50,0.2084598700543734,0.2239745993330683,0.4056336283683777,0.0062862578779459,baseline_unet+tta,0,0.2084598700543734,0.2239745993330683,0.0062862578779459,,,
0.0323984830393504,22.772542829770657,0.817059440800839,0.7646515488088524,0.6865671636814614,0.7371794871794872,0.6424581005586593,0.6455696197619971,179,156,137,0.3954574747909491,0.2021075092332982,0.5787262916564941,0.4910731361295823,0.1729242450483356,0.5351719856262207,0.6274406909942627,baseline_unet_s0_tta,R05-C03,2,100,0.4714799467716243,0.1824789109285011,0.5754337310791016,0.0083416439592838,baseline_unet+tta,0,0.4714799467716243,0.1824789109285011,0.0083416439592838,,,
0.0436562089474029,20.769105200870047,0.7530820523085135,0.7197565325010641,0.6421267888678117,0.6826086956521739,0.6061776061776062,0.7381974243989297,259,230,207,0.5837502769232018,0.1500907475948816,0.5634568333625793,0.5809479769978363,0.1552608599709817,0.4839360117912292,0.6640075445175171,baseline_unet_s0_tta,R05-C03,2,150,0.6216457283556254,0.1392855634494284,0.5169503092765808,0.0117323035374283,baseline_unet+tta,0,0.6216457283556254,0.1392855634494284,0.0117323035374283,,,
0.0239154864469458,23.656487659617213,0.8941364838765004,0.828657643310895,0.8520179367205453,0.8878504672897196,0.8189655172413793,0.7809523804578684,116,107,94,-0.1720723448730121,0.4154858693953004,0.5311392545700073,0.3314748920648934,0.2139202440636241,0.56416255235672,0.6796159744262695,baseline_unet_s0_tta,R05-C03,20,1,0.4875544460425203,0.161353210827996,0.5963938236236572,0.0049817585386335,baseline_unet+tta,0,0.4875544460425203,0.161353210827996,0.0049817585386335,,,
0.0285937903905927,23.464723898612355,0.8591050307554078,0.8003449267747682,0.779220778721913,0.8181818181818182,0.743801652892562,0.8214285709318001,121,110,103,0.3017261850680953,0.2626645702443253,0.5379377007484436,0.2304667849669282,0.2795676432958591,0.540871262550354,0.6440795660018921,baseline_unet_s0_tta,R05-C03,20,10,0.0715596699995611,0.3802929907345705,0.5353826880455017,0.0074867755174636,baseline_unet+tta,0,0.0715596699995611,0.3802929907345705,0.0074867755174636,,,
0.0344219279226133,21.757641544477757,0.8123983312803312,0.7597032684089222,0.7724550893205206,0.7865853658536586,0.7588235294117647,0.7619047614079112,170,164,145,0.4397247528312031,0.201311827285291,0.6097908020019531,0.3986173455373412,0.2013559844241641,0.5651543140411377,0.6788831949234009,baseline_unet_s0_tta,R05-C03,20,50,0.5656608450076596,0.1464764038996213,0.6039350628852844,0.0082679605111479,baseline_unet+tta,0,0.5656608450076596,0.1464764038996213,0.0082679605111479,,,
0.0444335834241677,20.70962832759179,0.750856984689734,0.7464163821370274,0.636559139286891,0.6788990825688074,0.5991902834008097,0.6447058818661203,247,218,178,0.4711831586600492,0.2124396832915255,0.5492154955863953,0.5292491788516424,0.1783543668077039,0.4377855062484741,0.6776341199874878,baseline_unet_s0_tta,R05-C03,20,100,0.5580653274487113,0.1681608699301876,0.4797428846359253,0.0113590890541672,baseline_unet+tta,0,0.5580653274487113,0.1681608699301876,0.0113590890541672,,,
0.0607626417902407,18.153961041740793,0.659171644105634,0.6707758882304982,0.4944532483184741,0.5611510791366906,0.4419263456090651,0.679867986312295,353,278,253,0.5251979971668345,0.2069934427668067,0.43291836977005,0.5723662714259324,0.1897142767324427,0.3666436672210693,0.6965833902359009,baseline_unet_s0_tta,R05-C03,20,150,0.5981788048104176,0.1839554356031739,0.3583219051361084,0.0145876398310065,baseline_unet+tta,0,0.5981788048104176,0.1839554356031739,0.0145876398310065,,,
0.0147814013499071,28.82582092853415,0.92504580665945,0.8316318899221531,0.7123287666241321,0.7428571428571429,0.6842105263157895,0.7878787873902662,38,35,28,-0.2653746218383718,0.624937381841798,0.2398196458816528,0.3321305395967871,0.2990343180379329,0.3870155215263366,0.5659540891647339,baseline_unet_s0_tta,R05-C03,21,1,0.4993743916300679,0.1919037132989012,0.4259523749351501,0.0028952367138117,baseline_unet+tta,0,0.4993743916300679,0.1919037132989012,0.0028952367138117,,,
0.0201202965653391,27.411841409528098,0.8965982070050811,0.8096749680656073,0.7317073165743605,0.7692307692307693,0.6976744186046512,0.7199999995107556,43,39,32,-0.0078457256277097,0.4126226817625348,0.3029350042343139,0.3055854114033,0.2769776200934514,0.360260546207428,0.502062976360321,baseline_unet_s0_tta,R05-C03,21,10,0.3147028870181108,0.2439337246947421,0.3281864523887634,0.0039909649640321,baseline_unet+tta,0,0.3147028870181108,0.2439337246947421,0.0039909649640321,,,
0.0269443059896097,26.410795181799788,0.8422461836566901,0.7856897810166747,0.6842105258159433,0.6964285714285714,0.6724137931034483,0.7766990286341784,58,56,45,0.1655382479988163,0.2400611964486373,0.255858302116394,0.2397393129548414,0.2135347132534604,0.2841042876243591,0.3810563087463379,baseline_unet_s0_tta,R05-C03,21,50,0.2616287978139834,0.1984419374012491,0.277097225189209,0.0041352356784045,baseline_unet+tta,0,0.2616287978139834,0.1984419374012491,0.0041352356784045,,,
0.0253308605237278,25.74628253500795,0.8359096549854738,0.7721121603680464,0.6242774561494203,0.6666666666666666,0.5869565217391305,0.6666666661758879,92,81,70,0.0570709512542838,0.3467334819362713,0.394514262676239,0.4732204781488081,0.1732713746211668,0.4226894378662109,0.492327332496643,baseline_unet_s0_tta,R05-C03,21,100,0.3496004027630851,0.2252457415722253,0.403536856174469,0.0052083628252148,baseline_unet+tta,0,0.3496004027630851,0.2252457415722253,0.0052083628252148,,,
0.0295394770274909,24.59940458397512,0.8028348385447261,0.7658528523672611,0.5267175567624265,0.6160714285714286,0.46,0.6821705421489094,150,112,108,0.3315071591558957,0.2189155461669577,0.4718983769416809,0.5158729258656108,0.1592275522188563,0.4797165989875793,0.5387864112854004,baseline_unet_s0_tta,R05-C03,21,150,0.4594793341351533,0.1801325777651868,0.4801529049873352,0.0069685941562056,baseline_unet+tta,0,0.4594793341351533,0.1801325777651868,0.0069685941562056,,,
0.0134119864573754,29.728343943322532,0.9319079404198832,0.8653524531371367,0.7619047614079112,0.8275862068965517,0.7058823529411765,0.8437499995019531,34,29,30,-0.3813619742165124,0.6928285911342694,0.1395276188850402,0.3061969909042427,0.3321407979711688,0.293148934841156,0.508061408996582,baseline_unet_s0_tta,R05-C03,22,1,0.4269796819560758,0.2512970862911894,0.305780291557312,0.0022126261610537,baseline_unet+tta,0,0.4269796819560758,0.2512970862911894,0.0022126261610537,,,
0.0186601993473374,28.439028851627583,0.9029400593175192,0.8377258818370561,0.8181818176891643,0.9310344827586208,0.7297297297297297,0.840579709647553,37,29,32,-0.3247860658609615,0.5236225771673197,0.1110556721687316,0.2661464254448127,0.2886504985661715,0.2273226380348205,0.3820948600769043,baseline_unet_s0_tta,R05-C03,22,10,0.3229868424116481,0.2453197002407879,0.2496115565299987,0.0019438654417172,baseline_unet+tta,0,0.3229868424116481,0.2453197002407879,0.0019438654417172,,,
0.0218233105116297,27.61214287001207,0.8665349277473173,0.8279156247969995,0.7608695647211721,0.8333333333333334,0.7,0.8723404250339519,50,42,44,-0.193942188481385,0.3613403183464153,0.1803973913192749,0.2795959003916951,0.204942041362079,0.242145299911499,0.3400399684906006,baseline_unet_s0_tta,R05-C03,22,50,0.2229756419936985,0.2165694793960011,0.237149178981781,0.0032747299410402,baseline_unet+tta,0,0.2229756419936985,0.2165694793960011,0.0032747299410402,,,
0.0233925458917963,26.051283770808993,0.837296300225088,0.7828363924222967,0.6242038211585054,0.6712328767123288,0.5833333333333334,0.7763157889792243,84,73,68,-0.0922278063170343,0.3730111788616778,0.3295987844467163,0.3476710426433969,0.2167955721257694,0.3729878664016723,0.4682129025459289,baseline_unet_s0_tta,R05-C03,22,100,0.1606578374630064,0.2834837572161683,0.357287585735321,0.0041692145168781,baseline_unet+tta,0,0.1606578374630064,0.2834837572161683,0.0041692145168781,,,
0.0266578383571405,24.637107130475336,0.8087952274047473,0.7768586180054544,0.6607929510430242,0.6944444444444444,0.6302521008403361,0.7582938383707464,119,108,92,0.1793531755902349,0.2934547856685952,0.4168221950531006,0.3600286632697298,0.2201604618221624,0.4339906573295593,0.5123869180679321,baseline_unet_s0_tta,R05-C03,22,150,0.390455562580938,0.2115600416811248,0.4392539858818054,0.0050776442512869,baseline_unet+tta,0,0.390455562580938,0.2115600416811248,0.0050776442512869,,,
0.0124443985978992,29.537641009728944,0.9342615861218398,0.834025940546543,0.7076923072018934,0.8214285714285714,0.6216216216216216,0.8529411759744808,37,28,31,-0.3263763829418331,0.7085090263244952,0.1675003170967102,0.2989126653352959,0.3317940412311834,0.3160035014152527,0.5424997806549072,baseline_unet_s0_tta,R05-C03,23,1,0.3217882459885099,0.2734299582829498,0.2835162878036499,0.0021898581180721,baseline_unet+tta,0,0.3217882459885099,0.2734299582829498,0.0021898581180721,,,
0.0147743473955646,28.912396594706067,0.917842038144293,0.8219918076008874,0.6984126979229024,0.8148148148148148,0.6111111111111112,0.8307692302750296,36,27,29,-0.1708182742367866,0.5721252876671585,0.1602287292480468,0.206738784042653,0.3527842784414266,0.2648555040359497,0.4630515575408935,baseline_unet_s0_tta,R05-C03,23,10,0.2099171149098737,0.3138017255432383,0.2453247904777526,0.0026274479459971,baseline_unet+tta,0,0.2099171149098737,0.3138017255432383,0.0026274479459971,,,
0.0213613459028299,28.26635168205164,0.8621394435717175,0.8389843907118201,0.6976744181057327,0.7317073170731707,0.6666666666666666,0.7469879513107853,45,41,38,0.160022115356479,0.3486013304935157,0.1664806008338928,0.1910329385419455,0.3138216367509968,0.2074115872383117,0.3528425097465515,baseline_unet_s0_tta,R05-C03,23,50,-0.043527778272287,0.4003576022604236,0.1519414186477661,0.0035063901450484,baseline_unet+tta,0,-0.043527778272287,0.4003576022604236,0.0035063901450484,,,
0.023895424676693,26.596438149336635,0.8261514050226815,0.789281397743128,0.62135922280328,0.6666666666666666,0.5818181818181818,0.699999999505,55,48,45,0.2295233332181782,0.303715791811358,0.2683867216110229,0.2291106246125552,0.2835000871027698,0.2842496037483215,0.4153656363487243,baseline_unet_s0_tta,R05-C03,23,100,0.43695776664296,0.2203884271118762,0.3043336272239685,0.0040238457731902,baseline_unet+tta,0,0.43695776664296,0.2203884271118762,0.0040238457731902,,,
0.0283657918631286,25.03659746507776,0.7869372161669504,0.7778819676312861,0.5179856110120593,0.5454545454545454,0.4931506849315068,0.7633587781325097,73,66,58,0.2799105071102983,0.2411658716920743,0.312128484249115,0.2316879052052927,0.2469352362694085,0.3188206553459167,0.4182711243629455,baseline_unet_s0_tta,R05-C03,23,150,0.3863319640197247,0.1957382376250354,0.3264989256858825,0.0046189315617084,baseline_unet+tta,0,0.3863319640197247,0.1957382376250354,0.0046189315617084,,,
0.0163191097429244,26.646360098526827,0.922017412005962,0.8678357494670538,0.9215686269511726,0.94,0.903846153846154,0.9523809518809976,52,50,53,-0.2571759391752611,0.4972799732465802,0.3183997869491577,0.349997497274664,0.2520362238285354,0.4334481954574585,0.595217227935791,baseline_unet_s0_tta,R05-C03,24,1,0.3652203656982647,0.222038143875248,0.4291388988494873,0.0029242534656077,baseline_unet+tta,0,0.3652203656982647,0.222038143875248,0.0029242534656077,,,
0.0176498275935313,26.73396818469376,0.9114245454826548,0.8642856549283433,0.9016393437628324,0.9322033898305084,0.873015873015873,0.9105691051913544,63,59,60,-0.1080205976107951,0.4331154914708764,0.3149418234825134,0.2098166320776111,0.2820121953862926,0.3861056566238403,0.5524026155471802,baseline_unet_s0_tta,R05-C03,24,10,0.1104366794105495,0.3181408709672192,0.3695216178894043,0.0033059113193303,baseline_unet+tta,0,0.1104366794105495,0.3181408709672192,0.0033059113193303,,,
0.0229083761736816,24.522342809630633,0.8636405400794613,0.8171021485774899,0.7738095233095238,0.7738095238095238,0.7738095238095238,0.8139534878723633,84,84,88,0.0030444960186939,0.3503406334191722,0.4480450749397278,0.2095649253537553,0.2559519678920511,0.4697149395942688,0.5876038074493408,baseline_unet_s0_tta,R05-C03,24,50,0.0655427624713784,0.3482319109157208,0.4555877447128296,0.0046763569116592,baseline_unet+tta,0,0.0655427624713784,0.3482319109157208,0.0046763569116592,,,
0.0288878607712482,22.840697357918597,0.8157811099498651,0.7957210131065257,0.570281124000903,0.6173913043478261,0.5298507462686567,0.7999999995012994,134,115,121,0.0957842277186287,0.324761942718152,0.5237196087837219,0.2443655700190574,0.2441379207632725,0.534230649471283,0.6289079189300537,baseline_unet_s0_tta,R05-C03,24,100,0.2501814761969998,0.2542163010241087,0.5393667221069336,0.0055397329851984,baseline_unet+tta,0,0.2501814761969998,0.2542163010241087,0.0055397329851984,,,
0.0378656987506932,21.327125576358785,0.7564625918774222,0.7688883013157833,0.5309734508310926,0.5806451612903226,0.4891304347826087,0.7988338187446388,184,155,159,0.2433855037940661,0.2737657034606691,0.5658773183822632,0.3682122033511633,0.2042159833588248,0.5473511815071106,0.6631622314453125,baseline_unet_s0_tta,R05-C03,24,150,0.399676460309425,0.1940623862332594,0.5741350054740906,0.0079084988683462,baseline_unet+tta,0,0.399676460309425,0.1940623862332594,0.0079084988683462,,,
0.0177364623634201,26.721348087633515,0.9189442044255736,0.8386484508347347,0.8034188029188397,0.8103448275862069,0.7966101694915254,0.8867924523365965,59,58,47,-0.3770561817535712,0.5985198491835774,0.3286504745483398,0.1927496036045303,0.31271473735918,0.4092508554458618,0.5740981101989746,baseline_unet_s0_tta,R05-C03,3,1,0.133161036329664,0.3087504798279763,0.3785606622695923,0.003334394423291,baseline_unet+tta,0,0.133161036329664,0.3087504798279763,0.003334394423291,,,
0.0213884885220842,26.53473996885606,0.8969747762638239,0.8393877039037207,0.796747966980501,0.8305084745762712,0.765625,0.9059829054873256,64,59,53,-0.3253370565072856,0.4859027598730251,0.2702684998512268,0.2618836973368018,0.2527454060868485,0.3438828587532043,0.4669874310493469,baseline_unet_s0_tta,R05-C03,3,10,0.2426728777732165,0.2650572952912237,0.3294730186462402,0.0037507410161197,baseline_unet+tta,0,0.2426728777732165,0.2650572952912237,0.0037507410161197,,,
0.0271704842683821,24.73026360444936,0.8437873298119858,0.7842239564668004,0.8124999995000781,0.8227848101265823,0.8024691358024691,0.7887323938761158,81,79,61,0.3583012027602625,0.2277125894554762,0.3845126628875732,0.1365117682134004,0.3018588868379178,0.3859836459159851,0.4972670674324035,baseline_unet_s0_tta,R05-C03,3,50,0.1206412218657633,0.3024780160779178,0.3799258470535278,0.0050115664489567,baseline_unet+tta,0,0.1206412218657633,0.3024780160779178,0.0050115664489567,,,
0.0321492057108906,23.301469080139267,0.8091015879895186,0.7603460249781525,0.6963562748046354,0.7288135593220338,0.6666666666666666,0.793248944651605,129,118,108,0.3654681205931715,0.2220864748451009,0.4664282202720642,0.2691360990872619,0.2315532960147925,0.4570456743240356,0.5406685471534729,baseline_unet_s0_tta,R05-C03,3,100,0.5074899281662113,0.1679642707889243,0.4705024361610412,0.0065246103331446,baseline_unet+tta,0,0.5074899281662113,0.1679642707889243,0.0065246103331446,,,
0.0391574964900758,21.773990789712407,0.764400233527772,0.7286473014601071,0.6379310339833532,0.6607142857142857,0.6166666666666667,0.6463414629193931,180,168,148,0.3991008921888975,0.2009444796577683,0.5699428915977478,0.4996527262356791,0.1593381027164669,0.5140417218208313,0.6312108039855957,baseline_unet_s0_tta,R05-C03,3,150,0.4985186864559309,0.165865219361876,0.5526029467582703,0.0093620028346776,baseline_unet+tta,0,0.4985186864559309,0.165865219361876,0.0093620028346776,,,
0.016617260277266,27.476639569239573,0.9185698253038936,0.8565579854519606,0.9193548382096772,0.9193548387096774,0.9193548387096774,0.9499999995005556,62,62,58,-0.3097840997832146,0.5899617087067287,0.3454732894897461,0.278073721428035,0.3099002403061655,0.4230542778968811,0.6111663579940796,baseline_unet_s0_tta,R05-C03,4,1,0.3546211155519723,0.2552504942632888,0.4124956727027893,0.003681190079078,baseline_unet+tta,0,0.3546211155519723,0.2552504942632888,0.003681190079078,,,
0.0207162258477715,26.79701284851001,0.8929297459489327,0.8395957449936985,0.7794117642059905,0.7910447761194029,0.7681159420289855,0.8805970144258186,69,67,65,-0.1275037621620112,0.4608087679496768,0.3237062096595764,0.268964414789896,0.2947667596383584,0.3642603754997253,0.5181702375411987,baseline_unet_s0_tta,R05-C03,4,10,0.0863159135871589,0.4031841104700651,0.3425761461257934,0.0044596064835786,baseline_unet+tta,0,0.0863159135871589,0.4031841104700651,0.0044596064835786,,,
0.0227787435786824,25.910799175357187,0.8607974714101786,0.8235626926957764,0.8932038829951927,0.9019607843137256,0.8846153846153846,0.8965517236382343,104,102,99,0.3107385882269368,0.2813532045656942,0.4104008674621582,0.2402850368715692,0.3242524932414491,0.4140453338623047,0.5487259030342102,baseline_unet_s0_tta,R05-C03,4,50,0.3093092714244313,0.2703530492154707,0.4057052731513977,0.0052252854220569,baseline_unet+tta,0,0.3093092714244313,0.2703530492154707,0.0052252854220569,,,
0.0308618381723057,24.098903233448684,0.801679349734942,0.7894593963974156,0.75585284230937,0.7583892617449665,0.7533333333333333,0.8842105258171744,150,149,135,0.3931217843897451,0.2172494757232916,0.4850411415100097,0.3498938776579035,0.2316041498984686,0.4752325415611267,0.5482566356658936,baseline_unet_s0_tta,R05-C03,4,100,0.519409083345993,0.183664131230356,0.4888985753059387,0.0076937684789299,baseline_unet+tta,0,0.519409083345993,0.183664131230356,0.0076937684789299,,,
0.0360775873040625,22.359760467906156,0.775054068413338,0.7493341809485738,0.6356589142301544,0.6721311475409836,0.6029411764705882,0.8095238090269588,204,183,174,0.3465502656400388,0.2077069728786371,0.53718101978302,0.4564179060290903,0.1829090986826942,0.4953113198280334,0.6038921475410461,baseline_unet_s0_tta,R05-C03,4,150,0.389711152209611,0.2125628402899594,0.5328641533851624,0.0089752301573753,baseline_unet+tta,0,0.389711152209611,0.2125628402899594,0.0089752301573753,,,
0.0159996573366373,27.97749324052624,0.9245079322088504,0.8313708174119155,0.7755102035868388,0.8636363636363636,0.7037037037037037,0.7608695647325141,54,44,38,-0.1007668501128021,0.4856158132617067,0.3082287311553955,0.2598337742693045,0.3229048834896952,0.3883122205734253,0.5801150798797607,baseline_unet_s0_tta,R05-C03,5,1,0.0903421185660054,0.3976688025983976,0.342496395111084,0.0032996237277984,baseline_unet+tta,0,0.0903421185660054,0.3976688025983976,0.0032996237277984,,,
0.0211460838941256,27.018839767195495,0.89826912620824,0.7991288023184662,0.7850467284730545,0.8235294117647058,0.75,0.7799999995071999,56,51,44,-0.0644214648865389,0.3650356987675066,0.2886470556259155,0.2832112034583604,0.2522869072302728,0.3570480346679687,0.4851093888282776,baseline_unet_s0_tta,R05-C03,5,10,0.4120074971650403,0.1941991822785426,0.380703330039978,0.0041311145760118,baseline_unet+tta,0,0.4120074971650403,0.1941991822785426,0.0041311145760118,,,
0.0296277161020079,26.379546507368342,0.8358774831135798,0.8262421611918641,0.7352941171487889,0.78125,0.6944444444444444,0.7226890751523197,72,64,47,0.1765221918827083,0.2051773809482375,0.2209842801094055,0.1591319835046922,0.2223371205091329,0.2390949130058288,0.3322798609733581,baseline_unet_s0_tta,R05-C03,5,50,0.1434494686537509,0.2260847918349341,0.2391979098320007,0.0039256722666323,baseline_unet+tta,0,0.1434494686537509,0.2260847918349341,0.0039256722666323,,,
0.032945932286088,24.001447317003336,0.8069595212138005,0.7220742837481596,0.6517857137857143,0.6517857142857143,0.6517857142857143,0.7319587623985545,112,112,82,0.6219793295751759,0.1384404025314771,0.4147437810897827,0.2510329452606505,0.2483142225233617,0.4205566048622131,0.489486813545227,baseline_unet_s0_tta,R05-C03,5,100,0.4492134915085145,0.1913252738518428,0.422476053237915,0.0067050079815089,baseline_unet+tta,0,0.4492134915085145,0.1913252738518428,0.0067050079815089,,,
0.033648814592109,23.07778857602156,0.799401455496676,0.7269392690235681,0.628205127705313,0.6405228758169934,0.6163522012578616,0.6409266404525871,159,153,100,0.4907160073419925,0.1575253583163953,0.5348168015480042,0.4919567992799757,0.1564529400307258,0.5186368227005005,0.5933846235275269,baseline_unet_s0_tta,R05-C03,5,150,0.5169881970953993,0.1539726542463396,0.5348302125930786,0.0076998705044388,baseline_unet+tta,0,0.5169881970953993,0.1539726542463396,0.0076998705044388,,,
0.0171279608367801,27.031134775287665,0.9159208475727052,0.8577318820660228,0.8510638292874604,0.8333333333333334,0.8695652173913043,0.9230769225769836,46,48,45,-0.147813814487227,0.4931296894815481,0.2876858711242676,0.1339590512082061,0.3969624187220061,0.3531380295753479,0.5861124992370605,baseline_unet_s0_tta,R05-C03,6,1,-0.0102036273046996,0.4880676747757314,0.3157556056976318,0.0031504090875387,baseline_unet+tta,0,-0.0102036273046996,0.4880676747757314,0.0031504090875387,,,
0.0214853429663158,26.39887452158119,0.8888138407141566,0.8403832940759189,0.7889908251881155,0.7818181818181819,0.7962962962962963,0.8952380947385034,54,55,51,-0.1353712922025411,0.4076297842094969,0.2590634822845459,0.1401565312058768,0.3233831907232689,0.3151545524597168,0.4936114549636841,baseline_unet_s0_tta,R05-C03,6,10,0.1556394509485528,0.3143951524857843,0.3022665381431579,0.003254244569689,baseline_unet+tta,0,0.1556394509485528,0.3143951524857843,0.003254244569689,,,
0.0287144862038031,26.17213524906464,0.8306763905579315,0.8716480737262408,0.7999999995016327,0.8484848484848485,0.7567567567567568,0.7891156457585263,74,66,73,0.0684325364653215,0.2549312385725725,0.2084460854530334,0.0909621271062669,0.2648877620648839,0.2245789766311645,0.3560468554496765,baseline_unet_s0_tta,R05-C03,6,50,0.0372267108776544,0.2638841222659165,0.2029515504837036,0.0042315074242651,baseline_unet+tta,0,0.0372267108776544,0.2638841222659165,0.0042315074242651,,,
0.0313115991219286,23.740360023463083,0.7982893045296553,0.8025445591496112,0.6502463049222258,0.7096774193548387,0.6,0.7135678387015479,110,93,89,0.3904717586089027,0.1983510447066655,0.4105823636054992,0.0863456792418617,0.3142291624539621,0.3891038298606872,0.5045817494392395,baseline_unet_s0_tta,R05-C03,6,100,-0.0372929784671218,0.3589480622259389,0.3768600225448608,0.0061369407922029,baseline_unet+tta,0,-0.0372929784671218,0.3589480622259389,0.0061369407922029,,,
0.0297618969596084,22.663030806336103,0.8128575211554862,0.8000924204080719,0.6969696964704143,0.7244094488188977,0.6715328467153284,0.7470817115644446,137,127,120,0.2325662558574039,0.2511338775241257,0.5223879814147949,0.2395716941092235,0.2751052078147331,0.5244928598403931,0.6122161149978638,baseline_unet_s0_tta,R05-C03,6,150,0.2220343341000988,0.2787265190665221,0.5262488126754761,0.0056073893792927,baseline_unet+tta,0,0.2220343341000988,0.2787265190665221,0.0056073893792927,,,
0.0155078652414245,29.46321566483133,0.9211259712071732,0.7958556414427679,0.8076923071952662,0.875,0.75,0.9259259254266118,28,24,26,-0.0918461461506257,0.6037561774073006,0.1472108364105224,0.0147760577938705,0.4998509273990004,0.1887395977973938,0.4622048735618591,baseline_unet_s0_tta,R05-C03,7,1,-0.169886855034161,0.5644886837981895,0.1139467358589172,0.0025690810289233,baseline_unet+tta,0,-0.169886855034161,0.5644886837981895,0.0025690810289233,,,
0.0205565295931971,28.584215179992107,0.8908315081487298,0.7754146828047535,0.7741935478876171,0.8,0.75,0.8387096769198752,32,30,30,-0.2528527835623605,0.4859750541540707,0.1314601302146911,0.1294854789199489,0.3333418951627704,0.1918218731880188,0.3645461201667785,baseline_unet_s0_tta,R05-C03,7,10,0.0365876537728819,0.3454687518934394,0.1620138883590698,0.0024600219912827,baseline_unet+tta,0,0.0365876537728819,0.3454687518934394,0.0024600219912827,,,
0.0295923040066459,27.16611546198527,0.8160827032357654,0.781657208202791,0.6666666661710221,0.7352941176470589,0.6097560975609756,0.6493506488527576,41,34,36,-0.0672214387282981,0.2920332364152518,0.1273642182350158,0.0668421466982531,0.2441067514120693,0.1436367034912109,0.2551597356796264,baseline_unet_s0_tta,R05-C03,7,50,-0.0967346315332922,0.260975900798202,0.108679175376892,0.0030481496360152,baseline_unet+tta,0,-0.0967346315332922,0.260975900798202,0.0030481496360152,,,
0.033303591028936,25.26040993641697,0.7720004835164308,0.6969794106222091,0.5862068960530618,0.6181818181818182,0.5573770491803278,0.7499999995039858,61,55,51,0.1116190736632429,0.2115867086955317,0.1993086338043213,0.209958903415112,0.1779323486529291,0.2198022007942199,0.3026575446128845,baseline_unet_s0_tta,R05-C03,7,100,-0.0045740413461949,0.2182832423155947,0.1939465999603271,0.0040722438134253,baseline_unet+tta,0,-0.0045740413461949,0.2182832423155947,0.0040722438134253,,,
0.0363844432806127,24.00014805058465,0.745346984464634,0.6945760590070568,0.5977011489285242,0.65,0.5531914893617021,0.6540880498310985,94,80,65,0.1801213890710773,0.1991399716477727,0.2618221044540405,0.2079914629292431,0.1710798398077117,0.2800353765487671,0.3504262566566467,baseline_unet_s0_tta,R05-C03,7,150,0.0504291748897004,0.2089217900301516,0.263806402683258,0.0051958174444735,baseline_unet+tta,0,0.0504291748897004,0.2089217900301516,0.0051958174444735,,,
0.019186775394728,26.441583346018717,0.9066394067475028,0.8205566748223954,0.8188976372960506,0.8524590163934426,0.7878787878787878,0.895999999501568,66,61,59,-0.0199758271783518,0.4757228794915518,0.3541406989097595,0.2851883301059429,0.3137449254272804,0.4054581522941589,0.5801540613174438,baseline_unet_s0_tta,R05-C03,8,1,0.3051437330824159,0.2969531599025624,0.4044006466865539,0.0035078953951597,baseline_unet+tta,0,0.3051437330824159,0.2969531599025624,0.0035078953951597,,,
0.0227927675376418,25.980643810591076,0.8866813332186141,0.7968843606084564,0.8656716412910447,0.8656716417910447,0.8656716417910447,0.8593749995010986,67,67,61,-0.0796384173363807,0.4079522272101424,0.3332828283309936,0.3435206219868502,0.2253179029034228,0.396636426448822,0.5117766857147217,baseline_unet_s0_tta,R05-C03,8,10,0.5068996546519108,0.1621388103905983,0.4004945158958435,0.004464441910386,baseline_unet+tta,0,0.5068996546519108,0.1621388103905983,0.004464441910386,,,
0.0314283065330383,24.762844832794304,0.8214668545251753,0.7846538267159713,0.7058823524412456,0.7142857142857143,0.6976744186046512,0.8095238090240929,86,84,82,0.2229950000272294,0.2265426925283322,0.3118860721588135,0.2737905245018996,0.1927096645569949,0.3254116177558899,0.4083598852157593,baseline_unet_s0_tta,R05-C03,8,50,0.3968575020715988,0.1543061706733159,0.3401073217391968,0.005024254322052,baseline_unet+tta,0,0.3968575020715988,0.1543061706733159,0.005024254322052,,,
0.0314034748638937,23.353074805237178,0.8107271554701121,0.7373909661039318,0.6166007900147792,0.6446280991735537,0.5909090909090909,0.7391304342935349,132,121,98,0.3542730776922602,0.2328592826585198,0.4921286702156067,0.4434665160317156,0.1907820162824268,0.498146653175354,0.5741101503372192,baseline_unet_s0_tta,R05-C03,8,100,0.2740399817687985,0.2577349444149043,0.4903970956802368,0.0067468648776412,baseline_unet+tta,0,0.2740399817687985,0.2577349444149043,0.0067468648776412,,,
0.037398295938163,22.121696874025815,0.7715160362640314,0.7173851578027098,0.5900621113024767,0.6209150326797386,0.5621301775147929,0.7003366998462288,169,153,128,0.518982350934968,0.183443947271419,0.5299257040023804,0.5250166665207079,0.1647927568002314,0.506888210773468,0.6145694255828857,baseline_unet_s0_tta,R05-C03,8,150,0.524341463528306,0.1765107127669477,0.5367615222930908,0.0081531787291169,baseline_unet+tta,0,0.524341463528306,0.1765107127669477,0.0081531787291169,,,
0.0257427554249024,23.991540245759975,0.8784397234828205,0.7984089050476806,0.7850467284730545,0.8235294117647058,0.75,0.8309178738995076,112,102,95,-0.0459216353444081,0.3901631613392567,0.4839467406272888,0.260415905234754,0.2805054572505944,0.5153025388717651,0.6350917816162109,baseline_unet_s0_tta,R05-C03,9,1,0.1557301313394118,0.3005413767386257,0.4931608438491821,0.0054584732279181,baseline_unet+tta,0,0.1557301313394118,0.3005413767386257,0.0054584732279181,,,
0.028128968243389,24.328245521238262,0.8610369844271302,0.8093297116079535,0.7881355927204826,0.8017241379310345,0.775,0.8054298637570894,120,116,101,0.114635009186225,0.3112108776631831,0.4598543643951416,0.3188014571539357,0.2494344001652666,0.4746711254119873,0.5818416476249695,baseline_unet_s0_tta,R05-C03,9,10,0.217455614939341,0.2969525853963959,0.4679825901985168,0.0061453655362129,baseline_unet+tta,0,0.217455614939341,0.2969525853963959,0.0061453655362129,,,
0.0353533637906483,22.94198647168706,0.8108302419549139,0.7828437034173492,0.8012820507830579,0.8389261744966443,0.7668711656441718,0.75510204032225,163,149,131,0.1457828760514653,0.2524656788037372,0.4928494691848755,0.3597413448638085,0.1946697638156552,0.4702722430229187,0.5515950918197632,baseline_unet_s0_tta,R05-C03,9,50,0.3375029840024434,0.1986849271875814,0.4986578226089477,0.0080156102776527,baseline_unet+tta,0,0.3375029840024434,0.1986849271875814,0.0080156102776527,,,
0.041000000348761,21.4837574013274,0.767044014041464,0.7505246558492051,0.7598253270112602,0.7802690582959642,0.7404255319148936,0.724220623009276,235,223,182,0.4646830995073411,0.1935823460793176,0.5691760778427124,0.5579656884971289,0.1746994346821456,0.4631877541542053,0.668844997882843,baseline_unet_s0_tta,R05-C03,9,100,0.4822229197000157,0.1920559771663993,0.5257486701011658,0.0102226370945572,baseline_unet+tta,0,0.4822229197000157,0.1920559771663993,0.0102226370945572,,,
0.0538597858563118,19.542315193626457,0.7069707155227383,0.6887211772410098,0.6526946102798952,0.689873417721519,0.6193181818181818,0.6110183634552635,352,316,247,0.6167115286583115,0.170992071061803,0.4407645463943481,0.6079505055154455,0.1897671192376936,0.31976979970932,0.65838623046875,baseline_unet_s0_tta,R05-C03,9,150,0.633441362626705,0.1686184042342625,0.362911581993103,0.0130245340988039,baseline_unet+tta,0,0.633441362626705,0.1686184042342625,0.0130245340988039,,,
0.0199831411817982,25.740477024443443,0.905784931110555,0.7960427712232607,0.7651006706427637,0.8142857142857143,0.7215189873417721,0.8111888106943127,79,70,64,0.0326363798446687,0.3879817191097494,0.4091045260429382,0.1725981308727907,0.3494991029360367,0.43053138256073,0.6104638576507568,baseline_unet_s1_tta,R05-C03,0,1,0.1211980865125513,0.3595643427273534,0.4053963422775268,0.0042763198725879,baseline_unet+tta,1,0.1211980865125513,0.3595643427273534,0.0042763198725879,,,
0.0232567318697511,25.785466281545418,0.8839679321616141,0.8078350539395643,0.7354838704694276,0.7808219178082192,0.6951219512195121,0.824324323830168,82,73,66,0.0886237885114891,0.3858644922489974,0.3367019891738891,0.0778607182983456,0.3640470021238378,0.3541976809501648,0.5162655115127563,baseline_unet_s1_tta,R05-C03,0,10,-0.0446270793057656,0.3953186083332806,0.3145683407783508,0.0044960398226976,baseline_unet+tta,1,-0.0446270793057656,0.3953186083332806,0.0044960398226976,,,
0.031540600549372,23.90800817341956,0.8263138471176248,0.7716452293490136,0.7553191484389429,0.8160919540229885,0.7029702970297029,0.734463276346133,101,87,76,0.2026132006962903,0.2417840427860869,0.335892915725708,0.2036456130295845,0.246933231095983,0.3609055876731872,0.4683582782745361,baseline_unet_s1_tta,R05-C03,0,50,0.1234845777106353,0.265752427623082,0.3517944812774658,0.0048395777121186,baseline_unet+tta,1,0.1234845777106353,0.265752427623082,0.0048395777121186,,,
0.0320620463770291,23.381579730791493,0.8094337142737094,0.7848118420130995,0.6849315063516608,0.7352941176470589,0.6410256410256411,0.7482517477558803,156,136,130,0.1769348105520569,0.2669695935381649,0.4551830887794494,0.3179383781336547,0.2038959747133913,0.452696144580841,0.5314832329750061,baseline_unet_s1_tta,R05-C03,0,100,0.1346504612935359,0.2639943495115155,0.4670480489730835,0.0067802462726831,baseline_unet+tta,1,0.1346504612935359,0.2639943495115155,0.0067802462726831,,,
0.0376500128170807,21.99015795291128,0.7713588922850929,0.747828865175226,0.597156397607511,0.6494845360824743,0.5526315789473685,0.6568627446049596,228,194,180,0.3919366579665414,0.204368097256404,0.5300761461257935,0.4966426339691366,0.1753686959312204,0.4686167240142822,0.6160264611244202,baseline_unet_s1_tta,R05-C03,0,150,0.4841241673893495,0.1978311001687343,0.5220301747322083,0.0091220056638121,baseline_unet+tta,1,0.4841241673893495,0.1978311001687343,0.0091220056638121,,,
0.0220235965413401,24.82070301962034,0.8962876675607493,0.8318930214857657,0.8244274804178953,0.8780487804878049,0.7769784172661871,0.8396946559904142,139,123,123,-0.0829456703388346,0.4384594385509184,0.5742424726486206,0.4167740285207977,0.1948710982296488,0.5923901796340942,0.6991115808486938,baseline_unet_s1_tta,R05-C03,1,1,0.5762101228085225,0.1322460520774145,0.5869896411895752,0.0066481116227805,baseline_unet+tta,1,0.5762101228085225,0.1322460520774145,0.0066481116227805,,,
0.0277367371056663,23.71769290500896,0.8615386866421932,0.7836745905868857,0.8292682921830786,0.8439716312056738,0.815068493150685,0.8142857137866326,146,141,134,0.1554140307197719,0.3485671282537771,0.5638793706893921,0.4024708941580545,0.2052268130592678,0.5690205097198486,0.6671203374862671,baseline_unet_s1_tta,R05-C03,1,10,0.5435636957846858,0.1445479212132016,0.5828043222427368,0.0087283039465546,baseline_unet+tta,1,0.5435636957846858,0.1445479212132016,0.0087283039465546,,,
0.0325424822655865,22.972410905919663,0.8121334630906116,0.7554409900693259,0.6896551719153444,0.7303370786516854,0.6532663316582915,0.7582417577461206,199,178,165,0.3971662890344021,0.4283974064377406,0.5684665441513062,0.4925042399422624,0.2079166679372746,0.5093165636062622,0.6865917444229126,baseline_unet_s1_tta,R05-C03,1,50,0.4148187111272343,0.2304594734160358,0.5898193120956421,0.0128953866660594,baseline_unet+tta,1,0.4148187111272343,0.2304594734160358,0.0128953866660594,,,
0.0459527607333567,20.79660413719717,0.7330468950010209,0.7061617474520989,0.6455906816973486,0.6759581881533101,0.6178343949044586,0.7423423418509925,314,287,241,0.6127592272157939,0.1730768467890634,0.5059943199157715,0.6139652367800025,0.1843410414079518,0.3806991577148437,0.6796653270721436,baseline_unet_s1_tta,R05-C03,1,100,0.6428408241407163,0.1707259407067791,0.4141140580177307,0.0118300421163439,baseline_unet+tta,1,0.6428408241407163,0.1707259407067791,0.0118300421163439,,,
0.0640301621630835,18.41906144705437,0.624182959626518,0.5535285482462904,0.4699599461080818,0.5587301587301587,0.4055299539170507,0.6417112294593926,434,315,314,0.6125340316874749,0.4194903226395856,0.306031584739685,0.5826590273755747,0.276674756839383,0.2381694912910461,0.6541672945022583,baseline_unet_s1_tta,R05-C03,1,150,0.6274458381326043,0.2103259840581481,0.2919029593467712,0.0204304177314043,baseline_unet+tta,1,0.6274458381326043,0.2103259840581481,0.0204304177314043,,,
0.0281248795429842,22.290485566841767,0.8792009048739187,0.8203205876184134,0.8508287287821494,0.875,0.8279569892473119,0.8045977006518034,186,176,162,0.2789152027108713,0.2152051766256649,0.707414984703064,0.4514763481068511,0.1544581036076814,0.6745718717575073,0.7692985534667969,baseline_unet_s1_tta,R05-C03,10,1,0.3175745662129943,0.2199672709602521,0.711961030960083,0.0075858361087739,baseline_unet+tta,1,0.3175745662129943,0.2199672709602521,0.0075858361087739,,,
0.0327065906634078,21.83254618419543,0.8448779295971632,0.7905220594649756,0.7999999995000289,0.7939698492462312,0.8061224489795918,0.8096514740321283,196,199,177,0.2264116110049827,0.2457867109183954,0.6869823932647705,0.5034012299820838,0.1591917163127536,0.6204653978347778,0.7387990355491638,baseline_unet_s1_tta,R05-C03,10,10,0.4202283009953276,0.207814881324345,0.6852335333824158,0.0089155277237296,baseline_unet+tta,1,0.4202283009953276,0.207814881324345,0.0089155277237296,,,
0.041063726207723,20.82884523376499,0.7880985010014023,0.7715281180340121,0.7609942633623491,0.7653846153846153,0.7566539923954373,0.7886178856812496,263,260,229,0.5430310523964749,0.1795001953900323,0.6142468452453613,0.5739246326484211,0.1740060253898752,0.4783740639686584,0.716672420501709,baseline_unet_s1_tta,R05-C03,10,50,0.5785496156490787,0.1769479372516905,0.5548596382141113,0.0105505753308534,baseline_unet+tta,1,0.5785496156490787,0.1769479372516905,0.0105505753308534,,,
0.0564963135493984,19.28076883608466,0.6923809049059684,0.6563010245319973,0.6244952888689518,0.6609686609686609,0.5918367346938775,0.6551724133010964,392,351,304,0.6320400885590074,0.243032462279871,0.3725879788398742,0.6292576113242099,0.2103329017879533,0.2772257924079895,0.6590465903282166,baseline_unet_s1_tta,R05-C03,10,100,0.6563304191394697,0.1838413076769115,0.3181439638137817,0.0169642604887485,baseline_unet+tta,1,0.6563304191394697,0.1838413076769115,0.0169642604887485,,,
0.0779595443029727,17.344784791765132,0.57813798430954,0.5775127903877142,0.4644351459513927,0.5311004784688995,0.4126394052044609,0.6048565116588842,538,418,368,0.5788446626895851,0.3698676570080945,0.2231019735336303,0.5606188590813833,0.3021523161525804,0.1715867519378662,0.5886092185974121,baseline_unet_s1_tta,R05-C03,10,150,0.6089951559145529,0.2548940939750342,0.229606807231903,0.0206707883626222,baseline_unet+tta,1,0.6089951559145529,0.2548940939750342,0.0206707883626222,,,
0.028253943352104,23.0225129011178,0.8753914369071846,0.8145270328199263,0.8482758615691793,0.8661971830985915,0.831081081081081,0.8413284127883879,148,142,123,0.0281336440135717,0.3638894205319478,0.591680645942688,0.3832706654101127,0.1923126275448966,0.6013965606689453,0.6802988648414612,baseline_unet_s1_tta,R05-C03,11,1,0.4006859061314697,0.1855286678538361,0.5932978391647339,0.0062934244051575,baseline_unet+tta,1,0.4006859061314697,0.1855286678538361,0.0062934244051575,,,
0.0308709655335972,22.701439227285277,0.852595164017079,0.7868674010924046,0.7939393934394122,0.7987804878048781,0.7891566265060241,0.7622149832166706,166,164,141,0.3103442601649815,0.3373123220954065,0.6076525449752808,0.5093850455801908,0.1551855270003399,0.6018234491348267,0.702751636505127,baseline_unet_s1_tta,R05-C03,11,10,0.3946922945646506,0.1894346479227525,0.6312819123268127,0.0096442652866244,baseline_unet+tta,1,0.3946922945646506,0.1894346479227525,0.0096442652866244,,,
0.0352986894967231,22.020500874280305,0.8181822727270093,0.786266617017729,0.785087718798717,0.8099547511312217,0.7617021276595745,0.7664399087992142,235,221,206,0.4873431953637855,0.1782883422074944,0.6449624300003052,0.5947132120361751,0.1476358352816474,0.5268663167953491,0.714568018913269,baseline_unet_s1_tta,R05-C03,11,50,0.5402942656246651,0.1580486891912799,0.6077210903167725,0.0092466389760375,baseline_unet+tta,1,0.5402942656246651,0.1580486891912799,0.0092466389760375,,,
0.0471361235879691,20.34334833314505,0.7427438920502738,0.739445485757617,0.6101190471204825,0.6446540880503144,0.5790960451977402,0.7104851325261742,354,318,285,0.6210499616975216,0.1576843866941196,0.4991201162338257,0.636293620825334,0.1601357940569921,0.3974369168281555,0.6867600679397583,baseline_unet_s1_tta,R05-C03,11,100,0.659515985703459,0.1450634651823919,0.4307050704956054,0.0126422634348273,baseline_unet+tta,1,0.659515985703459,0.1450634651823919,0.0126422634348273,,,
0.063820624343429,18.68718336751975,0.6437890099625453,0.6513480434753722,0.4847715731138041,0.5634218289085545,0.4253897550111358,0.6025974021112194,449,339,321,0.6100756040645252,0.2356630960095025,0.3065358400344848,0.5971335272720275,0.2352074876780764,0.2531476020812988,0.636186420917511,baseline_unet_s1_tta,R05-C03,11,150,0.6225172940632467,0.2156198722775487,0.260213553905487,0.0174258444458246,baseline_unet+tta,1,0.6225172940632467,0.2156198722775487,0.0174258444458246,,,
0.0235857588076453,24.65573811733577,0.8895570524541776,0.8468168738488361,0.8612440186393168,0.8910891089108911,0.8333333333333334,0.8780487799892445,108,101,97,0.0929450375090075,0.3641221655159292,0.4450224637985229,0.069387050394846,0.3820557594516205,0.4589462876319885,0.6168480515480042,baseline_unet_s1_tta,R05-C03,12,1,-0.0741104490550881,0.4310511929442365,0.439095675945282,0.0054167294874787,baseline_unet+tta,1,-0.0741104490550881,0.4310511929442365,0.0054167294874787,,,
0.023784932738218,24.769739177748264,0.8820619467606811,0.8511044319700033,0.893617020776822,0.9130434782608696,0.875,0.9170305671867433,120,115,109,0.1918087090448666,0.3115711035481709,0.4669437408447265,0.1552399338162051,0.3267552595899599,0.4634714126586914,0.6097806692123413,baseline_unet_s1_tta,R05-C03,12,10,-0.0152516259079154,0.3899460025736365,0.4550341963768005,0.0053535248152911,baseline_unet+tta,1,-0.0152516259079154,0.3899460025736365,0.0053535248152911,,,
0.0331505443172681,23.103744512499873,0.8153956283234802,0.8227499135168095,0.8262295076968557,0.8129032258064516,0.84,0.8158844760377432,150,155,127,0.4043915929176942,0.2157386914432963,0.4789620637893677,0.1658119186095598,0.3097339142679048,0.4645738005638122,0.5607290863990784,baseline_unet_s1_tta,R05-C03,12,50,0.2192048172773149,0.2953739051233724,0.4795102477073669,0.0072579435072839,baseline_unet+tta,1,0.2192048172773149,0.2953739051233724,0.0072579435072839,,,
0.0399528198642597,21.34056885099666,0.7624284621716889,0.7750049076142546,0.768539325342901,0.7844036697247706,0.7533039647577092,0.7447306786589077,227,218,200,0.344131852588693,0.2328205957345394,0.5626484155654907,0.3696484911508089,0.226897470051905,0.4622246623039245,0.6405061483383179,baseline_unet_s1_tta,R05-C03,12,100,0.3982510353986631,0.2294496664815841,0.5262191295623779,0.0099305817857384,baseline_unet+tta,1,0.3982510353986631,0.2294496664815841,0.0099305817857384,,,
0.0566498751483924,19.06790562570372,0.6631608788171194,0.6961059085798886,0.5313432830851014,0.5760517799352751,0.4930747922437673,0.7723935384151751,361,309,320,0.5077984832129024,0.1995843801759519,0.4304597973823547,0.5245297891317156,0.1957193261823905,0.3581835031509399,0.6519939303398132,baseline_unet_s1_tta,R05-C03,12,150,0.5562434810845662,0.1826643067630303,0.3694329857826233,0.014715326949954,baseline_unet+tta,1,0.5562434810845662,0.1826643067630303,0.014715326949954,,,
0.0173659537881267,27.99484273213875,0.9131511418180486,0.7950473016949708,0.7647058818546713,0.7222222222222222,0.8125,0.7333333328355556,32,36,28,0.0594764980364898,0.428058919212768,0.2341219186782837,-0.039067329386592,0.4998086901997926,0.2314801216125488,0.4873793125152588,baseline_unet_s1_tta,R05-C03,13,1,-0.1724045861786595,0.5622873092853015,0.191063642501831,0.0033033075742423,baseline_unet+tta,1,-0.1724045861786595,0.5622873092853015,0.0033033075742423,,,
0.0204461107457278,27.84690401139311,0.8877712286891769,0.8011256234912844,0.8767123282694689,0.8205128205128205,0.9411764705882352,0.799999999501065,34,39,31,0.2946895288953048,0.3462916429529459,0.2358441352844238,-0.1520797340231228,0.5111456691923483,0.1874924302101135,0.4317017197608948,baseline_unet_s1_tta,R05-C03,13,10,-0.3187200064246364,0.5952144391414391,0.1557374000549316,0.0035734730772674,baseline_unet+tta,1,-0.3187200064246364,0.5952144391414391,0.0035734730772674,,,
0.0299598099274645,25.78343452151362,0.8163451241710585,0.7526691241315279,0.6981132070473478,0.6851851851851852,0.7115384615384616,0.7472527467629514,52,54,39,0.1019141691722952,0.262742701242014,0.2136101126670837,0.005088618323914,0.286334943695775,0.2196886539459228,0.3384385704994201,baseline_unet_s1_tta,R05-C03,13,50,-0.1695448459774705,0.3100828535773709,0.175317108631134,0.0042336462065577,baseline_unet+tta,1,-0.1695448459774705,0.3100828535773709,0.0042336462065577,,,
0.0343681132915978,24.811991044005453,0.7696292712324527,0.7478683275260122,0.6025641020641025,0.6025641025641025,0.6025641025641025,0.729927006808887,78,78,59,0.1186709084021851,0.2027242177932642,0.2476606965065002,0.1404409950556976,0.1954373416808729,0.2700370550155639,0.3494399785995483,baseline_unet_s1_tta,R05-C03,13,100,0.1831183661409687,0.1834262138878927,0.2810731530189514,0.0050130384042859,baseline_unet+tta,1,0.1831183661409687,0.1834262138878927,0.0050130384042859,,,
0.0331604885085965,24.252498044069327,0.7614924013313551,0.7367016989947291,0.553571428072425,0.5794392523364486,0.5299145299145299,0.7254901955892444,117,107,87,0.2836234047300212,0.2155923858945196,0.3713461756706238,0.2848759688433518,0.2082651801212255,0.3741953372955322,0.4532296657562256,baseline_unet_s1_tta,R05-C03,13,150,0.258651852271154,0.2433361600978077,0.373434841632843,0.0067351115867495,baseline_unet+tta,1,0.258651852271154,0.2433361600978077,0.0067351115867495,,,
0.0147372024890038,27.852288624592752,0.9268942873659536,0.7796339328066412,0.8064516124053068,0.7575757575757576,0.8620689655172413,0.9090909085923968,29,33,26,-0.1470293186942753,0.5039497999733805,0.2554761171340942,0.1815388768161039,0.3700940472489261,0.3456202745437622,0.5708037614822388,baseline_unet_s1_tta,R05-C03,14,1,0.1450298727577115,0.3673618838948534,0.3589493036270141,0.002444603247568,baseline_unet+tta,1,0.1450298727577115,0.3673618838948534,0.002444603247568,,,
0.0168095028769447,28.10937835039806,0.9106385297634004,0.7995089430066886,0.7575757570757575,0.7575757575757576,0.7575757575757576,0.8571428566439909,33,33,30,-0.0289057000383388,0.4430618087425412,0.2158988118171692,0.1778976227591732,0.3261772019724329,0.315103530883789,0.4870390295982361,baseline_unet_s1_tta,R05-C03,14,10,0.1657651390800876,0.3444338406186386,0.3224520087242126,0.0038058413192629,baseline_unet+tta,1,0.1657651390800876,0.3444338406186386,0.0038058413192629,,,
0.0247363932547861,25.99711914106621,0.8492031479032822,0.6975076231919026,0.5647058818530104,0.5581395348837209,0.5714285714285714,0.7948717943747535,42,43,36,0.4258677175030368,0.2292099588258779,0.2943448424339294,0.0611593616995772,0.3421393941997531,0.2796701192855835,0.4288631677627563,baseline_unet_s1_tta,R05-C03,14,50,-0.1359325449976304,0.4337800800216552,0.250417411327362,0.0038752530235797,baseline_unet+tta,1,-0.1359325449976304,0.4337800800216552,0.0038752530235797,,,
0.0281509926037512,24.468545191782624,0.821068792702727,0.6964968500137374,0.507692307192781,0.4925373134328358,0.5238095238095238,0.7413793098485433,63,67,53,0.2444848683674093,0.2247339213424359,0.3283326625823974,0.2780397261016721,0.213418441948127,0.352358877658844,0.4362271428108215,baseline_unet_s1_tta,R05-C03,14,100,0.1569454817497488,0.2758614652154554,0.32784503698349,0.0047215991653501,baseline_unet+tta,1,0.1569454817497488,0.2758614652154554,0.0047215991653501,,,
0.0312402539069188,23.94990540062811,0.789137717061402,0.7106278923381155,0.5649717509124452,0.5617977528089888,0.5681818181818182,0.603550295358846,88,89,81,0.3204096833455087,0.2036183370003375,0.4422023892402649,0.3761951309054129,0.1807546697547321,0.4394459128379822,0.5103046894073486,baseline_unet_s1_tta,R05-C03,14,150,0.3194639382503679,0.2166838810984748,0.4446613788604736,0.0063670091331005,baseline_unet+tta,1,0.3194639382503679,0.2166838810984748,0.0063670091331005,,,
0.0154136895798868,27.56557416576704,0.9253792888618207,0.8430263315599579,0.7045454540495868,0.775,0.6458333333333334,0.8172043005757891,48,40,45,-0.1577817158995045,0.5415138206108749,0.2661361694335937,0.1527806120127724,0.3772449397463151,0.3460553884506225,0.5803259611129761,baseline_unet_s1_tta,R05-C03,15,1,0.1328642416033761,0.3664747596594591,0.3279985785484314,0.0026300563476979,baseline_unet+tta,1,0.1328642416033761,0.3664747596594591,0.0026300563476979,,,
0.0185958498063809,26.84487877798589,0.9060492570942968,0.8111426479099811,0.7111111106133333,0.7619047619047619,0.6666666666666666,0.7032967027982128,48,42,43,-0.1663920545182173,0.5301049802242985,0.2317376732826233,0.1707980613341764,0.3168012533872538,0.3246808052062988,0.5042282342910767,baseline_unet_s1_tta,R05-C03,15,10,0.1204526535513435,0.2930879867340129,0.2822646498680115,0.0038124546408653,baseline_unet+tta,1,0.1204526535513435,0.2930879867340129,0.0038124546408653,,,
0.0255664975889836,24.731966889227973,0.8531641562911885,0.7366482758130548,0.590476189979864,0.6458333333333334,0.543859649122807,0.7619047614084352,57,48,48,0.1240151347345956,0.5178818543239858,0.273533284664154,0.223516457892183,0.244819638404735,0.3611364960670471,0.4677830934524536,baseline_unet_s1_tta,R05-C03,15,50,0.0901222979929379,0.2644599633928149,0.3254821300506592,0.007742267102003,baseline_unet+tta,1,0.0901222979929379,0.2644599633928149,0.007742267102003,,,
0.0293959166950015,24.036714194566,0.8223178835957797,0.7821339339061716,0.6538461533474688,0.6891891891891891,0.6219512195121951,0.6887417213580107,82,74,69,0.2183018193620558,0.2368946529959461,0.3567458987236023,0.2234503900280064,0.2204639736434127,0.389657974243164,0.4563525915145874,baseline_unet_s1_tta,R05-C03,15,100,0.0114794714567654,0.2830269016430086,0.3544152975082397,0.005974983330816,baseline_unet+tta,1,0.0114794714567654,0.2830269016430086,0.005974983330816,,,
0.031450938615443,22.482458190291094,0.8048178419607189,0.7131751232337262,0.5610859723560943,0.6262626262626263,0.5081967213114754,0.6877828049352798,122,99,99,0.2636219469099345,0.2131145932407423,0.5119019746780396,0.4100849117361712,0.1788478396136994,0.52341628074646,0.5867871046066284,baseline_unet_s1_tta,R05-C03,15,150,0.3622266197248223,0.213754951775385,0.5189958810806274,0.0063155591487884,baseline_unet+tta,1,0.3622266197248223,0.213754951775385,0.0063155591487884,,,
0.0170398851243713,27.236530027678484,0.9160092572493542,0.8330337559085664,0.7586206891584092,0.825,0.7021276595744681,0.853932583771241,47,40,42,-0.0197965841668478,0.4564910523406329,0.288867175579071,0.144157090886101,0.3994157580011272,0.3383389711380005,0.5628538727760315,baseline_unet_s1_tta,R05-C03,16,1,0.0733162889600328,0.4150412649159493,0.303957998752594,0.0030045821331441,baseline_unet+tta,1,0.0733162889600328,0.4150412649159493,0.0030045821331441,,,
0.0199886635138867,27.168713973122216,0.8968829256022124,0.8395102888400513,0.7640449433202878,0.7727272727272727,0.7555555555555555,0.863636363136622,45,44,43,0.0364873811824217,0.4357947246142613,0.2505392432212829,0.0765685195461144,0.3771197534877816,0.2843978404998779,0.4697917103767395,baseline_unet_s1_tta,R05-C03,16,10,0.0184933081576008,0.3757620336829918,0.2442601323127746,0.0032722761388868,baseline_unet+tta,1,0.0184933081576008,0.3757620336829918,0.0032722761388868,,,
0.0271277600274509,26.17402820309616,0.8435175207644675,0.8228042509761399,0.7401574798149916,0.746031746031746,0.734375,0.8188976372953065,64,63,63,-0.0463960689048747,0.2690011922385845,0.245410144329071,0.2852759181661451,0.1676478244531736,0.2949781417846679,0.3720836043357849,baseline_unet_s1_tta,R05-C03,16,50,0.1544983059403756,0.1920743372877994,0.2649111747741699,0.0035495241172611,baseline_unet+tta,1,0.1544983059403756,0.1920743372877994,0.0035495241172611,,,
0.0328608872902729,24.208261858695916,0.7938610939123613,0.7671365872735169,0.5599999995047182,0.620253164556962,0.5104166666666666,0.7709497201730283,96,79,83,0.250580715515091,0.2764388187218649,0.3277506232261657,0.2974720076255687,0.1641853774435985,0.365712821483612,0.4303432703018188,baseline_unet_s1_tta,R05-C03,16,100,0.1096140836639286,0.2038279129670213,0.3408203125,0.0072092330083251,baseline_unet+tta,1,0.1096140836639286,0.2038279129670213,0.0072092330083251,,,
0.0364679351042537,23.14548409444235,0.7656457527815225,0.7566696875467833,0.5555555550626416,0.6306306306306306,0.4964539007092198,0.7878787873811123,141,111,123,0.208783489690423,0.1966053468567558,0.4177098870277405,0.3834317282657379,0.1448847024201927,0.4335667490959167,0.4905964136123657,baseline_unet_s1_tta,R05-C03,16,150,0.3080274920850425,0.1760034988518557,0.4176530838012695,0.0067249867133796,baseline_unet+tta,1,0.3080274920850425,0.1760034988518557,0.0067249867133796,,,
0.0161152082365874,28.66372964891658,0.9190442541671464,0.7660646802750952,0.6666666661716666,0.7407407407407407,0.6060606060606061,0.5573770486836871,33,27,28,0.1657866376420744,0.3880553583917319,0.2625311613082886,0.0636820091900789,0.4741231419365111,0.2454845905303955,0.5028965473175049,baseline_unet_s1_tta,R05-C03,17,1,-0.11903878422639,0.5765541529480518,0.1926363706588745,0.0027239392511546,baseline_unet+tta,1,-0.11903878422639,0.5765541529480518,0.0027239392511546,,,
0.0184664450443212,29.131483021504483,0.9005078606067016,0.783652122449822,0.7619047614109347,0.8571428571428571,0.6857142857142857,0.7812499995043946,35,28,29,0.2035586537502372,0.3978767975540284,0.217284083366394,-0.0118650293183045,0.4602635073970667,0.188207745552063,0.4141162037849426,baseline_unet_s1_tta,R05-C03,17,10,-0.1431571415320414,0.5212580298936692,0.1586332321166992,0.0028172710444778,baseline_unet+tta,1,-0.1431571415320414,0.5212580298936692,0.0028172710444778,,,
0.0250247949968175,28.9036870501941,0.8475848339928536,0.817557985357533,0.7941176465605536,0.84375,0.75,0.5937499995078124,36,32,28,-0.2580232160675576,0.3264562006864861,0.1046527028083801,0.1772392215476855,0.1983094784838981,0.1586087346076965,0.2384235262870788,baseline_unet_s1_tta,R05-C03,17,50,0.1379214348596046,0.2028960157402486,0.1493091583251953,0.0027003618888556,baseline_unet+tta,1,0.1379214348596046,0.2028960157402486,0.0027003618888556,,,
0.0291362069996837,27.910641402067373,0.8023322892140715,0.7960510153506908,0.6915887845520132,0.7708333333333334,0.6271186440677966,0.5940594054547593,59,48,42,-0.1063421789058378,0.2075247336908485,0.1323629021644592,0.2140090640844908,0.1423332811797023,0.1711577773094177,0.2189977765083313,baseline_unet_s1_tta,R05-C03,17,100,0.156711431980741,0.1498363491099474,0.1596530079841613,0.0033727826084941,baseline_unet+tta,1,0.156711431980741,0.1498363491099474,0.0033727826084941,,,
0.0331630406809122,25.75251131473188,0.7685447858664127,0.7146888426786528,0.533333332834821,0.5641025641025641,0.5057471264367817,0.6710526310894217,87,78,65,0.1820647068838086,0.1704195587663343,0.2317814230918884,0.2223993708859479,0.1354971088772497,0.2602418065071106,0.2975413799285888,baseline_unet_s1_tta,R05-C03,17,150,0.1047994491418638,0.1481524356078028,0.2436028122901916,0.0058794473297894,baseline_unet+tta,1,0.1047994491418638,0.1481524356078028,0.0058794473297894,,,
0.0217218857842324,25.49303403904476,0.8982540686281709,0.8478298980713647,0.8363636358640955,0.8625,0.8117647058823529,0.7567567562678049,85,80,63,0.0202666082748719,0.4030650506752862,0.394114077091217,0.1621088776156825,0.3321653239245579,0.4143341183662414,0.589072585105896,baseline_unet_s1_tta,R05-C03,18,1,0.0969732224315247,0.3451051528801915,0.3958854079246521,0.0045378883369266,baseline_unet+tta,1,0.0969732224315247,0.3451051528801915,0.0045378883369266,,,
0.025429412578535,24.241247175183936,0.8699897829535194,0.808417292594286,0.8202247186016915,0.8488372093023255,0.7934782608695652,0.7261146491963162,92,86,65,0.0384334619220102,0.3593127259494617,0.4077033400535583,0.2386163512312485,0.2771188652300319,0.4382771253585815,0.5732206106185913,baseline_unet_s1_tta,R05-C03,18,10,0.1494127406510967,0.3145654337809854,0.4198898077011108,0.0051173833198845,baseline_unet+tta,1,0.1494127406510967,0.3145654337809854,0.0051173833198845,,,
0.0322733929578583,22.372803928642774,0.8170213754168721,0.7454450638245047,0.6956521734139886,0.7272727272727273,0.6666666666666666,0.6850828724468727,108,99,73,0.2314859679795894,0.5362416237378305,0.3941176533699035,0.3195291881744653,0.2250894725621216,0.4588527083396911,0.542073130607605,baseline_unet_s1_tta,R05-C03,18,50,0.2721228423272057,0.2384814805050595,0.4634364247322082,0.0084401285275816,baseline_unet+tta,1,0.2721228423272057,0.2384814805050595,0.0084401285275816,,,
0.0346731097679521,21.14668972187596,0.8006242004823263,0.7379497840671618,0.674772035974723,0.6981132075471698,0.6529411764705882,0.617543859167744,170,159,115,0.2660844642506264,0.25113251521889,0.6054473519325256,0.4025522188059195,0.1935456340619082,0.5748007297515869,0.6648108959197998,baseline_unet_s1_tta,R05-C03,18,100,0.4606066649299803,0.1807241852861828,0.608298122882843,0.0070094834081828,baseline_unet+tta,1,0.4606066649299803,0.1807241852861828,0.0070094834081828,,,
0.0423882134049488,20.055446742065364,0.7635967590098558,0.7233095755698195,0.6526806521829375,0.7,0.611353711790393,0.637974683057023,229,200,166,0.3175649151595821,0.3964861946678395,0.5594910383224487,0.4347596489648073,0.1868017231646192,0.4930312037467956,0.6638917326927185,baseline_unet_s1_tta,R05-C03,18,150,0.4999927500767486,0.1682383993214788,0.583293080329895,0.010282970033586,baseline_unet+tta,1,0.4999927500767486,0.1682383993214788,0.010282970033586,,,
0.0239007109652242,24.240768104106273,0.8894797685638063,0.7893110914652461,0.8877551015408683,0.8787878787878788,0.8969072164948454,0.8085106377983816,97,99,91,-0.0646278331434017,0.3946029172513924,0.5125750303268433,0.3147857816108138,0.2421704920317056,0.5424844026565552,0.6523853540420532,baseline_unet_s1_tta,R05-C03,19,1,0.3223685190728498,0.227230920760771,0.5273030996322632,0.005342649295926,baseline_unet+tta,1,0.3223685190728498,0.227230920760771,0.005342649295926,,,
0.027801357057948,24.2057847298475,0.8661093199334766,0.807888716603434,0.8691588780050659,0.8942307692307693,0.8454545454545455,0.7980769225785873,110,104,98,-0.0418780612037631,0.4007822411714133,0.4285948872566223,0.2109768251273896,0.2680404442639034,0.4504382610321045,0.5486475229263306,baseline_unet_s1_tta,R05-C03,19,10,0.2743842669098185,0.2273148261468028,0.4320997595787048,0.0057649295777082,baseline_unet+tta,1,0.2743842669098185,0.2273148261468028,0.0057649295777082,,,
0.031140582036401,23.26568634400692,0.8344359355501894,0.7787568488836467,0.7922077917078765,0.8026315789473685,0.782051282051282,0.7728813554338638,156,152,139,0.2511903239731941,0.2295567909660925,0.5133464336395264,0.4279108538938034,0.1805790207284203,0.5022380352020264,0.5796836018562317,baseline_unet_s1_tta,R05-C03,19,50,0.2129509672671983,0.2396749733284013,0.5193268060684204,0.0072563900612294,baseline_unet+tta,1,0.2129509672671983,0.2396749733284013,0.0072563900612294,,,
0.0409742712635705,21.111390974913085,0.7671756985369274,0.6913228000745619,0.7101123590506249,0.7181818181818181,0.7022222222222222,0.6969696964789944,225,220,171,0.5060172816974717,0.1792484412044177,0.5832483768463135,0.6141519581664179,0.1513590445595734,0.4609940648078918,0.6759668588638306,baseline_unet_s1_tta,R05-C03,19,100,0.5832024524527596,0.1598753734237988,0.5105512142181396,0.0104578752070665,baseline_unet+tta,1,0.5832024524527596,0.1598753734237988,0.0104578752070665,,,
0.0512610746455034,20.1011151057591,0.6960781137293137,0.6636381809942009,0.6096774188563423,0.6450511945392492,0.5779816513761468,0.5961199289650345,327,293,240,0.6021085808133098,0.19198402732036,0.4192167520523071,0.6317522070477792,0.1746469000759096,0.3343694806098938,0.6477228403091431,baseline_unet_s1_tta,R05-C03,19,150,0.6260152294665843,0.166212379861937,0.3522990942001343,0.0145766586065292,baseline_unet+tta,1,0.6260152294665843,0.166212379861937,0.0145766586065292,,,
0.0213289721788979,25.045938162391217,0.9019417765977602,0.810566490602866,0.7672955969852459,0.8026315789473685,0.7349397590361446,0.7114093954796629,83,76,66,0.0922901153076106,0.3722937584145903,0.4639294743537903,0.221042012694264,0.2912433269304229,0.4979555606842041,0.6209967136383057,baseline_unet_s1_tta,R05-C03,2,1,0.0642708296413241,0.3484486737186759,0.4480093121528625,0.0049603339284658,baseline_unet+tta,1,0.0642708296413241,0.3484486737186759,0.0049603339284658,,,
0.0239328909900774,25.19940514609862,0.886379220001779,0.8280282284682656,0.8023952090822906,0.8481012658227848,0.7613636363636364,0.7581699341518219,88,79,65,0.1833414437548771,0.3402380775240691,0.3876376152038574,0.1474773774530537,0.3302870285227933,0.4114860296249389,0.532273530960083,baseline_unet_s1_tta,R05-C03,2,10,-0.069799140992808,0.4228955768327658,0.3651682734489441,0.005015994887799,baseline_unet+tta,1,-0.069799140992808,0.4228955768327658,0.005015994887799,,,
0.0319458433777798,23.865158006182572,0.8344257719024302,0.8026915141774248,0.7727272722272727,0.7727272727272727,0.7727272727272727,0.7596153841170487,110,110,98,0.24034088836175,0.2068250971716053,0.3878422379493713,0.2583187801576976,0.2090629023772111,0.3998494744300842,0.4683734178543091,baseline_unet_s1_tta,R05-C03,2,50,0.230029743747074,0.2137355166312458,0.3900439143180847,0.0062880404293537,baseline_unet+tta,1,0.230029743747074,0.2137355166312458,0.0062880404293537,,,
0.0346411841725985,22.71684753586155,0.8066716514828752,0.7648432558776818,0.6823529406778719,0.7204968944099379,0.6480446927374302,0.6455696197619971,179,161,137,0.4368531012118932,0.1735681642314029,0.5306650400161743,0.385232706971762,0.19242365186514,0.4860208034515381,0.5767066478729248,baseline_unet_s1_tta,R05-C03,2,100,0.418317416186226,0.1750071363717006,0.528093695640564,0.008881757967174,baseline_unet+tta,1,0.418317416186226,0.1750071363717006,0.008881757967174,,,
0.0434903074551476,20.92823128649985,0.7533599835377134,0.7321363882409009,0.6293995854239506,0.6785714285714286,0.5868725868725869,0.7381974243989297,259,224,207,0.5488076003381624,0.1585128546886439,0.5521454215049744,0.5539414639008102,0.1578618640633677,0.4703024625778198,0.6503508687019348,baseline_unet_s1_tta,R05-C03,2,150,0.6020184903920062,0.1438917024244775,0.5097732543945312,0.011713346466422,baseline_unet+tta,1,0.6020184903920062,0.1438917024244775,0.011713346466422,,,
0.024671968423714,23.685863492923783,0.8898021501897846,0.8289967646632628,0.8839285709292092,0.9166666666666666,0.853448275862069,0.7809523804578684,116,108,94,-0.0637935942787781,0.3870815391388398,0.5126457214355469,0.2212021559378638,0.2685756530674045,0.536277174949646,0.6605566740036011,baseline_unet_s1_tta,R05-C03,20,1,0.1336640326905754,0.3095428481259852,0.522980809211731,0.0050793197005987,baseline_unet+tta,1,0.1336640326905754,0.3095428481259852,0.0050793197005987,,,
0.0286485011533296,23.54617488509377,0.8567341946666333,0.8026621741052264,0.8534482753629979,0.8918918918918919,0.8181818181818182,0.8214285709318001,121,111,103,0.252809529130255,0.3932287074111325,0.4859302043914795,0.2153498974478745,0.2864208174228421,0.5232715606689453,0.6309887170791626,baseline_unet_s1_tta,R05-C03,20,10,0.1297363379785727,0.3264658965938611,0.5156609416007996,0.0077982787042856,baseline_unet+tta,1,0.1297363379785727,0.3264658965938611,0.0077982787042856,,,
0.0356371140192051,21.726940835134997,0.8060050710042437,0.7585904609842691,0.7976190471191184,0.8072289156626506,0.788235294117647,0.7619047614079112,170,166,145,0.4715213480170885,0.214131332004772,0.5839436054229736,0.3351803114889312,0.2302837464473,0.5345637202262878,0.6518827676773071,baseline_unet_s1_tta,R05-C03,20,50,0.5794240124414782,0.152115634807451,0.5771605372428894,0.0097730467095971,baseline_unet+tta,1,0.5794240124414782,0.152115634807451,0.0097730467095971,,,
0.0461011732047155,20.43831974847968,0.7420470985121809,0.7267523923726007,0.6274509798950639,0.6792452830188679,0.582995951417004,0.6447058818661203,247,212,178,0.443169412203642,0.4203793486075814,0.5021684169769287,0.5079142320875593,0.1872198528782815,0.4080536961555481,0.669672966003418,baseline_unet_s1_tta,R05-C03,20,100,0.5712355498911766,0.1652695802796348,0.4778453707695007,0.0144373141229152,baseline_unet+tta,1,0.5712355498911766,0.1652695802796348,0.0144373141229152,,,
0.0619976288267309,18.012945474068133,0.6545163013970057,0.6600417776864747,0.497695852038131,0.5436241610738255,0.4589235127478753,0.679867986312295,353,298,253,0.5239746745113064,0.2761061736517673,0.4250385165214538,0.5694186897268982,0.190197002799218,0.3624386191368103,0.6928757429122925,baseline_unet_s1_tta,R05-C03,20,150,0.5866602270071226,0.1826335543667862,0.3689173460006714,0.0179199520498514,baseline_unet+tta,1,0.5866602270071226,0.1826335543667862,0.0179199520498514,,,
0.0168832546031963,28.353184906689673,0.9160607417776924,0.8162564533736517,0.7222222217237654,0.7647058823529411,0.6842105263157895,0.7878787873902662,38,34,28,0.0076560255104258,0.487737532755043,0.2647649645805359,0.0729383594456084,0.430677644310451,0.2984703779220581,0.5215368270874023,baseline_unet_s1_tta,R05-C03,21,1,-0.1165806590980594,0.5266087585533625,0.2456125617027282,0.0033812823239713,baseline_unet+tta,1,-0.1165806590980594,0.5266087585533625,0.0033812823239713,,,
0.0205139679765452,27.47266121372681,0.8916003920975087,0.7907849481455012,0.7469879513078821,0.775,0.7209302325581395,0.7199999995107556,43,40,32,0.0351644714337964,0.4479985099233837,0.2691318988800049,0.138620566301503,0.3532615953699947,0.3192124366760254,0.4807766079902649,baseline_unet_s1_tta,R05-C03,21,10,-0.0387482223381586,0.4257070309397729,0.2614079117774963,0.0054646376520395,baseline_unet+tta,1,-0.0387482223381586,0.4257070309397729,0.0054646376520395,,,
0.0289200083841732,25.762577657193496,0.8293277329745234,0.7351622252828852,0.6440677961103131,0.6333333333333333,0.6551724137931034,0.7766990286341784,58,60,45,0.0765134395078673,0.2860223009312876,0.2344854474067688,0.1634125247477839,0.2213728682460966,0.2750437259674072,0.3653783202171325,baseline_unet_s1_tta,R05-C03,21,50,0.1124728871618487,0.2332985304666577,0.2606853246688843,0.0062539065256714,baseline_unet+tta,1,0.1124728871618487,0.2332985304666577,0.0062539065256714,,,
0.0286431172331652,25.455973603831936,0.8188227656575212,0.7655505005070525,0.6358381497910387,0.6790123456790124,0.5978260869565217,0.6666666661758879,92,81,70,0.1656342050848387,0.2438099891738483,0.32761150598526,0.3191560377948914,0.177162092419591,0.3528118133544922,0.4209257364273071,baseline_unet_s1_tta,R05-C03,21,100,0.3233808680836418,0.1865848779151639,0.350390076637268,0.0050598229281604,baseline_unet+tta,1,0.3233808680836418,0.1865848779151639,0.0050598229281604,,,
0.0306359793296521,24.427036135627866,0.7978588565484468,0.7557147735150237,0.5114503811899073,0.5982142857142857,0.4466666666666666,0.6821705421489094,150,112,108,0.2970711772867657,0.2309721070142602,0.4435638785362243,0.5290330506316728,0.1426443281516544,0.4567216634750366,0.5155946016311646,baseline_unet_s1_tta,R05-C03,21,150,0.354131584893404,0.1936609580910587,0.4505519270896911,0.006932770833373,baseline_unet+tta,1,0.354131584893404,0.1936609580910587,0.006932770833373,,,
0.0151549799555301,29.478268140923923,0.9239220943289768,0.8538740722346065,0.7741935478917793,0.8571428571428571,0.7058823529411765,0.8437499995019531,34,28,30,-0.1941230279490361,0.5780230649792838,0.1382038593292236,0.0302254535202123,0.4443289812602542,0.2041983008384704,0.4626609683036804,baseline_unet_s1_tta,R05-C03,22,1,-0.0130119751125088,0.4182472387353663,0.1704509258270263,0.0025482391938567,baseline_unet+tta,1,-0.0130119751125088,0.4182472387353663,0.0025482391938567,,,
0.018854644575125,28.257176398367463,0.8985365215518483,0.827763539785104,0.7761194024905326,0.8666666666666667,0.7027027027027027,0.840579709647553,37,30,32,0.0199954133109341,0.4710870856551035,0.1437522172927856,-0.1116977794526252,0.4696761229343426,0.1586716771125793,0.402566134929657,baseline_unet_s1_tta,R05-C03,22,10,-0.1843245390785456,0.4618142686505996,0.1231381297111511,0.0025121748913079,baseline_unet+tta,1,-0.1843245390785456,0.4618142686505996,0.0025121748913079,,,
0.0242459338296633,27.54145075480917,0.8532928403953636,0.8358689261542931,0.8172043005781016,0.8837209302325582,0.76,0.8723404250339519,50,43,44,-0.328932555879925,0.3137404223011426,0.141434371471405,0.2699309868374443,0.1667302507595741,0.1992495656013488,0.2818583846092224,baseline_unet_s1_tta,R05-C03,22,50,0.3309790758827115,0.1430571544171542,0.1854763627052307,0.0030126124620437,baseline_unet+tta,1,0.3309790758827115,0.1430571544171542,0.0030126124620437,,,
0.0268889573274882,25.91189019187943,0.818287623815191,0.7873806594290422,0.6578947363476454,0.7352941176470589,0.5952380952380952,0.7763157889792243,84,68,68,0.1509080048022426,0.2399337064467568,0.2814670205116272,0.2633040069540039,0.2202108558779903,0.3070764541625976,0.382694661617279,baseline_unet_s1_tta,R05-C03,22,100,0.0411384135959772,0.3083915114655265,0.2912670969963074,0.0046147657558321,baseline_unet+tta,1,0.0411384135959772,0.3083915114655265,0.0046147657558321,,,
0.0277409702595126,24.604088248916835,0.8023292242140624,0.7766147097656636,0.69868995583265,0.7272727272727273,0.6722689075630253,0.7582938383707464,119,110,92,0.1897827847468471,0.2511106917965594,0.3978206515312195,0.347980764272934,0.2188609266736609,0.4130008816719055,0.4903029203414917,baseline_unet_s1_tta,R05-C03,22,150,0.3202129486269271,0.2283415153183871,0.4138039946556091,0.0052513540722429,baseline_unet+tta,1,0.3202129486269271,0.2283415153183871,0.0052513540722429,,,
0.013780188187481,29.25427466658903,0.9274575590876806,0.8225127655191726,0.6984126979279416,0.8461538461538461,0.5945945945945946,0.8529411759744808,37,26,31,-0.2262874189026859,0.6486305086119316,0.1759033799171447,0.1380873678426507,0.4259693444405925,0.2509559392929077,0.5237123966217041,baseline_unet_s1_tta,R05-C03,23,1,0.0374868524921395,0.4391274543646595,0.1789045929908752,0.0023246644996106,baseline_unet+tta,1,0.0374868524921395,0.4391274543646595,0.0023246644996106,,,
0.0168136487008508,28.694547393703125,0.9073742440872312,0.8171359392217318,0.6984126979229024,0.8148148148148148,0.6111111111111112,0.8307692302750296,36,27,29,-0.1312851796670127,0.5209914153707879,0.1515595912933349,0.0993410313973849,0.3908867936079739,0.2024144530296325,0.4344054460525512,baseline_unet_s1_tta,R05-C03,23,10,0.0095328245681484,0.3874252233022903,0.1548225283622741,0.00246143178083,baseline_unet+tta,1,0.0095328245681484,0.3874252233022903,0.00246143178083,,,
0.0235290749682014,28.02759494650054,0.8506132774932936,0.8372824527747653,0.7294117642076123,0.775,0.6888888888888889,0.7469879513107853,45,40,38,0.2130803101791397,0.2826648703248526,0.156339943408966,0.0763337393972145,0.32696756060774,0.1723330616950988,0.3259259462356567,baseline_unet_s1_tta,R05-C03,23,50,-0.0138803747481595,0.3365660290330075,0.1337996125221252,0.0028424474876374,baseline_unet+tta,1,-0.0138803747481595,0.3365660290330075,0.0028424474876374,,,
0.0275909371570219,25.95112446498591,0.8042893182731519,0.7581567570606921,0.613861385642584,0.6739130434782609,0.5636363636363636,0.699999999505,55,46,45,0.2748229549697623,0.2892345417538069,0.2259554862976074,0.1465349210940099,0.2747668439516207,0.2358096837997436,0.3595589399337768,baseline_unet_s1_tta,R05-C03,23,100,-0.0342338455473535,0.3207990673824452,0.2054625153541565,0.00548444269225,baseline_unet+tta,1,-0.0342338455473535,0.3207990673824452,0.00548444269225,,,
0.0310718347517502,24.829045123062468,0.7704093877832165,0.7703548845279475,0.5179856110120593,0.5454545454545454,0.4931506849315068,0.7633587781325097,73,66,58,0.3760773025989633,0.1841330260982186,0.2763209939002991,0.1567356628011405,0.258666491463252,0.2818463444709778,0.3788420557975769,baseline_unet_s1_tta,R05-C03,23,150,0.2549484196204071,0.2187447729331368,0.280699074268341,0.0048213619738817,baseline_unet+tta,1,0.2549484196204071,0.2187447729331368,0.0048213619738817,,,
0.0160751534392839,26.968367749046287,0.9235439633064182,0.8733071842628303,0.9411764700884276,0.96,0.9230769230769232,0.9523809518809976,52,50,53,-0.2705689262953865,0.5011509048475666,0.3262869119644165,0.2750894024737356,0.2842293571221175,0.4096797704696655,0.5948531627655029,baseline_unet_s1_tta,R05-C03,24,1,0.3413709247830671,0.235630209699843,0.404079258441925,0.0031112201977521,baseline_unet+tta,1,0.3413709247830671,0.235630209699843,0.0031112201977521,,,
0.0179817096344892,26.89850655537098,0.9101966052960052,0.8665486035194999,0.8760330573520935,0.913793103448276,0.8412698412698413,0.9105691051913544,63,58,60,-0.1593156518556872,0.4352387219540484,0.2996553182601928,0.1739146812924172,0.3022140491677217,0.3571227788925171,0.5377146601676941,baseline_unet_s1_tta,R05-C03,24,10,0.1964427190138062,0.2899297839822222,0.3429007530212402,0.0034198043867945,baseline_unet+tta,1,0.1964427190138062,0.2899297839822222,0.0034198043867945,,,
0.0232013890179729,24.621750019232277,0.8633512903580817,0.8186403387564477,0.8554216862470605,0.8658536585365854,0.8452380952380952,0.8139534878723633,84,82,88,0.0482780053415445,0.3251478834673315,0.4393182396888733,0.1633423696474516,0.2707981469521396,0.4536011815071106,0.5692980289459229,baseline_unet_s1_tta,R05-C03,24,50,0.0217613884085274,0.3610697917636031,0.4401557445526123,0.0045914161019027,baseline_unet+tta,1,0.0217613884085274,0.3610697917636031,0.0045914161019027,,,
0.0295411359494085,22.970946635566357,0.8136992959568699,0.7986085947000797,0.6209677414387356,0.6754385964912281,0.5746268656716418,0.7999999995012994,134,114,121,0.0914944952738944,0.3087491336035013,0.4923458695411682,0.1956121023296553,0.2534252155709112,0.5025750398635864,0.5959856510162354,baseline_unet_s1_tta,R05-C03,24,100,0.1454576785730936,0.2931635551170871,0.5022232532501221,0.0057150279171764,baseline_unet+tta,1,0.1454576785730936,0.2931635551170871,0.0057150279171764,,,
0.0378247259049136,21.449293686290876,0.7572073139097122,0.7731239411630758,0.5621301770187318,0.6168831168831169,0.5163043478260869,0.7988338187446388,184,154,159,0.1954879003010694,0.2844334551502108,0.5522880554199219,0.3300199108466298,0.2146538941878895,0.5326656103134155,0.6471713781356812,baseline_unet_s1_tta,R05-C03,24,150,0.3261361813624392,0.2249275241600323,0.5598881244659424,0.0078792497515678,baseline_unet+tta,1,0.3261361813624392,0.2249275241600323,0.0078792497515678,,,
0.0196701869624789,26.46117448337261,0.9110804057871824,0.8260816787229246,0.7964601764921293,0.8333333333333334,0.7627118644067796,0.8867924523365965,59,54,47,-0.1698607236018319,0.454281324367919,0.3169621229171753,-0.0179717263598808,0.3893505870751303,0.343502938747406,0.5319759845733643,baseline_unet_s1_tta,R05-C03,3,1,0.0475686183134629,0.3261381765174752,0.3304670453071594,0.0039127827621996,baseline_unet+tta,1,0.0475686183134629,0.3261381765174752,0.0039127827621996,,,
0.0219205701348801,26.32434873046551,0.8918552436852136,0.8310652904577847,0.7768595036339048,0.8245614035087719,0.734375,0.9059829054873256,64,57,53,-0.0339593021195358,0.4590672101233394,0.2884522676467895,-0.0150736855487611,0.390526363558434,0.3018216490745544,0.4777047038078308,baseline_unet_s1_tta,R05-C03,3,10,-0.1531854738771124,0.4202802824689413,0.2573793530464172,0.0042048278264701,baseline_unet+tta,1,-0.1531854738771124,0.4202802824689413,0.0042048278264701,,,
0.0285868907808494,24.643389368244417,0.838286581751451,0.7844791196561217,0.7721518982344976,0.7922077922077922,0.7530864197530864,0.7887323938761158,81,77,61,0.3801717518538554,0.2142054084827216,0.3700284361839294,0.1449750991309178,0.2872798387942768,0.3733209371566772,0.4751989841461181,baseline_unet_s1_tta,R05-C03,3,50,0.3185130580891385,0.2360283439824969,0.3910018801689148,0.0053657637909054,baseline_unet+tta,1,0.3185130580891385,0.2360283439824969,0.0053657637909054,,,
0.0336324664572524,23.43185660234925,0.7989717434844049,0.7731679498311879,0.6963562748046354,0.7288135593220338,0.6666666666666666,0.793248944651605,129,118,108,0.453073382916357,0.193949730094691,0.4276242852210998,0.1775525105013388,0.2612611076069284,0.4199867844581604,0.5023163557052612,baseline_unet_s1_tta,R05-C03,3,100,0.3330816703846255,0.2193545342174896,0.4284166097640991,0.0067556658759713,baseline_unet+tta,1,0.3330816703846255,0.2193545342174896,0.0067556658759713,,,
0.0404893792488878,21.688143666468576,0.7589625385371308,0.7230580062010341,0.6267806262809554,0.6432748538011696,0.6111111111111112,0.6463414629193931,180,171,148,0.3700248677877755,0.2210577373173912,0.5415274500846863,0.4584334789786728,0.1604148505914149,0.486290693283081,0.6048892736434937,baseline_unet_s1_tta,R05-C03,3,150,0.4702255418861706,0.1716983961067671,0.5414737462997437,0.0099732847884297,baseline_unet+tta,1,0.4702255418861706,0.1716983961067671,0.0099732847884297,,,
0.0183272418984772,27.328059516410093,0.9124879912262566,0.8538140282240381,0.926829267792716,0.9344262295081968,0.9193548387096774,0.9499999995005556,62,61,58,-0.2198791558979717,0.5603709601262916,0.3190363049507141,0.0796411310161275,0.399964504047954,0.3615775108337402,0.558441162109375,baseline_unet_s1_tta,R05-C03,4,1,0.0869024721805338,0.362646016154685,0.3360362648963928,0.0037383502349257,baseline_unet+tta,1,0.0869024721805338,0.362646016154685,0.0037383502349257,,,
0.02168479399944,26.724127879607295,0.8899385506316112,0.8407820016322959,0.7883211673832383,0.7941176470588235,0.782608695652174,0.8805970144258186,69,68,65,-0.2331455330218372,0.4926823231330175,0.2898450493812561,0.240016578846225,0.2963838043141641,0.3394943475723266,0.4872663021087646,baseline_unet_s1_tta,R05-C03,4,10,0.3602876380141414,0.2271874433672764,0.3359118700027466,0.0043231211602687,baseline_unet+tta,1,0.3602876380141414,0.2271874433672764,0.0043231211602687,,,
0.025617590175997,25.720745179281906,0.8496038920067307,0.8250310520768471,0.8173076918076922,0.8173076923076923,0.8173076923076923,0.8965517236382343,104,104,99,0.2796439576418551,0.2696183814842498,0.3561967611312866,0.1535097921014947,0.3297096581897599,0.356505811214447,0.4791542887687683,baseline_unet_s1_tta,R05-C03,4,50,0.0812202654178623,0.3573442462324036,0.347952663898468,0.0054793008603155,baseline_unet+tta,1,0.0812202654178623,0.3573442462324036,0.0054793008603155,,,
0.0333625088462574,23.86210221667101,0.7914017131866766,0.7836020833898251,0.7692307687307748,0.7718120805369127,0.7666666666666667,0.8842105258171744,150,149,135,0.3941473261883922,0.1950218533649471,0.4380662441253662,0.2561661816502456,0.2389991886240411,0.4300971031188965,0.4992298483848572,baseline_unet_s1_tta,R05-C03,4,100,0.2795854854099052,0.2380915902057301,0.4414319396018982,0.0075701810419559,baseline_unet+tta,1,0.2795854854099052,0.2380915902057301,0.0075701810419559,,,
0.0370386696803974,22.06479268942441,0.7706549950858567,0.7285541276154103,0.6272493568276709,0.6594594594594595,0.5980392156862745,0.8095238090269588,204,185,174,0.344890886329511,0.2421216302673229,0.5203019380569458,0.4353862920791134,0.1844849790968612,0.4817937016487121,0.594293475151062,baseline_unet_s1_tta,R05-C03,4,150,0.3482192138982315,0.2171386077622498,0.5284560918807983,0.0097016962245106,baseline_unet+tta,1,0.3482192138982315,0.2171386077622498,0.0097016962245106,,,
0.0169412997211896,28.024630186669786,0.9214158420316836,0.8301499286486327,0.7799999995032,0.8478260869565217,0.7222222222222222,0.7608695647325141,54,46,38,0.0850540291856667,0.3657240953804586,0.3082218766212463,0.0866688035918056,0.4298504593593895,0.3251048326492309,0.5283575057983398,baseline_unet_s1_tta,R05-C03,5,1,-0.0437527614195749,0.4852228357793443,0.2921717166900635,0.0044069737195968,baseline_unet+tta,1,-0.0437527614195749,0.4852228357793443,0.0044069737195968,,,
0.0207769527404169,27.428584482078872,0.8965775836572316,0.8119513787396553,0.7818181813183471,0.7962962962962963,0.7678571428571429,0.7799999995071999,56,54,44,0.244275457156916,0.3200371219485076,0.310123860836029,-0.0230351062201154,0.408997403495309,0.3027998208999634,0.4787222146987915,baseline_unet_s1_tta,R05-C03,5,10,-0.1208615182715204,0.4486395288496098,0.2670643925666809,0.0050104218535125,baseline_unet+tta,1,-0.1208615182715204,0.4486395288496098,0.0050104218535125,,,
0.0268366733585451,26.65510419286185,0.8478517553217946,0.8322778654397385,0.7647058818546713,0.8125,0.7222222222222222,0.7226890751523197,72,64,47,0.5067423632197993,0.1860074010025886,0.2762244939804077,-0.0242897790126893,0.3885956117374147,0.2561688423156738,0.3868145942687988,baseline_unet_s1_tta,R05-C03,5,50,-0.1682407689688152,0.4327717377578776,0.2284414768218994,0.0043744249269366,baseline_unet+tta,1,-0.1682407689688152,0.4327717377578776,0.0043744249269366,,,
0.0347518550528159,23.774724466265276,0.798604964720773,0.7134044906363803,0.6577777772777876,0.6548672566371682,0.6607142857142857,0.7319587623985545,112,113,82,0.6285725562542338,0.1379126032598627,0.4017077088356018,0.2123634312298497,0.2504878303064877,0.4037302732467651,0.4656746387481689,baseline_unet_s1_tta,R05-C03,5,100,0.2774852631126513,0.2325096654287137,0.4108052253723144,0.0075679114088416,baseline_unet+tta,1,0.2774852631126513,0.2325096654287137,0.0075679114088416,,,
0.0374542618891035,22.72666798911461,0.7803111667958648,0.7181499213746358,0.6366559480533079,0.6513157894736842,0.6226415094339622,0.6409266404525871,159,152,100,0.622601255032494,0.1222212125733934,0.477283775806427,0.3418874088484947,0.2021627503915807,0.4579267501831054,0.533414363861084,baseline_unet_s1_tta,R05-C03,5,150,0.5195614840039446,0.1504518101969754,0.4823570251464844,0.0082022119313478,baseline_unet+tta,1,0.5195614840039446,0.1504518101969754,0.0082022119313478,,,
0.0175736874179816,26.99520554306996,0.9147765227797952,0.8512934728496815,0.8817204296075847,0.8723404255319149,0.8913043478260869,0.9230769225769836,46,47,45,0.0896020973703603,0.3606663122082154,0.300286591053009,-0.0491389453963102,0.5139792613986908,0.3133561015129089,0.5677574872970581,baseline_unet_s1_tta,R05-C03,6,1,-0.1415775592974351,0.5767120223972382,0.2883832454681396,0.0037418804131448,baseline_unet+tta,1,-0.1415775592974351,0.5767120223972382,0.0037418804131448,,,
0.0205786528511965,26.413345344302883,0.8906547070936605,0.8376849630045471,0.8380952375956462,0.8627450980392157,0.8148148148148148,0.8952380947385034,54,51,51,0.1332516007097298,0.3616442491686455,0.2946602702140808,-0.0977908690735086,0.4952667156727793,0.3039246797561645,0.528532087802887,baseline_unet_s1_tta,R05-C03,6,10,-0.2150821549872153,0.5254259046797288,0.2634341716766357,0.0035767029039561,baseline_unet+tta,1,-0.2150821549872153,0.5254259046797288,0.0035767029039561,,,
0.0282909949984346,26.16271970356855,0.8322359685735156,0.8691102521289565,0.8226950349622252,0.8656716417910447,0.7837837837837838,0.7891156457585263,74,67,73,0.1145775531121655,0.2655201946724723,0.2158309817314148,-0.0598521668304217,0.3513091723620954,0.2231245040893554,0.3682506680488586,baseline_unet_s1_tta,R05-C03,6,50,-0.1738458421018229,0.3926564237388163,0.1957645416259765,0.0048170862719416,baseline_unet+tta,1,-0.1738458421018229,0.3926564237388163,0.0048170862719416,,,
0.0320981040618783,23.73487633654031,0.7944307992596478,0.8025983723399909,0.6169154223900398,0.6813186813186813,0.5636363636363636,0.7135678387015479,110,91,89,0.4205308817662951,0.1881754847475541,0.3913409113883972,0.0848219325403549,0.3037646112195797,0.3743521571159363,0.4862447381019592,baseline_unet_s1_tta,R05-C03,6,100,-0.0149958793773053,0.3593072455319224,0.3683070540428161,0.0061620934866368,baseline_unet+tta,1,-0.0149958793773053,0.3593072455319224,0.0061620934866368,,,
0.029469396110158,22.781917997342287,0.8158016288959223,0.8031665749855362,0.7404580147682244,0.776,0.708029197080292,0.7470817115644446,137,125,120,0.2370605655045919,0.2450558397550547,0.5166260004043579,0.2231563267756816,0.2866717018295746,0.5130424499511719,0.6038576364517212,baseline_unet_s1_tta,R05-C03,6,150,0.2149787983714942,0.2821029402844429,0.5190094709396362,0.0057222545146942,baseline_unet+tta,1,0.2149787983714942,0.2821029402844429,0.0057222545146942,,,
0.0162608079283429,29.244229301979296,0.9189624075159294,0.7869705191961162,0.7547169806336775,0.8,0.7142857142857143,0.9259259254266118,28,25,26,-0.00040067900059,0.4936446153810463,0.1514455080032348,-0.1691932066159939,0.5597284677546572,0.1414019465446472,0.423126757144928,baseline_unet_s1_tta,R05-C03,7,1,-0.2752859903903732,0.600536024554687,0.1141117215156555,0.0032380996271967,baseline_unet+tta,1,-0.2752859903903732,0.600536024554687,0.0032380996271967,,,
0.0196926564130878,28.53515112148617,0.8910750477306604,0.764447087729902,0.7741935478876171,0.8,0.75,0.8387096769198752,32,30,30,0.2238563563098324,0.390069494889842,0.1740193963050842,-0.2751289704308691,0.5740516199219233,0.1292694211006164,0.3916979432106018,baseline_unet_s1_tta,R05-C03,7,10,-0.342503302159535,0.5797885904447078,0.0922771096229553,0.0032711194362491,baseline_unet+tta,1,-0.342503302159535,0.5797885904447078,0.0032711194362491,,,
0.0272147945389053,27.295968439875885,0.8253434347831602,0.7739596318117143,0.6052631573978533,0.6571428571428571,0.5609756097560976,0.6493506488527576,41,35,36,0.2896631424247683,0.265633164056604,0.158714473247528,-0.2444021151306738,0.4595369513349737,0.1126682162284851,0.2897593975067138,baseline_unet_s1_tta,R05-C03,7,50,-0.3848863455144418,0.4913704061661337,0.0884021520614624,0.0036744968965649,baseline_unet+tta,1,-0.3848863455144418,0.4913704061661337,0.0036744968965649,,,
0.0336346019591889,25.273376283368208,0.7696263550564731,0.7002594393585951,0.6153846148855284,0.6428571428571429,0.5901639344262295,0.7499999995039858,61,56,51,-0.0200029196595266,0.2302104274733011,0.1929582357406616,0.2086402451704436,0.1724528816703792,0.216318666934967,0.2958530783653259,baseline_unet_s1_tta,R05-C03,7,100,0.2243196222932371,0.1599576619428456,0.202678382396698,0.0041300319135189,baseline_unet+tta,1,0.2243196222932371,0.1599576619428456,0.0041300319135189,,,
0.0383086921352105,23.903523117983347,0.731908147873046,0.6992892127944893,0.5649717509143606,0.6024096385542169,0.5319148936170213,0.6540880498310985,94,83,65,0.1458962482324134,0.1946106480698814,0.2453442215919494,0.1820173721281651,0.1695834529924995,0.2571337819099426,0.3303457498550415,baseline_unet_s1_tta,R05-C03,7,150,0.0668519372979464,0.1896663004517408,0.2408652901649475,0.0050226072780787,baseline_unet+tta,1,0.0668519372979464,0.1896663004517408,0.0050226072780787,,,
0.0201465918542062,26.35574551194817,0.9049646491215452,0.8178422996697551,0.8124999995004882,0.8387096774193549,0.7878787878787878,0.895999999501568,66,62,59,0.1359641408654975,0.3744835907847719,0.350756287574768,0.0603470587577124,0.4140950627520359,0.352287232875824,0.5404937267303467,baseline_unet_s1_tta,R05-C03,8,1,-0.01790881805908,0.4448603025155722,0.3416380882263183,0.0042327907867729,baseline_unet+tta,1,-0.01790881805908,0.4448603025155722,0.0042327907867729,,,
0.0226150210178367,25.95756401763427,0.8856818645931459,0.7974042100257908,0.8656716412910447,0.8656716417910447,0.8656716417910447,0.8593749995010986,67,67,61,0.0967575879304204,0.3856787315093676,0.3588395118713379,0.1255716160201768,0.3247249738343857,0.3868950009346008,0.5254496932029724,baseline_unet_s1_tta,R05-C03,8,10,0.1410122941033496,0.286874686347192,0.3709402680397033,0.0051580746658146,baseline_unet+tta,1,0.1410122941033496,0.286874686347192,0.0051580746658146,,,
0.0305312626731584,24.885213098240953,0.8277519150631081,0.7907381823680149,0.7719298240614207,0.7764705882352941,0.7674418604651163,0.8095238090240929,86,85,82,0.0901760719191059,0.2516846031625475,0.3148449659347534,0.2314822594772109,0.193839237906488,0.3330722451210022,0.4123274087905884,baseline_unet_s1_tta,R05-C03,8,50,0.2546664639727513,0.1761710588409318,0.3262256979942322,0.0048874225467443,baseline_unet+tta,1,0.2546664639727513,0.1761710588409318,0.0048874225467443,,,
0.0363108686865457,23.10685230081768,0.7839476828620112,0.7297224969567524,0.6374501987045285,0.6722689075630253,0.6060606060606061,0.7391304342935349,132,119,98,0.3369436279240217,0.2111659733328789,0.3937524557113647,0.2830336892427608,0.1857225050155409,0.4135705828666687,0.4752095341682434,baseline_unet_s1_tta,R05-C03,8,100,0.2934786534393605,0.1757146338639643,0.4144697189331054,0.0079952022060751,baseline_unet+tta,1,0.2934786534393605,0.1757146338639643,0.0079952022060751,,,
0.0404581518488107,22.057607187128912,0.7548530929342867,0.7153482809824079,0.6114649676557873,0.6620689655172414,0.5680473372781065,0.7003366998462288,169,145,128,0.4263090551574607,0.2091667687424554,0.4631561040878296,0.3826122031472109,0.1739230075626709,0.4495853185653686,0.5474269986152649,baseline_unet_s1_tta,R05-C03,8,150,0.3553548704477717,0.2060720473918593,0.4761710166931152,0.0090756099671125,baseline_unet+tta,1,0.3553548704477717,0.2060720473918593,0.0090756099671125,,,
0.0260397778024252,23.96027982506867,0.878060374243304,0.7975750402571958,0.7887323938675307,0.8316831683168316,0.75,0.8309178738995076,112,101,95,0.1368007823001261,0.2963632197816473,0.4816583395004272,0.1073030510123648,0.3415591933749317,0.4853503108024597,0.6204113960266113,baseline_unet_s1_tta,R05-C03,9,1,0.0210562432041372,0.3657517627666101,0.4717218279838562,0.0058201677165925,baseline_unet+tta,1,0.0210562432041372,0.3657517627666101,0.0058201677165925,,,
0.0275510005157785,24.45098703460399,0.8640051709302473,0.816187711650325,0.8220338978052284,0.8362068965517241,0.8083333333333333,0.8054298637570894,120,116,101,0.1677235614690476,0.3256633170366836,0.4655132293701172,0.1937917594244441,0.3088791530820886,0.4743615984916687,0.5842795372009277,baseline_unet_s1_tta,R05-C03,9,10,0.1193900407958714,0.3383011233510963,0.456816017627716,0.0061405580490827,baseline_unet+tta,1,0.1193900407958714,0.3383011233510963,0.0061405580490827,,,
0.0365143765304806,22.894023179669652,0.8069236841851529,0.7858169360782191,0.7834394899465901,0.8145695364238411,0.754601226993865,0.75510204032225,163,151,131,0.0913489356342938,0.256293912358545,0.4821385741233825,0.3695216782431775,0.1806085469582516,0.4486669898033142,0.5377954840660095,baseline_unet_s1_tta,R05-C03,9,50,0.4157435314400148,0.1663903241061162,0.4859660863876343,0.0080513209104537,baseline_unet+tta,1,0.4157435314400148,0.1663903241061162,0.0080513209104537,,,
0.0423482870119188,21.44300847133117,0.7648496886054824,0.7519631095187014,0.7434782603698015,0.76,0.7276595744680852,0.724220623009276,235,225,182,0.4277982537183251,0.1909705635353784,0.5515948534011841,0.5407487266380439,0.1746148764008299,0.4444949626922607,0.6485671997070312,baseline_unet_s1_tta,R05-C03,9,100,0.3482025818065433,0.2332395546281124,0.5085008144378662,0.0107463672757148,baseline_unet+tta,1,0.3482025818065433,0.2332395546281124,0.0107463672757148,,,
0.0547113855671034,19.572574759219904,0.7043908421407254,0.6933211067141463,0.6883308709926712,0.7169230769230769,0.6619318181818182,0.6110183634552635,352,325,247,0.6225896699426212,0.1689291711953414,0.4412165284156799,0.6051182256130125,0.1925180455922457,0.314079225063324,0.6466870903968811,baseline_unet_s1_tta,R05-C03,9,150,0.6467585632925934,0.1649973950343243,0.3474634885787964,0.0134730702266097,baseline_unet+tta,1,0.6467585632925934,0.1649973950343243,0.0134730702266097,,,
0.0183986171461425,25.691531273358173,0.9137476954278148,0.7766020187239261,0.693877550523208,0.75,0.6455696202531646,0.8111888106943127,79,68,64,0.0641461657054407,0.3333412109650721,0.4386744499206543,0.1902146864778995,0.2587577375379801,0.4576603770256042,0.5959263443946838,baseline_unet_s2_tta,R05-C03,0,1,0.2221593638270426,0.2451719603517356,0.4676807522773742,0.0034603748936206,baseline_unet+tta,2,0.2221593638270426,0.2451719603517356,0.0034603748936206,,,
0.0185204574285349,25.632742085189037,0.9005909164271815,0.7862797829050793,0.5890410953980109,0.671875,0.524390243902439,0.824324323830168,82,64,66,0.0174450741022778,0.382630531255213,0.4541935920715332,0.2975429179762731,0.2653021239203794,0.4775633811950683,0.6468472480773926,baseline_unet_s2_tta,R05-C03,0,10,0.3123005617867625,0.2551964202756311,0.4898588061332702,0.0036047722678631,baseline_unet+tta,2,0.3123005617867625,0.2551964202756311,0.0036047722678631,,,
0.0279435892460754,23.377648102947404,0.835096525912986,0.7304871225186996,0.5683060104343515,0.6341463414634146,0.5148514851485149,0.734463276346133,101,82,76,0.0988559887689854,0.3054702927905882,0.4215610027313232,0.2689010943972816,0.2514203774103204,0.4445290565490722,0.5629507303237915,baseline_unet_s2_tta,R05-C03,0,50,0.270716878248208,0.2524506911663945,0.4571964740753174,0.004553428851068,baseline_unet+tta,2,0.270716878248208,0.2524506911663945,0.004553428851068,,,
0.0332588149372165,22.514583955385113,0.7881565155479098,0.7341180359423494,0.4710144922621299,0.5416666666666666,0.4166666666666667,0.7482517477558803,156,120,130,0.3757362431705046,0.2219558872373014,0.4772396087646484,0.2914584082154022,0.2391624287994176,0.4758517742156982,0.5734307169914246,baseline_unet_s2_tta,R05-C03,0,100,0.2960971485314105,0.2413158535178493,0.4873153567314148,0.0061848298646509,baseline_unet+tta,2,0.2960971485314105,0.2413158535178493,0.0061848298646509,,,
0.0381860715503709,21.432266879793616,0.7544170121628768,0.708206129500074,0.4506329109043294,0.5329341317365269,0.3903508771929824,0.6568627446049596,228,167,180,0.5253477428316187,0.167770657634112,0.5235865116119385,0.4954875429117999,0.182020838192236,0.5013023614883423,0.6406161785125732,baseline_unet_s2_tta,R05-C03,0,150,0.553435186569772,0.1558566857860635,0.5220537781715393,0.0080477073788642,baseline_unet+tta,2,0.553435186569772,0.1558566857860635,0.0080477073788642,,,
0.0256266909962309,24.159416148057336,0.8810796473051635,0.8003445302885348,0.7307692302716271,0.7851239669421488,0.6834532374100719,0.8396946559904142,139,121,123,0.2167816995567523,0.2294653878233885,0.5132094621658325,0.2106477901909632,0.2457155111575087,0.5126245021820068,0.5905318260192871,baseline_unet_s2_tta,R05-C03,1,1,0.1921141197557612,0.2464111236618172,0.5144447684288025,0.0056869825348258,baseline_unet+tta,2,0.1921141197557612,0.2464111236618172,0.0056869825348258,,,
0.0263081304335629,23.534207066110945,0.8642413489315609,0.746671014592411,0.7083333328334298,0.7183098591549296,0.6986301369863014,0.8142857137866326,146,142,134,0.2514899104317023,0.2459934656112275,0.6041481494903564,0.3499592432177721,0.2188866973933597,0.5994777679443359,0.6889461278915405,baseline_unet_s2_tta,R05-C03,1,10,0.3099946017001542,0.2409287625849459,0.6085836887359619,0.0071182898245751,baseline_unet+tta,2,0.3099946017001542,0.2409287625849459,0.0071182898245751,,,
0.0326809377586694,22.519842472839343,0.8087958710178915,0.7112551910679219,0.5744680846080947,0.6101694915254238,0.542713567839196,0.7582417577461206,199,177,165,0.4413940752888665,0.2057381207501455,0.6016861200332642,0.4586286673963886,0.2054229780434793,0.5656918287277222,0.6990247964859009,baseline_unet_s2_tta,R05-C03,1,50,0.4835318758890727,0.1870133379549554,0.6067991256713867,0.0088575240224599,baseline_unet+tta,2,0.4835318758890727,0.1870133379549554,0.0088575240224599,,,
0.0449820588739921,20.315898444971367,0.7191525107898776,0.648309920168571,0.444444443952313,0.5081967213114754,0.3949044585987261,0.7423423418509925,314,244,241,0.5666192470472964,0.1974587205566173,0.4617910981178283,0.5548279151763328,0.2090650012714626,0.4117909073829651,0.7098068594932556,baseline_unet_s2_tta,R05-C03,1,100,0.5858558019431788,0.1878536361096172,0.4635249376296997,0.0110311210155487,baseline_unet+tta,2,0.5858558019431788,0.1878536361096172,0.0110311210155487,,,
0.0659780289045059,17.755805562604614,0.5991762736309878,0.4750699464979799,0.2455621297178495,0.3429752066115702,0.1912442396313364,0.6417112294593926,434,242,314,0.5560622121911898,0.2527038790182278,0.2791591882705688,0.5122971105960316,0.3307531123668657,0.2398120760917663,0.6937766075134277,baseline_unet_s2_tta,R05-C03,1,150,0.5462007242241641,0.2847812326191786,0.2892714738845825,0.0111884577199816,baseline_unet+tta,2,0.5462007242241641,0.2847812326191786,0.0111884577199816,,,
0.0351250449398665,21.190236594139527,0.8477341044793731,0.78194881893232,0.7236467231485133,0.7696969696969697,0.6827956989247311,0.8045977006518034,186,165,162,0.2865095885661158,0.1908517587029889,0.6037035584449768,0.3029852476375787,0.2013532592193264,0.5865405201911926,0.6625805497169495,baseline_unet_s2_tta,R05-C03,10,1,0.2883722789523191,0.2030778072830701,0.603894054889679,0.0069127632305026,baseline_unet+tta,2,0.2883722789523191,0.2030778072830701,0.0069127632305026,,,
0.0362284104902448,20.851951509693627,0.8247649244616041,0.7422785901661783,0.6963350780343741,0.7150537634408602,0.6785714285714286,0.8096514740321283,196,186,177,0.4287438803836704,0.1596197618231889,0.6566625833511353,0.4253193622391766,0.1707705845767072,0.6199331283569336,0.727561354637146,baseline_unet_s2_tta,R05-C03,10,10,0.4411278154390122,0.1598619996416178,0.6601348519325256,0.0085339909419417,baseline_unet+tta,2,0.4411278154390122,0.1598619996416178,0.0085339909419417,,,
0.0429929654871002,20.06439474417062,0.7671112941590972,0.7322736587163007,0.6135458162342105,0.6443514644351465,0.5855513307984791,0.7886178856812496,263,239,229,0.5263865883416701,0.1761471358756643,0.6017496585845947,0.5376537594817493,0.1790285319335796,0.5373673439025879,0.7414581775665283,baseline_unet_s2_tta,R05-C03,10,50,0.5553680704722058,0.1631713351911512,0.5901923179626465,0.0110653778538107,baseline_unet+tta,2,0.5553680704722058,0.1631713351911512,0.0110653778538107,,,
0.0593756776279912,18.571608378177913,0.6568936336538136,0.594693799970364,0.3870014766173644,0.4596491228070175,0.3341836734693877,0.6551724133010964,392,285,304,0.5982463160784511,0.2307592824267767,0.3213294148445129,0.5918570350805136,0.2374976499527033,0.2823258638381958,0.6880763173103333,baseline_unet_s2_tta,R05-C03,10,100,0.6086670181026526,0.2216196650245284,0.3196871280670166,0.0126168215647339,baseline_unet+tta,2,0.6086670181026526,0.2216196650245284,0.0126168215647339,,,
0.084270346955134,16.50927655199307,0.5327946377715488,0.5082504519523092,0.27586206849355,0.3614457831325301,0.2230483271375464,0.6048565116588842,538,332,368,0.5375432531030754,0.3167101114734615,0.1986212134361267,0.5116462981761852,0.3509702614937557,0.171486496925354,0.610919177532196,baseline_unet_s2_tta,R05-C03,10,150,0.5351684173382919,0.3290291308192368,0.2102041840553283,0.0135862324386835,baseline_unet+tta,2,0.5351684173382919,0.3290291308192368,0.0135862324386835,,,
0.0293498619434516,22.24486960293504,0.8709335925555248,0.7805864427521888,0.7404844285660372,0.7588652482269503,0.722972972972973,0.8413284127883879,148,141,123,0.4012585608920047,0.1575064974522926,0.6260908842086792,0.3916309370577913,0.165590576790521,0.6250481605529785,0.6919856667518616,baseline_unet_s2_tta,R05-C03,11,1,0.3838768894854219,0.1660906458354764,0.6295067667961121,0.0060139615088701,baseline_unet+tta,2,0.3838768894854219,0.1660906458354764,0.0060139615088701,,,
0.0308293278758741,22.40781168067087,0.8541325101133466,0.7711808740405505,0.7272727267727456,0.7317073170731707,0.7228915662650602,0.7622149832166706,166,164,141,0.4361409094541907,0.1555796856393602,0.6224535703659058,0.4236355660853694,0.1639894154358883,0.6137868165969849,0.6968013048171997,baseline_unet_s2_tta,R05-C03,11,10,0.4361344188565785,0.1550025172587806,0.6272119283676147,0.0071060429327189,baseline_unet+tta,2,0.4361344188565785,0.1550025172587806,0.0071060429327189,,,
0.0372623956830607,21.183538847015967,0.7936701740966163,0.7379504343295273,0.628959275520106,0.6714975845410628,0.5914893617021276,0.7664399087992142,235,207,206,0.5075616485006942,0.1803766838104387,0.6054819822311401,0.5216145416744872,0.1699536684829021,0.5657343864440918,0.7272506356239319,baseline_unet_s2_tta,R05-C03,11,50,0.5265850282750912,0.1648500547257926,0.6083376407623291,0.0096694864332675,baseline_unet+tta,2,0.5265850282750912,0.1648500547257926,0.0096694864332675,,,
0.050516984986599,19.390914892981183,0.7061100050804439,0.6741704586472387,0.4077669898018664,0.4772727272727273,0.3559322033898305,0.7104851325261742,354,264,285,0.5921398692017774,0.1747204524240108,0.4801603555679321,0.5884087397454711,0.1744054583252375,0.4395390152931213,0.7226050496101379,baseline_unet_s2_tta,R05-C03,11,100,0.606839615754207,0.162858601690055,0.4763254523277282,0.0114839514717459,baseline_unet+tta,2,0.606839615754207,0.162858601690055,0.0114839514717459,,,
0.0729460921536061,17.32748646611203,0.5820416370729999,0.5251203860271961,0.1954674216332969,0.2684824902723735,0.153674832962138,0.6025974021112194,449,257,321,0.5565702145076072,0.2620850503834963,0.2858113050460815,0.5077842966803704,0.3024404874477537,0.2632642984390259,0.671319842338562,baseline_unet_s2_tta,R05-C03,11,150,0.534900360955002,0.2781812998263258,0.2923060655593872,0.0111246509477496,baseline_unet+tta,2,0.534900360955002,0.2781812998263258,0.0111246509477496,,,
0.0235265667070237,23.911839426956615,0.8897794654819773,0.8241024264259282,0.7317073165746102,0.7731958762886598,0.6944444444444444,0.8780487799892445,108,97,97,0.1639155094120083,0.2759986184914167,0.5237977504730225,0.3098855585358275,0.2349338661437681,0.53101646900177,0.6497033834457397,baseline_unet_s2_tta,R05-C03,12,1,0.3159968489294851,0.232230913112566,0.538217306137085,0.0045033427886664,baseline_unet+tta,2,0.3159968489294851,0.232230913112566,0.0045033427886664,,,
0.0244432952606148,24.02415736218571,0.873267425916394,0.8249791859892215,0.7777777772781065,0.7982456140350878,0.7583333333333333,0.9170305671867433,120,114,109,0.1448668252439396,0.3132519504603337,0.5080153346061707,0.268931870798387,0.270716239828052,0.5138450860977173,0.644595742225647,baseline_unet_s2_tta,R05-C03,12,10,0.2739255400393289,0.2725043903285197,0.5249262452125549,0.0048973546363413,baseline_unet+tta,2,0.2739255400393289,0.2725043903285197,0.0048973546363413,,,
0.0331796853869582,22.40524237421199,0.8054290958476708,0.7926820912128018,0.641379309845422,0.6642857142857143,0.62,0.8158844760377432,150,140,127,0.1893347637590383,0.2941187260864907,0.5039999485015869,0.2013576731611797,0.2767809556050532,0.5024975538253784,0.5964030027389526,baseline_unet_s2_tta,R05-C03,12,50,0.2352039145335432,0.2767242940138728,0.510568380355835,0.0066618206910789,baseline_unet+tta,2,0.2352039145335432,0.2767242940138728,0.0066618206910789,,,
0.0426899971776814,20.602560294022577,0.7333278693448212,0.7382801988522392,0.535211267107794,0.5728643216080402,0.5022026431718062,0.7447306786589077,227,199,200,0.3360710498115778,0.2328317358423654,0.5340607166290283,0.3038648217608127,0.2338561131966106,0.5077264308929443,0.644851803779602,baseline_unet_s2_tta,R05-C03,12,100,0.3683926689251294,0.2155652488952739,0.5347369909286499,0.0097166309133172,baseline_unet+tta,2,0.3683926689251294,0.2155652488952739,0.0097166309133172,,,
0.0597748325624987,18.14057677211125,0.6365819230809597,0.625956926385987,0.3282571907259198,0.4217391304347826,0.2686980609418282,0.7723935384151751,361,230,320,0.4508514759441389,0.2190311951304567,0.410482108592987,0.4617595756346755,0.2212174550354191,0.3700330853462219,0.7018247246742249,baseline_unet_s2_tta,R05-C03,12,150,0.4706213080399963,0.2117366548389567,0.4157187342643738,0.0124070849269628,baseline_unet+tta,2,0.4706213080399963,0.2117366548389567,0.0124070849269628,,,
0.014188829434071,28.592373514836915,0.927162496922596,0.7721286364526202,0.7999999995001184,0.7878787878787878,0.8125,0.7333333328355556,32,33,28,0.0030786063036612,0.4515129217500342,0.2626602053642273,0.2362011081647932,0.3369096159653897,0.316550612449646,0.5316137671470642,baseline_unet_s2_tta,R05-C03,13,1,0.2494936441879411,0.3243906154954294,0.3208102583885193,0.0022142850793898,baseline_unet+tta,2,0.2494936441879411,0.3243906154954294,0.0022142850793898,,,
0.0155633498950381,28.24628691108742,0.9071841369456748,0.7575515469639392,0.7499999995015431,0.7105263157894737,0.7941176470588235,0.799999999501065,34,38,31,-0.0202221907598937,0.4822720154047102,0.2778288125991821,0.2340411050229741,0.362606257196363,0.3256794214248657,0.5556808710098267,baseline_unet_s2_tta,R05-C03,13,10,0.2489727672755189,0.350247036786401,0.3307123184204101,0.0025141104124486,baseline_unet+tta,2,0.2489727672755189,0.350247036786401,0.0025141104124486,,,
0.0238172833583488,26.344827538618276,0.8444034055081204,0.7126213807979564,0.621359222801018,0.6274509803921569,0.6153846153846154,0.7472527467629514,52,51,39,0.0453884503002235,0.3444082864388847,0.2610273957252502,0.1766963013093054,0.3027180815754168,0.2863014340400696,0.4310100674629211,baseline_unet_s2_tta,R05-C03,13,50,0.1898669562736226,0.2978571584379941,0.2907851934432983,0.0033169069793075,baseline_unet+tta,2,0.1898669562736226,0.2978571584379941,0.0033169069793075,,,
0.0298000411191717,25.183230636195923,0.7885445639640297,0.6947123769779253,0.4399999995008,0.4583333333333333,0.4230769230769231,0.729927006808887,78,72,59,0.065000299433449,0.2761932152047861,0.268753707408905,0.1736929542775019,0.2464330956844514,0.2841100096702575,0.3953576683998108,baseline_unet_s2_tta,R05-C03,13,100,0.1948335700539895,0.243054977870574,0.2924060821533203,0.0043672965839505,baseline_unet+tta,2,0.1948335700539895,0.243054977870574,0.0043672965839505,,,
0.0350122157061411,23.979032001745768,0.737232838155115,0.6649022826288733,0.461538461046274,0.5274725274725275,0.4102564102564102,0.7254901955892444,117,91,87,0.1591419994549086,0.2376649744069446,0.3144994974136352,0.1806713804807413,0.2229447027087915,0.32680743932724,0.4148954153060913,baseline_unet_s2_tta,R05-C03,13,150,0.2357181415433148,0.2144611532902044,0.3357042670249939,0.005604900419712,baseline_unet+tta,2,0.2357181415433148,0.2144611532902044,0.005604900419712,,,
0.0149355345791517,27.500088732078044,0.9296482195370208,0.7526479000249248,0.6101694910255674,0.6,0.6206896551724138,0.9090909085923968,29,30,26,-0.0037708530350847,0.3864482378217582,0.2906965017318725,0.1099753308309648,0.3301811334728008,0.3313422203063965,0.4991017580032348,baseline_unet_s2_tta,R05-C03,14,1,0.0940084728388989,0.3423085535315178,0.3236930966377258,0.0022521382197737,baseline_unet+tta,2,0.0940084728388989,0.3423085535315178,0.0022521382197737,,,
0.0137957261577209,27.764028951088093,0.9239864467148424,0.7631090716704325,0.5937499995004882,0.6129032258064516,0.5757575757575758,0.8571428566439909,33,31,30,-0.1452521601054716,0.4756856817720074,0.2915186285972595,0.261513284364642,0.3059671345008078,0.3865674138069153,0.5852113962173462,baseline_unet_s2_tta,R05-C03,14,10,0.3528690641530896,0.2560055211597914,0.3944455981254577,0.0024191178381443,baseline_unet+tta,2,0.3528690641530896,0.2560055211597914,0.0024191178381443,,,
0.0214861061866777,25.989497196658103,0.863897174953571,0.6585181513616241,0.4691358019698217,0.4871794871794871,0.4523809523809524,0.7948717943747535,42,39,36,0.0625329754957793,0.3570416300577267,0.2598426342010498,0.2144517762116767,0.2935909796326463,0.3079507946968078,0.4630828499794006,baseline_unet_s2_tta,R05-C03,14,50,0.2683411993945335,0.2764181517015093,0.3295335173606872,0.002925734501332,baseline_unet+tta,2,0.2683411993945335,0.2764181517015093,0.002925734501332,,,
0.026782903078183,24.26655870583817,0.8218327128819513,0.6556507361388081,0.4067796605192473,0.4363636363636363,0.3809523809523809,0.7413793098485433,63,55,53,0.1924549689119886,0.2747955939762989,0.3276103138923645,0.2056949133514177,0.2621071470505605,0.3522643446922302,0.4649889469146728,baseline_unet_s2_tta,R05-C03,14,100,0.2455467446594132,0.2551564463818005,0.362864077091217,0.0038556267973035,baseline_unet+tta,2,0.2455467446594132,0.2551564463818005,0.0038556267973035,,,
0.0313798099557157,23.822473371762943,0.7791448390644226,0.6682868204303855,0.3870967737027263,0.4477611940298507,0.3409090909090909,0.603550295358846,88,67,81,0.2412537914283324,0.2316763246975595,0.3759139776229858,0.2952066327262574,0.2076140869255474,0.3900119662284851,0.4711503386497497,baseline_unet_s2_tta,R05-C03,14,150,0.2888769342077592,0.2162844368595864,0.3877679109573364,0.004964888561517,baseline_unet+tta,2,0.2888769342077592,0.2162844368595864,0.004964888561517,,,
0.0162325834452278,26.747367409273416,0.9285598662904284,0.8198559985754177,0.6741573028738794,0.7317073170731707,0.625,0.8172043005757891,48,41,45,0.0653587595804037,0.3372394808100178,0.3380464911460876,0.1050769237713007,0.3195484683853493,0.3501447439193725,0.4968221783638,baseline_unet_s2_tta,R05-C03,15,1,0.0195203914817221,0.3644515390963512,0.3364641070365906,0.0027114280965179,baseline_unet+tta,2,0.0195203914817221,0.3644515390963512,0.0027114280965179,,,
0.0155186896462543,26.511308800677845,0.9179546758003352,0.7950424531156595,0.6117647053907266,0.7027027027027027,0.5416666666666666,0.7032967027982128,48,37,43,-0.0222058715753136,0.403593089058855,0.3891718983650207,0.224337104392827,0.3132001488391026,0.4365382194519043,0.6241490840911865,baseline_unet_s2_tta,R05-C03,15,10,0.1585539150334729,0.3530629610168349,0.4397957921028137,0.0027547581121325,baseline_unet+tta,2,0.1585539150334729,0.3530629610168349,0.0027547581121325,,,
0.0227196716352843,24.75772315445106,0.8650674143857073,0.7379333809981661,0.4848484843599633,0.5714285714285714,0.4210526315789473,0.7619047614084352,57,42,48,0.0786720468662854,0.3172894269663904,0.3433064222335815,0.1991565832161501,0.2889057196558014,0.3757628202438354,0.5193906426429749,baseline_unet_s2_tta,R05-C03,15,50,0.240321629737107,0.2793546302634179,0.3885835409164428,0.0033841598778963,baseline_unet+tta,2,0.240321629737107,0.2793546302634179,0.0033841598778963,,,
0.0266525753554144,23.3884521069405,0.8318266866301419,0.7411876504433991,0.499999999509645,0.5806451612903226,0.4390243902439024,0.6887417213580107,82,62,69,0.2185483553636814,0.2630740532447478,0.4383768439292907,0.2725880850492557,0.2380305664456293,0.4531729221343994,0.5619710683822632,baseline_unet_s2_tta,R05-C03,15,100,0.4268370023663319,0.1918394112995432,0.4681516289710998,0.0041870935820043,baseline_unet+tta,2,0.4268370023663319,0.1918394112995432,0.0041870935820043,,,
0.0330268236455927,21.716238904854087,0.7875684993693765,0.6509433099594797,0.356435643085972,0.45,0.2950819672131147,0.6877828049352798,122,80,99,0.2049676819791262,0.2223422907753192,0.5026743412017822,0.3271523960387203,0.2040941165774183,0.4970915913581848,0.58780837059021,baseline_unet_s2_tta,R05-C03,15,150,0.363554680629737,0.184353411886392,0.5013399124145508,0.0052655846811831,baseline_unet+tta,2,0.363554680629737,0.184353411886392,0.0052655846811831,,,
0.0157143468745214,26.516522915938104,0.9259578341836076,0.812566357847935,0.6744186041554894,0.7435897435897436,0.6170212765957447,0.853932583771241,47,39,42,-0.0264320514674156,0.3906473303817946,0.348736822605133,0.1716703358371799,0.2978798318882097,0.3925384879112243,0.5617220997810364,baseline_unet_s2_tta,R05-C03,16,1,0.1553902496052366,0.290239000325238,0.388561487197876,0.0024036255199462,baseline_unet+tta,2,0.1553902496052366,0.290239000325238,0.0024036255199462,,,
0.0156716344265462,26.59400044810514,0.9138928265690504,0.8180642753055735,0.767441859966198,0.8048780487804879,0.7333333333333333,0.863636363136622,45,41,43,-0.1104090414875127,0.4541247626154018,0.3586919903755188,0.2915765010324508,0.3015679315910781,0.41202312707901,0.6147751212120056,baseline_unet_s2_tta,R05-C03,16,10,0.321924513384109,0.2838896025600769,0.4196866154670715,0.002576217520982,baseline_unet+tta,2,0.321924513384109,0.2838896025600769,0.002576217520982,,,
0.0237515383901979,25.303882730391024,0.8526569811961339,0.7623606849111402,0.5528455279561107,0.576271186440678,0.53125,0.8188976372953065,64,59,63,0.055746610225353,0.3360992823595009,0.3438637256622314,0.2458491554750097,0.2695570302595889,0.3896809220314026,0.5133260488510132,baseline_unet_s2_tta,R05-C03,16,50,0.3035870008248582,0.257336989109525,0.3963205218315124,0.0034352699294686,baseline_unet+tta,2,0.3035870008248582,0.257336989109525,0.0034352699294686,,,
0.0287230040699102,23.597363287976112,0.813607227593839,0.7109495210572477,0.4342857137904327,0.4810126582278481,0.3958333333333333,0.7709497201730283,96,79,83,0.2463810908231163,0.2679490403617552,0.4594390392303467,0.3844072346144151,0.2031817258284833,0.4784144759178161,0.5610213279724121,baseline_unet_s2_tta,R05-C03,16,100,0.4884070342989057,0.1648726183409689,0.4778222441673279,0.004787293728441,baseline_unet+tta,2,0.4884070342989057,0.1648726183409689,0.004787293728441,,,
0.0346668336762404,22.28214166351147,0.767900297866991,0.6922350446995453,0.3430962338258083,0.4183673469387755,0.2907801418439716,0.7878787873811123,141,98,123,0.2963888996574005,0.2344209647520996,0.4994154572486877,0.4182277037571708,0.1840189333066297,0.4994217753410339,0.5892748832702637,baseline_unet_s2_tta,R05-C03,16,150,0.4564019441429652,0.1705010374733019,0.5014357566833496,0.0059344791807234,baseline_unet+tta,2,0.4564019441429652,0.1705010374733019,0.0059344791807234,,,
0.0127715111657649,30.00166134352219,0.9346154251524564,0.7654067643951987,0.6551724133026159,0.76,0.5757575757575758,0.5573770486836871,33,25,28,-0.1428882170416174,0.5455357586926696,0.2185055017471313,0.2718660704602428,0.3240824874571005,0.3049510717391968,0.5168282985687256,baseline_unet_s2_tta,R05-C03,17,1,0.284379358701684,0.3064372323762352,0.306562602519989,0.0018768243025988,baseline_unet+tta,2,0.284379358701684,0.3064372323762352,0.0018768243025988,,,
0.0135761208279417,30.656788464775747,0.9196618117216978,0.7809430962944705,0.7741935478954214,0.8888888888888888,0.6857142857142857,0.7812499995043946,35,27,29,-0.1955722186114615,0.6271979345556351,0.1610730290412902,0.3251923612422136,0.3413867929076547,0.2816761136054992,0.510387659072876,baseline_unet_s2_tta,R05-C03,17,10,0.3400834244660249,0.3222227440640006,0.2794151902198791,0.0019936969038099,baseline_unet+tta,2,0.3400834244660249,0.3222227440640006,0.0019936969038099,,,
0.0205817913525348,29.40672920110955,0.8651571631113566,0.7606930302373573,0.6268656711445756,0.6774193548387096,0.5833333333333334,0.5937499995078124,36,31,28,-0.1498321309422396,0.4172571160063014,0.1189048886299133,0.2897692774413643,0.274388203218992,0.1960365772247314,0.3389664888381958,baseline_unet_s2_tta,R05-C03,17,50,0.3129079492702926,0.2584803390793712,0.1972516775131225,0.0022103078663349,baseline_unet+tta,2,0.3129079492702926,0.2584803390793712,0.0022103078663349,,,
0.0252992011486446,28.308994776184797,0.8168622862821792,0.7406546070929861,0.3838383833568003,0.475,0.3220338983050847,0.5940594054547593,59,40,42,-0.1036138955725119,0.3126020725652823,0.1298559308052063,0.314491330154769,0.2070413833722212,0.1905592083930969,0.2907187342643738,baseline_unet_s2_tta,R05-C03,17,100,0.3399851821484926,0.1975427059021208,0.1943340301513672,0.0027807888109236,baseline_unet+tta,2,0.3399851821484926,0.1975427059021208,0.0027807888109236,,,
0.0295861375730381,26.504127540937617,0.7778382002327243,0.6527299210923111,0.3333333328673598,0.4509803921568627,0.264367816091954,0.6710526310894217,87,51,65,0.0890837412272563,0.2289385749788174,0.2096943855285644,0.3169980300323722,0.1802358116798996,0.2461563944816589,0.3208397030830383,baseline_unet_s2_tta,R05-C03,17,150,0.3157227977886938,0.1796681267613001,0.2464896440505981,0.0037148273549973,baseline_unet+tta,2,0.3157227977886938,0.1796681267613001,0.0037148273549973,,,
0.0203685687858268,24.85389309798995,0.9053746089964646,0.8271031392060744,0.7547169806344686,0.8108108108108109,0.7058823529411765,0.7567567562678049,85,74,63,-0.0129970974158875,0.3775898184147351,0.4770047068595886,0.3652862685914664,0.2102914130724149,0.5023740530014038,0.6285574436187744,baseline_unet_s2_tta,R05-C03,18,1,0.4112508583107883,0.1922732336683253,0.5151509046554565,0.0037605639081448,baseline_unet+tta,2,0.4112508583107883,0.1922732336683253,0.0037605639081448,,,
0.0229947144125926,23.681651143983867,0.8785386051036839,0.7869733322690475,0.6904761899807256,0.7631578947368421,0.6304347826086957,0.7261146491963162,92,76,65,-0.0716372186417054,0.3968957552419072,0.4891392588615417,0.3493090305454148,0.2259897562695903,0.5156122446060181,0.6520586013793945,baseline_unet_s2_tta,R05-C03,18,10,0.370198973437404,0.2179049628605281,0.5317310094833374,0.0041683022864162,baseline_unet+tta,2,0.370198973437404,0.2179049628605281,0.0041683022864162,,,
0.0299541003666979,22.303132635468582,0.8243023852268502,0.7565564202992179,0.5656565651606978,0.6222222222222222,0.5185185185185185,0.6850828724468727,108,90,73,0.0128094656417907,0.3337928800176706,0.447538673877716,0.2352059102614776,0.2474329984372041,0.4631437063217163,0.5777244567871094,baseline_unet_s2_tta,R05-C03,18,50,0.2963683633611215,0.233071661944556,0.4781647324562073,0.0049679987132549,baseline_unet+tta,2,0.2963683633611215,0.233071661944556,0.0049679987132549,,,
0.0361805912792485,20.501862857548975,0.7833689320692789,0.7002572237109757,0.5333333328364827,0.5793103448275863,0.4941176470588235,0.617543859167744,170,145,115,0.1415576808695601,0.2798445675688355,0.5728671550750732,0.291007009447512,0.217961299167353,0.5665165185928345,0.6573171615600586,baseline_unet_s2_tta,R05-C03,18,100,0.3065576867932756,0.2199969315441466,0.5819027423858643,0.0067019471898674,baseline_unet+tta,2,0.3065576867932756,0.2199969315441466,0.0067019471898674,,,
0.042663632376348,19.767855755285623,0.7479019156322837,0.7141741356894775,0.4915662645656089,0.5483870967741935,0.445414847161572,0.637974683057023,229,186,166,0.2969191977216452,0.235607390554988,0.591160774230957,0.4054514095191283,0.1884209143479071,0.5580511689186096,0.6760011911392212,baseline_unet_s2_tta,R05-C03,18,150,0.394170613415428,0.1902101585577401,0.5808852910995483,0.0082219429314136,baseline_unet+tta,2,0.394170613415428,0.1902101585577401,0.0082219429314136,,,
0.0226686109792061,24.136902648142375,0.890243971598659,0.764155250329963,0.8061224484796439,0.797979797979798,0.8144329896907216,0.8085106377983816,97,99,91,0.1481794039112873,0.2919028152332666,0.5486001968383789,0.3894457855955055,0.2047374421189065,0.5532753467559814,0.6644154191017151,baseline_unet_s2_tta,R05-C03,19,1,0.4123930277338355,0.1895504090212471,0.557880163192749,0.0052762697450816,baseline_unet+tta,2,0.4123930277338355,0.1895504090212471,0.0052762697450816,,,
0.0230609177427786,24.19371933955764,0.8798241060052426,0.7888041736695897,0.7751196167262653,0.8181818181818182,0.7363636363636363,0.7980769225785873,110,99,98,0.1441004139722723,0.3172353430819692,0.5386252403259277,0.4134811103819669,0.2142763033709874,0.5422157049179077,0.6570227146148682,baseline_unet_s2_tta,R05-C03,19,10,0.4523163092883698,0.1935057923964762,0.5527009963989258,0.0051841964013874,baseline_unet+tta,2,0.4523163092883698,0.1935057923964762,0.0051841964013874,,,
0.0306206337896284,22.874138589047952,0.8203213775696061,0.7365850914409799,0.6491803273691158,0.6644295302013423,0.6346153846153846,0.7728813554338638,156,149,139,0.2370748222367407,0.2661769153204425,0.5201107859611511,0.3979007569294904,0.2091660560694678,0.518330454826355,0.6036770939826965,baseline_unet_s2_tta,R05-C03,19,50,0.4546883272375142,0.1898175219991477,0.5251339673995972,0.0070159495808184,baseline_unet+tta,2,0.4546883272375142,0.1898175219991477,0.0070159495808184,,,
0.0394401956041605,20.8104426834832,0.7602351301087726,0.6304562889256998,0.4691943122984097,0.5025380710659898,0.44,0.6969696964789944,225,197,171,0.4924219829338694,0.2003368085320348,0.544836163520813,0.5470757586793157,0.1731096653279083,0.5027880668640137,0.6842876672744751,baseline_unet_s2_tta,R05-C03,19,100,0.5586811996123456,0.1616968475288201,0.5446970462799072,0.0097719766199588,baseline_unet+tta,2,0.5586811996123456,0.1616968475288201,0.0097719766199588,,,
0.0502335270590656,19.71614121118236,0.6806744747767659,0.6170809097916834,0.3698384196228835,0.4478260869565217,0.3149847094801223,0.5961199289650345,327,230,240,0.5677982700961686,0.2065162699617077,0.3945339322090149,0.5642827622359118,0.2027738224808019,0.3615893125534057,0.6855700612068176,baseline_unet_s2_tta,R05-C03,19,150,0.5956617747615011,0.1922201390624155,0.3743480443954468,0.0110238380730152,baseline_unet+tta,2,0.5956617747615011,0.1922201390624155,0.0110238380730152,,,
0.0208361962681659,24.235857274323298,0.903939459514893,0.7728246994258643,0.6415094334632332,0.6710526315789473,0.6144578313253012,0.7114093954796629,83,76,66,0.2338784408595569,0.2329044525332156,0.5261425971984863,0.3181685692797842,0.2178266042985704,0.5349335074424744,0.6366994380950928,baseline_unet_s2_tta,R05-C03,2,1,0.2990765994716604,0.2186287237071661,0.5265246629714966,0.0046496540307998,baseline_unet+tta,2,0.2990765994716604,0.2186287237071661,0.0046496540307998,,,
0.0201666954234068,24.65841053008978,0.8979663480432855,0.803782664577764,0.6909090904113131,0.7402597402597403,0.6477272727272727,0.7581699341518219,88,77,65,0.2350752423935384,0.2592068182008431,0.5225080251693726,0.3443250395853524,0.2462211373393593,0.5315722227096558,0.6552059650421143,baseline_unet_s2_tta,R05-C03,2,10,0.3450641164916651,0.2426677552183708,0.5303708910942078,0.0045876302756369,baseline_unet+tta,2,0.3450641164916651,0.2426677552183708,0.0045876302756369,,,
0.0281215853412516,23.430085762216105,0.8441003446962843,0.7678070801303263,0.6066350705909571,0.6336633663366337,0.5818181818181818,0.7596153841170487,110,101,98,0.3108765115975858,0.233882673217676,0.4824825525283813,0.3125115538886786,0.2387954071760301,0.4891446232795715,0.5705188512802124,baseline_unet_s2_tta,R05-C03,2,50,0.3575227810084345,0.222267673791484,0.4960495233535766,0.0058892066590487,baseline_unet+tta,2,0.3575227810084345,0.222267673791484,0.0058892066590487,,,
0.0351068976954005,22.232858664104516,0.7907607917975706,0.7300917991255861,0.4731861193821811,0.5434782608695652,0.4189944134078212,0.6455696197619971,179,138,137,0.3190768756466346,0.207426639959254,0.5111751556396484,0.4019634598438172,0.1804866995176331,0.5046025514602661,0.5821517705917358,baseline_unet_s2_tta,R05-C03,2,100,0.4180175102524239,0.1742886516076868,0.5132651329040527,0.0079203993082046,baseline_unet+tta,2,0.4180175102524239,0.1742886516076868,0.0079203993082046,,,
0.0461531827345933,19.953017715344913,0.7275805399151317,0.652709639775739,0.4269662916482868,0.510752688172043,0.3667953667953668,0.7381974243989297,259,186,207,0.4413116422072259,0.1870975672686436,0.523867666721344,0.4722098730155358,0.1748824807338849,0.4875484704971313,0.6725345849990845,baseline_unet_s2_tta,R05-C03,2,150,0.4524121807969148,0.1766938117011128,0.526944100856781,0.0104295592755079,baseline_unet+tta,2,0.4524121807969148,0.1766938117011128,0.0104295592755079,,,
0.026380664402159,22.71943494694696,0.8852122203970039,0.8023751109288717,0.7174887887384825,0.7476635514018691,0.6896551724137931,0.7809523804578684,116,107,94,0.1889123624545033,0.2404578231915368,0.5754031538963318,0.3437224081077272,0.183828896709757,0.5825289487838745,0.6559576988220215,baseline_unet_s2_tta,R05-C03,20,1,0.3967463265787943,0.1709879610951215,0.586687445640564,0.0050226002931594,baseline_unet+tta,2,0.3967463265787943,0.1709879610951215,0.0050226002931594,,,
0.0272905620962551,22.996222457001316,0.8647756374312623,0.7776070774765056,0.6578947363439904,0.7009345794392523,0.6198347107438017,0.8214285709318001,121,107,103,0.2280423416426586,0.2787702824222478,0.5799955725669861,0.3408774048907831,0.2007539891588892,0.6059212684631348,0.691813588142395,baseline_unet_s2_tta,R05-C03,20,10,0.4821113663080977,0.1496840887470422,0.6122478246688843,0.0058581829071044,baseline_unet+tta,2,0.4821113663080977,0.1496840887470422,0.0058581829071044,,,
0.0356811213857299,20.965502740351845,0.7965340518260855,0.7129644277710824,0.5203761750507561,0.5570469798657718,0.488235294117647,0.7619047614079112,170,149,145,0.2196317982457944,0.2703409629987737,0.5982444286346436,0.3591562780415155,0.2085761036954991,0.5911744236946106,0.7020185589790344,baseline_unet_s2_tta,R05-C03,20,50,0.480600353574495,0.1677318397089467,0.6054803729057312,0.0076135438866913,baseline_unet+tta,2,0.480600353574495,0.1677318397089467,0.0076135438866913,,,
0.0451560422554521,19.92616130634083,0.7382287831433786,0.6958564971352771,0.4359550556858376,0.4898989898989899,0.3927125506072874,0.6447058818661203,247,198,178,0.4015959861748082,0.2322038901516123,0.5277831554412842,0.4828340310062738,0.186295076547586,0.4813752770423889,0.7185525298118591,baseline_unet_s2_tta,R05-C03,20,100,0.4853592750310325,0.1769794298375729,0.5348449945449829,0.0097377384081482,baseline_unet+tta,2,0.4853592750310325,0.1769794298375729,0.0097377384081482,,,
0.0658002333288661,17.1473062830814,0.6200884229293353,0.5935132327448097,0.2517985606874709,0.3448275862068966,0.1983002832861189,0.679867986312295,353,203,253,0.4597290998587763,0.217221249435681,0.4350731968879699,0.4896540820934505,0.2212553615070553,0.4078848958015442,0.7378795742988586,baseline_unet_s2_tta,R05-C03,20,150,0.5065878098715012,0.205390436705267,0.4333113431930542,0.0106571586802601,baseline_unet+tta,2,0.5065878098715012,0.205390436705267,0.0106571586802601,,,
0.0146264562490642,28.439780876541253,0.9269720042358826,0.7984999498929981,0.6666666661718126,0.7419354838709677,0.6052631578947368,0.7878787873902662,38,31,28,-0.1041832892962409,0.4713719136781056,0.3131662011146545,0.2746257512605575,0.280189958453895,0.3839411735534668,0.5619630217552185,baseline_unet_s2_tta,R05-C03,21,1,0.2841935347992538,0.2708060286153468,0.3897584080696106,0.0024671384599059,baseline_unet+tta,2,0.2841935347992538,0.2708060286153468,0.0024671384599059,,,
0.0163026903561815,27.920150583087377,0.9088372013250589,0.7747520256994285,0.5925925920944978,0.631578947368421,0.5581395348837209,0.7199999995107556,43,38,32,-0.096190070691697,0.4906424858589313,0.3370896577835083,0.3540858934783229,0.2794586362363961,0.4146172404289245,0.5846876502037048,baseline_unet_s2_tta,R05-C03,21,10,0.357591927733372,0.2807881122411523,0.4269757270812988,0.002778731752187,baseline_unet+tta,2,0.357591927733372,0.2807881122411523,0.002778731752187,,,
0.0229716187915747,26.820180318085075,0.856486778896384,0.7569451984401957,0.6181818176833057,0.6538461538461539,0.5862068965517241,0.7766990286341784,58,52,45,0.0263650126147589,0.3478548347845754,0.271571934223175,0.2715199475198048,0.2669990986164168,0.3252591490745544,0.4417845010757446,baseline_unet_s2_tta,R05-C03,21,50,0.3155434140474061,0.2514714660786774,0.3341515064239502,0.0035021277144551,baseline_unet+tta,2,0.3155434140474061,0.2514714660786774,0.0035021277144551,,,
0.0268977645564572,25.128830742305208,0.818280639593874,0.7104182988573281,0.4814814809907026,0.5571428571428572,0.4239130434782608,0.6666666661758879,92,70,70,0.2918215093475548,0.2615552842046919,0.3872694969177246,0.3608959662624304,0.2165214689996348,0.4077982306480407,0.4888232946395874,baseline_unet_s2_tta,R05-C03,21,100,0.5235745447266876,0.1617250205279744,0.4143221974372864,0.0044984752312302,baseline_unet+tta,2,0.5235745447266876,0.1617250205279744,0.0044984752312302,,,
0.0305859277637613,24.198124770025245,0.7889129841184203,0.707636422053709,0.3873517781733819,0.4757281553398058,0.3266666666666666,0.6821705421489094,150,103,108,0.3002043794668272,0.2366975272826855,0.4442822337150574,0.4272271044925531,0.1810183005668344,0.4542860984802246,0.5284493565559387,baseline_unet_s2_tta,R05-C03,21,150,0.4244416834519648,0.18188703417435,0.4582431316375732,0.0058880378492176,baseline_unet+tta,2,0.4244416834519648,0.18188703417435,0.0058880378492176,,,
0.0134120414208272,29.054413184370013,0.9327333990450112,0.8455021929734313,0.7868852454082235,0.8888888888888888,0.7058823529411765,0.8437499995019531,34,27,30,-0.0716410344528519,0.4807004943521901,0.2257944345474243,0.1589858907047306,0.3592071902424062,0.2935802936553955,0.5002777576446533,baseline_unet_s2_tta,R05-C03,22,1,0.1517578013988395,0.3667394777301456,0.3177679777145386,0.0020540147088468,baseline_unet+tta,2,0.1517578013988395,0.3667394777301456,0.0020540147088468,,,
0.0137980864950487,28.368290883037925,0.9200450951689396,0.8219443390835424,0.749999999512207,0.8888888888888888,0.6486486486486487,0.840579709647553,37,27,32,-0.1455026397333485,0.5352373189805023,0.2210791110992431,0.223864522818228,0.3742082590193856,0.3219780921936035,0.5567837953567505,baseline_unet_s2_tta,R05-C03,22,10,0.2211606214103951,0.3904293460301316,0.3616241812705993,0.002010007854551,baseline_unet+tta,2,0.2211606214103951,0.3904293460301316,0.002010007854551,,,
0.020425506645002,27.00214611202712,0.8652521405874113,0.7966133581765468,0.6444444439506173,0.725,0.58,0.8723404250339519,50,40,44,-0.0338741367290313,0.3930427676155094,0.2099370956420898,0.1826449665733283,0.3279995028949657,0.2648184895515442,0.4296392798423767,baseline_unet_s2_tta,R05-C03,22,50,0.2616394355668301,0.3122025472965597,0.3112214207649231,0.0026252421084791,baseline_unet+tta,2,0.2616394355668301,0.3122025472965597,0.0026252421084791,,,
0.0270756017692979,25.03142183964579,0.8093481582916928,0.7155598767048625,0.5170068022312925,0.6031746031746031,0.4523809523809524,0.7763157889792243,84,63,68,0.1712813941810549,0.269681821255505,0.2960063219070434,0.176490787005169,0.2765473420775698,0.3098673820495605,0.4285814166069031,baseline_unet_s2_tta,R05-C03,22,100,0.2182360510452503,0.278012849879417,0.3354095220565796,0.0038589516188949,baseline_unet+tta,2,0.2182360510452503,0.278012849879417,0.0038589516188949,,,
0.0313805530232516,23.7300894526632,0.7702450415254539,0.7198448812269737,0.4766355135249803,0.5368421052631579,0.4285714285714285,0.7582938383707464,119,95,92,0.2517137922361885,0.2522042486152416,0.3516449332237243,0.2112609829792696,0.2480853160861758,0.3661468625068664,0.462783932685852,baseline_unet_s2_tta,R05-C03,22,150,0.4515272461669957,0.1761165587136477,0.3807963728904724,0.0051249735988676,baseline_unet+tta,2,0.4515272461669957,0.1761165587136477,0.0051249735988676,,,
0.0140482266759533,28.64331997032975,0.9318228085750612,0.8005075447228942,0.7301587296739733,0.8846153846153846,0.6216216216216216,0.8529411759744808,37,26,31,-0.021345271609604,0.407133334894282,0.2310634851455688,0.1075245691777602,0.3628491571719644,0.2673805952072143,0.4507414102554321,baseline_unet_s2_tta,R05-C03,23,1,0.1815974399086334,0.3558899354314692,0.2750316858291626,0.0023071917239576,baseline_unet+tta,2,0.1815974399086334,0.3558899354314692,0.0023071917239576,,,
0.0135220597237923,28.314935115288755,0.9202063713892732,0.7919697787626476,0.5396825391927438,0.6296296296296297,0.4722222222222222,0.8307692302750296,36,27,29,-0.054158566114598,0.499560166604644,0.2585347294807434,0.1731355554392887,0.3801163325396704,0.3115076422691345,0.5495128631591797,baseline_unet_s2_tta,R05-C03,23,10,0.1858020717250335,0.399557990279283,0.3277066946029663,0.0024323388934135,baseline_unet+tta,2,0.1858020717250335,0.399557990279283,0.0024323388934135,,,
0.0195387521550192,27.705519511006656,0.8666461082500082,0.8031698591848446,0.5365853653584176,0.5945945945945946,0.4888888888888889,0.7469879513107853,45,37,38,0.0825872063605504,0.4080780296393438,0.2118995785713195,0.1050711446251579,0.3868084811987156,0.2383975982666015,0.4281537532806396,baseline_unet_s2_tta,R05-C03,23,50,0.0648742694781456,0.4272341158379038,0.2624733448028564,0.002660896629095,baseline_unet+tta,2,0.0648742694781456,0.4272341158379038,0.002660896629095,,,
0.0251020199058481,26.25417747881379,0.8153132412172436,0.7743356583092431,0.4848484843546577,0.5454545454545454,0.4363636363636363,0.699999999505,55,44,45,0.1169177359595882,0.3200083749411687,0.2319967150688171,0.1614975364031486,0.285466735710736,0.2567099332809448,0.3959444165229797,baseline_unet_s2_tta,R05-C03,23,100,0.2872873553660478,0.2504831598939217,0.2819716334342956,0.0033753358293324,baseline_unet+tta,2,0.2872873553660478,0.2504831598939217,0.0033753358293324,,,
0.0294685038240089,24.350818106758737,0.777217278902814,0.7440746644862288,0.3664122132470136,0.4137931034482758,0.3287671232876712,0.7633587781325097,73,58,58,0.0703527550394135,0.2804414039078473,0.303060233592987,0.1935112108025761,0.238976673812564,0.3195275068283081,0.4265168905258178,baseline_unet_s2_tta,R05-C03,23,150,0.4259657578880808,0.1780011627394504,0.3368177413940429,0.0042785489931702,baseline_unet+tta,2,0.4259657578880808,0.1780011627394504,0.0042785489931702,,,
0.0194427896865243,25.105862779363196,0.9131874192984156,0.8210853028995415,0.6868686863699622,0.723404255319149,0.6538461538461539,0.9523809518809976,52,47,53,0.1452504620272207,0.2658295387223244,0.3975455164909363,0.1539958298049074,0.2702644835330918,0.4240279197692871,0.5343680381774902,baseline_unet_s2_tta,R05-C03,24,1,0.0591717164684781,0.2920325980476737,0.4019529819488525,0.0028628765139728,baseline_unet+tta,2,0.0591717164684781,0.2920325980476737,0.0028628765139728,,,
0.0179009820245416,25.414323065899374,0.908413465222659,0.8226889939535674,0.6446280986744074,0.6724137931034483,0.6190476190476191,0.9105691051913544,63,58,60,0.0482056659234099,0.3310565437545595,0.4265789985656738,0.14799533227933,0.2878686933475286,0.4580680727958679,0.6071699857711792,baseline_unet_s2_tta,R05-C03,24,10,0.1475535941908795,0.2868464563905008,0.4595977663993835,0.0028227863367646,baseline_unet+tta,2,0.1475535941908795,0.2868464563905008,0.0028227863367646,,,
0.0257351626088819,22.957407375622445,0.8382657387296497,0.7379017105574989,0.4903225801486785,0.5352112676056338,0.4523809523809524,0.8139534878723633,84,71,88,0.0977573864983084,0.3420442102257589,0.4661227464675903,0.1835559904295227,0.2782479058159234,0.5029751062393188,0.6394066214561462,baseline_unet_s2_tta,R05-C03,24,50,0.2360034837142368,0.27874045216815,0.5140738487243652,0.0043329349718987,baseline_unet+tta,2,0.2360034837142368,0.27874045216815,0.0043329349718987,,,
0.0324751659819323,21.62469375402243,0.7893135976778555,0.7164807055952738,0.3813559317125826,0.4411764705882353,0.3358208955223881,0.7999999995012994,134,102,121,0.1143869352743812,0.3719983730293651,0.4669364690780639,0.205993656918467,0.2534076345912233,0.5162962079048157,0.6407111883163452,baseline_unet_s2_tta,R05-C03,24,100,0.2859493210810911,0.2235149340739662,0.5239839553833008,0.005118500906974,baseline_unet+tta,2,0.2859493210810911,0.2235149340739662,0.005118500906974,,,
0.0426773543504321,20.147132952938897,0.7240723623010822,0.691765593465565,0.3478260864831489,0.4521739130434782,0.2826086956521739,0.7988338187446388,184,115,159,0.1907475326555409,0.3304061995665519,0.4903906583786011,0.2775573011881979,0.2212068064166696,0.5187135934829712,0.6730002164840698,baseline_unet_s2_tta,R05-C03,24,150,0.2676457414269106,0.2209161778562435,0.535513699054718,0.006648956798017,baseline_unet+tta,2,0.2676457414269106,0.2209161778562435,0.006648956798017,,,
0.0176957846741794,26.034712510770454,0.9205285027774064,0.8071780525417226,0.7142857137871492,0.7547169811320755,0.6779661016949152,0.8867924523365965,59,53,47,0.1092825463464315,0.3039673514202421,0.4214439392089844,0.1898809067403923,0.2700759585567266,0.4280691742897033,0.5591356158256531,baseline_unet_s2_tta,R05-C03,3,1,0.1740303089763963,0.2705074207693622,0.4249094724655151,0.0032847730908542,baseline_unet+tta,2,0.1740303089763963,0.2705074207693622,0.0032847730908542,,,
0.0171996946863648,25.945384219462852,0.9105295458102968,0.8035280977534502,0.716666666168889,0.7678571428571429,0.671875,0.9059829054873256,64,56,53,0.0633192370085995,0.3533782092525585,0.4307795166969299,0.2263507206676236,0.3111653378696505,0.4562841057777405,0.6264129281044006,baseline_unet_s2_tta,R05-C03,3,10,0.2432818745384333,0.2998020365037157,0.4635122418403625,0.0034654054325073,baseline_unet+tta,2,0.2432818745384333,0.2998020365037157,0.0034654054325073,,,
0.0261991275988364,24.15757427683991,0.8470588469170968,0.74309371363398,0.6878980886724815,0.7105263157894737,0.6666666666666666,0.7887323938761158,81,76,61,0.2455080409756173,0.2733802519556459,0.4289630651473999,0.2147121475071496,0.2776843849633361,0.4325551390647888,0.5449733138084412,baseline_unet_s2_tta,R05-C03,3,50,0.2569881470693533,0.2635523215081645,0.4411622881889343,0.0054276930168271,baseline_unet+tta,2,0.2569881470693533,0.2635523215081645,0.0054276930168271,,,
0.0334688844303207,22.81759139141015,0.7938307229624975,0.7185686875884876,0.5316455691241787,0.5833333333333334,0.4883720930232558,0.793248944651605,129,108,108,0.2928568594289423,0.2210871351498335,0.4468157291412353,0.226875346910638,0.2346659282392544,0.4512606859207153,0.5307289361953735,baseline_unet_s2_tta,R05-C03,3,100,0.2794660393270371,0.223837212655472,0.4530265927314758,0.0059353727847337,baseline_unet+tta,2,0.2794660393270371,0.223837212655472,0.0059353727847337,,,
0.0402672006558998,21.259402586604995,0.7484419649719829,0.6716706686150015,0.4409937883268393,0.5,0.3944444444444444,0.6463414629193931,180,142,148,0.3401412376034101,0.2055988608345119,0.5296709537506104,0.417757331874203,0.1770091801527989,0.5103330612182617,0.6285656690597534,baseline_unet_s2_tta,R05-C03,3,150,0.423464342327134,0.1744221264176721,0.5414352416992188,0.0082810074090957,baseline_unet+tta,2,0.423464342327134,0.1744221264176721,0.0082810074090957,,,
0.0170588559317203,26.688870663093343,0.9182394968777432,0.8209366267671732,0.8617886173862118,0.8688524590163934,0.8548387096774194,0.9499999995005556,62,61,58,0.1672486976180845,0.3211649074812555,0.4060991406440735,0.1806018782686716,0.2945227451298866,0.4172677397727966,0.5852245688438416,baseline_unet_s2_tta,R05-C03,4,1,0.1933794939856956,0.2880243724059522,0.426501989364624,0.0035327433142811,baseline_unet+tta,2,0.1933794939856956,0.2880243724059522,0.0035327433142811,,,
0.0178903759757963,26.67494229269584,0.9021487601769076,0.8050031880775402,0.7424242419252755,0.7777777777777778,0.7101449275362319,0.8805970144258186,69,63,65,0.1001204502705161,0.3672624928587131,0.4315924048423767,0.3146692555421457,0.2911681277208335,0.4495613574981689,0.6269632577896118,baseline_unet_s2_tta,R05-C03,4,10,0.3251970702867983,0.2835361144915708,0.4606348872184753,0.0040311464108526,baseline_unet+tta,2,0.3251970702867983,0.2835361144915708,0.0040311464108526,,,
0.0256499587136897,25.13286664699608,0.8422508178056303,0.7784138497835015,0.7326732668271738,0.7551020408163265,0.7115384615384616,0.8965517236382343,104,98,99,0.0926349090477632,0.3117098585372364,0.3688085675239563,0.2349105624023034,0.2783513903133669,0.3817271590232849,0.5067551136016846,baseline_unet_s2_tta,R05-C03,4,50,0.2693875245706461,0.268424049293569,0.3930298089981079,0.0049191238358616,baseline_unet+tta,2,0.2693875245706461,0.268424049293569,0.0049191238358616,,,
0.0326650868129078,23.42496514566151,0.7856035480776669,0.7346220542444855,0.5492957741494743,0.582089552238806,0.52,0.8842105258171744,150,134,135,0.1660702163192413,0.2493561516690439,0.4399110674858093,0.2979210999523675,0.2143484587105331,0.4469256401062011,0.5306251049041748,baseline_unet_s2_tta,R05-C03,4,100,0.2991153013246995,0.2150205899407789,0.449134886264801,0.0067783002741634,baseline_unet+tta,2,0.2991153013246995,0.2150205899407789,0.0067783002741634,,,
0.0382359670883648,21.928835886733356,0.7486529042444368,0.7102341128900461,0.5013774099760034,0.5723270440251572,0.446078431372549,0.8095238090269588,204,159,174,0.3119372261939491,0.2182456832844281,0.4824867844581604,0.3322753646421978,0.2117496400577271,0.4694486856460571,0.5777295827865601,baseline_unet_s2_tta,R05-C03,4,150,0.3163738804047211,0.2169731399609409,0.4825096726417541,0.0079845283180475,baseline_unet+tta,2,0.3163738804047211,0.2169731399609409,0.0079845283180475,,,
0.0149552960814606,28.147163167368166,0.930004124051956,0.810714531166963,0.7216494840425125,0.813953488372093,0.6481481481481481,0.7608695647325141,54,43,38,0.1244914827709043,0.3541142871271511,0.3485023975372314,0.2113057482702434,0.2968937358585501,0.3867011666297912,0.5570172667503357,baseline_unet_s2_tta,R05-C03,5,1,0.2137280020016836,0.2911953412896063,0.3750227689743042,0.0027350324671715,baseline_unet+tta,2,0.2137280020016836,0.2911953412896063,0.0027350324671715,,,
0.016188802759674,27.530690932658658,0.9138377801806656,0.7582298602440897,0.6213592228047883,0.6808510638297872,0.5714285714285714,0.7799999995071999,56,47,44,0.09141601185724,0.3759613979136406,0.3987711071968078,0.3033961415995155,0.2952646027157366,0.4336323142051697,0.6188008785247803,baseline_unet_s2_tta,R05-C03,5,10,0.3322760256287842,0.2752760630290932,0.4309202432632446,0.0032568392343819,baseline_unet+tta,2,0.3322760256287842,0.2752760630290932,0.0032568392343819,,,
0.0226017040406704,26.712616703284148,0.8662179670797329,0.8021090252712707,0.5581395343904813,0.631578947368421,0.5,0.7226890751523197,72,57,47,0.1534180070217946,0.2934478368275218,0.3006804585456848,0.2101177753955777,0.2815419576611716,0.3167364001274109,0.455072820186615,baseline_unet_s2_tta,R05-C03,5,50,0.2224984050700938,0.2727818359571973,0.319238543510437,0.003549454268068,baseline_unet+tta,2,0.2224984050700938,0.2727818359571973,0.003549454268068,,,
0.0306219752550101,24.219112124188165,0.8132792281984939,0.6647178370527662,0.4549763028194334,0.4848484848484848,0.4285714285714285,0.7319587623985545,112,99,82,0.3320257888940639,0.1884973901199904,0.4320931434631347,0.3296769074146425,0.1962821821236711,0.4342430233955383,0.5038706660270691,baseline_unet_s2_tta,R05-C03,5,100,0.3421388812697651,0.1939218301024168,0.4330542683601379,0.0060164374299347,baseline_unet+tta,2,0.3421388812697651,0.1939218301024168,0.0060164374299347,,,
0.033397063585394,22.801255728822017,0.7926555627465942,0.6694098721141061,0.4228187914485609,0.4532374100719424,0.3962264150943396,0.6409266404525871,159,139,100,0.4118896347152849,0.1787586557576904,0.4980615973472595,0.448137406314888,0.1696758334478386,0.4954205155372619,0.5829537510871887,baseline_unet_s2_tta,R05-C03,5,150,0.444438042329404,0.1679007505138546,0.5034886598587036,0.0078246975317597,baseline_unet+tta,2,0.444438042329404,0.1679007505138546,0.0078246975317597,,,
0.0170895814916041,26.13859089378442,0.9205167030877148,0.8342791568586483,0.8131868126868735,0.8222222222222222,0.8043478260869565,0.9230769225769836,46,45,45,0.1261668329423903,0.3319521704931316,0.3698327541351318,0.1448129779812083,0.315753943126728,0.3851890563964844,0.5615032911300659,baseline_unet_s2_tta,R05-C03,6,1,0.1556758843389667,0.3082352871693424,0.392639696598053,0.0028684823773801,baseline_unet+tta,2,0.1556758843389667,0.3082352871693424,0.0028684823773801,,,
0.0179348931136617,25.76087284290841,0.9020907876801308,0.8173293353151703,0.7169811315756496,0.7307692307692307,0.7037037037037037,0.8952380947385034,54,52,51,0.0463190406817468,0.3638986687092069,0.4036837220191955,0.1962175485153083,0.328869941247934,0.4167768359184265,0.6293333172798157,baseline_unet_s2_tta,R05-C03,6,10,0.2076932726401604,0.3258060390281996,0.430522084236145,0.0030046184547245,baseline_unet+tta,2,0.2076932726401604,0.3258060390281996,0.0030046184547245,,,
0.0239187915465352,25.128004234942015,0.851634069473746,0.825201189235834,0.6474820138905854,0.6923076923076923,0.6081081081081081,0.7891156457585263,74,65,73,0.0991110360205858,0.3180425666473236,0.3404655456542969,0.1067714357017965,0.3378765723212634,0.3439916372299194,0.5142249464988708,baseline_unet_s2_tta,R05-C03,6,50,0.1433188617685119,0.3302778815170931,0.3621624112129211,0.0039474368095397,baseline_unet+tta,2,0.1433188617685119,0.3302778815170931,0.0039474368095397,,,
0.0316693674969182,22.878183315190157,0.7917834592871945,0.7568372940231601,0.4766839373336197,0.5542168674698795,0.4181818181818181,0.7135678387015479,110,83,89,0.1911961463822972,0.2356263629646528,0.4264192581176758,0.1404095036076052,0.2765083846570073,0.427545964717865,0.5432360172271729,baseline_unet_s2_tta,R05-C03,6,100,0.2025444714687663,0.2661190946587303,0.4303639531135559,0.0053336014971137,baseline_unet+tta,2,0.2025444714687663,0.2661190946587303,0.0053336014971137,,,
0.0341132282529614,21.69707249955376,0.7808527997619891,0.738782115911775,0.5461847384608635,0.6071428571428571,0.4963503649635036,0.7470817115644446,137,112,120,0.1795226534302068,0.239688074806537,0.5033830404281616,0.2095358612442145,0.2487944298886802,0.5056212544441223,0.5930981636047363,baseline_unet_s2_tta,R05-C03,6,150,0.221146089817134,0.2420748705179212,0.5083415508270264,0.0056850314140319,baseline_unet+tta,2,0.221146089817134,0.2420748705179212,0.0056850314140319,,,
0.0127601096305921,29.870763211749455,0.9335394023826444,0.773629906335139,0.6399999995071999,0.7272727272727273,0.5714285714285714,0.9259259254266118,28,22,26,0.0176445044462181,0.4916389676205554,0.1986417770385742,0.1345131666800371,0.39055935172022,0.246709942817688,0.4928290843963623,baseline_unet_s2_tta,R05-C03,7,1,0.1366455366764861,0.3888795532257528,0.2435839176177978,0.0020324301440268,baseline_unet+tta,2,0.1366455366764861,0.3888795532257528,0.0020324301440268,,,
0.0142763231911513,29.165279380672693,0.9129105683201226,0.7235168665935036,0.6896551719191439,0.7692307692307693,0.625,0.8387096769198752,32,26,30,-0.030720146206269,0.5176273288398827,0.2468145489692688,0.2424434955671464,0.3836718255567776,0.2954164743423462,0.5437389612197876,baseline_unet_s2_tta,R05-C03,7,10,0.2504176800161907,0.374399795015046,0.2983500361442566,0.0023344694636762,baseline_unet+tta,2,0.2504176800161907,0.374399795015046,0.0023344694636762,,,
0.0212907211694267,28.19555189375889,0.8586418330751927,0.7622422504917089,0.4864864859923302,0.5454545454545454,0.4390243902439024,0.6493506488527576,41,33,36,0.0623841391772169,0.358396776477875,0.1808604598045349,0.2015730529259272,0.3213893985141851,0.2015303373336792,0.3680043220520019,baseline_unet_s2_tta,R05-C03,7,50,0.2251750932164183,0.3115983985771384,0.2060447335243225,0.0029822308570146,baseline_unet+tta,2,0.2251750932164183,0.3115983985771384,0.0029822308570146,,,
0.0281912313161771,25.749134618055436,0.7982319445499665,0.665325718637462,0.4070796455208708,0.4423076923076923,0.3770491803278688,0.7499999995039858,61,52,51,0.1174211686565498,0.2549355715748827,0.2401533126831054,0.2055301851840011,0.2430304756784346,0.2512888312339782,0.3635674715042114,baseline_unet_s2_tta,R05-C03,7,100,0.2208418970609184,0.2369783828280459,0.2534574270248413,0.003850546432659,baseline_unet+tta,2,0.2208418970609184,0.2369783828280459,0.003850546432659,,,
0.0333760079876026,23.959727957723366,0.7575847894951319,0.6351257194201753,0.3809523804594671,0.4324324324324324,0.3404255319148936,0.6540880498310985,94,74,65,0.1939393419969385,0.2203472802604117,0.2776720523834228,0.2267104612979033,0.215385090605938,0.2912601232528686,0.3889694809913635,baseline_unet_s2_tta,R05-C03,7,150,0.2540548283884489,0.2085557095465404,0.2943972945213318,0.0045201936736702,baseline_unet+tta,2,0.2540548283884489,0.2085557095465404,0.0045201936736702,,,
0.0178228756925166,26.013316550727,0.9123195430823684,0.7803676081448252,0.666666666166937,0.6825396825396826,0.6515151515151515,0.895999999501568,66,63,59,0.0941514789469864,0.3546802225249233,0.4365392923355102,0.2233263424399514,0.2670377753837467,0.4542604684829712,0.6223671436309814,baseline_unet_s2_tta,R05-C03,8,1,0.2534068805482711,0.2547756920802831,0.4676481485366821,0.0033435313962399,baseline_unet+tta,2,0.2534068805482711,0.2547756920802831,0.0033435313962399,,,
0.0192977824872056,25.52905656435207,0.8938830912413647,0.729039618892122,0.626865671141791,0.6268656716417911,0.6268656716417911,0.8593749995010986,67,67,61,0.0649189855615761,0.3885542362361887,0.4681190252304077,0.3719978035671902,0.2515970508040756,0.5006712675094604,0.6644992828369141,baseline_unet_s2_tta,R05-C03,8,10,0.4035304343268224,0.2307606610188591,0.5093963146209717,0.0038946855347603,baseline_unet+tta,2,0.4035304343268224,0.2307606610188591,0.0038946855347603,,,
0.0261326848712726,24.640167530458676,0.8395493046820778,0.7350663626795482,0.5121951214524093,0.5384615384615384,0.4883720930232558,0.8095238090240929,86,78,82,0.2688977850687105,0.2947382590717545,0.4163927435874939,0.3093833540034628,0.2506654322497983,0.4447054862976074,0.5518450736999512,baseline_unet_s2_tta,R05-C03,8,50,0.2740826222215438,0.2525071872079506,0.4407308101654053,0.0045732492581009,baseline_unet+tta,2,0.2740826222215438,0.2525071872079506,0.0045732492581009,,,
0.0298645882309653,23.154376393126743,0.8103148885503668,0.6975608759110299,0.4876033052892562,0.5363636363636364,0.4469696969696969,0.7391304342935349,132,110,98,0.4675844739147592,0.2441448451930357,0.5096855163574219,0.4762623276246308,0.2022099082206316,0.516089677810669,0.6170918941497803,baseline_unet_s2_tta,R05-C03,8,100,0.5333037849870313,0.1675853325249433,0.5314439535140991,0.0060886368155479,baseline_unet+tta,2,0.5333037849870313,0.1675853325249433,0.0060886368155479,,,
0.0378464931832496,21.645157625058836,0.761970080189843,0.6608157810521255,0.390728476328297,0.4436090225563909,0.3491124260355029,0.7003366998462288,169,133,128,0.5249398103803007,0.2208074745997434,0.4990723133087158,0.498734584189466,0.1758103767347203,0.5085093379020691,0.6347956657409668,baseline_unet_s2_tta,R05-C03,8,150,0.5339610352184271,0.1619695704407875,0.5276154279708862,0.0070252367295324,baseline_unet+tta,2,0.5339610352184271,0.1619695704407875,0.0070252367295324,,,
0.0242911230505234,23.48527316496039,0.8842820534374545,0.7601243033996157,0.6728971957627741,0.7058823529411765,0.6428571428571429,0.8309178738995076,112,102,95,0.243132229914625,0.222697415372466,0.5575320720672607,0.2822210493044579,0.225734911519995,0.5635504126548767,0.6726230382919312,baseline_unet_s2_tta,R05-C03,9,1,0.292357902086672,0.2187033516746967,0.5618904829025269,0.0049235457554459,baseline_unet+tta,2,0.292357902086672,0.2187033516746967,0.0049235457554459,,,
0.0238699368684924,24.25096712539718,0.8752781646476878,0.7709101133106496,0.7435897430900723,0.7631578947368421,0.725,0.8054298637570894,120,114,101,0.2438975311876795,0.2491493399632033,0.5705525279045105,0.3658378965118624,0.2342908955242576,0.5692733526229858,0.6829946637153625,baseline_unet_s2_tta,R05-C03,9,10,0.393632023781484,0.2219744442683588,0.5755001306533813,0.0055996179580688,baseline_unet+tta,2,0.393632023781484,0.2219744442683588,0.0055996179580688,,,
0.0330168638279583,22.65062988311504,0.8125334680686084,0.7436469909657445,0.7062706265655871,0.7642857142857142,0.656441717791411,0.75510204032225,163,140,131,0.2827084743178762,0.2546020099813044,0.5216014385223389,0.3709534613155905,0.2260080943415894,0.5127646923065186,0.612410306930542,baseline_unet_s2_tta,R05-C03,9,50,0.449040666101502,0.1979125917046099,0.5301617383956909,0.0080192070454359,baseline_unet+tta,2,0.449040666101502,0.1979125917046099,0.0080192070454359,,,
0.0414897457550749,20.902826904831286,0.7535469961692153,0.7029759269277989,0.5487528339692823,0.587378640776699,0.5148936170212766,0.724220623009276,235,206,182,0.4814526583928882,0.2083852690091092,0.533334493637085,0.4961900858241189,0.1967255397560693,0.4899455904960632,0.6791936159133911,baseline_unet_s2_tta,R05-C03,9,100,0.5095435787112655,0.1867730242125596,0.5337978005409241,0.0104458760470151,baseline_unet+tta,2,0.5095435787112655,0.1867730242125596,0.0104458760470151,,,
0.0565002529486708,18.652208997033824,0.683164556193676,0.6031685546514967,0.4643962843337519,0.5102040816326531,0.4261363636363636,0.6110183634552635,352,294,247,0.5592352995798285,0.2060916810764938,0.4040520787239074,0.5605186417631044,0.203806007499102,0.3351300954818725,0.6929531693458557,baseline_unet_s2_tta,R05-C03,9,150,0.5914437593826618,0.1796669154135427,0.4012345671653747,0.0133328242227435,baseline_unet+tta,2,0.5914437593826618,0.1796669154135427,0.0133328242227435,,,
