image,field,timepoint,sigma,area,matched,n_ref_image
0,0,1,0.22933366502164512,186.0,False,79
0,0,1,0.26272221502521276,191.0,True,79
0,0,1,0.19838483578392438,168.0,True,79
0,0,1,0.2530284837721297,161.0,True,79
0,0,1,0.2467978786636185,182.0,True,79
0,0,1,0.2223622753133987,179.0,True,79
0,0,1,0.2171345956185285,170.0,True,79
0,0,1,0.1961804771100182,166.0,True,79
0,0,1,0.238568726927042,180.0,True,79
0,0,1,0.2620496185709588,201.0,True,79
0,0,1,0.24700070771516539,153.0,True,79
0,0,1,0.2301744368910058,163.0,True,79
0,0,1,0.2397633139292399,150.0,True,79
0,0,1,0.24615453799565634,150.0,True,79
0,0,1,0.2369186852882111,153.0,True,79
0,0,1,0.22540564225812262,203.0,True,79
0,0,1,0.26051332032227,184.0,True,79
0,0,1,0.2703932854346931,160.0,True,79
0,0,1,0.23283539495276445,199.0,True,79
0,0,1,0.2309224374592304,180.0,True,79
0,0,1,0.26701712277200484,135.0,True,79
0,0,1,0.22908220358433262,155.0,True,79
0,0,1,0.2341886384435642,162.0,True,79
0,0,1,0.21858404905990111,172.0,True,79
0,0,1,0.18132917637505183,164.0,True,79
0,0,1,0.20468757846611457,149.0,True,79
0,0,1,0.23193367296649564,155.0,True,79
0,0,1,0.24060563704659862,155.0,True,79
0,0,1,0.2154627198916535,172.0,True,79
0,0,1,0.1952173045731538,151.0,True,79
0,0,1,0.19181866630127556,152.0,True,79
0,0,1,0.2551276001634948,327.0,False,79
0,0,1,0.24146669695329903,201.0,True,79
0,0,1,0.2177909879197537,142.0,True,79
0,0,1,0.24393546660623608,169.0,True,79
0,0,1,0.2623876736073171,118.0,False,79
0,0,1,0.2477237259188006,155.0,True,79
0,0,1,0.19730951290398357,187.0,True,79
0,0,1,0.24764042070710846,191.0,True,79
0,0,1,0.24859342787687372,164.0,True,79
0,0,1,0.22092260448978498,52.0,True,79
0,0,1,0.19395310025729104,167.0,True,79
0,0,1,0.24832383170723915,192.0,True,79
0,0,1,0.2493333787500084,154.0,True,79
0,0,1,0.23548076507893015,188.0,True,79
0,0,1,0.27970010635412135,211.0,True,79
0,0,1,0.1994475362504401,41.0,True,79
0,0,1,0.21828199131088658,143.0,True,79
0,0,1,0.2653726094639769,204.0,False,79
0,0,1,0.27146587328738475,415.0,False,79
0,0,1,0.23869737190134982,141.0,False,79
0,0,1,0.2582048766314983,120.0,False,79
0,0,1,0.22250479993720848,120.0,True,79
0,0,1,0.27411378535834496,159.0,True,79
0,0,1,0.23009945131907952,107.0,True,79
0,0,1,0.21996052044053233,155.0,True,79
0,0,1,0.2711312324802081,150.0,True,79
0,0,1,0.2566745694860002,531.0,False,79
0,0,1,0.23466983171188888,207.0,True,79
0,0,1,0.21938582431085363,161.0,True,79
0,0,1,0.2536115544700177,107.0,True,79
0,0,1,0.24230024585689325,207.0,False,79
0,0,1,0.28221147686068776,171.0,True,79
0,0,1,0.30440904769030486,165.0,True,79
0,0,1,0.25047314802402165,197.0,True,79
0,0,1,0.27061584866579685,358.0,False,79
0,0,1,0.26049841866976975,345.0,False,79
0,0,1,0.22715217197934787,180.0,True,79
0,0,1,0.23047754673634546,177.0,True,79
1,0,10,0.24297377301586998,162.0,False,82
1,0,10,0.19080225474694196,170.0,True,82
1,0,10,0.2423777267248673,169.0,True,82
1,0,10,0.20056038136993135,168.0,True,82
1,0,10,0.2526941127870061,218.0,True,82
1,0,10,0.21140076415879386,175.0,True,82
1,0,10,0.21075822012498974,160.0,True,82
1,0,10,0.17248983055721095,162.0,True,82
1,0,10,0.2362909139955745,170.0,True,82
1,0,10,0.27350737905964767,232.0,False,82
1,0,10,0.2286413429244872,155.0,True,82
1,0,10,0.22408411515558638,164.0,True,82
1,0,10,0.23786798590994152,177.0,True,82
1,0,10,0.22777514304175522,165.0,True,82
1,0,10,0.22497856419488607,166.0,True,82
1,0,10,0.26027429148465575,167.0,True,82
1,0,10,0.24759431954604297,199.0,True,82
1,0,10,0.23746537929627953,205.0,False,82
1,0,10,0.24017627452101026,175.0,True,82
1,0,10,0.23953193491872618,136.0,True,82
1,0,10,0.26477843825961206,182.0,True,82
1,0,10,0.23213054832591806,186.0,True,82
1,0,10,0.22235830680087762,162.0,True,82
1,0,10,0.23131751698074918,165.0,True,82
1,0,10,0.19662724657072908,168.0,True,82
1,0,10,0.18540778082041515,168.0,True,82
1,0,10,0.22337160118018526,158.0,True,82
1,0,10,0.23433768994947698,188.0,True,82
1,0,10,0.22310857392019695,162.0,True,82
1,0,10,0.22910226583480836,160.0,True,82
1,0,10,0.18446606716939382,154.0,True,82
1,0,10,0.24760545806938342,267.0,False,82
1,0,10,0.24035832577181937,133.0,True,82
1,0,10,0.19340375518938255,171.0,True,82
1,0,10,0.2614768659054992,247.0,False,82
1,0,10,0.268267099399212,242.0,False,82
1,0,10,0.2587475845910082,99.0,True,82
1,0,10,0.21307106888452113,151.0,True,82
1,0,10,0.19287200559946624,176.0,True,82
1,0,10,0.2244316347504175,186.0,True,82
1,0,10,0.21962063317068942,197.0,True,82
1,0,10,0.26098464217422335,232.0,False,82
1,0,10,0.19279153943061828,185.0,True,82
1,0,10,0.2280384884288274,193.0,True,82
1,0,10,0.2709165896688189,224.0,True,82
1,0,10,0.23993613712844394,210.0,True,82
1,0,10,0.23766889524156765,118.0,False,82
1,0,10,0.20364001599497766,159.0,True,82
1,0,10,0.2135628032684326,50.0,False,82
1,0,10,0.23342178679174846,198.0,False,82
1,0,10,0.2349809232137857,248.0,True,82
1,0,10,0.24998543576190346,190.0,True,82
1,0,10,0.21059942522714303,43.0,False,82
1,0,10,0.26469848529525,146.0,True,82
1,0,10,0.23047762125348434,156.0,True,82
1,0,10,0.19595264084637165,104.0,False,82
1,0,10,0.24430950066286647,167.0,True,82
1,0,10,0.26197526301001456,182.0,True,82
1,0,10,0.25504812446123176,578.0,False,82
1,0,10,0.221598070114851,164.0,True,82
1,0,10,0.20653425403636136,139.0,True,82
1,0,10,0.2215240930079245,204.0,True,82
1,0,10,0.21721451417092355,155.0,False,82
1,0,10,0.20407979179705893,140.0,True,82
1,0,10,0.2841182622616574,236.0,True,82
1,0,10,0.2879502355140083,196.0,True,82
1,0,10,0.2422695395957052,113.0,False,82
1,0,10,0.19288818538188934,1.0,False,82
1,0,10,0.22937147206996553,199.0,True,82
1,0,10,0.2265294924299553,189.0,True,82
1,0,10,0.24802364697869944,294.0,True,82
1,0,10,0.24091117487427938,181.0,True,82
1,0,10,0.2329664371907711,20.0,False,82
1,0,10,0.2303757543223245,175.0,True,82
1,0,10,0.21146332314954355,104.0,True,82
2,0,50,0.2198332391287151,114.0,True,101
2,0,50,0.20935581624507904,224.0,True,101
2,0,50,0.2290065040973228,127.0,True,101
2,0,50,0.2209821616455635,161.0,True,101
2,0,50,0.20096289945203205,215.0,True,101
2,0,50,0.23365679626854566,208.0,True,101
2,0,50,0.23497975156420753,378.0,False,101
2,0,50,0.1944207953358138,216.0,True,101
2,0,50,0.1689615249633789,189.0,True,101
2,0,50,0.22220837904347313,207.0,True,101
2,0,50,0.20928772920341582,209.0,True,101
2,0,50,0.23188552820177935,189.0,True,101
2,0,50,0.23156652587224108,181.0,True,101
2,0,50,0.20001322847719377,208.0,True,101
2,0,50,0.20271584091304373,263.0,True,101
2,0,50,0.2056560179085604,224.0,True,101
2,0,50,0.18787444698608527,177.0,True,101
2,0,50,0.21413326724654153,168.0,True,101
2,0,50,0.23829822678391527,41.0,False,101
2,0,50,0.23219119712363842,215.0,True,101
2,0,50,0.1936815496872772,220.0,True,101
2,0,50,0.18586257528117361,188.0,True,101
2,0,50,0.17857065342419537,282.0,False,101
2,0,50,0.21193724032491446,176.0,True,101
2,0,50,0.20710008795538995,146.0,True,101
2,0,50,0.17908183488903975,205.0,True,101
2,0,50,0.25711102582970446,245.0,True,101
2,0,50,0.17328424304723739,210.0,True,101
2,0,50,0.19879774432233038,235.0,True,101
2,0,50,0.20954439615123363,287.0,True,101
2,0,50,0.1733782398937778,176.0,True,101
2,0,50,0.17931498739608498,215.0,True,101
2,0,50,0.17220035007466442,230.0,True,101
2,0,50,0.2515588326331897,78.0,True,101
2,0,50,0.19710466884649716,195.0,True,101
2,0,50,0.22398411210150446,227.0,True,101
2,0,50,0.20849718346850563,131.0,False,101
2,0,50,0.17117707452705602,209.0,True,101
2,0,50,0.23056253186754277,407.0,False,101
2,0,50,0.23229272799676956,219.0,True,101
2,0,50,0.22473174990976558,170.0,True,101
2,0,50,0.17931744602381014,204.0,True,101
2,0,50,0.19422038584681495,224.0,True,101
2,0,50,0.19821417045801185,172.0,True,101
2,0,50,0.20041644081876084,185.0,True,101
2,0,50,0.19416659456073193,114.0,True,101
2,0,50,0.2082952759808225,233.0,True,101
2,0,50,0.24823606358124659,130.0,False,101
2,0,50,0.24891111162281776,129.0,False,101
2,0,50,0.22223698454243795,217.0,True,101
2,0,50,0.23016275792986482,182.0,True,101
2,0,50,0.24480001229972126,187.0,False,101
2,0,50,0.19918437344891032,209.0,True,101
2,0,50,0.22631129437968844,210.0,True,101
2,0,50,0.23731409139790624,212.0,True,101
2,0,50,0.19669351775265304,169.0,True,101
2,0,50,0.2405929710302088,216.0,True,101
2,0,50,0.2319437120185823,196.0,True,101
2,0,50,0.23393475353717805,200.0,True,101
2,0,50,0.21214422630992802,220.0,True,101
2,0,50,0.21279969028173348,78.0,True,101
2,0,50,0.21469449613353994,202.0,True,101
2,0,50,0.22614832030664575,202.0,True,101
2,0,50,0.22777588800950485,55.0,False,101
2,0,50,0.240916337285723,154.0,True,101
2,0,50,0.25996459737933914,58.0,False,101
2,0,50,0.22150542624766315,158.0,True,101
2,0,50,0.2662875367072043,443.0,False,101
2,0,50,0.22559322676255336,201.0,True,101
2,0,50,0.25303120409347574,98.0,False,101
2,0,50,0.2532402949065578,98.0,True,101
2,0,50,0.2501960897220756,212.0,True,101
2,0,50,0.23919048327743336,178.0,True,101
2,0,50,0.22732313140746085,155.0,True,101
2,0,50,0.2502675149814192,166.0,True,101
2,0,50,0.22474356875362167,166.0,True,101
2,0,50,0.2132407457999934,153.0,True,101
2,0,50,0.21811147756087854,161.0,True,101
2,0,50,0.20458491003513335,250.0,False,101
2,0,50,0.21172009781002998,40.0,False,101
2,0,50,0.2529914056481162,339.0,False,101
2,0,50,0.2176333580841154,149.0,True,101
2,0,50,0.2104819691339076,151.0,True,101
2,0,50,0.2148740290162655,104.0,True,101
2,0,50,0.2339976997294041,161.0,True,101
2,0,50,0.2119669907064323,83.0,False,101
2,0,50,0.23721327274650722,154.0,False,101
2,0,50,0.18814782374629788,204.0,True,101
2,0,50,0.21311221932861166,142.0,True,101
2,0,50,0.2256001412379937,122.0,True,101
2,0,50,0.22533466691772144,180.0,True,101
2,0,50,0.2256745880064757,115.0,True,101
2,0,50,0.21415278452391528,98.0,False,101
3,0,100,0.1946262380769176,62.0,False,156
3,0,100,0.1928914615755561,159.0,True,156
3,0,100,0.21956854398277673,176.0,False,156
3,0,100,0.22713895818149601,108.0,True,156
3,0,100,0.19158095913007855,128.0,False,156
3,0,100,0.23074262257004197,231.0,True,156
3,0,100,0.23896867288276552,160.0,True,156
3,0,100,0.22583254405121872,138.0,True,156
3,0,100,0.2230982518196106,125.0,True,156
3,0,100,0.17828968831816236,74.0,False,156
3,0,100,0.21157205385751413,244.0,True,156
3,0,100,0.21084849483671442,113.0,False,156
3,0,100,0.1784242788630147,155.0,True,156
3,0,100,0.18695680015570634,143.0,False,156
3,0,100,0.17394656443095707,143.0,True,156
3,0,100,0.23207915714360716,133.0,True,156
3,0,100,0.21364062665789216,108.0,True,156
3,0,100,0.1751906247674555,138.0,True,156
3,0,100,0.1973358745928164,135.0,True,156
3,0,100,0.20383438020398764,273.0,False,156
3,0,100,0.17714693667712034,135.0,True,156
3,0,100,0.18971157368532446,172.0,True,156
3,0,100,0.17293214389393408,186.0,True,156
3,0,100,0.18254799980246378,167.0,True,156
3,0,100,0.2106394037986413,234.0,False,156
3,0,100,0.1701235579592841,140.0,False,156
3,0,100,0.17836653401513072,169.0,True,156
3,0,100,0.17502127055059444,193.0,False,156
3,0,100,0.18218167713416622,203.0,True,156
3,0,100,0.18477818940844493,107.0,True,156
3,0,100,0.18900838806639592,229.0,False,156
3,0,100,0.20092200208455324,160.0,True,156
3,0,100,0.19914861702466313,158.0,True,156
3,0,100,0.22419549885296053,248.0,True,156
3,0,100,0.24616438266076998,219.0,True,156
3,0,100,0.20334519014180263,214.0,True,156
3,0,100,0.23443520446898233,142.0,True,156
3,0,100,0.19307662709488896,183.0,True,156
3,0,100,0.1717706965890961,199.0,True,156
3,0,100,0.23324318520906495,41.0,True,156
3,0,100,0.1931965449783537,225.0,True,156
3,0,100,0.18522873630074307,191.0,True,156
3,0,100,0.1779907101727262,196.0,True,156
3,0,100,0.20565199775355203,175.0,True,156
3,0,100,0.19243010805349128,173.0,True,156
3,0,100,0.17343286298264085,153.0,True,156
3,0,100,0.1757663036069126,141.0,True,156
3,0,100,0.16807268359340155,156.0,True,156
3,0,100,0.176185193951889,223.0,True,156
3,0,100,0.19561430946328587,399.0,False,156
3,0,100,0.17301410688689692,201.0,True,156
3,0,100,0.1610077382599721,183.0,True,156
3,0,100,0.17626127524035318,175.0,True,156
3,0,100,0.18634511824501188,152.0,True,156
3,0,100,0.16260848114011334,204.0,True,156
3,0,100,0.20295045780492763,204.0,False,156
3,0,100,0.17203841855128607,177.0,True,156
3,0,100,0.18773153873208243,312.0,False,156
3,0,100,0.16422408965893978,193.0,True,156
3,0,100,0.20151857895041825,109.0,True,156
3,0,100,0.16310571619081046,212.0,True,156
3,0,100,0.20328811421451798,166.0,False,156
3,0,100,0.19046434814992705,190.0,True,156
3,0,100,0.1996448611219724,222.0,True,156
3,0,100,0.19725750862010594,116.0,True,156
3,0,100,0.21042218707983767,201.0,True,156
3,0,100,0.19707559291963225,135.0,False,156
3,0,100,0.19713281938828617,166.0,False,156
3,0,100,0.21041698811702358,206.0,False,156
3,0,100,0.1958814975652066,182.0,True,156
3,0,100,0.1843548537109772,221.0,False,156
3,0,100,0.1912960261106491,132.0,True,156
3,0,100,0.1735479962482727,139.0,True,156
3,0,100,0.1657490957381944,229.0,True,156
3,0,100,0.17026248089740612,163.0,True,156
3,0,100,0.18213089497193047,230.0,True,156
3,0,100,0.18513561772939924,182.0,True,156
3,0,100,0.2188970092332588,159.0,False,156
3,0,100,0.19228817486181493,205.0,True,156
3,0,100,0.16943908892376885,191.0,True,156
3,0,100,0.23100249405871046,188.0,False,156
3,0,100,0.20422633988377842,184.0,True,156
3,0,100,0.20626363440834242,290.0,False,156
3,0,100,0.1793660222790962,215.0,True,156
3,0,100,0.21612105204870827,152.0,True,156
3,0,100,0.21633382597390344,170.0,True,156
3,0,100,0.2601264272709839,131.0,True,156
3,0,100,0.26423724819489613,123.0,True,156
3,0,100,0.17991398374751671,194.0,True,156
3,0,100,0.20745524846845204,180.0,True,156
3,0,100,0.17569432464929727,208.0,True,156
3,0,100,0.27909635798188676,228.0,True,156
3,0,100,0.21470417189512322,139.0,True,156
3,0,100,0.2655738525076783,471.0,False,156
3,0,100,0.2704641037250883,199.0,False,156
3,0,100,0.18489462072434631,230.0,True,156
3,0,100,0.20013267715584557,106.0,False,156
3,0,100,0.27395401437554445,114.0,True,156
3,0,100,0.18768792775356108,144.0,False,156
3,0,100,0.2001122708004233,211.0,True,156
3,0,100,0.22541223150033218,325.0,False,156
3,0,100,0.21486386940922847,215.0,False,156
3,0,100,0.20411863005054848,112.0,True,156
3,0,100,0.2640926727308677,260.0,True,156
3,0,100,0.21547762262821196,125.0,True,156
3,0,100,0.2544783453557117,363.0,False,156
3,0,100,0.27202293273616346,470.0,False,156
3,0,100,0.23937241083249114,266.0,False,156
3,0,100,0.23053888564214767,159.0,True,156
3,0,100,0.23789344661271394,335.0,False,156
3,0,100,0.21296717304932444,133.0,False,156
3,0,100,0.2471601011661383,39.0,False,156
3,0,100,0.2509707328689543,241.0,False,156
3,0,100,0.2379157983990499,694.0,False,156
3,0,100,0.23614140086902116,167.0,True,156
3,0,100,0.20439003885764143,184.0,True,156
3,0,100,0.21848530846613426,162.0,True,156
3,0,100,0.21624135018372145,244.0,True,156
3,0,100,0.20889784919249044,37.0,False,156
3,0,100,0.2154812193975961,242.0,True,156
3,0,100,0.2854080589622566,194.0,False,156
3,0,100,0.28176980282772673,220.0,False,156
3,0,100,0.234108662376037,169.0,False,156
3,0,100,0.23440500073604756,111.0,True,156
3,0,100,0.18892691939166098,165.0,True,156
3,0,100,0.2205309755430964,167.0,True,156
3,0,100,0.20823007447806668,219.0,True,156
3,0,100,0.2525792190661797,312.0,False,156
3,0,100,0.2357030531598462,180.0,True,156
3,0,100,0.18514112960181983,204.0,True,156
3,0,100,0.18201880109182653,187.0,True,156
3,0,100,0.1764115739900332,156.0,True,156
3,0,100,0.2206990932199088,88.0,True,156
3,0,100,0.19996667530426046,194.0,True,156
3,0,100,0.19638307172319164,230.0,False,156
3,0,100,0.2251309654657445,259.0,True,156
3,0,100,0.21007246543199587,117.0,True,156
4,0,150,0.2043637602644808,170.0,True,228
4,0,150,0.20140507753520087,187.0,False,228
4,0,150,0.2080933302640915,65.0,True,228
4,0,150,0.21905277922690622,253.0,False,228
4,0,150,0.1942813419710005,173.0,True,228
4,0,150,0.1855982467532158,184.0,True,228
4,0,150,0.20398678827202982,144.0,True,228
4,0,150,0.20265786135441635,146.0,True,228
4,0,150,0.18347105795254737,163.0,True,228
4,0,150,0.19235496575182134,220.0,False,228
4,0,150,0.2523719713438389,301.0,False,228
4,0,150,0.2575890189641482,154.0,False,228
4,0,150,0.21954779149286005,151.0,True,228
4,0,150,0.19192299246788025,92.0,False,228
4,0,150,0.21185026894200523,159.0,True,228
4,0,150,0.2018884800744979,181.0,True,228
4,0,150,0.19464380919652166,212.0,True,228
4,0,150,0.2013571594638386,174.0,True,228
4,0,150,0.21541720617275972,130.0,False,228
4,0,150,0.2094762460436932,172.0,False,228
4,0,150,0.1744198452864514,244.0,True,228
4,0,150,0.20670792811057148,136.0,True,228
4,0,150,0.19888429426998824,161.0,True,228
4,0,150,0.2147928919285944,146.0,False,228
4,0,150,0.1980572512203997,176.0,True,228
4,0,150,0.23381136109431586,168.0,False,228
4,0,150,0.23948740767370355,202.0,False,228
4,0,150,0.24647579333361458,510.0,False,228
4,0,150,0.20602222694490188,133.0,False,228
4,0,150,0.16731052823894693,239.0,True,228
4,0,150,0.18027155257669497,243.0,True,228
4,0,150,0.1831582036701221,206.0,True,228
4,0,150,0.2245354778236813,180.0,True,228
4,0,150,0.1871835931402738,244.0,False,228
4,0,150,0.2041164880168849,145.0,True,228
4,0,150,0.17345051369384715,228.0,True,228
4,0,150,0.21115333784054213,223.0,False,228
4,0,150,0.2175644409917567,137.0,True,228
4,0,150,0.19513222695358337,248.0,True,228
4,0,150,0.20043767827877895,139.0,True,228
4,0,150,0.21820778648058572,195.0,True,228
4,0,150,0.20856453582905887,171.0,True,228
4,0,150,0.19905084571851198,186.0,True,228
4,0,150,0.2392156433314085,200.0,False,228
4,0,150,0.19738000341989462,206.0,True,228
4,0,150,0.19752298904362545,186.0,True,228
4,0,150,0.2432921999379208,342.0,False,228
4,0,150,0.22640338740991742,445.0,False,228
4,0,150,0.18024809242558565,283.0,True,228
4,0,150,0.1934603334366159,267.0,True,228
4,0,150,0.17039532073033162,195.0,True,228
4,0,150,0.17521265173951786,180.0,True,228
4,0,150,0.18090765945267576,237.0,True,228
4,0,150,0.1983248150923796,114.0,True,228
4,0,150,0.16785806026852246,206.0,True,228
4,0,150,0.1686177484091671,174.0,True,228
4,0,150,0.18433330629182898,115.0,True,228
4,0,150,0.1737115033770685,177.0,True,228
4,0,150,0.17582588497063387,184.0,True,228
4,0,150,0.1721233262086478,127.0,True,228
4,0,150,0.1695894824950051,211.0,True,228
4,0,150,0.16832840088251474,185.0,True,228
4,0,150,0.20250306925421507,562.0,False,228
4,0,150,0.1687520397676004,185.0,True,228
4,0,150,0.16334138153807112,152.0,False,228
4,0,150,0.16893099774916967,150.0,False,228
4,0,150,0.17141108305165262,165.0,True,228
4,0,150,0.17307311643219594,159.0,True,228
4,0,150,0.17346313648990222,140.0,True,228
4,0,150,0.20434223685194464,102.0,False,228
4,0,150,0.2512561821840643,246.0,False,228
4,0,150,0.25417755441023754,260.0,True,228
4,0,150,0.1705931668014576,192.0,True,228
4,0,150,0.18635362899694285,122.0,False,228
4,0,150,0.1724784759794428,183.0,True,228
4,0,150,0.20561282694339753,125.0,True,228
4,0,150,0.20251030581338064,84.0,False,228
4,0,150,0.2408052421467645,175.0,False,228
4,0,150,0.23520134779123159,130.0,True,228
4,0,150,0.2059695305185275,222.0,True,228
4,0,150,0.18331015977970103,194.0,True,228
4,0,150,0.1821014529192134,152.0,True,228
4,0,150,0.21208757976459902,86.0,True,228
4,0,150,0.1730891331857027,172.0,True,228
4,0,150,0.17835180558167496,154.0,True,228
4,0,150,0.16811346360214094,191.0,True,228
4,0,150,0.1841264380552278,277.0,False,228
4,0,150,0.17053938249117648,221.0,True,228
4,0,150,0.18614258767265976,273.0,True,228
4,0,150,0.20392513977156745,225.0,True,228
4,0,150,0.24328465366138602,106.0,False,228
4,0,150,0.1737964657050642,176.0,True,228
4,0,150,0.1869784424433837,185.0,True,228
4,0,150,0.1790842720888611,133.0,True,228
4,0,150,0.20287729000991528,222.0,True,228
4,0,150,0.20420088901021385,177.0,True,228
4,0,150,0.17613625729625876,242.0,True,228
4,0,150,0.22325730331934215,183.0,False,228
4,0,150,0.1966346930958626,227.0,True,228
4,0,150,0.1760327109674874,304.0,False,228
4,0,150,0.18825838604459055,108.0,True,228
4,0,150,0.23009839302135837,144.0,True,228
4,0,150,0.17154305405689008,165.0,True,228
4,0,150,0.17212484922559781,174.0,True,228
4,0,150,0.19962334000536436,271.0,False,228
4,0,150,0.2017084562826736,247.0,False,228
4,0,150,0.17556388647873192,158.0,True,228
4,0,150,0.16220790961304227,185.0,True,228
4,0,150,0.19302907749647047,82.0,False,228
4,0,150,0.17663795302712149,248.0,True,228
4,0,150,0.18700689595881675,319.0,True,228
4,0,150,0.19501802729629672,269.0,True,228
4,0,150,0.19584541726769425,127.0,True,228
4,0,150,0.19127211022984097,216.0,True,228
4,0,150,0.16254099800780014,185.0,True,228
4,0,150,0.1744139521060703,214.0,True,228
4,0,150,0.2760615992758955,560.0,False,228
4,0,150,0.20674129710956055,220.0,True,228
4,0,150,0.2198726088880635,139.0,True,228
4,0,150,0.22519001945272668,154.0,False,228
4,0,150,0.17335780948729804,181.0,True,228
4,0,150,0.24003410676592274,190.0,True,228
4,0,150,0.17047682165315275,190.0,True,228
4,0,150,0.1852086437375922,152.0,True,228
4,0,150,0.18375250581238006,180.0,True,228
4,0,150,0.19565541403634207,119.0,True,228
4,0,150,0.21120014256901212,135.0,False,228
4,0,150,0.17664894436050382,233.0,True,228
4,0,150,0.1989620482393851,192.0,True,228
4,0,150,0.193351257744254,319.0,False,228
4,0,150,0.20355542118732745,52.0,False,228
4,0,150,0.208831261751687,203.0,False,228
4,0,150,0.17671874737897456,151.0,True,228
4,0,150,0.16389736590477136,156.0,True,228
4,0,150,0.21937379691299502,182.0,True,228
4,0,150,0.18970798944001613,184.0,True,228
4,0,150,0.21042964513440734,206.0,True,228
4,0,150,0.19911137102423487,185.0,True,228
4,0,150,0.2116188201411017,145.0,True,228
4,0,150,0.2394722660226146,127.0,False,228
4,0,150,0.21142687810724284,294.0,False,228
4,0,150,0.215990139465583,133.0,False,228
4,0,150,0.22827870520462554,251.0,True,228
4,0,150,0.19493921101093292,148.0,True,228
4,0,150,0.18035833691516198,242.0,True,228
4,0,150,0.2599349628429155,185.0,False,228
4,0,150,0.3006271723137107,93.0,False,228
4,0,150,0.20356670249910916,170.0,True,228
4,0,150,0.25345027205432474,247.0,True,228
4,0,150,0.23131958861252788,267.0,False,228
4,0,150,0.2649771985372258,227.0,True,228
4,0,150,0.19670883849473067,213.0,True,228
4,0,150,0.25644240475126673,168.0,False,228
4,0,150,0.2123561165865185,206.0,False,228
4,0,150,0.22971552950995308,140.0,True,228
4,0,150,0.20539464096548737,186.0,True,228
4,0,150,0.19337471214032942,155.0,True,228
4,0,150,0.2042915890313158,99.0,False,228
4,0,150,0.2123878063591382,131.0,True,228
4,0,150,0.26182464106476366,406.0,False,228
4,0,150,0.2284637890432192,115.0,False,228
4,0,150,0.20064522663042658,84.0,True,228
4,0,150,0.2501483686441599,215.0,False,228
4,0,150,0.25168064369744986,459.0,False,228
4,0,150,0.18155932583306966,171.0,True,228
4,0,150,0.22638625192398928,245.0,True,228
4,0,150,0.23691121510096957,350.0,False,228
4,0,150,0.22419845427979124,220.0,True,228
4,0,150,0.2310635376445673,216.0,True,228
4,0,150,0.2041060514082866,224.0,False,228
4,0,150,0.1840583676541293,27.0,False,228
4,0,150,0.24053967839137905,541.0,False,228
4,0,150,0.19842665748936789,119.0,True,228
4,0,150,0.20669420213917453,317.0,True,228
4,0,150,0.2120311727934477,209.0,True,228
4,0,150,0.23461431287979895,129.0,True,228
4,0,150,0.19578213281428333,223.0,True,228
4,0,150,0.2208628761234568,134.0,True,228
4,0,150,0.23576955820700918,129.0,True,228
4,0,150,0.19313439716895422,150.0,True,228
4,0,150,0.2145264009906821,73.0,True,228
4,0,150,0.2025813065379499,249.0,True,228
4,0,150,0.255642829991964,257.0,False,228
4,0,150,0.24579271342527972,337.0,False,228
4,0,150,0.2597411533081254,172.0,True,228
4,0,150,0.22696589521872693,195.0,True,228
4,0,150,0.16782156102461357,146.0,True,228
4,0,150,0.17290303246541458,264.0,True,228
4,0,150,0.1787064878800728,179.0,True,228
4,0,150,0.2068613577754267,62.0,True,228
4,0,150,0.18797642500411235,223.0,True,228
4,0,150,0.23244594519882533,173.0,True,228
4,0,150,0.2235920059848839,142.0,True,228
4,0,150,0.24668740340764972,138.0,True,228
4,0,150,0.23799843832909354,253.0,True,228
4,0,150,0.20917443616522682,180.0,True,228
4,0,150,0.21437691770634562,53.0,False,228
4,0,150,0.2089888115987083,151.0,False,228
4,0,150,0.21683819799483578,79.0,True,228
4,0,150,0.1924060979994332,205.0,True,228
4,0,150,0.17598665273189545,125.0,True,228
4,0,150,0.18094397085147668,181.0,True,228
4,0,150,0.17020808237570303,135.0,True,228
4,0,150,0.16247578538381136,156.0,True,228
4,0,150,0.18906843822489502,186.0,True,228
4,0,150,0.19224851060567832,164.0,True,228
5,1,1,0.23384226337075234,140.0,False,139
5,1,1,0.2487843039177232,118.0,True,139
5,1,1,0.2405318925778071,210.0,True,139
5,1,1,0.25684074589805883,137.0,False,139
5,1,1,0.2397189023239272,224.0,True,139
5,1,1,0.2435715633219686,145.0,True,139
5,1,1,0.24920841612725494,343.0,True,139
5,1,1,0.21057556422483256,233.0,True,139
5,1,1,0.20314059552291167,184.0,True,139
5,1,1,0.18665469199301227,253.0,True,139
5,1,1,0.20297293690429336,174.0,True,139
5,1,1,0.2570833448153823,134.0,True,139
5,1,1,0.19237995897569965,155.0,True,139
5,1,1,0.21090389388566577,179.0,True,139
5,1,1,0.22895451799615638,154.0,True,139
5,1,1,0.2696015032787402,722.0,False,139
5,1,1,0.2345599698714721,195.0,True,139
5,1,1,0.1967018515277071,147.0,True,139
5,1,1,0.2551194978314777,215.0,True,139
5,1,1,0.25452656945413793,121.0,True,139
5,1,1,0.24870974482387626,93.0,False,139
5,1,1,0.24814825427609605,154.0,True,139
5,1,1,0.26132676906669905,453.0,False,139
5,1,1,0.21430070933542752,152.0,True,139
5,1,1,0.22200885377824306,120.0,True,139
5,1,1,0.18530750488862396,160.0,True,139
5,1,1,0.1831121904732183,172.0,True,139
5,1,1,0.2212142342585696,209.0,True,139
5,1,1,0.20363579790464184,149.0,True,139
5,1,1,0.22946912107194306,157.0,True,139
5,1,1,0.2446846924149073,130.0,True,139
5,1,1,0.1745863368333374,181.0,True,139
5,1,1,0.2531732676214859,122.0,True,139
5,1,1,0.1962409638552274,207.0,True,139
5,1,1,0.17515776340778058,195.0,True,139
5,1,1,0.23580776316964108,138.0,True,139
5,1,1,0.26421899180859326,240.0,False,139
5,1,1,0.2531576721084039,151.0,False,139
5,1,1,0.22735126678631684,107.0,True,139
5,1,1,0.1858146127599936,156.0,True,139
5,1,1,0.20897808285003686,166.0,True,139
5,1,1,0.20474255362461352,145.0,True,139
5,1,1,0.20491997271098875,176.0,True,139
5,1,1,0.20651151850185495,188.0,True,139
5,1,1,0.23899095132946968,104.0,True,139
5,1,1,0.22386360219256443,88.0,False,139
5,1,1,0.19008082158006398,226.0,True,139
5,1,1,0.2042502131080255,128.0,True,139
5,1,1,0.2064653575230556,157.0,True,139
5,1,1,0.25162416948906835,124.0,True,139
5,1,1,0.22293634329722306,214.0,True,139
5,1,1,0.21271727369056911,127.0,True,139
5,1,1,0.2092015620792049,174.0,True,139
5,1,1,0.17931233899495036,194.0,True,139
5,1,1,0.23208987824898913,133.0,True,139
5,1,1,0.19363722393046254,230.0,True,139
5,1,1,0.18191243900042592,132.0,True,139
5,1,1,0.19311741611053204,174.0,True,139
5,1,1,0.2577828268325606,430.0,True,139
5,1,1,0.20205877388632576,215.0,True,139
5,1,1,0.25048300614667013,323.0,False,139
5,1,1,0.1897489627542561,146.0,True,139
5,1,1,0.24271367125067056,204.0,True,139
5,1,1,0.16816675632164396,145.0,True,139
5,1,1,0.20000097558011104,137.0,True,139
5,1,1,0.20342056547539145,158.0,True,139
5,1,1,0.21543259356970562,191.0,True,139
5,1,1,0.19921668391260836,216.0,True,139
5,1,1,0.19573879233279892,172.0,True,139
5,1,1,0.21697264249998194,131.0,True,139
5,1,1,0.19823922347277403,160.0,True,139
5,1,1,0.17862806714350177,155.0,True,139
5,1,1,0.18913793329098452,146.0,True,139
5,1,1,0.2103350131192069,138.0,True,139
5,1,1,0.2396059926859168,129.0,True,139
5,1,1,0.236693395411267,221.0,True,139
5,1,1,0.17396557964191536,193.0,False,139
5,1,1,0.18058468144855752,151.0,True,139
5,1,1,0.23836057283440415,147.0,True,139
5,1,1,0.16144015756813254,185.0,True,139
5,1,1,0.20486981024040035,163.0,True,139
5,1,1,0.18258001343455427,172.0,True,139
5,1,1,0.26886449083685876,200.0,True,139
5,1,1,0.19668840996499332,159.0,True,139
5,1,1,0.2765074718126001,187.0,True,139
5,1,1,0.24307340094819666,160.0,True,139
5,1,1,0.17012407199756518,185.0,True,139
5,1,1,0.18160710384735482,173.0,True,139
5,1,1,0.1867503128472091,173.0,True,139
5,1,1,0.2540704344195881,174.0,False,139
5,1,1,0.2538338000971847,163.0,True,139
5,1,1,0.2719993890746485,316.0,True,139
5,1,1,0.20410428643226625,200.0,True,139
5,1,1,0.21000331710532028,106.0,False,139
5,1,1,0.21098665687806753,196.0,True,139
5,1,1,0.26656012810193574,52.0,False,139
5,1,1,0.21203943382123272,167.0,True,139
5,1,1,0.22002589295236327,139.0,True,139
5,1,1,0.27550634473719926,189.0,True,139
5,1,1,0.26625538495631,153.0,True,139
5,1,1,0.2569533198312589,157.0,True,139
5,1,1,0.23879037847454915,149.0,True,139
5,1,1,0.2441985380920497,110.0,True,139
5,1,1,0.23557586822567916,123.0,True,139
5,1,1,0.2513181884469611,178.0,False,139
5,1,1,0.22331616108956404,146.0,True,139
5,1,1,0.23754686398522837,143.0,True,139
5,1,1,0.22981604261855995,224.0,True,139
5,1,1,0.2561946977910243,152.0,True,139
5,1,1,0.25038433348869577,136.0,True,139
5,1,1,0.2426975443228787,204.0,True,139
5,1,1,0.24341677215903304,258.0,False,139
5,1,1,0.24447093472669,114.0,True,139
5,1,1,0.22135770922669998,208.0,True,139
5,1,1,0.2134212214994982,173.0,True,139
5,1,1,0.2241060801805594,195.0,True,139
5,1,1,0.2055546981723685,190.0,True,139
5,1,1,0.22255725138646396,187.0,True,139
5,1,1,0.23865669675171375,200.0,True,139
5,1,1,0.26860886544753343,117.0,False,139
5,1,1,0.24792172276276223,188.0,True,139
5,1,1,0.26500886025012665,212.0,False,139
5,1,1,0.25927872346206143,66.0,True,139
5,1,1,0.21186671001570564,175.0,True,139
5,1,1,0.22474512140157865,197.0,True,139
5,1,1,0.23497849985054045,132.0,False,139
5,1,1,0.24241112725636393,97.0,False,139
6,1,10,0.20394170310413628,114.0,True,146
6,1,10,0.23266495423233924,201.0,True,146
6,1,10,0.24263720987540371,212.0,True,146
6,1,10,0.24861817200731787,161.0,True,146
6,1,10,0.2121170372238958,191.0,True,146
6,1,10,0.2350313341295397,222.0,True,146
6,1,10,0.2192414993180909,179.0,True,146
6,1,10,0.2503053244849867,242.0,True,146
6,1,10,0.20372721938924357,220.0,True,146
6,1,10,0.2146895310458015,170.0,False,146
6,1,10,0.21391597739532234,209.0,True,146
6,1,10,0.24086580075058542,253.0,True,146
6,1,10,0.18044410507988046,162.0,True,146
6,1,10,0.2203541259139271,177.0,True,146
6,1,10,0.1957635477833126,161.0,True,146
6,1,10,0.22230201311062037,193.0,True,146
6,1,10,0.27060672843500094,816.0,False,146
6,1,10,0.24485855701165798,231.0,True,146
6,1,10,0.22280249068903368,215.0,True,146
6,1,10,0.20748759113566975,142.0,True,146
6,1,10,0.2511610338627468,217.0,True,146
6,1,10,0.22392467715623188,163.0,True,146
6,1,10,0.17567945528797238,171.0,True,146
6,1,10,0.17991823099459273,158.0,True,146
6,1,10,0.2423169071107735,486.0,False,146
6,1,10,0.22920657419566567,141.0,True,146
6,1,10,0.2237078853779369,198.0,True,146
6,1,10,0.21503549688298937,142.0,True,146
6,1,10,0.169402043734278,147.0,True,146
6,1,10,0.20275309736078437,165.0,True,146
6,1,10,0.1731050796046549,147.0,True,146
6,1,10,0.21907212915299815,158.0,True,146
6,1,10,0.23127278894375844,157.0,True,146
6,1,10,0.17919590388951095,138.0,True,146
6,1,10,0.21317387048928244,159.0,True,146
6,1,10,0.17722447691302673,204.0,True,146
6,1,10,0.18275970666208,214.0,True,146
6,1,10,0.2120512845650525,142.0,True,146
6,1,10,0.22387892357463943,179.0,True,146
6,1,10,0.19306980999949064,193.0,True,146
6,1,10,0.20226644244662093,163.0,True,146
6,1,10,0.16565294923089074,141.0,True,146
6,1,10,0.21005453088066794,165.0,True,146
6,1,10,0.18398398013154338,121.0,False,146
6,1,10,0.21641502881775032,148.0,True,146
6,1,10,0.2443403392098844,128.0,True,146
6,1,10,0.19794630001370722,156.0,True,146
6,1,10,0.184729009936673,213.0,True,146
6,1,10,0.19835162142227436,145.0,True,146
6,1,10,0.24585910949935305,188.0,True,146
6,1,10,0.254534714974013,149.0,True,146
6,1,10,0.19625760761625838,132.0,True,146
6,1,10,0.23974794521927834,136.0,True,146
6,1,10,0.22337657868586205,216.0,True,146
6,1,10,0.18108515154432367,135.0,True,146
6,1,10,0.18737936531654512,198.0,True,146
6,1,10,0.21935753978246095,151.0,True,146
6,1,10,0.25180942113817173,137.0,True,146
6,1,10,0.20725007355213165,158.0,True,146
6,1,10,0.24562959772135531,336.0,False,146
6,1,10,0.2522511360457706,197.0,False,146
6,1,10,0.18561777361529938,94.0,True,146
6,1,10,0.22992999747961382,158.0,True,146
6,1,10,0.21681750942748856,251.0,True,146
6,1,10,0.27742326392659117,392.0,True,146
6,1,10,0.20276507709109992,171.0,True,146
6,1,10,0.18659721985459327,160.0,True,146
6,1,10,0.2372773841296861,218.0,True,146
6,1,10,0.16355505595807315,147.0,True,146
6,1,10,0.24599899297520036,248.0,True,146
6,1,10,0.17469910283883414,135.0,True,146
6,1,10,0.20842118749890146,237.0,True,146
6,1,10,0.23220086186679442,134.0,True,146
6,1,10,0.1974668575184686,175.0,True,146
6,1,10,0.24444796923668155,155.0,True,146
6,1,10,0.18735263862706333,173.0,True,146
6,1,10,0.20847109245146558,183.0,True,146
6,1,10,0.17735919593236385,195.0,True,146
6,1,10,0.22055477878582552,159.0,True,146
6,1,10,0.20396598584171552,134.0,True,146
6,1,10,0.23107795019944508,60.0,True,146
6,1,10,0.22281957363866897,166.0,True,146
6,1,10,0.21454491746341084,141.0,True,146
6,1,10,0.2546882380185456,116.0,True,146
6,1,10,0.2590561675883475,42.0,False,146
6,1,10,0.18449289636576877,204.0,True,146
6,1,10,0.1865368070280027,159.0,True,146
6,1,10,0.23153098503504793,163.0,True,146
6,1,10,0.17820012359282908,156.0,True,146
6,1,10,0.16135966851895686,181.0,True,146
6,1,10,0.1953110702983711,184.0,True,146
6,1,10,0.18285103486850857,160.0,True,146
6,1,10,0.17157401672818445,220.0,True,146
6,1,10,0.22870654960473377,150.0,True,146
6,1,10,0.26817477027946546,214.0,True,146
6,1,10,0.19854268107725226,161.0,True,146
6,1,10,0.1914297977219457,138.0,False,146
6,1,10,0.19675931861304274,99.0,False,146
6,1,10,0.1823401332578876,220.0,True,146
6,1,10,0.20052943576026608,185.0,True,146
6,1,10,0.2587545618133725,212.0,False,146
6,1,10,0.2488275427647211,216.0,True,146
6,1,10,0.2684818682378357,412.0,True,146
6,1,10,0.2263716536004152,134.0,True,146
6,1,10,0.2258706245571375,80.0,False,146
6,1,10,0.23182193847658397,222.0,True,146
6,1,10,0.2486288868878261,83.0,False,146
6,1,10,0.1905707363849101,230.0,True,146
6,1,10,0.2646236211061478,100.0,False,146
6,1,10,0.18736061657595837,234.0,True,146
6,1,10,0.28071787808185966,195.0,True,146
6,1,10,0.2807968427096644,248.0,True,146
6,1,10,0.2235514077900061,134.0,True,146
6,1,10,0.21396829400743758,161.0,True,146
6,1,10,0.2489364193036006,195.0,True,146
6,1,10,0.2366930410354095,169.0,True,146
6,1,10,0.22064459406667286,144.0,True,146
6,1,10,0.2347806466477258,70.0,False,146
6,1,10,0.2114258316301164,105.0,False,146
6,1,10,0.24713933598704454,205.0,True,146
6,1,10,0.19453933710853258,168.0,True,146
6,1,10,0.22307037517724448,151.0,True,146
6,1,10,0.24519659578800201,115.0,True,146
6,1,10,0.2367161772378678,243.0,True,146
6,1,10,0.22592226527337952,127.0,True,146
6,1,10,0.2433133349902388,207.0,True,146
6,1,10,0.23264291993809932,241.0,True,146
6,1,10,0.2268005218770769,45.0,False,146
6,1,10,0.2519448200861613,225.0,True,146
6,1,10,0.23043470269465072,254.0,True,146
6,1,10,0.24833870082313478,191.0,True,146
6,1,10,0.21000439964912154,220.0,True,146
6,1,10,0.2120786410872288,217.0,True,146
6,1,10,0.24724681983733998,203.0,True,146
6,1,10,0.24532284322790626,211.0,True,146
6,1,10,0.27234579622745514,160.0,True,146
6,1,10,0.24170078229658382,97.0,True,146
6,1,10,0.24158767442549428,186.0,True,146
6,1,10,0.2295814050225223,164.0,True,146
6,1,10,0.2585375727427126,99.0,True,146
6,1,10,0.24103305835838187,146.0,True,146
6,1,10,0.24904911993425102,158.0,True,146
6,1,10,0.2250471447466635,204.0,True,146
6,1,10,0.24013401720768365,156.0,False,146
6,1,10,0.24607228763175734,165.0,False,146
6,1,10,0.2321614403100241,126.0,True,146
6,1,10,0.20792119431754816,92.0,False,146
7,1,50,0.2108395906624856,77.0,False,199
7,1,50,0.20706510967483707,204.0,True,199
7,1,50,0.19715244601388554,182.0,True,199
7,1,50,0.19806722208273178,204.0,True,199
7,1,50,0.23898697360830717,746.0,False,199
7,1,50,0.20891891514090286,174.0,True,199
7,1,50,0.16137972499613892,146.0,True,199
7,1,50,0.17303981037533028,188.0,True,199
7,1,50,0.1699576195502697,172.0,True,199
7,1,50,0.1676296524165832,194.0,True,199
7,1,50,0.2007601675252582,172.0,True,199
7,1,50,0.1879119496596487,152.0,True,199
7,1,50,0.1746971893052642,208.0,True,199
7,1,50,0.1726698780415255,218.0,True,199
7,1,50,0.16857397157166684,224.0,True,199
7,1,50,0.22844305784877286,327.0,True,199
7,1,50,0.20347475803504556,177.0,True,199
7,1,50,0.22670297702859502,197.0,True,199
7,1,50,0.25716349048273907,175.0,False,199
7,1,50,0.25541628055371246,154.0,False,199
7,1,50,0.19860733531415461,200.0,True,199
7,1,50,0.23715167987991023,185.0,True,199
7,1,50,0.24221645208393655,205.0,True,199
7,1,50,0.15755118029873547,164.0,False,199
7,1,50,0.233535474975115,806.0,False,199
7,1,50,0.2397703174417375,221.0,True,199
7,1,50,0.19127396736727204,172.0,True,199
7,1,50,0.16124590172849854,145.0,True,199
7,1,50,0.22713078711229034,790.0,False,199
7,1,50,0.23830431506440447,185.0,False,199
7,1,50,0.2394892880410859,264.0,True,199
7,1,50,0.18799350731488731,144.0,False,199
7,1,50,0.1751391604710161,267.0,True,199
7,1,50,0.20087982261923037,257.0,True,199
7,1,50,0.19188389879301054,218.0,True,199
7,1,50,0.16988855460468605,245.0,True,199
7,1,50,0.17781871570906507,109.0,False,199
7,1,50,0.18514555262831542,208.0,True,199
7,1,50,0.24661526755317226,182.0,True,199
7,1,50,0.22673477840423584,125.0,True,199
7,1,50,0.18195366526537754,94.0,True,199
7,1,50,0.19064058261628478,161.0,True,199
7,1,50,0.15909538182520097,155.0,True,199
7,1,50,0.18465706389183287,174.0,True,199
7,1,50,0.16989696317248873,225.0,True,199
7,1,50,0.19791273431468556,131.0,True,199
7,1,50,0.17629101235889694,206.0,True,199
7,1,50,0.2118538010526787,220.0,True,199
7,1,50,0.21677288631876032,143.0,True,199
7,1,50,0.19925589953035516,223.0,True,199
7,1,50,0.1840603315076338,253.0,True,199
7,1,50,0.22345170484581575,197.0,True,199
7,1,50,0.2077236472141175,210.0,True,199
7,1,50,0.15873724480672757,147.0,True,199
7,1,50,0.1645742785827867,174.0,True,199
7,1,50,0.16044422040383022,240.0,True,199
7,1,50,0.17510000098175205,197.0,True,199
7,1,50,0.21171447355300188,400.0,False,199
7,1,50,0.2044764418195892,182.0,True,199
7,1,50,0.20905859028332985,149.0,True,199
7,1,50,0.24860763977816763,94.0,False,199
7,1,50,0.20850800964611255,151.0,True,199
7,1,50,0.1973710423335433,96.0,True,199
7,1,50,0.1835520310748008,217.0,True,199
7,1,50,0.21944884238940365,106.0,True,199
7,1,50,0.178816003666725,256.0,True,199
7,1,50,0.210142645410129,175.0,True,199
7,1,50,0.20610538835919232,218.0,True,199
7,1,50,0.2091931328177452,122.0,False,199
7,1,50,0.16859190713386146,147.0,True,199
7,1,50,0.20291284393969472,364.0,False,199
7,1,50,0.17234474357473786,189.0,True,199
7,1,50,0.1571357688970036,144.0,True,199
7,1,50,0.1799958488689019,104.0,False,199
7,1,50,0.1725638775631439,172.0,True,199
7,1,50,0.18280452381301399,151.0,True,199
7,1,50,0.16624092688163122,150.0,True,199
7,1,50,0.2458330018760896,337.0,True,199
7,1,50,0.1777200677971931,157.0,True,199
7,1,50,0.17776539304921793,215.0,True,199
7,1,50,0.19045206369497839,117.0,True,199
7,1,50,0.159246347530892,190.0,True,199
7,1,50,0.19470633430088438,164.0,False,199
7,1,50,0.1967463040103515,216.0,True,199
7,1,50,0.22769508448086287,190.0,False,199
7,1,50,0.20059535639912057,179.0,True,199
7,1,50,0.1696212050442251,193.0,True,199
7,1,50,0.21813113616572485,225.0,True,199
7,1,50,0.24369556566943293,115.0,False,199
7,1,50,0.1962057998001838,227.0,True,199
7,1,50,0.1795931241222631,107.0,False,199
7,1,50,0.22133998216780942,113.0,False,199
7,1,50,0.16701303453495106,192.0,True,199
7,1,50,0.20320604178146343,201.0,True,199
7,1,50,0.16974818203712533,163.0,True,199
7,1,50,0.1721998025786202,106.0,False,199
7,1,50,0.18009274041368847,210.0,True,199
7,1,50,0.1918501261590926,242.0,True,199
7,1,50,0.1728013689512188,206.0,True,199
7,1,50,0.17198709854439123,201.0,True,199
7,1,50,0.17760092165973998,194.0,True,199
7,1,50,0.17785216861939335,249.0,True,199
7,1,50,0.19676654798085572,183.0,True,199
7,1,50,0.2287201430768736,124.0,False,199
7,1,50,0.1629254799878713,206.0,True,199
7,1,50,0.17556337113970907,214.0,True,199
7,1,50,0.16040113524692814,205.0,True,199
7,1,50,0.20984053772229413,195.0,True,199
7,1,50,0.2622298791271741,61.0,False,199
7,1,50,0.22021448038199531,257.0,False,199
7,1,50,0.1922280216516729,179.0,True,199
7,1,50,0.1928875838970616,274.0,False,199
7,1,50,0.18390596099197865,152.0,True,199
7,1,50,0.2143955946867836,232.0,True,199
7,1,50,0.1618491367004705,209.0,True,199
7,1,50,0.17669004162822324,267.0,True,199
7,1,50,0.16173949928747283,180.0,True,199
7,1,50,0.17683627858255688,178.0,True,199
7,1,50,0.23605493181630186,57.0,False,199
7,1,50,0.18929674358389495,221.0,True,199
7,1,50,0.17698031423553343,186.0,True,199
7,1,50,0.22178066074848174,175.0,True,199
7,1,50,0.17944272328168154,224.0,True,199
7,1,50,0.223702625102467,180.0,True,199
7,1,50,0.20356592782680563,151.0,True,199
7,1,50,0.26201328148885433,383.0,False,199
7,1,50,0.2581254311327664,159.0,True,199
7,1,50,0.1673919361778152,231.0,True,199
7,1,50,0.20842755930216023,264.0,True,199
7,1,50,0.21400766533666424,224.0,True,199
7,1,50,0.2274642426135211,232.0,False,199
7,1,50,0.21577234426513314,32.0,False,199
7,1,50,0.1723567652516067,160.0,False,199
7,1,50,0.21940961498166284,248.0,True,199
7,1,50,0.20455854480916805,275.0,True,199
7,1,50,0.2486256511349763,336.0,True,199
7,1,50,0.19893030249155486,169.0,True,199
7,1,50,0.18781508046847123,169.0,False,199
7,1,50,0.2037288006018048,247.0,False,199
7,1,50,0.1935656636332472,240.0,True,199
7,1,50,0.2327394325153104,224.0,False,199
7,1,50,0.21184236359544648,231.0,True,199
7,1,50,0.19991234419684784,204.0,True,199
7,1,50,0.2633780952332155,106.0,False,199
7,1,50,0.19138560846947025,209.0,True,199
7,1,50,0.2408318059066686,243.0,False,199
7,1,50,0.25411986386289404,245.0,False,199
7,1,50,0.19714448971951262,235.0,True,199
7,1,50,0.2944162283979711,84.0,False,199
7,1,50,0.20011189380450228,239.0,True,199
7,1,50,0.22425522600732198,82.0,False,199
7,1,50,0.22824554101509206,102.0,True,199
7,1,50,0.19160390716025283,179.0,True,199
7,1,50,0.2561354156687995,107.0,False,199
7,1,50,0.18072018750871605,208.0,True,199
7,1,50,0.22765003597619488,204.0,True,199
7,1,50,0.19761369039770216,256.0,True,199
7,1,50,0.18171119682777387,208.0,True,199
7,1,50,0.21890725816289583,192.0,True,199
7,1,50,0.2039966517117586,178.0,True,199
7,1,50,0.2003560109898962,232.0,True,199
7,1,50,0.22353445652585763,208.0,True,199
7,1,50,0.2784231302156102,854.0,False,199
7,1,50,0.2846126062677631,632.0,False,199
7,1,50,0.23605392564987315,319.0,True,199
7,1,50,0.20962893089343762,232.0,True,199
7,1,50,0.19928551011386958,174.0,False,199
7,1,50,0.20309289562992933,164.0,True,199
7,1,50,0.21849822517626924,183.0,True,199
7,1,50,0.2595347327135858,210.0,False,199
7,1,50,0.28198801377151583,79.0,False,199
7,1,50,0.2255560921825421,314.0,False,199
7,1,50,0.2284908276484456,172.0,True,199
7,1,50,0.19073566896204622,161.0,True,199
7,1,50,0.1912767193129947,248.0,True,199
7,1,50,0.19580959524863806,195.0,True,199
7,1,50,0.21736819065008006,61.0,False,199
7,1,50,0.20992317174871764,48.0,False,199
7,1,50,0.17913286908940002,143.0,True,199
7,1,50,0.26207785120925065,159.0,True,199
7,1,50,0.19777930349531309,284.0,False,199
7,1,50,0.20658780440688132,100.0,False,199
7,1,50,0.23232673083906932,302.0,True,199
7,1,50,0.2143038985056755,195.0,True,199
7,1,50,0.2467052758567863,144.0,True,199
7,1,50,0.22171927891184937,199.0,True,199
7,1,50,0.1988829327847368,186.0,True,199
7,1,50,0.20576316662349148,241.0,True,199
7,1,50,0.19819083854113476,202.0,False,199
7,1,50,0.217039851085195,212.0,False,199
7,1,50,0.29145612342963145,63.0,False,199
7,1,50,0.2151466752588749,100.0,True,199
7,1,50,0.19553484641156108,53.0,False,199
7,1,50,0.20473270881921052,80.0,True,199
7,1,50,0.22857582323329964,97.0,False,199
7,1,50,0.23285264837922473,66.0,True,199
7,1,50,0.24819863930581107,63.0,False,199
8,1,100,0.22918540380980126,263.0,True,314
8,1,100,0.18353124767068832,126.0,True,314
8,1,100,0.21366188646350776,181.0,True,314
8,1,100,0.1741888471718492,87.0,False,314
8,1,100,0.18968645424553843,165.0,True,314
8,1,100,0.23596708489730295,339.0,True,314
8,1,100,0.1882819960128914,206.0,True,314
8,1,100,0.20562530805667242,144.0,True,314
8,1,100,0.21771214000276617,185.0,True,314
8,1,100,0.16389413755951507,165.0,True,314
8,1,100,0.24079155557685428,315.0,True,314
8,1,100,0.2348842609162424,102.0,False,314
8,1,100,0.20186708805461726,72.0,False,314
8,1,100,0.18717897213807627,238.0,True,314
8,1,100,0.18436567682140279,159.0,True,314
8,1,100,0.16957057743650122,194.0,True,314
8,1,100,0.22741592652344889,516.0,False,314
8,1,100,0.20642476677894592,170.0,True,314
8,1,100,0.20607385817065574,228.0,False,314
8,1,100,0.18900395600826708,231.0,True,314
8,1,100,0.16768762104861115,184.0,True,314
8,1,100,0.17232411691587265,146.0,True,314
8,1,100,0.18395343494333632,146.0,True,314
8,1,100,0.19967187698930502,240.0,True,314
8,1,100,0.25040601651711636,166.0,True,314
8,1,100,0.23233375556705413,121.0,False,314
8,1,100,0.20158776606103326,257.0,True,314
8,1,100,0.18531445467472077,125.0,True,314
8,1,100,0.16647880734330384,181.0,True,314
8,1,100,0.2074217156290568,271.0,True,314
8,1,100,0.20892822029797928,69.0,True,314
8,1,100,0.18839322257082206,296.0,True,314
8,1,100,0.2386695703472754,396.0,False,314
8,1,100,0.21663565665818332,356.0,True,314
8,1,100,0.23862593515394293,261.0,False,314
8,1,100,0.1985717691940154,211.0,True,314
8,1,100,0.22634996513002797,190.0,True,314
8,1,100,0.2214134293488967,156.0,True,314
8,1,100,0.20804984332288354,103.0,True,314
8,1,100,0.17599341829321277,134.0,False,314
8,1,100,0.2088724830528585,205.0,True,314
8,1,100,0.20717457943892742,182.0,True,314
8,1,100,0.19165297136420295,210.0,True,314
8,1,100,0.18219061151082935,233.0,True,314
8,1,100,0.17795094834314867,223.0,True,314
8,1,100,0.20923010233724326,228.0,True,314
8,1,100,0.22602066005148538,205.0,False,314
8,1,100,0.21376286522816804,59.0,False,314
8,1,100,0.2542208056503804,199.0,True,314
8,1,100,0.18423820607205654,235.0,True,314
8,1,100,0.1958763454247404,270.0,True,314
8,1,100,0.18404983722756052,117.0,False,314
8,1,100,0.1859602487798947,67.0,False,314
8,1,100,0.16740226028662808,212.0,True,314
8,1,100,0.19466368290218147,222.0,True,314
8,1,100,0.20019263240533905,148.0,True,314
8,1,100,0.25226803342578036,259.0,False,314
8,1,100,0.22121464305341582,354.0,False,314
8,1,100,0.20533604177360984,297.0,True,314
8,1,100,0.22606280283863042,147.0,False,314
8,1,100,0.20678317651048406,143.0,True,314
8,1,100,0.24326140866126625,639.0,True,314
8,1,100,0.20155644700916825,257.0,True,314
8,1,100,0.18192337777080206,290.0,True,314
8,1,100,0.1773068548370433,186.0,True,314
8,1,100,0.2014387794064753,264.0,True,314
8,1,100,0.2144983776002062,253.0,True,314
8,1,100,0.1880687052075238,187.0,True,314
8,1,100,0.18481415411845076,197.0,True,314
8,1,100,0.20684304572323448,234.0,True,314
8,1,100,0.18602200778631064,325.0,True,314
8,1,100,0.18438548537401053,247.0,True,314
8,1,100,0.19681138397023387,392.0,False,314
8,1,100,0.1688945900009136,198.0,True,314
8,1,100,0.17906628187526674,136.0,True,314
8,1,100,0.20064605324646162,183.0,True,314
8,1,100,0.19119120282786234,217.0,True,314
8,1,100,0.17617524545744986,354.0,False,314
8,1,100,0.23864888357666303,742.0,False,314
8,1,100,0.2087611130388208,258.0,True,314
8,1,100,0.17537039713781388,427.0,True,314
8,1,100,0.223544484793359,229.0,False,314
8,1,100,0.21256416045092597,203.0,True,314
8,1,100,0.20372678078971543,143.0,True,314
8,1,100,0.265044653683566,267.0,False,314
8,1,100,0.23120911814007364,253.0,True,314
8,1,100,0.24356940092302817,181.0,True,314
8,1,100,0.21535785189933246,180.0,True,314
8,1,100,0.23081749284042502,106.0,False,314
8,1,100,0.20361669778823852,50.0,False,314
8,1,100,0.17654484733939171,180.0,True,314
8,1,100,0.19366321183856905,193.0,True,314
8,1,100,0.1698519341733264,174.0,True,314
8,1,100,0.1809459225611484,188.0,True,314
8,1,100,0.2123278392524254,205.0,False,314
8,1,100,0.1954061908549384,152.0,True,314
8,1,100,0.21902655603424195,155.0,True,314
8,1,100,0.17210483557677694,224.0,False,314
8,1,100,0.2326491675323637,291.0,True,314
8,1,100,0.23635298985716524,302.0,False,314
8,1,100,0.20868882671479255,155.0,False,314
8,1,100,0.2158474365667421,196.0,True,314
8,1,100,0.21596275776335336,103.0,False,314
8,1,100,0.19877072604316653,66.0,False,314
8,1,100,0.18057110748792948,57.0,False,314
8,1,100,0.199937106907697,181.0,False,314
8,1,100,0.19063301245474445,193.0,True,314
8,1,100,0.1632762401054303,120.0,False,314
8,1,100,0.1876582683611462,262.0,False,314
8,1,100,0.17899924509682005,213.0,True,314
8,1,100,0.17299046097575008,185.0,True,314
8,1,100,0.19120122679413168,223.0,True,314
8,1,100,0.21491709720938146,238.0,True,314
8,1,100,0.1853305939279619,183.0,True,314
8,1,100,0.17924596617619196,228.0,True,314
8,1,100,0.209182573018398,839.0,False,314
8,1,100,0.20468046101210993,158.0,True,314
8,1,100,0.23991067857761694,615.0,False,314
8,1,100,0.24270368844647952,395.0,True,314
8,1,100,0.20345248862718923,195.0,True,314
8,1,100,0.19986053317988,147.0,True,314
8,1,100,0.20011278742860103,232.0,False,314
8,1,100,0.1953921447157377,247.0,True,314
8,1,100,0.1772479790483596,173.0,True,314
8,1,100,0.18199452741278543,180.0,False,314
8,1,100,0.18015706247853158,133.0,False,314
8,1,100,0.19160634854977782,176.0,True,314
8,1,100,0.15832934072523405,165.0,True,314
8,1,100,0.20419327179957095,217.0,True,314
8,1,100,0.17368578638946802,285.0,True,314
8,1,100,0.18598787589084118,218.0,True,314
8,1,100,0.19276234151228613,322.0,False,314
8,1,100,0.1999808483797571,115.0,False,314
8,1,100,0.17862278739611306,225.0,True,314
8,1,100,0.18291547468730382,259.0,True,314
8,1,100,0.1961606475652433,255.0,True,314
8,1,100,0.24747249691985373,86.0,False,314
8,1,100,0.2196434711184457,214.0,True,314
8,1,100,0.218937381755474,172.0,True,314
8,1,100,0.23711927670196895,137.0,False,314
8,1,100,0.17714508615358912,198.0,True,314
8,1,100,0.19327397866023555,74.0,False,314
8,1,100,0.18088468706329508,257.0,True,314
8,1,100,0.19020921871003746,239.0,True,314
8,1,100,0.21244568106803027,44.0,False,314
8,1,100,0.21189345588738268,44.0,False,314
8,1,100,0.19422083038292573,178.0,True,314
8,1,100,0.19230215609725057,183.0,True,314
8,1,100,0.23068469514034826,599.0,False,314
8,1,100,0.206582211761498,204.0,True,314
8,1,100,0.2346542676057771,214.0,False,314
8,1,100,0.1927600381787185,257.0,True,314
8,1,100,0.24848928111266358,261.0,False,314
8,1,100,0.2054642234117754,155.0,True,314
8,1,100,0.2118020455378133,148.0,False,314
8,1,100,0.2577799960734352,252.0,False,314
8,1,100,0.2563802125148995,172.0,False,314
8,1,100,0.18603129876511437,280.0,True,314
8,1,100,0.19968955069433003,429.0,False,314
8,1,100,0.19584746696431227,396.0,False,314
8,1,100,0.18179488870539243,158.0,True,314
8,1,100,0.2115996761988568,186.0,False,314
8,1,100,0.21929117466012638,180.0,True,314
8,1,100,0.2560365906039488,206.0,False,314
8,1,100,0.1960738372678558,192.0,True,314
8,1,100,0.19933469934836445,179.0,True,314
8,1,100,0.18075269568397337,249.0,True,314
8,1,100,0.17468933119804045,237.0,False,314
8,1,100,0.19516470097005367,152.0,True,314
8,1,100,0.20722430359039987,168.0,False,314
8,1,100,0.1878571549599821,220.0,False,314
8,1,100,0.1765265741150272,289.0,True,314
8,1,100,0.17843309102894425,231.0,True,314
8,1,100,0.1876222356607061,218.0,True,314
8,1,100,0.2464324708532366,233.0,True,314
8,1,100,0.17525248148758424,203.0,True,314
8,1,100,0.19960879207214463,428.0,False,314
8,1,100,0.23876005980898352,34.0,False,314
8,1,100,0.19631446329499944,173.0,True,314
8,1,100,0.19375822043418883,250.0,True,314
8,1,100,0.17803846747296337,243.0,True,314
8,1,100,0.17720701317820284,216.0,True,314
8,1,100,0.19903597363403866,175.0,True,314
8,1,100,0.1821079753377111,197.0,True,314
8,1,100,0.17379016472549036,189.0,True,314
8,1,100,0.18490931440175065,123.0,True,314
8,1,100,0.1726372201157653,230.0,True,314
8,1,100,0.18362922027772743,227.0,True,314
8,1,100,0.18673332690880562,191.0,True,314
8,1,100,0.20772720137849832,156.0,True,314
8,1,100,0.18191939949368438,192.0,True,314
8,1,100,0.1821991102222134,68.0,False,314
8,1,100,0.17900924199220666,209.0,True,314
8,1,100,0.26395343642244457,247.0,False,314
8,1,100,0.1824544759348352,188.0,True,314
8,1,100,0.20661756522125668,225.0,False,314
8,1,100,0.20532335148703668,155.0,True,314
8,1,100,0.18091796358164988,228.0,True,314
8,1,100,0.19043221045285463,128.0,True,314
8,1,100,0.2535737817556086,355.0,True,314
8,1,100,0.25944313777638184,406.0,False,314
8,1,100,0.1800647843891466,284.0,True,314
8,1,100,0.17900750871564522,183.0,True,314
8,1,100,0.20941138299221687,47.0,False,314
8,1,100,0.2014727489701633,203.0,True,314
8,1,100,0.1978188372182048,239.0,True,314
8,1,100,0.206044765757887,190.0,True,314
8,1,100,0.23606652795280542,181.0,True,314
8,1,100,0.1782157260367251,254.0,True,314
8,1,100,0.19218425674641387,47.0,False,314
8,1,100,0.21919606644896011,79.0,False,314
8,1,100,0.18104003609291144,224.0,True,314
8,1,100,0.22357476737320892,254.0,False,314
8,1,100,0.23760312601659425,338.0,True,314
8,1,100,0.20638361299251762,223.0,True,314
8,1,100,0.17524834935154235,224.0,True,314
8,1,100,0.17829762463984283,161.0,True,314
8,1,100,0.18414538706281058,243.0,True,314
8,1,100,0.2057572094930543,180.0,True,314
8,1,100,0.23078111385492453,133.0,False,314
8,1,100,0.1994336465461142,149.0,False,314
8,1,100,0.17382401128004238,164.0,True,314
8,1,100,0.1890889512362823,153.0,True,314
8,1,100,0.17345690198719796,203.0,True,314
8,1,100,0.17267622733325289,114.0,True,314
8,1,100,0.21113436394149349,168.0,True,314
8,1,100,0.17783920191937969,168.0,True,314
8,1,100,0.17364310604333877,250.0,True,314
8,1,100,0.25190903592422215,267.0,True,314
8,1,100,0.24474891533814563,193.0,False,314
8,1,100,0.24061088032364228,193.0,True,314
8,1,100,0.18684771925352195,211.0,True,314
8,1,100,0.20305867204337977,356.0,True,314
8,1,100,0.17343784784370997,212.0,True,314
8,1,100,0.23871190536385428,722.0,False,314
8,1,100,0.24230392730202188,352.0,False,314
8,1,100,0.24269527114427136,253.0,False,314
8,1,100,0.23086648838437018,201.0,True,314
8,1,100,0.2142810710874791,237.0,False,314
8,1,100,0.25829134902337214,143.0,False,314
8,1,100,0.1794515646323956,189.0,True,314
8,1,100,0.18560214611617,77.0,True,314
8,1,100,0.20613412914153573,214.0,True,314
8,1,100,0.2973235333017234,116.0,True,314
8,1,100,0.24776419640606284,117.0,True,314
8,1,100,0.19939073009194488,193.0,True,314
8,1,100,0.17939733365456834,139.0,True,314
8,1,100,0.1745930365613989,185.0,True,314
8,1,100,0.19433232964504332,126.0,True,314
8,1,100,0.22832214603057274,195.0,True,314
8,1,100,0.1732156253217355,184.0,True,314
8,1,100,0.1805478101157393,191.0,True,314
8,1,100,0.22475973943869273,150.0,True,314
8,1,100,0.25778137291429426,238.0,False,314
8,1,100,0.2089504674077034,68.0,True,314
8,1,100,0.25376530550420284,96.0,True,314
8,1,100,0.2500764275859068,222.0,True,314
8,1,100,0.20068647416943278,179.0,True,314
8,1,100,0.2673475969125304,228.0,True,314
8,1,100,0.2467142447677194,196.0,False,314
8,1,100,0.1655404029777215,159.0,True,314
8,1,100,0.20180370093910557,157.0,True,314
8,1,100,0.22371198842970377,209.0,True,314
8,1,100,0.2560016038906143,166.0,False,314
8,1,100,0.23605994467396993,148.0,True,314
8,1,100,0.21386012827095233,133.0,False,314
8,1,100,0.20988408688988006,84.0,True,314
8,1,100,0.18144543709065677,211.0,True,314
8,1,100,0.1901542757897033,291.0,False,314
8,1,100,0.18336468704149755,142.0,True,314
8,1,100,0.18939846804586508,118.0,True,314
8,1,100,0.1762491490184908,169.0,True,314
8,1,100,0.19589036847673244,134.0,True,314
8,1,100,0.2446865844091183,197.0,False,314
8,1,100,0.20165134618427547,197.0,True,314
8,1,100,0.1992938611304985,159.0,True,314
8,1,100,0.1848956899209456,165.0,True,314
8,1,100,0.23077852294897086,327.0,False,314
8,1,100,0.22349656715817834,174.0,False,314
8,1,100,0.2082552770707781,151.0,True,314
8,1,100,0.18608965124098623,196.0,False,314
8,1,100,0.2119560078129001,174.0,True,314
8,1,100,0.20314128331212333,273.0,False,314
8,1,100,0.20812228358822105,81.0,False,314
8,1,100,0.20250865557166034,172.0,True,314
8,1,100,0.2037590902453194,434.0,False,314
8,1,100,0.25342158170460855,297.0,False,314
8,1,100,0.1888273442691227,159.0,True,314
8,1,100,0.1947725594201416,189.0,True,314
8,1,100,0.3168483438991731,31.0,False,314
8,1,100,0.24456984638575688,302.0,False,314
8,1,100,0.2125028541518582,180.0,True,314
8,1,100,0.2144943498758878,207.0,True,314
8,1,100,0.2325553862111909,252.0,False,314
8,1,100,0.3435170222470101,94.0,True,314
8,1,100,0.31667737137587343,122.0,True,314
8,1,100,0.23050763325208623,331.0,False,314
8,1,100,0.2312769117680463,22.0,False,314
8,1,100,0.18920182436704636,182.0,False,314
8,1,100,0.20542896164071028,157.0,True,314
8,1,100,0.2023819761616843,70.0,False,314
9,1,150,0.20131509304995748,314.0,True,434
9,1,150,0.21965588884032453,193.0,True,434
9,1,150,0.2171486223364152,173.0,True,434
9,1,150,0.21327249307862736,176.0,True,434
9,1,150,0.19705097754211987,170.0,True,434
9,1,150,0.1919606883662293,166.0,True,434
9,1,150,0.18493979447092745,163.0,True,434
9,1,150,0.22960123077097824,474.0,True,434
9,1,150,0.24890308307289188,536.0,False,434
9,1,150,0.20986370593309403,300.0,True,434
9,1,150,0.22404738895173343,212.0,True,434
9,1,150,0.2100736275745954,173.0,True,434
9,1,150,0.18494076986018926,146.0,True,434
9,1,150,0.19707797529796758,168.0,True,434
9,1,150,0.19774527535108583,224.0,True,434
9,1,150,0.20289852406557013,164.0,True,434
9,1,150,0.20871060436604008,149.0,True,434
9,1,150,0.20280995428877532,189.0,True,434
9,1,150,0.21256406222536264,183.0,True,434
9,1,150,0.2013529635451991,232.0,True,434
9,1,150,0.19209575316026098,168.0,True,434
9,1,150,0.19730547715104027,178.0,False,434
9,1,150,0.20174993533082955,287.0,True,434
9,1,150,0.2016234170760352,227.0,True,434
9,1,150,0.21433745118432074,159.0,True,434
9,1,150,0.19490652023217617,195.0,True,434
9,1,150,0.21510495954043382,143.0,True,434
9,1,150,0.20370634474279561,231.0,True,434
9,1,150,0.23831907019367984,299.0,True,434
9,1,150,0.1669229781435382,155.0,True,434
9,1,150,0.2184283645578133,258.0,True,434
9,1,150,0.23402740740380296,994.0,False,434
9,1,150,0.20740509508429347,185.0,True,434
9,1,150,0.1983512101581742,181.0,True,434
9,1,150,0.20546683004010194,177.0,False,434
9,1,150,0.22068477702777534,337.0,False,434
9,1,150,0.22263580933213234,176.0,True,434
9,1,150,0.20881920609068363,188.0,True,434
9,1,150,0.17691773392260074,200.0,True,434
9,1,150,0.24549280912787827,945.0,False,434
9,1,150,0.22994106498888306,802.0,False,434
9,1,150,0.23557396892959578,691.0,False,434
9,1,150,0.23420969827459492,545.0,False,434
9,1,150,0.19031162770630802,191.0,True,434
9,1,150,0.21409478455427147,168.0,True,434
9,1,150,0.22576388560327482,162.0,False,434
9,1,150,0.21910517207987898,154.0,False,434
9,1,150,0.21389166335357684,214.0,True,434
9,1,150,0.25374236142996587,165.0,True,434
9,1,150,0.21743208213444173,137.0,True,434
9,1,150,0.21753326108900167,118.0,True,434
9,1,150,0.21298519747201786,86.0,True,434
9,1,150,0.2123386932030162,283.0,True,434
9,1,150,0.2035652162723763,215.0,True,434
9,1,150,0.1912118574699103,236.0,True,434
9,1,150,0.20791415632466861,257.0,True,434
9,1,150,0.22709974111057818,192.0,True,434
9,1,150,0.18449666703619608,205.0,True,434
9,1,150,0.170771009827915,190.0,True,434
9,1,150,0.20941741821613719,235.0,True,434
9,1,150,0.21310856813237866,131.0,True,434
9,1,150,0.19403487065481761,189.0,False,434
9,1,150,0.2393914358271447,578.0,True,434
9,1,150,0.22677493427808468,520.0,False,434
9,1,150,0.20599660679113632,408.0,True,434
9,1,150,0.19455699216840522,224.0,True,434
9,1,150,0.21284652571392876,234.0,True,434
9,1,150,0.2001275615712811,173.0,True,434
9,1,150,0.19457372696432348,73.0,False,434
9,1,150,0.20564278658432297,79.0,False,434
9,1,150,0.19869212959057245,39.0,False,434
9,1,150,0.17974132630560133,144.0,True,434
9,1,150,0.18952374296373428,219.0,True,434
9,1,150,0.21611740614753217,256.0,True,434
9,1,150,0.17347251779976344,210.0,True,434
9,1,150,0.2407834519629492,349.0,False,434
9,1,150,0.2529111495477899,197.0,True,434
9,1,150,0.21876105937090787,220.0,True,434
9,1,150,0.2569380533730912,167.0,False,434
9,1,150,0.23517198920249938,150.0,True,434
9,1,150,0.24108553463164692,2239.0,False,434
9,1,150,0.2576620737855561,207.0,True,434
9,1,150,0.21354053750497484,218.0,True,434
9,1,150,0.204670555538532,191.0,True,434
9,1,150,0.20746926428044885,206.0,True,434
9,1,150,0.2092427416036358,177.0,True,434
9,1,150,0.20203897671168108,166.0,True,434
9,1,150,0.20051313245419375,194.0,False,434
9,1,150,0.19058642189770458,187.0,True,434
9,1,150,0.19131646082772838,154.0,False,434
9,1,150,0.23084950175300334,159.0,True,434
9,1,150,0.24214073523017002,121.0,True,434
9,1,150,0.1930073291549216,184.0,True,434
9,1,150,0.21261728644047095,184.0,True,434
9,1,150,0.2004308026861137,142.0,True,434
9,1,150,0.21014191074030739,175.0,True,434
9,1,150,0.1840170695601652,192.0,True,434
9,1,150,0.23176440180734145,129.0,True,434
9,1,150,0.1909084952083127,87.0,True,434
9,1,150,0.1828269412921321,124.0,True,434
9,1,150,0.19512895960757073,235.0,True,434
9,1,150,0.18683218581592617,199.0,True,434
9,1,150,0.17541508722689844,155.0,True,434
9,1,150,0.1977766799730259,182.0,True,434
9,1,150,0.20691315719374903,189.0,True,434
9,1,150,0.19528249273367967,211.0,True,434
9,1,150,0.210130508740743,150.0,True,434
9,1,150,0.18011552306512993,120.0,True,434
9,1,150,0.17702486535015793,194.0,True,434
9,1,150,0.23408587596134955,957.0,False,434
9,1,150,0.23350809218905513,867.0,False,434
9,1,150,0.22386670809666984,357.0,False,434
9,1,150,0.2303966677470787,444.0,False,434
9,1,150,0.2561139121405349,242.0,True,434
9,1,150,0.23592231589920667,196.0,True,434
9,1,150,0.20333375816518162,193.0,True,434
9,1,150,0.17742360690476205,211.0,True,434
9,1,150,0.2150118008092536,1003.0,False,434
9,1,150,0.20296811898972125,329.0,False,434
9,1,150,0.22913215641338047,202.0,True,434
9,1,150,0.24694368897153318,139.0,False,434
9,1,150,0.20237264417587442,141.0,True,434
9,1,150,0.24795466978912767,230.0,True,434
9,1,150,0.20734060821009845,205.0,True,434
9,1,150,0.20607629324589577,143.0,False,434
9,1,150,0.17985811864877765,211.0,True,434
9,1,150,0.19180326123790042,410.0,False,434
9,1,150,0.25855573126842885,229.0,True,434
9,1,150,0.18695737954673416,109.0,False,434
9,1,150,0.21012672808553493,280.0,False,434
9,1,150,0.2153563886307753,208.0,True,434
9,1,150,0.2306991975867387,132.0,False,434
9,1,150,0.1806646037701122,179.0,True,434
9,1,150,0.19160436070451167,319.0,True,434
9,1,150,0.19638952618697658,256.0,True,434
9,1,150,0.21363077687390278,173.0,True,434
9,1,150,0.1791725050409635,150.0,False,434
9,1,150,0.20207215116515181,233.0,True,434
9,1,150,0.23258229074153033,154.0,False,434
9,1,150,0.20715888692596093,123.0,True,434
9,1,150,0.16833577419702822,182.0,True,434
9,1,150,0.18151440018717246,158.0,True,434
9,1,150,0.22633887019066504,577.0,True,434
9,1,150,0.2084662024567767,205.0,False,434
9,1,150,0.19096622864405313,99.0,False,434
9,1,150,0.1850412668699914,235.0,True,434
9,1,150,0.20317540211336954,77.0,False,434
9,1,150,0.21109236060798942,77.0,False,434
9,1,150,0.18039636584845456,385.0,True,434
9,1,150,0.19098838272705748,199.0,True,434
9,1,150,0.18611341232949116,235.0,True,434
9,1,150,0.16644908345126092,94.0,False,434
9,1,150,0.16984327636280303,236.0,True,434
9,1,150,0.18006251234975126,72.0,False,434
9,1,150,0.18866739231042373,234.0,True,434
9,1,150,0.209095307968949,152.0,True,434
9,1,150,0.21193808188119273,127.0,False,434
9,1,150,0.18188730161036215,155.0,True,434
9,1,150,0.18130173546782993,59.0,False,434
9,1,150,0.24300356974663967,843.0,False,434
9,1,150,0.23644384797200685,726.0,False,434
9,1,150,0.20696334424846902,167.0,True,434
9,1,150,0.20958774718078407,259.0,True,434
9,1,150,0.19278289443045332,228.0,True,434
9,1,150,0.22214561260082352,142.0,False,434
9,1,150,0.18054017603949266,108.0,False,434
9,1,150,0.23518772996388948,546.0,False,434
9,1,150,0.19303138009630716,156.0,True,434
9,1,150,0.16863929345433054,232.0,True,434
9,1,150,0.203983735904265,445.0,False,434
9,1,150,0.18182865519532196,278.0,True,434
9,1,150,0.20907750947678344,141.0,True,434
9,1,150,0.18574414560066654,203.0,True,434
9,1,150,0.16882784649877264,202.0,True,434
9,1,150,0.18865835507710774,75.0,True,434
9,1,150,0.1887256880016888,85.0,False,434
9,1,150,0.1861375081117707,198.0,True,434
9,1,150,0.20243599341514915,187.0,True,434
9,1,150,0.20915272962247666,343.0,False,434
9,1,150,0.2584504402175392,194.0,True,434
9,1,150,0.17575332307861938,257.0,True,434
9,1,150,0.20584869783607115,269.0,True,434
9,1,150,0.2560095867682329,231.0,False,434
9,1,150,0.24246180273708284,193.0,False,434
9,1,150,0.20513109720888592,63.0,False,434
9,1,150,0.17729161266723406,184.0,True,434
9,1,150,0.17947350460471528,165.0,True,434
9,1,150,0.17879928975570492,82.0,False,434
9,1,150,0.17788252549334652,336.0,False,434
9,1,150,0.20149561782161912,154.0,False,434
9,1,150,0.17739471859268605,248.0,True,434
9,1,150,0.18380266409444612,241.0,True,434
9,1,150,0.186598555733826,151.0,True,434
9,1,150,0.18377208929312858,95.0,True,434
9,1,150,0.17970512682324521,143.0,True,434
9,1,150,0.19379650618423494,114.0,False,434
9,1,150,0.19496359973446303,213.0,True,434
9,1,150,0.1841231244736492,271.0,True,434
9,1,150,0.18088799539734335,153.0,True,434
9,1,150,0.17706116180793913,255.0,True,434
9,1,150,0.17725155742632018,180.0,True,434
9,1,150,0.17685123466669697,292.0,False,434
9,1,150,0.17200291165638537,168.0,True,434
9,1,150,0.17433307753052824,172.0,False,434
9,1,150,0.19266334148297398,161.0,True,434
9,1,150,0.18436095445947262,223.0,True,434
9,1,150,0.19140941184936183,202.0,True,434
9,1,150,0.18271094867231424,243.0,True,434
9,1,150,0.24179110464025685,752.0,False,434
9,1,150,0.1928674959383168,182.0,False,434
9,1,150,0.18275704068389345,188.0,True,434
9,1,150,0.17054062535744588,131.0,True,434
9,1,150,0.19957886822521687,64.0,False,434
9,1,150,0.18488407023504477,147.0,False,434
9,1,150,0.21131012187554285,52.0,False,434
9,1,150,0.17701635799790158,262.0,True,434
9,1,150,0.1856975818150922,114.0,False,434
9,1,150,0.18751368509937627,258.0,True,434
9,1,150,0.18365573683674907,142.0,False,434
9,1,150,0.18558086620436776,135.0,True,434
9,1,150,0.1871113922823681,267.0,True,434
9,1,150,0.1772057560885825,205.0,True,434
9,1,150,0.18897690761148633,201.0,True,434
9,1,150,0.1715180166514523,83.0,False,434
9,1,150,0.1948308951767354,232.0,True,434
9,1,150,0.18939064570316455,164.0,False,434
9,1,150,0.17475735323101865,102.0,False,434
9,1,150,0.17648553113414817,73.0,False,434
9,1,150,0.17888318487952426,181.0,True,434
9,1,150,0.2352531189945611,352.0,True,434
9,1,150,0.17048230722095026,165.0,True,434
9,1,150,0.23855077954275267,196.0,False,434
9,1,150,0.24724914282560348,140.0,True,434
9,1,150,0.1862725249476849,252.0,False,434
9,1,150,0.1937647814889556,206.0,True,434
9,1,150,0.20998127322714283,212.0,True,434
9,1,150,0.1879471028723368,205.0,True,434
9,1,150,0.18248641722161194,232.0,True,434
9,1,150,0.19794814077516396,120.0,True,434
9,1,150,0.19127721076502519,238.0,False,434
9,1,150,0.19224987842819907,110.0,False,434
9,1,150,0.17227432384062066,189.0,True,434
9,1,150,0.24919073256823393,333.0,True,434
9,1,150,0.17202185998805128,201.0,True,434
9,1,150,0.1877004458587997,98.0,False,434
9,1,150,0.17583239040955775,119.0,True,434
9,1,150,0.220964440576187,164.0,False,434
9,1,150,0.1688188737031644,189.0,True,434
9,1,150,0.19735261886301686,236.0,True,434
9,1,150,0.19157130664258493,127.0,False,434
9,1,150,0.22551848487807558,308.0,False,434
9,1,150,0.20289382498383066,261.0,False,434
9,1,150,0.20227750049111592,181.0,True,434
9,1,150,0.17786553311715567,227.0,True,434
9,1,150,0.20085872101287047,120.0,True,434
9,1,150,0.17036458919214648,172.0,True,434
9,1,150,0.18725323313333858,127.0,True,434
9,1,150,0.20001119278746543,139.0,True,434
9,1,150,0.18478805264201734,218.0,True,434
9,1,150,0.21844589473709228,189.0,True,434
9,1,150,0.1677968396459307,175.0,True,434
9,1,150,0.17354095141802514,252.0,True,434
9,1,150,0.17572829755253616,299.0,False,434
9,1,150,0.18841653270968076,145.0,True,434
9,1,150,0.2022365825896216,101.0,False,434
9,1,150,0.1807660046825765,241.0,True,434
9,1,150,0.24060382745193162,393.0,True,434
9,1,150,0.20143962412690505,156.0,True,434
9,1,150,0.1739610438235104,128.0,False,434
9,1,150,0.1846811192540022,234.0,True,434
9,1,150,0.1786021539675338,112.0,True,434
9,1,150,0.23681697145977143,461.0,True,434
9,1,150,0.21412968715606642,242.0,True,434
9,1,150,0.1782987147274584,202.0,True,434
9,1,150,0.1913285520276986,256.0,True,434
9,1,150,0.17472863092141994,85.0,False,434
9,1,150,0.21815402318839155,153.0,True,434
9,1,150,0.2057429037209767,134.0,True,434
9,1,150,0.20303092908489612,129.0,True,434
9,1,150,0.18058010810563543,238.0,True,434
9,1,150,0.20100201118705618,117.0,True,434
9,1,150,0.1886728526914821,170.0,False,434
9,1,150,0.20761852378540852,141.0,True,434
9,1,150,0.17456446905498918,230.0,True,434
9,1,150,0.18218057224715967,207.0,True,434
9,1,150,0.18676346918083217,146.0,True,434
9,1,150,0.18843539979195956,264.0,True,434
9,1,150,0.18032317948215,283.0,True,434
9,1,150,0.17325031314347242,296.0,True,434
9,1,150,0.19799329331259669,162.0,True,434
9,1,150,0.18860463555902243,160.0,True,434
9,1,150,0.18481746754225561,153.0,True,434
9,1,150,0.18793980755133205,202.0,True,434
9,1,150,0.17533138775712506,211.0,True,434
9,1,150,0.18827029482389873,208.0,True,434
9,1,150,0.24409600514276275,348.0,False,434
9,1,150,0.20214039544974055,280.0,False,434
9,1,150,0.20393486949828787,109.0,False,434
9,1,150,0.192470985930413,64.0,False,434
9,1,150,0.18945143735113223,121.0,True,434
9,1,150,0.19128088917687674,107.0,False,434
9,1,150,0.2147836455454429,48.0,False,434
9,1,150,0.18381651535334176,151.0,True,434
9,1,150,0.17369883289703955,130.0,True,434
9,1,150,0.19534716564269106,121.0,True,434
9,1,150,0.18206218275285901,252.0,True,434
9,1,150,0.18551012013967222,234.0,True,434
9,1,150,0.1881959043443203,120.0,True,434
9,1,150,0.17860565582911173,165.0,True,434
9,1,150,0.24200831948802237,328.0,True,434
9,1,150,0.221028918210341,98.0,True,434
9,1,150,0.19101131013056047,147.0,True,434
9,1,150,0.18603279314390042,205.0,True,434
9,1,150,0.1868728407140143,379.0,False,434
9,1,150,0.1887990856399903,130.0,True,434
9,1,150,0.20022626304319488,233.0,True,434
9,1,150,0.17596427217688201,212.0,False,434
9,1,150,0.17753326564884642,209.0,True,434
9,1,150,0.17386214552741303,38.0,False,434
9,1,150,0.1732399068316635,49.0,False,434
9,1,150,0.1841615977195593,65.0,False,434
9,1,150,0.20886778923053315,179.0,True,434
9,1,150,0.17469671319257343,151.0,True,434
9,1,150,0.1696746329088574,184.0,True,434
9,1,150,0.19260919558342976,199.0,True,434
9,1,150,0.18439760200488262,195.0,False,434
9,1,150,0.19534724710233542,223.0,True,434
9,1,150,0.23750177254068092,235.0,True,434
9,1,150,0.21983715053138836,183.0,False,434
9,1,150,0.20696464815625437,108.0,True,434
9,1,150,0.17769118879110582,186.0,True,434
9,1,150,0.18971035099130565,236.0,True,434
9,1,150,0.24483576665321985,234.0,False,434
9,1,150,0.2611125231252433,193.0,False,434
9,1,150,0.2131192332252543,188.0,False,434
9,1,150,0.19282438843808275,94.0,False,434
9,1,150,0.2209621563530779,647.0,False,434
9,1,150,0.23267240339601544,213.0,True,434
9,1,150,0.18060366705887848,72.0,False,434
9,1,150,0.16557796077175035,181.0,True,434
9,1,150,0.18211298640322895,226.0,True,434
9,1,150,0.1882693107527588,191.0,True,434
9,1,150,0.2434615149384453,210.0,False,434
9,1,150,0.17972668787328208,205.0,True,434
9,1,150,0.2010325849056244,220.0,True,434
9,1,150,0.19746420501965528,171.0,True,434
9,1,150,0.2104103890636042,223.0,False,434
9,1,150,0.18750557367150722,304.0,False,434
9,1,150,0.2113603877139763,142.0,False,434
9,1,150,0.1901667249678207,351.0,False,434
9,1,150,0.1958431514826688,55.0,False,434
9,1,150,0.19956470958972244,89.0,False,434
9,1,150,0.1717651822874623,124.0,True,434
9,1,150,0.22549568032052614,317.0,True,434
9,1,150,0.24884708282170873,264.0,False,434
9,1,150,0.19131714566365668,152.0,False,434
9,1,150,0.20768972914978112,179.0,False,434
9,1,150,0.1896814739779581,79.0,True,434
9,1,150,0.1797440773019424,130.0,True,434
9,1,150,0.23302752875592098,121.0,False,434
9,1,150,0.19051323973969236,73.0,True,434
9,1,150,0.19457529718969382,51.0,False,434
9,1,150,0.19533045372615257,48.0,False,434
9,1,150,0.18951791608444998,107.0,False,434
10,10,1,0.20620091051995,158.0,True,186
10,10,1,0.2552486634813249,224.0,True,186
10,10,1,0.2264182319243749,3.0,False,186
10,10,1,0.21679227586303437,70.0,False,186
10,10,1,0.23297259480249685,61.0,False,186
10,10,1,0.24091867334312864,225.0,False,186
10,10,1,0.26805024262498184,191.0,False,186
10,10,1,0.2420263746871224,158.0,False,186
10,10,1,0.21354457885964112,159.0,True,186
10,10,1,0.2309236617157699,189.0,False,186
10,10,1,0.21443856115630597,173.0,True,186
10,10,1,0.2472102516352848,211.0,False,186
10,10,1,0.21379413464003139,180.0,False,186
10,10,1,0.21819372412184596,142.0,True,186
10,10,1,0.20185212296719598,202.0,True,186
10,10,1,0.18303797263460062,194.0,True,186
10,10,1,0.21572838746237033,132.0,True,186
10,10,1,0.1884783355837659,193.0,True,186
10,10,1,0.18765809978757586,175.0,True,186
10,10,1,0.19985608851289474,173.0,True,186
10,10,1,0.21888019859093671,171.0,False,186
10,10,1,0.20028147922726128,127.0,True,186
10,10,1,0.1890985008174851,169.0,False,186
10,10,1,0.23122336780815794,57.0,True,186
10,10,1,0.22889254106716675,44.0,False,186
10,10,1,0.1920003237940321,149.0,False,186
10,10,1,0.25296420955863097,523.0,False,186
10,10,1,0.18622336975838008,190.0,True,186
10,10,1,0.1674206641616014,189.0,True,186
10,10,1,0.21562452144818764,146.0,False,186
10,10,1,0.1830831446817943,140.0,True,186
10,10,1,0.20961000915053937,139.0,True,186
10,10,1,0.20086225641496253,132.0,True,186
10,10,1,0.24229441010035002,156.0,True,186
10,10,1,0.23016420026888718,148.0,False,186
10,10,1,0.21688432230071708,182.0,True,186
10,10,1,0.1818450941674171,124.0,True,186
10,10,1,0.20912873336506374,197.0,True,186
10,10,1,0.19991937781718963,187.0,True,186
10,10,1,0.17896775620163613,159.0,True,186
10,10,1,0.16789211561543899,228.0,True,186
10,10,1,0.18121223138054696,164.0,True,186
10,10,1,0.16243318310481006,236.0,True,186
10,10,1,0.178509125967374,178.0,True,186
10,10,1,0.18202786060509743,154.0,True,186
10,10,1,0.1809509741867374,167.0,True,186
10,10,1,0.16367933881633423,170.0,True,186
10,10,1,0.1730048394053237,159.0,True,186
10,10,1,0.16367499671484295,190.0,True,186
10,10,1,0.19370071127177765,161.0,True,186
10,10,1,0.18330324288362113,156.0,True,186
10,10,1,0.2073767580614801,228.0,True,186
10,10,1,0.23397649705841922,138.0,True,186
10,10,1,0.2149809833083834,273.0,True,186
10,10,1,0.174067810971356,169.0,True,186
10,10,1,0.17072508629806882,179.0,True,186
10,10,1,0.19872645816848247,158.0,True,186
10,10,1,0.19069454031633148,141.0,True,186
10,10,1,0.163023503680884,284.0,False,186
10,10,1,0.262299157116773,212.0,False,186
10,10,1,0.23240547434293798,224.0,True,186
10,10,1,0.17260384441769056,177.0,True,186
10,10,1,0.18891529412302252,146.0,True,186
10,10,1,0.19905372093987944,149.0,True,186
10,10,1,0.17905724102800544,110.0,True,186
10,10,1,0.22071974416692813,167.0,True,186
10,10,1,0.20633943181440054,166.0,True,186
10,10,1,0.1772109093991193,154.0,True,186
10,10,1,0.16513533680102763,156.0,True,186
10,10,1,0.21332038834596137,157.0,True,186
10,10,1,0.22681778466995853,81.0,False,186
10,10,1,0.20986751624702538,137.0,True,186
10,10,1,0.18317876635603822,173.0,True,186
10,10,1,0.16487554952011005,182.0,True,186
10,10,1,0.23122005392947503,124.0,True,186
10,10,1,0.16719914844006667,162.0,True,186
10,10,1,0.21754045798665,105.0,True,186
10,10,1,0.17479896243730206,163.0,True,186
10,10,1,0.24209208978284705,202.0,True,186
10,10,1,0.18404873762326904,158.0,True,186
10,10,1,0.1764994841937574,193.0,True,186
10,10,1,0.20178355361734118,175.0,True,186
10,10,1,0.2461784527787949,179.0,True,186
10,10,1,0.20723273386498411,167.0,True,186
10,10,1,0.2249447674107698,163.0,True,186
10,10,1,0.23458230814763478,112.0,False,186
10,10,1,0.23230569690465927,50.0,False,186
10,10,1,0.2262614305684532,138.0,True,186
10,10,1,0.176945233667219,185.0,True,186
10,10,1,0.2208675891160965,87.0,True,186
10,10,1,0.24145866246497044,61.0,False,186
10,10,1,0.18307296083410188,202.0,True,186
10,10,1,0.18141442038081018,197.0,True,186
10,10,1,0.1987608655605441,153.0,True,186
10,10,1,0.22656667042047457,133.0,True,186
10,10,1,0.22071896036610986,137.0,True,186
10,10,1,0.25125746690390405,342.0,False,186
10,10,1,0.2446790885540747,155.0,False,186
10,10,1,0.1723343009591862,157.0,True,186
10,10,1,0.2236255095828147,210.0,True,186
10,10,1,0.2508946045874113,166.0,True,186
10,10,1,0.23271598367795457,137.0,True,186
10,10,1,0.20160400876125625,172.0,True,186
10,10,1,0.2472708821296692,149.0,False,186
10,10,1,0.26263494938611986,120.0,True,186
10,10,1,0.17576923275116793,194.0,True,186
10,10,1,0.20846837855778733,154.0,True,186
10,10,1,0.2060082018843496,191.0,True,186
10,10,1,0.20836919946397872,188.0,True,186
10,10,1,0.16174694918669186,195.0,True,186
10,10,1,0.18475463872568476,144.0,True,186
10,10,1,0.22553942964328982,246.0,False,186
10,10,1,0.1908073119274,205.0,True,186
10,10,1,0.19976854170813704,165.0,True,186
10,10,1,0.240916523066434,220.0,True,186
10,10,1,0.20310828014265134,158.0,True,186
10,10,1,0.2131825972880636,98.0,True,186
10,10,1,0.2034051405747285,178.0,True,186
10,10,1,0.19288382213562727,192.0,True,186
10,10,1,0.25380287721832806,187.0,True,186
10,10,1,0.23804787259144955,166.0,True,186
10,10,1,0.21739372474852428,186.0,True,186
10,10,1,0.18714423637020397,187.0,True,186
10,10,1,0.1778549904886045,190.0,True,186
10,10,1,0.2374489631823131,175.0,False,186
10,10,1,0.18134202495001364,69.0,True,186
10,10,1,0.21907748857817327,251.0,True,186
10,10,1,0.18074403077363968,150.0,True,186
10,10,1,0.24784363550547311,169.0,True,186
10,10,1,0.23159050130181844,180.0,True,186
10,10,1,0.21765544963261438,189.0,True,186
10,10,1,0.17893025133272875,184.0,True,186
10,10,1,0.20588092825242452,294.0,True,186
10,10,1,0.21320191464926067,95.0,False,186
10,10,1,0.2345551436175843,167.0,True,186
10,10,1,0.2220562916377495,145.0,True,186
10,10,1,0.24479422374625048,271.0,True,186
10,10,1,0.27009604941122234,192.0,False,186
10,10,1,0.21886073803151404,143.0,False,186
10,10,1,0.20570526621591897,162.0,True,186
10,10,1,0.26414114661025306,137.0,False,186
10,10,1,0.2750545227853813,201.0,False,186
10,10,1,0.2058825917029507,189.0,True,186
10,10,1,0.19461172658808623,158.0,True,186
10,10,1,0.25618505112777484,151.0,True,186
10,10,1,0.2050640444303381,232.0,True,186
10,10,1,0.2150986367194666,177.0,True,186
10,10,1,0.22425332694237934,207.0,True,186
10,10,1,0.24639090083796403,145.0,False,186
10,10,1,0.23556372246791407,97.0,True,186
10,10,1,0.32319267288921705,153.0,False,186
10,10,1,0.24782911012109543,151.0,True,186
10,10,1,0.23044875477041518,140.0,True,186
10,10,1,0.23540917923910365,197.0,True,186
10,10,1,0.23896126364228093,158.0,True,186
10,10,1,0.2470848552054829,72.0,True,186
10,10,1,0.19759515491691795,185.0,True,186
10,10,1,0.21702818835967153,181.0,True,186
10,10,1,0.22639467271373553,136.0,True,186
10,10,1,0.2822405191182287,297.0,True,186
10,10,1,0.1995096787229761,154.0,True,186
10,10,1,0.22000758311291432,193.0,True,186
10,10,1,0.2362500460251518,115.0,True,186
10,10,1,0.27624934422664155,195.0,True,186
10,10,1,0.20193205512530432,211.0,True,186
10,10,1,0.2133606431283513,196.0,True,186
10,10,1,0.3314408165216446,50.0,False,186
10,10,1,0.18712465126406064,198.0,True,186
10,10,1,0.2380827535390854,125.0,True,186
10,10,1,0.207246166964372,177.0,True,186
10,10,1,0.22183404833890122,257.0,True,186
10,10,1,0.18713115128928315,167.0,True,186
10,10,1,0.1932834712326104,141.0,True,186
10,10,1,0.20643901440086743,151.0,True,186
10,10,1,0.1903790738937017,148.0,True,186
10,10,1,0.22992928629351217,172.0,True,186
10,10,1,0.23387809889030087,258.0,False,186
10,10,1,0.2822827414004472,137.0,True,186
10,10,1,0.22070053219795227,198.0,True,186
10,10,1,0.22160551796356837,30.0,False,186
10,10,1,0.24219190559462103,191.0,True,186
10,10,1,0.2131878587382811,54.0,False,186
10,10,1,0.2349927146283407,126.0,True,186
10,10,1,0.21755001950328068,186.0,True,186
10,10,1,0.1938853480296428,179.0,True,186
10,10,1,0.2143721141905155,106.0,True,186
10,10,1,0.20279688848292127,68.0,False,186
10,10,1,0.24286775646561926,88.0,True,186
11,10,10,0.20467861478819566,136.0,True,196
11,10,10,0.2640312834017312,335.0,False,196
11,10,10,0.22032652919491133,120.0,True,196
11,10,10,0.2566416586921053,206.0,True,196
11,10,10,0.2556008275539156,567.0,False,196
11,10,10,0.22128565907478331,170.0,False,196
11,10,10,0.21039829490349649,188.0,True,196
11,10,10,0.2324886325408112,176.0,True,196
11,10,10,0.21991726739720985,273.0,True,196
11,10,10,0.2437512177207014,272.0,False,196
11,10,10,0.2209325008557744,209.0,True,196
11,10,10,0.19837591906792015,197.0,True,196
11,10,10,0.2454804634791242,209.0,True,196
11,10,10,0.22282357895097069,258.0,True,196
11,10,10,0.21620715700190163,223.0,True,196
11,10,10,0.21909883337361472,175.0,True,196
11,10,10,0.2067846767604351,144.0,True,196
11,10,10,0.2001157333095049,194.0,True,196
11,10,10,0.2084578235340382,181.0,True,196
11,10,10,0.1980663497273515,205.0,True,196
11,10,10,0.2330506631621608,54.0,True,196
11,10,10,0.22556017417656749,38.0,False,196
11,10,10,0.24711471746664448,332.0,True,196
11,10,10,0.22204856983586854,102.0,True,196
11,10,10,0.23076230986760213,130.0,True,196
11,10,10,0.18758519030198817,164.0,False,196
11,10,10,0.22020610167699703,170.0,True,196
11,10,10,0.20866371194521585,129.0,False,196
11,10,10,0.2359220837695258,175.0,False,196
11,10,10,0.2535424894967656,157.0,True,196
11,10,10,0.22921040693396016,190.0,True,196
11,10,10,0.22801575350434813,219.0,True,196
11,10,10,0.23079127518505585,164.0,True,196
11,10,10,0.2190648174025322,183.0,True,196
11,10,10,0.22168385315665884,181.0,False,196
11,10,10,0.21542589973520349,162.0,False,196
11,10,10,0.20385991341441217,137.0,True,196
11,10,10,0.19650358690585926,231.0,True,196
11,10,10,0.2584308711466966,189.0,False,196
11,10,10,0.17624470208837686,183.0,True,196
11,10,10,0.18270359559288585,239.0,True,196
11,10,10,0.2000459793510787,218.0,True,196
11,10,10,0.1710897498151176,234.0,True,196
11,10,10,0.18770898674956019,161.0,True,196
11,10,10,0.20252778381109238,130.0,True,196
11,10,10,0.18413525532620648,192.0,True,196
11,10,10,0.16106962882939663,179.0,True,196
11,10,10,0.17337634231684343,159.0,True,196
11,10,10,0.1689114075633559,202.0,True,196
11,10,10,0.172061034113343,171.0,True,196
11,10,10,0.24748955533972808,168.0,True,196
11,10,10,0.206277589471835,212.0,True,196
11,10,10,0.21100684963166713,40.0,False,196
11,10,10,0.2007779168747204,231.0,True,196
11,10,10,0.20227861118108426,229.0,True,196
11,10,10,0.19070574154074377,52.0,False,196
11,10,10,0.16329822198047741,182.0,True,196
11,10,10,0.1668694814323713,179.0,True,196
11,10,10,0.17879560964786453,151.0,True,196
11,10,10,0.2177284292039081,169.0,True,196
11,10,10,0.18628969153632288,115.0,True,196
11,10,10,0.160222025336446,259.0,False,196
11,10,10,0.2057331513140083,181.0,False,196
11,10,10,0.1917387159275157,224.0,True,196
11,10,10,0.17545143847664196,300.0,False,196
11,10,10,0.16129593945891652,151.0,True,196
11,10,10,0.22276746384475543,115.0,True,196
11,10,10,0.20535982193485383,155.0,True,196
11,10,10,0.20776381869257593,163.0,True,196
11,10,10,0.19019941017999278,154.0,True,196
11,10,10,0.20084318598875633,130.0,True,196
11,10,10,0.2095823235608436,148.0,False,196
11,10,10,0.23887437860655591,123.0,False,196
11,10,10,0.15845969661193735,170.0,True,196
11,10,10,0.1703529935046501,197.0,True,196
11,10,10,0.19308443551046262,138.0,True,196
11,10,10,0.17525873361105587,187.0,True,196
11,10,10,0.23646460473537445,141.0,True,196
11,10,10,0.16541113552734324,221.0,True,196
11,10,10,0.16193050097774814,185.0,True,196
11,10,10,0.1798417492438171,177.0,True,196
11,10,10,0.17860841878948833,338.0,False,196
11,10,10,0.1945073407638323,143.0,True,196
11,10,10,0.2204245264611898,248.0,True,196
11,10,10,0.23385805882355,188.0,True,196
11,10,10,0.21209735139129088,97.0,True,196
11,10,10,0.17021228287336046,226.0,True,196
11,10,10,0.19549322069364752,177.0,True,196
11,10,10,0.19532592398011023,144.0,True,196
11,10,10,0.17594419922838864,234.0,True,196
11,10,10,0.1751388550349852,164.0,True,196
11,10,10,0.17376761201848376,188.0,True,196
11,10,10,0.2168171539582232,372.0,False,196
11,10,10,0.18848663941025734,212.0,True,196
11,10,10,0.21206436375012763,130.0,True,196
11,10,10,0.1656362784875406,37.0,False,196
11,10,10,0.1745192507902781,120.0,False,196
11,10,10,0.17009500101918265,210.0,True,196
11,10,10,0.18030142994135018,149.0,True,196
11,10,10,0.16800039238441064,161.0,True,196
11,10,10,0.22871592750099942,191.0,True,196
11,10,10,0.23697258317898848,167.0,True,196
11,10,10,0.20645692482475161,129.0,False,196
11,10,10,0.20043474197387695,100.0,False,196
11,10,10,0.23793234214896247,147.0,True,196
11,10,10,0.1769512503192975,130.0,True,196
11,10,10,0.226222800090909,104.0,False,196
11,10,10,0.21325508460757278,168.0,True,196
11,10,10,0.1607598714171884,187.0,True,196
11,10,10,0.1866363931346584,148.0,True,196
11,10,10,0.18013001678499785,159.0,True,196
11,10,10,0.16459756764142136,190.0,True,196
11,10,10,0.19522268732486686,203.0,True,196
11,10,10,0.16595585227012635,200.0,True,196
11,10,10,0.17257747136884266,162.0,True,196
11,10,10,0.18607254156583472,158.0,True,196
11,10,10,0.20655729899392325,169.0,True,196
11,10,10,0.20832812653647528,180.0,True,196
11,10,10,0.19574615676045995,207.0,True,196
11,10,10,0.1902790755977458,221.0,True,196
11,10,10,0.21657676977573792,173.0,True,196
11,10,10,0.21571399023135504,126.0,True,196
11,10,10,0.1793195869504791,194.0,True,196
11,10,10,0.20704360031446473,244.0,True,196
11,10,10,0.18786285681078632,251.0,True,196
11,10,10,0.24425050496429832,286.0,True,196
11,10,10,0.20375650666074124,167.0,True,196
11,10,10,0.17961314952997273,172.0,True,196
11,10,10,0.1682138869784913,265.0,True,196
11,10,10,0.17159312933978468,202.0,True,196
11,10,10,0.22622822695656827,171.0,False,196
11,10,10,0.2257380835913323,111.0,True,196
11,10,10,0.18376085754618587,83.0,False,196
11,10,10,0.22147825672182925,43.0,False,196
11,10,10,0.1758332840420983,165.0,True,196
11,10,10,0.22636413785719103,155.0,True,196
11,10,10,0.2151634942633765,175.0,True,196
11,10,10,0.20090583273106152,180.0,True,196
11,10,10,0.1581695778644021,187.0,True,196
11,10,10,0.16741938117359365,168.0,True,196
11,10,10,0.2330231835334999,181.0,True,196
11,10,10,0.1924686636985018,178.0,True,196
11,10,10,0.1903884269626265,249.0,True,196
11,10,10,0.2177819046219425,169.0,True,196
11,10,10,0.20968887768685818,88.0,False,196
11,10,10,0.18503587126083995,92.0,True,196
11,10,10,0.2530844932930036,132.0,True,196
11,10,10,0.17210746796861773,186.0,True,196
11,10,10,0.19434946136815207,105.0,True,196
11,10,10,0.2254522210534881,68.0,False,196
11,10,10,0.21946239371259674,119.0,True,196
11,10,10,0.16443663456383542,169.0,True,196
11,10,10,0.185524833287108,211.0,True,196
11,10,10,0.24231680933126185,172.0,True,196
11,10,10,0.23196402770724703,188.0,True,196
11,10,10,0.21463776010054128,135.0,True,196
11,10,10,0.21094256887833276,84.0,False,196
11,10,10,0.2414988403183383,148.0,True,196
11,10,10,0.20549038805988398,178.0,True,196
11,10,10,0.27421591575774884,216.0,False,196
11,10,10,0.2868114354213079,150.0,False,196
11,10,10,0.2463849183124832,79.0,True,196
11,10,10,0.1814872551168132,234.0,True,196
11,10,10,0.22639556647073933,164.0,False,196
11,10,10,0.2180134572766044,77.0,False,196
11,10,10,0.274489247550567,144.0,True,196
11,10,10,0.23724073432385923,160.0,True,196
11,10,10,0.23730651435978484,132.0,True,196
11,10,10,0.23927328543157766,151.0,True,196
11,10,10,0.2264863591302525,55.0,False,196
11,10,10,0.2540180843231107,121.0,True,196
11,10,10,0.23132096472624186,37.0,False,196
11,10,10,0.2325524158243622,56.0,True,196
11,10,10,0.23200231304635172,138.0,True,196
11,10,10,0.22985769086517394,256.0,True,196
11,10,10,0.23645328388724265,229.0,True,196
11,10,10,0.21211273033876676,185.0,True,196
11,10,10,0.20362404326075,190.0,True,196
11,10,10,0.2495761823014882,317.0,True,196
11,10,10,0.1987193344100829,155.0,True,196
11,10,10,0.24146774676766727,202.0,True,196
11,10,10,0.23335977229807112,270.0,True,196
11,10,10,0.18781573090651263,219.0,True,196
11,10,10,0.19572957197727242,203.0,True,196
11,10,10,0.19708704380160671,236.0,True,196
11,10,10,0.21004857477687655,147.0,True,196
11,10,10,0.1842623299981919,163.0,True,196
11,10,10,0.2033933943662888,156.0,True,196
11,10,10,0.23884257877126652,235.0,True,196
11,10,10,0.21188741269406308,178.0,True,196
11,10,10,0.17506033641951424,175.0,True,196
11,10,10,0.1745850875042379,160.0,True,196
11,10,10,0.24994937716386256,195.0,True,196
11,10,10,0.24144627689886436,278.0,False,196
11,10,10,0.22942851252026028,225.0,True,196
11,10,10,0.22558956215908002,154.0,True,196
11,10,10,0.2301456690100687,224.0,True,196
11,10,10,0.19487696061300677,215.0,True,196
11,10,10,0.2238113532093034,134.0,True,196
11,10,10,0.2496161968089067,156.0,True,196
11,10,10,0.21835323497330472,231.0,True,196
11,10,10,0.1867093529871532,175.0,True,196
11,10,10,0.21497909098028023,107.0,True,196
11,10,10,0.20609021818508272,92.0,True,196
12,10,50,0.20687289372698903,73.0,False,263
12,10,50,0.23758062068840965,199.0,True,263
12,10,50,0.24461969138381487,501.0,False,263
12,10,50,0.21798477622226894,191.0,False,263
12,10,50,0.22908393805586427,179.0,False,263
12,10,50,0.19916633255779742,80.0,False,263
12,10,50,0.22229904425995692,70.0,False,263
12,10,50,0.22620958163596616,101.0,True,263
12,10,50,0.2052159303251435,170.0,True,263
12,10,50,0.20289640503270284,175.0,True,263
12,10,50,0.20613144625161514,244.0,False,263
12,10,50,0.21605385099508748,161.0,True,263
12,10,50,0.1972602102570905,167.0,True,263
12,10,50,0.19724703193284,208.0,True,263
12,10,50,0.1824545949917438,271.0,False,263
12,10,50,0.20253742900879487,230.0,True,263
12,10,50,0.19608649671766798,173.0,True,263
12,10,50,0.2007906340454754,190.0,True,263
12,10,50,0.172106059846905,177.0,True,263
12,10,50,0.21138305342433475,101.0,False,263
12,10,50,0.21642877953127027,224.0,False,263
12,10,50,0.2062347913666289,129.0,True,263
12,10,50,0.1830286751614838,164.0,False,263
12,10,50,0.18630443785626155,208.0,True,263
12,10,50,0.19501207302133722,166.0,True,263
12,10,50,0.2291750634010409,284.0,True,263
12,10,50,0.1923038760131156,216.0,True,263
12,10,50,0.1995644249743031,124.0,True,263
12,10,50,0.17357012603057206,169.0,True,263
12,10,50,0.19120653603166182,187.0,True,263
12,10,50,0.21397830545902252,98.0,True,263
12,10,50,0.1977352129139063,131.0,True,263
12,10,50,0.18613900304183192,174.0,True,263
12,10,50,0.18443305200429133,197.0,False,263
12,10,50,0.17958324038705162,172.0,False,263
12,10,50,0.17772463373109407,204.0,True,263
12,10,50,0.16392028447493767,206.0,True,263
12,10,50,0.1994008070892758,90.0,False,263
12,10,50,0.19493320333330255,95.0,False,263
12,10,50,0.2422950987486129,94.0,True,263
12,10,50,0.17463645039562975,209.0,True,263
12,10,50,0.18902175301227017,138.0,False,263
12,10,50,0.2149698143075039,154.0,True,263
12,10,50,0.19074805305813844,212.0,True,263
12,10,50,0.21692168996447608,189.0,True,263
12,10,50,0.23123435311171472,147.0,True,263
12,10,50,0.19627175458084198,169.0,True,263
12,10,50,0.16900101587176322,200.0,False,263
12,10,50,0.17043498308348232,169.0,True,263
12,10,50,0.1901584447333307,165.0,True,263
12,10,50,0.19870399920169465,167.0,True,263
12,10,50,0.1912621569633484,200.0,True,263
12,10,50,0.17660308790243703,162.0,True,263
12,10,50,0.17157513608292835,205.0,True,263
12,10,50,0.18871042364603513,154.0,True,263
12,10,50,0.1749381911283159,177.0,True,263
12,10,50,0.16417059691792185,176.0,True,263
12,10,50,0.2043638468658837,137.0,True,263
12,10,50,0.19377499217815822,181.0,True,263
12,10,50,0.16737479103204295,181.0,True,263
12,10,50,0.16573446366813158,182.0,True,263
12,10,50,0.17537779345324164,190.0,True,263
12,10,50,0.21371271780558995,126.0,True,263
12,10,50,0.16659401438005692,212.0,True,263
12,10,50,0.17755635601858938,155.0,True,263
12,10,50,0.19437268788664086,206.0,True,263
12,10,50,0.18596380131859933,155.0,True,263
12,10,50,0.17514109913853632,138.0,True,263
12,10,50,0.21944397086959808,243.0,True,263
12,10,50,0.1909731569048626,153.0,True,263
12,10,50,0.1839853124320507,200.0,True,263
12,10,50,0.18360351011798712,209.0,True,263
12,10,50,0.22359028089987604,190.0,True,263
12,10,50,0.18928384474805884,185.0,True,263
12,10,50,0.20254000593190905,87.0,False,263
12,10,50,0.1836482137441635,210.0,True,263
12,10,50,0.17788112417180488,282.0,False,263
12,10,50,0.1895935578937948,274.0,False,263
12,10,50,0.21358599044415394,227.0,True,263
12,10,50,0.19617649955715208,139.0,True,263
12,10,50,0.22084291151259094,128.0,True,263
12,10,50,0.16029910241218812,187.0,False,263
12,10,50,0.1887474968737247,204.0,True,263
12,10,50,0.18129351126904392,196.0,True,263
12,10,50,0.16852656423690773,336.0,False,263
12,10,50,0.18171975952792543,191.0,True,263
12,10,50,0.19009714370424097,220.0,True,263
12,10,50,0.2075379051558383,231.0,True,263
12,10,50,0.17629437116352287,185.0,True,263
12,10,50,0.16013729103551005,151.0,True,263
12,10,50,0.21616423274789537,175.0,True,263
12,10,50,0.19125227513442555,166.0,True,263
12,10,50,0.18293611818068736,185.0,True,263
12,10,50,0.16466657519340516,175.0,True,263
12,10,50,0.17309182230383158,112.0,True,263
12,10,50,0.15391343904264046,165.0,True,263
12,10,50,0.18644675433910388,217.0,True,263
12,10,50,0.1789396372634349,439.0,False,263
12,10,50,0.2287829808982802,162.0,True,263
12,10,50,0.16755587517939233,216.0,True,263
12,10,50,0.17410460052390894,120.0,True,263
12,10,50,0.18442311165172878,164.0,True,263
12,10,50,0.16885885130614042,160.0,True,263
12,10,50,0.1771764886183817,305.0,False,263
12,10,50,0.1888111117711434,325.0,True,263
12,10,50,0.21721315001830077,39.0,False,263
12,10,50,0.24031303501442858,190.0,True,263
12,10,50,0.20459883358743455,225.0,True,263
12,10,50,0.1620866083839071,218.0,True,263
12,10,50,0.2033362902475126,165.0,True,263
12,10,50,0.1714428321837069,182.0,True,263
12,10,50,0.18677615596876515,154.0,True,263
12,10,50,0.21400479046684323,132.0,False,263
12,10,50,0.1988315409315484,168.0,False,263
12,10,50,0.1717868432034031,283.0,False,263
12,10,50,0.1643094010818165,223.0,True,263
12,10,50,0.17434436299847167,206.0,True,263
12,10,50,0.18435119917570067,242.0,True,263
12,10,50,0.203648185060508,138.0,True,263
12,10,50,0.18764677083138193,202.0,True,263
12,10,50,0.18431177468615284,257.0,True,263
12,10,50,0.18132181327367566,291.0,True,263
12,10,50,0.21625399023120168,171.0,True,263
12,10,50,0.17428295527185714,140.0,True,263
12,10,50,0.17297492860219418,195.0,True,263
12,10,50,0.16547798251701615,177.0,False,263
12,10,50,0.171211024726692,190.0,True,263
12,10,50,0.19286170495407923,210.0,False,263
12,10,50,0.19520725069507475,62.0,False,263
12,10,50,0.1928708632381595,98.0,False,263
12,10,50,0.25393074743613636,409.0,False,263
12,10,50,0.22491189308704868,93.0,False,263
12,10,50,0.1990049910687265,210.0,True,263
12,10,50,0.2040288095474243,250.0,True,263
12,10,50,0.25331093434907176,163.0,True,263
12,10,50,0.20854215619871425,287.0,False,263
12,10,50,0.1667947606683451,177.0,True,263
12,10,50,0.16318467524216837,166.0,True,263
12,10,50,0.16301038659907677,185.0,True,263
12,10,50,0.1739004276362546,203.0,True,263
12,10,50,0.19477256002097293,203.0,True,263
12,10,50,0.16912081662887407,162.0,False,263
12,10,50,0.16799447619462315,158.0,False,263
12,10,50,0.20227698878995304,319.0,True,263
12,10,50,0.17027521613117766,146.0,False,263
12,10,50,0.18701255717183238,177.0,False,263
12,10,50,0.2198184100033223,261.0,True,263
12,10,50,0.1995840586721897,220.0,True,263
12,10,50,0.2082006831634913,151.0,True,263
12,10,50,0.20129329358989542,110.0,False,263
12,10,50,0.18250294063198433,89.0,False,263
12,10,50,0.19324479298158126,275.0,True,263
12,10,50,0.16975340195770922,174.0,True,263
12,10,50,0.1650427682596503,206.0,True,263
12,10,50,0.20673398786995012,197.0,True,263
12,10,50,0.1804884116892791,201.0,True,263
12,10,50,0.196932866903288,112.0,True,263
12,10,50,0.1726365650445223,200.0,True,263
12,10,50,0.25443529526392616,225.0,True,263
12,10,50,0.18211213589748207,173.0,True,263
12,10,50,0.2191249957680702,350.0,True,263
12,10,50,0.18081890884786844,272.0,True,263
12,10,50,0.20936010777950287,77.0,False,263
12,10,50,0.2083658292046133,212.0,True,263
12,10,50,0.20848636241520152,119.0,True,263
12,10,50,0.17695310529927874,172.0,True,263
12,10,50,0.25575216199449924,193.0,True,263
12,10,50,0.2241281807871919,199.0,True,263
12,10,50,0.2400050830541167,159.0,True,263
12,10,50,0.18408518295515985,136.0,False,263
12,10,50,0.17333283902561597,177.0,False,263
12,10,50,0.1940985414804074,228.0,True,263
12,10,50,0.2387171263496081,174.0,True,263
12,10,50,0.19225476102064584,262.0,True,263
12,10,50,0.19477533239480024,219.0,True,263
12,10,50,0.2538193107554407,132.0,False,263
12,10,50,0.24806518015265464,500.0,False,263
12,10,50,0.1822126624920896,131.0,False,263
12,10,50,0.21943943578053296,123.0,False,263
12,10,50,0.2525093273536579,185.0,True,263
12,10,50,0.2359012275751383,163.0,False,263
12,10,50,0.2348324032990556,114.0,True,263
12,10,50,0.2454876457822734,87.0,False,263
12,10,50,0.2586851397734038,191.0,False,263
12,10,50,0.2171859322159503,213.0,True,263
12,10,50,0.19227195634003963,239.0,True,263
12,10,50,0.198684838504113,232.0,True,263
12,10,50,0.1942578214738104,144.0,True,263
12,10,50,0.22003930307807723,191.0,True,263
12,10,50,0.20417979028489855,207.0,True,263
12,10,50,0.19794660581955834,252.0,True,263
12,10,50,0.18387606761469277,347.0,True,263
12,10,50,0.21400496363639832,122.0,False,263
12,10,50,0.2446863003075123,180.0,True,263
12,10,50,0.2627085183064143,150.0,True,263
12,10,50,0.2219731178400772,112.0,False,263
12,10,50,0.24788666798456296,222.0,True,263
12,10,50,0.21161939227391804,189.0,False,263
12,10,50,0.26304947429647046,144.0,True,263
12,10,50,0.2754670350501935,144.0,False,263
12,10,50,0.22666701010682366,110.0,True,263
12,10,50,0.18729349681072766,180.0,True,263
12,10,50,0.19678512254622593,191.0,True,263
12,10,50,0.17299424530938268,224.0,True,263
12,10,50,0.19648044173781937,222.0,True,263
12,10,50,0.18272393109167323,272.0,True,263
12,10,50,0.17266433873278572,187.0,True,263
12,10,50,0.18366058320405493,249.0,True,263
12,10,50,0.22328181645354708,222.0,True,263
12,10,50,0.18739275758465132,156.0,True,263
12,10,50,0.1752255129418811,196.0,True,263
12,10,50,0.17409551654304012,178.0,True,263
12,10,50,0.18411448381163859,165.0,True,263
12,10,50,0.23016468518949385,259.0,False,263
12,10,50,0.17432761805899002,153.0,True,263
12,10,50,0.17453330776597437,279.0,True,263
12,10,50,0.210946323874506,206.0,True,263
12,10,50,0.1824115164941404,164.0,True,263
12,10,50,0.20672299053972168,173.0,True,263
12,10,50,0.2377865547826002,182.0,True,263
12,10,50,0.20721147204267568,145.0,True,263
12,10,50,0.2159237306140646,158.0,True,263
12,10,50,0.18297095724322773,222.0,True,263
12,10,50,0.2163705089662829,117.0,True,263
12,10,50,0.17357216552346053,167.0,True,263
12,10,50,0.1980436579070308,220.0,True,263
12,10,50,0.20040156632138972,285.0,True,263
12,10,50,0.19704699507829818,176.0,True,263
12,10,50,0.20366071915441705,129.0,True,263
12,10,50,0.18104528956832247,239.0,True,263
12,10,50,0.18153461088372774,191.0,True,263
12,10,50,0.233070640679548,263.0,True,263
12,10,50,0.18627068931641785,230.0,True,263
12,10,50,0.1756187496597276,204.0,True,263
12,10,50,0.2220495497888845,184.0,True,263
12,10,50,0.20692157925561416,215.0,True,263
12,10,50,0.22428339951998227,154.0,True,263
12,10,50,0.22690636717648097,267.0,True,263
12,10,50,0.1865036913090282,180.0,True,263
12,10,50,0.2533728639216728,438.0,False,263
12,10,50,0.22777590798875674,183.0,True,263
12,10,50,0.21367460369102417,248.0,True,263
12,10,50,0.24357260192305313,193.0,True,263
12,10,50,0.20117130841721187,220.0,True,263
12,10,50,0.24312785600021386,157.0,True,263
12,10,50,0.23213299059055068,88.0,False,263
12,10,50,0.18756349315245946,150.0,True,263
12,10,50,0.21353830576320237,158.0,True,263
12,10,50,0.20062705669453534,189.0,True,263
12,10,50,0.20704750574770428,168.0,True,263
12,10,50,0.22983848135075977,199.0,True,263
12,10,50,0.22648483442577497,227.0,True,263
12,10,50,0.21204590473912263,152.0,True,263
12,10,50,0.23791296124083441,159.0,True,263
12,10,50,0.19698875224174456,172.0,True,263
12,10,50,0.21718852420647938,90.0,True,263
12,10,50,0.22273366381724677,150.0,True,263
12,10,50,0.23005686093653951,140.0,False,263
13,10,100,0.19975755104958762,239.0,False,392
13,10,100,0.21084529704579683,214.0,False,392
13,10,100,0.21205870332611595,157.0,True,392
13,10,100,0.20736260662142864,149.0,True,392
13,10,100,0.2146036924337441,212.0,True,392
13,10,100,0.21448826282582384,94.0,True,392
13,10,100,0.21321643076970906,167.0,True,392
13,10,100,0.19072194126035485,280.0,False,392
13,10,100,0.2057938023311336,246.0,True,392
13,10,100,0.21967668549680128,164.0,True,392
13,10,100,0.21484873320871187,103.0,False,392
13,10,100,0.23410739620526633,150.0,True,392
13,10,100,0.255949528498964,273.0,False,392
13,10,100,0.23900809857076494,276.0,False,392
13,10,100,0.2263265050119824,180.0,True,392
13,10,100,0.22027071614555901,197.0,False,392
13,10,100,0.21948897429541045,153.0,True,392
13,10,100,0.21241213753819466,348.0,True,392
13,10,100,0.21548077728757528,259.0,False,392
13,10,100,0.20758699262071223,168.0,True,392
13,10,100,0.17863865691838385,316.0,False,392
13,10,100,0.17303852868080138,125.0,False,392
13,10,100,0.19492326378822328,160.0,True,392
13,10,100,0.1927913005050287,241.0,True,392
13,10,100,0.18950707603938616,199.0,True,392
13,10,100,0.18413479163230045,206.0,True,392
13,10,100,0.2327711389572532,270.0,True,392
13,10,100,0.21013643881662294,183.0,True,392
13,10,100,0.19207201647131067,190.0,True,392
13,10,100,0.19375278650487893,243.0,True,392
13,10,100,0.1861047588888256,174.0,False,392
13,10,100,0.18820384322949077,184.0,True,392
13,10,100,0.18609386475549805,216.0,True,392
13,10,100,0.1728282250960668,225.0,True,392
13,10,100,0.19515643707875693,224.0,True,392
13,10,100,0.18830155847650587,165.0,True,392
13,10,100,0.19228116822781535,177.0,True,392
13,10,100,0.1928909232904171,145.0,True,392
13,10,100,0.17323761337226437,248.0,True,392
13,10,100,0.1928678604921228,152.0,False,392
13,10,100,0.2048542157218263,185.0,True,392
13,10,100,0.19643861264134374,207.0,True,392
13,10,100,0.21249700371296176,155.0,True,392
13,10,100,0.1807741832274657,182.0,True,392
13,10,100,0.1830333981490293,302.0,True,392
13,10,100,0.19977704973463067,187.0,True,392
13,10,100,0.20782785001629128,167.0,True,392
13,10,100,0.20880727446392963,190.0,True,392
13,10,100,0.2104502726014298,202.0,False,392
13,10,100,0.20039969682693481,306.0,False,392
13,10,100,0.1828564733015334,237.0,False,392
13,10,100,0.19560679344452575,239.0,True,392
13,10,100,0.24404516326101033,149.0,True,392
13,10,100,0.20516664276618768,101.0,False,392
13,10,100,0.2163868096903858,117.0,False,392
13,10,100,0.2112232423142383,114.0,False,392
13,10,100,0.20648341309065107,348.0,True,392
13,10,100,0.17884003227861056,203.0,True,392
13,10,100,0.16758011767157802,135.0,True,392
13,10,100,0.17681567042711235,168.0,True,392
13,10,100,0.25282283413289774,198.0,False,392
13,10,100,0.20817894976714563,203.0,True,392
13,10,100,0.20524131850554392,104.0,False,392
13,10,100,0.20301808152686465,220.0,False,392
13,10,100,0.21037545262260987,277.0,False,392
13,10,100,0.23063311458324373,259.0,True,392
13,10,100,0.25099453568787866,181.0,False,392
13,10,100,0.21319253564926616,285.0,True,392
13,10,100,0.23398236493612157,174.0,True,392
13,10,100,0.211575640955163,199.0,True,392
13,10,100,0.24455914955738692,171.0,True,392
13,10,100,0.23990244739171532,144.0,True,392
13,10,100,0.24945741020521875,118.0,False,392
13,10,100,0.24430123579154894,103.0,False,392
13,10,100,0.22445498340659673,45.0,False,392
13,10,100,0.1979562904565565,217.0,True,392
13,10,100,0.18851914384750404,198.0,True,392
13,10,100,0.19069491145087453,369.0,False,392
13,10,100,0.17540543123203164,170.0,False,392
13,10,100,0.2500646317240882,177.0,True,392
13,10,100,0.24501100583718374,208.0,True,392
13,10,100,0.18337493749528094,174.0,False,392
13,10,100,0.17364824626674044,94.0,False,392
13,10,100,0.1784236887310959,293.0,True,392
13,10,100,0.19592425642551575,226.0,True,392
13,10,100,0.2023676602600964,458.0,False,392
13,10,100,0.21681040371286459,145.0,True,392
13,10,100,0.18972411889720847,216.0,False,392
13,10,100,0.1806910081933706,78.0,False,392
13,10,100,0.17526228508601585,96.0,False,392
13,10,100,0.17732494695728837,299.0,True,392
13,10,100,0.20718512571947548,186.0,True,392
13,10,100,0.16967591342999955,129.0,False,392
13,10,100,0.2049494361111877,218.0,True,392
13,10,100,0.18343046250525843,418.0,False,392
13,10,100,0.18215615491072337,225.0,False,392
13,10,100,0.20692072304974987,633.0,False,392
13,10,100,0.21601903077327844,66.0,False,392
13,10,100,0.18896431707945027,183.0,True,392
13,10,100,0.2257044185333106,196.0,True,392
13,10,100,0.1742865139618516,240.0,True,392
13,10,100,0.21184686665803615,284.0,True,392
13,10,100,0.19746931352182828,226.0,True,392
13,10,100,0.1782823440033136,194.0,True,392
13,10,100,0.21078717560169707,251.0,False,392
13,10,100,0.20209187544309176,195.0,True,392
13,10,100,0.18358807290802484,119.0,False,392
13,10,100,0.19469340672326643,215.0,True,392
13,10,100,0.20752897983268187,263.0,True,392
13,10,100,0.1996872822443644,222.0,True,392
13,10,100,0.1842580932378769,250.0,True,392
13,10,100,0.178579946326745,154.0,True,392
13,10,100,0.24198919590357895,455.0,True,392
13,10,100,0.18916428772289637,349.0,False,392
13,10,100,0.20627693225714294,440.0,False,392
13,10,100,0.25435922566418334,214.0,False,392
13,10,100,0.24531113584008482,216.0,False,392
13,10,100,0.2574338459155776,330.0,False,392
13,10,100,0.21272245609112994,221.0,True,392
13,10,100,0.19376711394371732,224.0,True,392
13,10,100,0.17294382192700158,221.0,True,392
13,10,100,0.20469346802968244,195.0,True,392
13,10,100,0.19251499633537605,256.0,True,392
13,10,100,0.2024070557795073,190.0,True,392
13,10,100,0.17388155562354918,187.0,True,392
13,10,100,0.18031405422974517,216.0,True,392
13,10,100,0.19706699918217374,217.0,True,392
13,10,100,0.20332482178160485,235.0,True,392
13,10,100,0.21723402262318367,204.0,True,392
13,10,100,0.16351635236950482,170.0,True,392
13,10,100,0.2135568947359255,157.0,False,392
13,10,100,0.18535107350663135,190.0,True,392
13,10,100,0.21027544308873944,266.0,False,392
13,10,100,0.23193043234324692,202.0,True,392
13,10,100,0.2575542519273965,230.0,True,392
13,10,100,0.18196982180165966,171.0,True,392
13,10,100,0.1772406799886041,167.0,True,392
13,10,100,0.17072878891809118,144.0,True,392
13,10,100,0.25155280936848035,583.0,False,392
13,10,100,0.2069044490070904,255.0,True,392
13,10,100,0.1925877569472953,146.0,False,392
13,10,100,0.18669455498456955,184.0,True,392
13,10,100,0.2595181778141353,219.0,True,392
13,10,100,0.2004655006385985,210.0,True,392
13,10,100,0.2527875133923122,1043.0,False,392
13,10,100,0.20102171465921936,89.0,False,392
13,10,100,0.17881256264092318,134.0,False,392
13,10,100,0.18033340535297684,196.0,True,392
13,10,100,0.18922619764902154,49.0,False,392
13,10,100,0.20073521531880173,219.0,True,392
13,10,100,0.21181289894590652,243.0,True,392
13,10,100,0.18408881184872258,209.0,True,392
13,10,100,0.21374824598580103,301.0,True,392
13,10,100,0.213165558084394,264.0,True,392
13,10,100,0.24425500166125413,205.0,True,392
13,10,100,0.1873255175866669,278.0,True,392
13,10,100,0.17373985720091853,203.0,False,392
13,10,100,0.18867128054694374,303.0,True,392
13,10,100,0.2044469986824279,141.0,True,392
13,10,100,0.1946623417824956,398.0,False,392
13,10,100,0.2341053554084566,225.0,False,392
13,10,100,0.20475929654671243,209.0,True,392
13,10,100,0.22376287179225582,236.0,True,392
13,10,100,0.19493376395919107,176.0,True,392
13,10,100,0.2064107398057843,222.0,False,392
13,10,100,0.18287009869484191,235.0,True,392
13,10,100,0.22788298395398546,146.0,True,392
13,10,100,0.22622112707967498,403.0,False,392
13,10,100,0.2146418659310592,190.0,True,392
13,10,100,0.17924265622051522,229.0,True,392
13,10,100,0.1932801540242508,256.0,True,392
13,10,100,0.17779745069631922,227.0,True,392
13,10,100,0.21420063897008038,233.0,True,392
13,10,100,0.19565512069634028,35.0,False,392
13,10,100,0.18481011167431888,283.0,False,392
13,10,100,0.18426672909774033,102.0,False,392
13,10,100,0.18464536280479543,172.0,True,392
13,10,100,0.1866184990484636,182.0,True,392
13,10,100,0.20600986849236233,279.0,True,392
13,10,100,0.2041338495375437,209.0,True,392
13,10,100,0.20520623467671564,234.0,True,392
13,10,100,0.2626733240627107,273.0,True,392
13,10,100,0.2297021542904807,305.0,False,392
13,10,100,0.2134799361228943,134.0,True,392
13,10,100,0.20392051761349042,180.0,True,392
13,10,100,0.257815638583813,209.0,True,392
13,10,100,0.18432591115274738,155.0,False,392
13,10,100,0.1820264489532591,111.0,False,392
13,10,100,0.19459812582603522,168.0,True,392
13,10,100,0.17287408032932797,185.0,True,392
13,10,100,0.18752639717052852,126.0,True,392
13,10,100,0.18383910067257334,122.0,False,392
13,10,100,0.23001165458789238,143.0,True,392
13,10,100,0.19131340015875667,190.0,True,392
13,10,100,0.2373738926339459,385.0,True,392
13,10,100,0.21887962884792295,237.0,False,392
13,10,100,0.20729349790282198,277.0,True,392
13,10,100,0.23372355269061196,270.0,True,392
13,10,100,0.2106039318377557,184.0,True,392
13,10,100,0.20672051274046607,196.0,True,392
13,10,100,0.20952148562756137,207.0,True,392
13,10,100,0.20445196755346584,449.0,False,392
13,10,100,0.1811852644085884,250.0,True,392
13,10,100,0.19434533899443018,144.0,True,392
13,10,100,0.18929815695931515,192.0,True,392
13,10,100,0.1846064033315462,204.0,True,392
13,10,100,0.18366217840338286,269.0,True,392
13,10,100,0.18446339529101588,238.0,True,392
13,10,100,0.20595947673866868,179.0,True,392
13,10,100,0.18998114432883167,247.0,False,392
13,10,100,0.21495607992013296,177.0,True,392
13,10,100,0.1676141870981556,118.0,True,392
13,10,100,0.18497088367905096,211.0,False,392
13,10,100,0.17960387603803116,132.0,True,392
13,10,100,0.17877612821757793,176.0,True,392
13,10,100,0.2496769692780992,347.0,True,392
13,10,100,0.2578744422398645,379.0,False,392
13,10,100,0.18680677342582758,142.0,True,392
13,10,100,0.18726684127164925,115.0,False,392
13,10,100,0.17805245715056278,129.0,False,392
13,10,100,0.20853632191816965,141.0,True,392
13,10,100,0.25695092193150926,236.0,True,392
13,10,100,0.18956042769678397,211.0,True,392
13,10,100,0.20173316894853868,269.0,True,392
13,10,100,0.18664666603912006,209.0,True,392
13,10,100,0.2123653802411486,373.0,True,392
13,10,100,0.22134126878920055,105.0,False,392
13,10,100,0.19064109484209632,137.0,True,392
13,10,100,0.2213338257635341,255.0,True,392
13,10,100,0.2143270050391498,263.0,True,392
13,10,100,0.17561095315648848,166.0,True,392
13,10,100,0.207607540087058,104.0,False,392
13,10,100,0.19384946712425777,175.0,True,392
13,10,100,0.18806336044023433,96.0,False,392
13,10,100,0.24851332667847753,355.0,False,392
13,10,100,0.2102667084709575,487.0,False,392
13,10,100,0.18281881649469592,291.0,True,392
13,10,100,0.20773809357565276,196.0,True,392
13,10,100,0.17837102558011206,214.0,True,392
13,10,100,0.21006691662603588,209.0,True,392
13,10,100,0.1792309731245041,32.0,False,392
13,10,100,0.2614021215407822,269.0,False,392
13,10,100,0.20420493806401888,168.0,True,392
13,10,100,0.21132234728238622,122.0,True,392
13,10,100,0.20514041919639145,138.0,False,392
13,10,100,0.175665741540351,159.0,False,392
13,10,100,0.2058101549046114,128.0,False,392
13,10,100,0.22497908793278595,134.0,False,392
13,10,100,0.23025524147130824,108.0,True,392
13,10,100,0.21609137720314034,456.0,False,392
13,10,100,0.23867089079415543,470.0,False,392
13,10,100,0.2026130786428901,191.0,True,392
13,10,100,0.18867595586925745,176.0,True,392
13,10,100,0.21244380533419274,216.0,True,392
13,10,100,0.21234120388288755,111.0,False,392
13,10,100,0.1991710781585425,192.0,True,392
13,10,100,0.19688682596791873,242.0,True,392
13,10,100,0.18052281716815854,247.0,False,392
13,10,100,0.19884556932311478,294.0,False,392
13,10,100,0.17696309713646768,160.0,True,392
13,10,100,0.18321953884517875,131.0,True,392
13,10,100,0.2526114025217964,187.0,True,392
13,10,100,0.24768485106071647,196.0,True,392
13,10,100,0.17345298022504838,126.0,True,392
13,10,100,0.1841794086827172,108.0,False,392
13,10,100,0.2310959775680748,389.0,False,392
13,10,100,0.19460018684390848,262.0,True,392
13,10,100,0.21935781982691982,316.0,True,392
13,10,100,0.1980719587701928,307.0,True,392
13,10,100,0.22306692038950898,223.0,False,392
13,10,100,0.19400564387687663,181.0,True,392
13,10,100,0.22797852912991065,254.0,True,392
13,10,100,0.18353200020461247,145.0,True,392
13,10,100,0.31670689955353737,68.0,False,392
13,10,100,0.2263392688563237,156.0,True,392
13,10,100,0.30231336840820794,197.0,False,392
13,10,100,0.26400292927110697,71.0,False,392
13,10,100,0.18851695030275054,274.0,True,392
13,10,100,0.17537590648446763,112.0,True,392
13,10,100,0.25143402592459724,268.0,True,392
13,10,100,0.20646772878925976,205.0,True,392
13,10,100,0.1879722603729793,224.0,True,392
13,10,100,0.22359251177736691,196.0,True,392
13,10,100,0.21434657817537134,187.0,False,392
13,10,100,0.20011789716304618,188.0,True,392
13,10,100,0.2010882082912657,153.0,True,392
13,10,100,0.18668153352826555,214.0,True,392
13,10,100,0.19193207878958096,154.0,True,392
13,10,100,0.18564135519679914,242.0,True,392
13,10,100,0.17709952377039812,145.0,True,392
13,10,100,0.23435929512220716,63.0,True,392
13,10,100,0.25098586082458496,206.0,False,392
13,10,100,0.2164129993567864,144.0,True,392
13,10,100,0.1718735330634647,162.0,True,392
13,10,100,0.19687307961285114,160.0,False,392
13,10,100,0.19478568218128625,172.0,True,392
13,10,100,0.20938377770093772,117.0,False,392
13,10,100,0.18386661192333256,216.0,True,392
13,10,100,0.18092548831595176,191.0,True,392
13,10,100,0.19631076358460092,185.0,True,392
13,10,100,0.21562124101015237,78.0,True,392
13,10,100,0.17894848914160205,173.0,True,392
13,10,100,0.17064652540560427,174.0,True,392
13,10,100,0.19332691464159224,90.0,True,392
13,10,100,0.15908307083789877,151.0,True,392
13,10,100,0.20080036990068578,270.0,True,392
13,10,100,0.1784040262301763,45.0,False,392
13,10,100,0.2060197764399028,202.0,True,392
13,10,100,0.2097829823869134,197.0,True,392
13,10,100,0.22796099061999364,214.0,True,392
13,10,100,0.2103852811583712,163.0,True,392
13,10,100,0.17468837380003768,147.0,True,392
13,10,100,0.17359619167115953,225.0,True,392
13,10,100,0.20833632724332105,203.0,True,392
13,10,100,0.21978072946270308,144.0,True,392
13,10,100,0.22016791071669728,204.0,True,392
13,10,100,0.2355707259132312,130.0,True,392
13,10,100,0.17156223813071847,192.0,True,392
13,10,100,0.19823603115298533,165.0,True,392
13,10,100,0.19042259159891364,187.0,True,392
13,10,100,0.17343522302928518,122.0,True,392
13,10,100,0.17166975202948548,215.0,True,392
13,10,100,0.27346308408789555,173.0,False,392
13,10,100,0.17015850614933742,147.0,True,392
13,10,100,0.16916979149163489,83.0,True,392
13,10,100,0.19442623651143418,309.0,True,392
13,10,100,0.19934208257216604,261.0,True,392
13,10,100,0.2225698571792751,424.0,False,392
13,10,100,0.19923096386397757,164.0,True,392
13,10,100,0.20276219211518764,160.0,True,392
13,10,100,0.17075810726895274,251.0,False,392
13,10,100,0.18173074677135004,132.0,True,392
13,10,100,0.1822417537171637,199.0,True,392
13,10,100,0.3218420184108132,358.0,False,392
13,10,100,0.26710021108882864,181.0,True,392
13,10,100,0.2411361541088085,401.0,False,392
13,10,100,0.23019266845406713,185.0,True,392
13,10,100,0.1819831250579494,157.0,True,392
13,10,100,0.19948315717003964,108.0,False,392
13,10,100,0.18998664444444155,198.0,True,392
13,10,100,0.21484484389806405,39.0,False,392
13,10,100,0.16359518805275794,115.0,False,392
13,10,100,0.19298755284949873,169.0,True,392
13,10,100,0.18638311177492142,150.0,True,392
13,10,100,0.1776305032464174,260.0,True,392
13,10,100,0.2878877685947733,91.0,True,392
13,10,100,0.19472364675420434,268.0,True,392
13,10,100,0.18943293474432898,164.0,True,392
13,10,100,0.17037236025405034,233.0,True,392
13,10,100,0.2138241710616093,153.0,False,392
13,10,100,0.19161791640116757,133.0,True,392
13,10,100,0.22583429419994355,125.0,True,392
13,10,100,0.21578359475593692,302.0,False,392
13,10,100,0.20514963746622758,108.0,True,392
13,10,100,0.19308945359569965,101.0,False,392
13,10,100,0.1815181439680769,151.0,False,392
13,10,100,0.16761067635483212,225.0,True,392
13,10,100,0.19442725113459997,175.0,False,392
13,10,100,0.24194265286690794,247.0,False,392
13,10,100,0.16614222870423243,117.0,False,392
13,10,100,0.1809212613279802,137.0,True,392
13,10,100,0.20292637881479766,95.0,False,392
13,10,100,0.20510866694773236,96.0,True,392
13,10,100,0.20113435365033872,66.0,False,392
13,10,100,0.18146315721027992,68.0,False,392
14,10,150,0.19835149826338658,104.0,False,538
14,10,150,0.21317156174577268,399.0,True,538
14,10,150,0.22119209648303265,212.0,False,538
14,10,150,0.19311805181908157,159.0,True,538
14,10,150,0.19373747673299577,45.0,False,538
14,10,150,0.20616593628616656,118.0,False,538
14,10,150,0.22535512079634973,124.0,True,538
14,10,150,0.23476530040832275,47.0,False,538
14,10,150,0.23180802458641575,51.0,True,538
14,10,150,0.23170188014492668,163.0,True,538
14,10,150,0.20954741161036236,186.0,True,538
14,10,150,0.23175903336674558,153.0,True,538
14,10,150,0.2054110405885655,138.0,True,538
14,10,150,0.22874638199070355,81.0,True,538
14,10,150,0.258730445160634,288.0,False,538
14,10,150,0.2141650691628456,2.0,False,538
14,10,150,0.18677738375133937,45.0,False,538
14,10,150,0.24802697074381166,371.0,True,538
14,10,150,0.25525997053635746,190.0,True,538
14,10,150,0.23397053150754227,190.0,True,538
14,10,150,0.21991894301578138,169.0,True,538
14,10,150,0.23544604946302888,149.0,True,538
14,10,150,0.2166517730437073,153.0,True,538
14,10,150,0.21239825904878795,117.0,True,538
14,10,150,0.2299023071634859,1199.0,False,538
14,10,150,0.21143588601653254,201.0,True,538
14,10,150,0.2229300052812784,202.0,False,538
14,10,150,0.19914007673903208,205.0,True,538
14,10,150,0.23277026104430357,168.0,True,538
14,10,150,0.23804345884575293,104.0,True,538
14,10,150,0.20582153672855613,211.0,True,538
14,10,150,0.20533704600476343,218.0,True,538
14,10,150,0.18656458931309836,175.0,True,538
14,10,150,0.1967843971690353,392.0,False,538
14,10,150,0.20872832349566525,172.0,True,538
14,10,150,0.1904880391372429,182.0,True,538
14,10,150,0.24758284161158647,211.0,True,538
14,10,150,0.23145847392528235,294.0,True,538
14,10,150,0.2278251518598861,288.0,True,538
14,10,150,0.2210349271275068,213.0,False,538
14,10,150,0.21340723570598208,184.0,False,538
14,10,150,0.20410228365411362,96.0,False,538
14,10,150,0.20545172969984815,123.0,True,538
14,10,150,0.1747870670782553,111.0,False,538
14,10,150,0.21325535967946052,100.0,True,538
14,10,150,0.1826973233011461,62.0,False,538
14,10,150,0.20797638438882365,124.0,True,538
14,10,150,0.1911966620700761,279.0,False,538
14,10,150,0.16836045025026097,102.0,False,538
14,10,150,0.1952084350651799,181.0,True,538
14,10,150,0.20156890499591829,125.0,True,538
14,10,150,0.20081645299990972,30.0,False,538
14,10,150,0.20692422818977202,223.0,True,538
14,10,150,0.1822635866701603,140.0,True,538
14,10,150,0.1851022458400856,147.0,False,538
14,10,150,0.21687031279389674,156.0,True,538
14,10,150,0.18406813314982823,210.0,True,538
14,10,150,0.19830079614133625,182.0,True,538
14,10,150,0.19667738201441587,135.0,True,538
14,10,150,0.20263743542941512,157.0,True,538
14,10,150,0.2098922535357341,142.0,False,538
14,10,150,0.22528648978242508,156.0,False,538
14,10,150,0.18054696474046933,168.0,True,538
14,10,150,0.22025039153439657,84.0,True,538
14,10,150,0.1884520819713903,43.0,False,538
14,10,150,0.1986702636760824,136.0,True,538
14,10,150,0.194841347996471,206.0,True,538
14,10,150,0.1921942094641347,93.0,False,538
14,10,150,0.19705818006966977,188.0,True,538
14,10,150,0.17341840049115623,164.0,True,538
14,10,150,0.1778240445531717,119.0,True,538
14,10,150,0.1960666958667055,395.0,False,538
14,10,150,0.1976130255460739,250.0,True,538
14,10,150,0.20271262181076136,220.0,True,538
14,10,150,0.20032705796565933,253.0,False,538
14,10,150,0.20234739540312527,211.0,True,538
14,10,150,0.21794587552190542,167.0,True,538
14,10,150,0.2133091349307805,146.0,True,538
14,10,150,0.19456784183534834,263.0,True,538
14,10,150,0.1975812264596032,267.0,True,538
14,10,150,0.17978226413068019,152.0,False,538
14,10,150,0.18635703137751375,178.0,True,538
14,10,150,0.18453217993179957,90.0,False,538
14,10,150,0.23268514854854414,178.0,False,538
14,10,150,0.20814785594590987,198.0,True,538
14,10,150,0.1923342668290796,174.0,True,538
14,10,150,0.20562425811411972,177.0,True,538
14,10,150,0.2108750498630631,71.0,False,538
14,10,150,0.208657512627542,80.0,False,538
14,10,150,0.19062932550907136,25.0,False,538
14,10,150,0.1979779880016278,234.0,True,538
14,10,150,0.20001871267954507,150.0,False,538
14,10,150,0.20384887553436656,142.0,True,538
14,10,150,0.24853458310045848,164.0,True,538
14,10,150,0.1827238489111716,176.0,True,538
14,10,150,0.2292571615869716,177.0,True,538
14,10,150,0.2021161315497011,192.0,False,538
14,10,150,0.2329576940316221,184.0,False,538
14,10,150,0.17641452273242494,351.0,True,538
14,10,150,0.21218450288608592,189.0,True,538
14,10,150,0.22359346140415295,109.0,False,538
14,10,150,0.19749121008248166,174.0,True,538
14,10,150,0.1854410146308296,136.0,True,538
14,10,150,0.18685960957518963,349.0,False,538
14,10,150,0.17939503206189272,157.0,True,538
14,10,150,0.18796642343977313,231.0,True,538
14,10,150,0.22598512124012013,202.0,True,538
14,10,150,0.21561626963947542,201.0,True,538
14,10,150,0.21639217622578144,112.0,False,538
14,10,150,0.19895600942628724,140.0,True,538
14,10,150,0.20245708802650714,145.0,True,538
14,10,150,0.2147521862069016,159.0,True,538
14,10,150,0.20191901324043138,279.0,False,538
14,10,150,0.1892051203581302,184.0,True,538
14,10,150,0.20089270380645874,253.0,True,538
14,10,150,0.2110732856948497,177.0,True,538
14,10,150,0.2508364856729041,184.0,True,538
14,10,150,0.22387628136454402,111.0,True,538
14,10,150,0.21534727039230858,157.0,True,538
14,10,150,0.20301533087211496,170.0,True,538
14,10,150,0.23337839082412914,394.0,False,538
14,10,150,0.24170842573150406,431.0,False,538
14,10,150,0.21675679242679838,173.0,True,538
14,10,150,0.1960532434546111,228.0,True,538
14,10,150,0.22974865249150705,229.0,True,538
14,10,150,0.2042072444170151,212.0,True,538
14,10,150,0.231470995309741,215.0,False,538
14,10,150,0.20669016795288217,202.0,False,538
14,10,150,0.25749225163052225,117.0,True,538
14,10,150,0.25029303021728994,120.0,True,538
14,10,150,0.19871908072697914,118.0,False,538
14,10,150,0.1871532079719362,105.0,True,538
14,10,150,0.17587260695206636,173.0,True,538
14,10,150,0.1833584484213974,342.0,False,538
14,10,150,0.18344627311843598,334.0,False,538
14,10,150,0.19719108973037114,88.0,False,538
14,10,150,0.1826054788525066,248.0,True,538
14,10,150,0.19830563201597243,132.0,False,538
14,10,150,0.17975895352116444,164.0,True,538
14,10,150,0.1925411377382535,186.0,True,538
14,10,150,0.1766295783766886,164.0,True,538
14,10,150,0.20198406080404918,195.0,True,538
14,10,150,0.21667723606030145,192.0,True,538
14,10,150,0.21298235977863098,143.0,True,538
14,10,150,0.2054987621666798,199.0,True,538
14,10,150,0.21351767956249176,124.0,False,538
14,10,150,0.17529906196409165,219.0,True,538
14,10,150,0.25366401756313484,142.0,True,538
14,10,150,0.2502630933054856,140.0,True,538
14,10,150,0.19563667447242922,103.0,False,538
14,10,150,0.17252422124147415,66.0,False,538
14,10,150,0.20687881376790374,152.0,True,538
14,10,150,0.19180336108914128,270.0,True,538
14,10,150,0.19053088303384835,179.0,False,538
14,10,150,0.19323414624542803,148.0,True,538
14,10,150,0.18550708765173193,203.0,False,538
14,10,150,0.1770618554543365,132.0,False,538
14,10,150,0.18211923473704178,226.0,True,538
14,10,150,0.1980433790691641,151.0,True,538
14,10,150,0.1885487044582496,148.0,True,538
14,10,150,0.19338197549062272,163.0,True,538
14,10,150,0.18900511723867855,161.0,True,538
14,10,150,0.19647256342264321,182.0,False,538
14,10,150,0.2041529064875573,289.0,False,538
14,10,150,0.19979135343961626,107.0,True,538
14,10,150,0.18023644527148086,171.0,True,538
14,10,150,0.18954325474512118,208.0,True,538
14,10,150,0.17602216627038836,209.0,True,538
14,10,150,0.19422868465624968,206.0,True,538
14,10,150,0.17717368785263032,129.0,False,538
14,10,150,0.19117741816744363,194.0,True,538
14,10,150,0.23776136340911844,1354.0,False,538
14,10,150,0.25168786547352784,226.0,True,538
14,10,150,0.22149466567261275,129.0,True,538
14,10,150,0.19367589469808733,274.0,False,538
14,10,150,0.1973072432809406,180.0,True,538
14,10,150,0.23259632520215667,368.0,False,538
14,10,150,0.2237336261307492,170.0,True,538
14,10,150,0.21998330807193703,218.0,True,538
14,10,150,0.19182956955766164,186.0,True,538
14,10,150,0.20398324506508336,148.0,True,538
14,10,150,0.19250810112656846,177.0,True,538
14,10,150,0.1802778325429777,205.0,True,538
14,10,150,0.18416742764038746,179.0,True,538
14,10,150,0.23118934415461187,537.0,False,538
14,10,150,0.20201710274344997,285.0,False,538
14,10,150,0.20461367145649292,318.0,False,538
14,10,150,0.20493095621957882,91.0,False,538
14,10,150,0.21689119998176218,118.0,True,538
14,10,150,0.18461841611719843,201.0,True,538
14,10,150,0.1822177200070159,352.0,False,538
14,10,150,0.18538376251640526,92.0,False,538
14,10,150,0.2041437511768522,158.0,True,538
14,10,150,0.22759046121722176,168.0,True,538
14,10,150,0.22526207018283106,155.0,True,538
14,10,150,0.20259488099499753,133.0,True,538
14,10,150,0.18945205840001622,83.0,False,538
14,10,150,0.23116692562768354,613.0,False,538
14,10,150,0.18799270006517568,168.0,False,538
14,10,150,0.2284016203844831,336.0,False,538
14,10,150,0.20220707757803408,368.0,False,538
14,10,150,0.21789623453374202,373.0,False,538
14,10,150,0.2203632157437409,158.0,True,538
14,10,150,0.23671712881834162,599.0,False,538
14,10,150,0.24249467435059513,419.0,False,538
14,10,150,0.24785259703165805,221.0,False,538
14,10,150,0.19092122994306435,131.0,False,538
14,10,150,0.17609700055445654,59.0,False,538
14,10,150,0.21776395782726962,147.0,True,538
14,10,150,0.19966941745611874,137.0,True,538
14,10,150,0.17841918228827802,97.0,True,538
14,10,150,0.20945955140208736,206.0,False,538
14,10,150,0.186883262347901,87.0,False,538
14,10,150,0.21202974479182873,153.0,True,538
14,10,150,0.19491011253062715,141.0,True,538
14,10,150,0.20799860097467898,160.0,False,538
14,10,150,0.1932582448990572,168.0,True,538
14,10,150,0.18434049136409855,198.0,True,538
14,10,150,0.20174751788839812,258.0,False,538
14,10,150,0.20763134956359863,204.0,True,538
14,10,150,0.1852840366628435,225.0,True,538
14,10,150,0.19484130380784764,68.0,False,538
14,10,150,0.20920282634528908,185.0,True,538
14,10,150,0.2203509565077576,357.0,False,538
14,10,150,0.259145503380022,181.0,False,538
14,10,150,0.2243743659546905,1489.0,False,538
14,10,150,0.241550220895567,443.0,True,538
14,10,150,0.21443933467654622,306.0,True,538
14,10,150,0.24942386045422352,213.0,True,538
14,10,150,0.21256260032003577,121.0,True,538
14,10,150,0.19241181634027849,176.0,False,538
14,10,150,0.215129949649175,75.0,False,538
14,10,150,0.2562727803111675,199.0,False,538
14,10,150,0.2538300686248458,202.0,False,538
14,10,150,0.21254895702004434,60.0,False,538
14,10,150,0.19833991488496078,206.0,True,538
14,10,150,0.1952602388150242,249.0,True,538
14,10,150,0.19428513518401555,112.0,False,538
14,10,150,0.19472437888239894,207.0,True,538
14,10,150,0.21017824323738324,170.0,True,538
14,10,150,0.18308716743695932,61.0,False,538
14,10,150,0.17989851833966675,189.0,True,538
14,10,150,0.17811607619126638,30.0,False,538
14,10,150,0.18919490397734157,236.0,True,538
14,10,150,0.21760553981249148,156.0,True,538
14,10,150,0.2055066153407097,196.0,True,538
14,10,150,0.20921666999903235,243.0,True,538
14,10,150,0.17915194554087716,257.0,True,538
14,10,150,0.17975662798156558,319.0,False,538
14,10,150,0.22830737174534407,183.0,True,538
14,10,150,0.2556636240233712,187.0,True,538
14,10,150,0.20847744192958864,121.0,True,538
14,10,150,0.20338511581604296,130.0,True,538
14,10,150,0.21048765845204653,152.0,False,538
14,10,150,0.19225497917247225,411.0,False,538
14,10,150,0.23171324519410966,126.0,True,538
14,10,150,0.19068620825807253,60.0,False,538
14,10,150,0.19453167928134935,466.0,True,538
14,10,150,0.17817277057580486,227.0,True,538
14,10,150,0.1939714141190052,156.0,True,538
14,10,150,0.1755313046953895,165.0,True,538
14,10,150,0.21467650343071332,176.0,False,538
14,10,150,0.2139865539546283,159.0,False,538
14,10,150,0.1988444267705297,209.0,True,538
14,10,150,0.21087218384454204,157.0,False,538
14,10,150,0.20460397416462928,163.0,True,538
14,10,150,0.20075995559933818,79.0,False,538
14,10,150,0.19407094663448549,178.0,True,538
14,10,150,0.23473188620718086,136.0,True,538
14,10,150,0.18037535669786406,277.0,False,538
14,10,150,0.20274441959116402,254.0,True,538
14,10,150,0.19320642362747872,112.0,True,538
14,10,150,0.1909818261002119,208.0,True,538
14,10,150,0.19236312697573407,123.0,True,538
14,10,150,0.22822048230735575,207.0,False,538
14,10,150,0.24228498484794195,154.0,False,538
14,10,150,0.2062072190609607,91.0,False,538
14,10,150,0.18737335641075065,216.0,True,538
14,10,150,0.18460481670516277,171.0,False,538
14,10,150,0.1852359069987785,172.0,False,538
14,10,150,0.1982018556655123,178.0,True,538
14,10,150,0.21075895844891085,179.0,False,538
14,10,150,0.22917195865933185,191.0,True,538
14,10,150,0.17068782427481244,210.0,True,538
14,10,150,0.17346299810162008,183.0,True,538
14,10,150,0.18139593650592617,163.0,True,538
14,10,150,0.20415682250330613,172.0,True,538
14,10,150,0.19751698127136894,201.0,True,538
14,10,150,0.19433723932859914,151.0,True,538
14,10,150,0.19092440437263167,71.0,False,538
14,10,150,0.20524787046015264,160.0,True,538
14,10,150,0.21902447684198365,117.0,False,538
14,10,150,0.198962309161822,225.0,True,538
14,10,150,0.21077814564956882,123.0,True,538
14,10,150,0.21421519405133016,222.0,True,538
14,10,150,0.24600396767979668,248.0,True,538
14,10,150,0.22544579017089633,164.0,True,538
14,10,150,0.19661563820681538,409.0,False,538
14,10,150,0.21315050218840065,159.0,False,538
14,10,150,0.21192163683421222,141.0,True,538
14,10,150,0.2198085296093612,296.0,True,538
14,10,150,0.1823333552238917,198.0,True,538
14,10,150,0.22080322781689146,117.0,False,538
14,10,150,0.19073187559843063,188.0,True,538
14,10,150,0.17917074713081416,202.0,True,538
14,10,150,0.22680739114466855,693.0,False,538
14,10,150,0.2125095450759527,201.0,True,538
14,10,150,0.21882665840955617,279.0,False,538
14,10,150,0.21526863244105512,127.0,True,538
14,10,150,0.19177959935139802,177.0,True,538
14,10,150,0.20468055148088432,263.0,True,538
14,10,150,0.2093188261515216,190.0,True,538
14,10,150,0.18209034721884462,144.0,False,538
14,10,150,0.2190574493448613,59.0,True,538
14,10,150,0.25677592837236785,187.0,True,538
14,10,150,0.19172920677810906,240.0,False,538
14,10,150,0.25398492165233777,230.0,True,538
14,10,150,0.206099973376573,418.0,True,538
14,10,150,0.19923540008391522,258.0,True,538
14,10,150,0.21021529945355016,206.0,True,538
14,10,150,0.22641948807351994,106.0,False,538
14,10,150,0.22488212979387964,87.0,False,538
14,10,150,0.2728717234507899,214.0,True,538
14,10,150,0.20638341990844258,212.0,True,538
14,10,150,0.2069568019105147,292.0,False,538
14,10,150,0.23338082660825885,196.0,False,538
14,10,150,0.23909874937751077,253.0,True,538
14,10,150,0.22132907747416883,148.0,True,538
14,10,150,0.21637018465659988,71.0,False,538
14,10,150,0.21920807202263634,101.0,False,538
14,10,150,0.1789351568261594,211.0,False,538
14,10,150,0.17455419898033142,87.0,False,538
14,10,150,0.22992504490049262,95.0,False,538
14,10,150,0.172681956528089,78.0,False,538
14,10,150,0.21307153978964666,143.0,False,538
14,10,150,0.20413403230869842,167.0,False,538
14,10,150,0.2084488823558345,132.0,False,538
14,10,150,0.1960990895255864,278.0,True,538
14,10,150,0.17424118980880857,129.0,True,538
14,10,150,0.2097537358817847,138.0,True,538
14,10,150,0.17983815967111114,322.0,True,538
14,10,150,0.18866119407690488,260.0,True,538
14,10,150,0.18516365438699722,160.0,False,538
14,10,150,0.21615515803468638,58.0,False,538
14,10,150,0.19936708380831755,187.0,True,538
14,10,150,0.21618540050260696,287.0,True,538
14,10,150,0.2099637708178273,270.0,True,538
14,10,150,0.21421353423008413,264.0,True,538
14,10,150,0.23903038604578503,142.0,False,538
14,10,150,0.20088817823803826,178.0,True,538
14,10,150,0.18371690032274826,46.0,False,538
14,10,150,0.18393351934676946,86.0,False,538
14,10,150,0.22336601329610703,470.0,False,538
14,10,150,0.21089510639597261,224.0,True,538
14,10,150,0.18809387192391513,57.0,False,538
14,10,150,0.25337119461500157,171.0,True,538
14,10,150,0.16320931832447197,132.0,True,538
14,10,150,0.22148324672191863,315.0,False,538
14,10,150,0.23927422791849579,229.0,True,538
14,10,150,0.18357372443306255,187.0,True,538
14,10,150,0.22332684872867345,143.0,False,538
14,10,150,0.20228188477119086,287.0,True,538
14,10,150,0.1923022449016571,70.0,False,538
14,10,150,0.18659188986664088,71.0,False,538
14,10,150,0.20060042651383192,143.0,True,538
14,10,150,0.2488269772884008,185.0,True,538
14,10,150,0.20503726348813092,112.0,True,538
14,10,150,0.1989063705370678,246.0,False,538
14,10,150,0.24061572445651233,295.0,True,538
14,10,150,0.2023471088363574,130.0,True,538
14,10,150,0.2574959914200008,192.0,False,538
14,10,150,0.22688386728987098,224.0,True,538
14,10,150,0.1779600985618453,193.0,True,538
14,10,150,0.22109711304787666,155.0,True,538
14,10,150,0.18035719175172107,186.0,True,538
14,10,150,0.1845720925561662,212.0,False,538
14,10,150,0.25616715295296727,264.0,False,538
14,10,150,0.2074976669461935,149.0,True,538
14,10,150,0.24532139056091068,158.0,True,538
14,10,150,0.18584384747913907,245.0,True,538
14,10,150,0.18070586892808305,232.0,True,538
14,10,150,0.1900260457290491,253.0,True,538
14,10,150,0.18879060211534404,196.0,True,538
14,10,150,0.24118287887643367,170.0,False,538
14,10,150,0.20835202441110715,91.0,False,538
14,10,150,0.24244191469969573,378.0,False,538
14,10,150,0.23147093386135317,352.0,False,538
14,10,150,0.2363955615253388,158.0,True,538
14,10,150,0.2321360143409534,176.0,True,538
14,10,150,0.23551406273070505,170.0,True,538
14,10,150,0.1756379302703973,165.0,True,538
14,10,150,0.20144329235418557,194.0,False,538
14,10,150,0.20116955357970615,231.0,True,538
14,10,150,0.19885385559529675,245.0,True,538
14,10,150,0.19851339827565587,68.0,False,538
14,10,150,0.19271732015269144,252.0,True,538
14,10,150,0.2264647586190182,460.0,False,538
14,10,150,0.208837774249592,224.0,True,538
14,10,150,0.19123891765599724,91.0,True,538
14,10,150,0.20417588072664597,51.0,False,538
14,10,150,0.2048937802634588,205.0,True,538
14,10,150,0.1949932784606249,390.0,False,538
14,10,150,0.1747584416615692,176.0,False,538
14,10,150,0.2173518089993486,206.0,True,538
14,10,150,0.21274706948062647,92.0,False,538
14,10,150,0.2215800870789422,225.0,False,538
14,10,150,0.22176382261312613,236.0,False,538
14,10,150,0.20463786798063666,128.0,False,538
14,10,150,0.19952960759401323,160.0,True,538
14,10,150,0.21957488692012325,174.0,True,538
14,10,150,0.18022057588572973,333.0,False,538
14,10,150,0.20644315922319298,202.0,True,538
14,10,150,0.18050207017046033,231.0,True,538
14,10,150,0.21211211016726872,126.0,True,538
14,10,150,0.22189408930207635,857.0,False,538
14,10,150,0.23558432406652371,538.0,False,538
14,10,150,0.24715873467183747,113.0,True,538
14,10,150,0.21182825201087527,90.0,True,538
14,10,150,0.1966538000513207,220.0,False,538
14,10,150,0.19625199286593603,194.0,True,538
14,10,150,0.2038123065665845,372.0,False,538
14,10,150,0.2089349799865001,185.0,True,538
14,10,150,0.2457838437870039,141.0,False,538
14,10,150,0.19209187969565392,200.0,True,538
14,10,150,0.17893926412710603,212.0,True,538
14,10,150,0.18931175743401382,179.0,True,538
14,10,150,0.17510741753197612,213.0,True,538
14,10,150,0.17546970532699066,66.0,False,538
14,10,150,0.2209910629047832,657.0,False,538
14,10,150,0.2154793029110278,124.0,False,538
14,10,150,0.20442590570148034,158.0,True,538
14,10,150,0.17219772814436163,235.0,True,538
14,10,150,0.17016000491242075,129.0,True,538
14,10,150,0.18375811820405388,197.0,True,538
14,10,150,0.17078955315573272,86.0,False,538
14,10,150,0.22030025646090506,100.0,True,538
14,10,150,0.17469581561600603,149.0,True,538
14,10,150,0.18643705381287468,36.0,False,538
14,10,150,0.17929477836841193,195.0,True,538
14,10,150,0.17589496020574746,161.0,True,538
14,10,150,0.20036348429593173,286.0,False,538
14,10,150,0.18216706143350017,147.0,True,538
14,10,150,0.22746164277910044,313.0,False,538
14,10,150,0.2123426068344234,243.0,False,538
14,10,150,0.18827301921213374,102.0,False,538
14,10,150,0.16972529157703997,51.0,False,538
14,10,150,0.1893997081579306,156.0,True,538
14,10,150,0.17933963584195217,203.0,True,538
14,10,150,0.2058674796797713,217.0,False,538
14,10,150,0.1738569820576375,202.0,True,538
14,10,150,0.2243766443047461,229.0,True,538
14,10,150,0.19604790680760506,149.0,False,538
14,10,150,0.18432167215416065,208.0,True,538
14,10,150,0.19309366372675676,153.0,True,538
14,10,150,0.17056611168384553,125.0,True,538
14,10,150,0.20289792308529603,103.0,False,538
14,10,150,0.19214235041290523,80.0,True,538
15,11,1,0.2105237919295955,117.0,True,148
15,11,1,0.20787369215796733,116.0,True,148
15,11,1,0.18520406054125893,162.0,True,148
15,11,1,0.20458628084415045,156.0,True,148
15,11,1,0.16991876132169348,157.0,True,148
15,11,1,0.20376015817973672,82.0,False,148
15,11,1,0.17012976460597096,187.0,True,148
15,11,1,0.2186671007424593,160.0,True,148
15,11,1,0.20261098568638167,156.0,True,148
15,11,1,0.20903759472574923,163.0,True,148
15,11,1,0.1929414859184852,195.0,True,148
15,11,1,0.2258717844750257,149.0,True,148
15,11,1,0.1808454549496936,194.0,True,148
15,11,1,0.18209194172269258,156.0,True,148
15,11,1,0.1968191295296331,158.0,True,148
15,11,1,0.2244956424228506,153.0,True,148
15,11,1,0.2043093272189998,199.0,True,148
15,11,1,0.2056803123540237,119.0,True,148
15,11,1,0.21718635352758262,169.0,True,148
15,11,1,0.23356245842672163,186.0,True,148
15,11,1,0.2049133923764412,156.0,True,148
15,11,1,0.19128564010406363,145.0,True,148
15,11,1,0.2323130315836565,243.0,True,148
15,11,1,0.23423784767669406,183.0,False,148
15,11,1,0.23797418232317324,135.0,True,148
15,11,1,0.1999130905922795,191.0,True,148
15,11,1,0.2489321219789631,408.0,False,148
15,11,1,0.17743391602588215,139.0,True,148
15,11,1,0.24221548279014865,178.0,True,148
15,11,1,0.19246258059122268,137.0,True,148
15,11,1,0.20985735278754009,168.0,True,148
15,11,1,0.17365169199183583,176.0,True,148
15,11,1,0.24724072171008493,127.0,True,148
15,11,1,0.20210054699789015,171.0,True,148
15,11,1,0.18318382869223634,167.0,True,148
15,11,1,0.20231423863711265,208.0,True,148
15,11,1,0.17588556626587049,141.0,True,148
15,11,1,0.16534250436058964,166.0,True,148
15,11,1,0.17819854605385638,127.0,True,148
15,11,1,0.17622714138097978,178.0,True,148
15,11,1,0.2169088545619257,151.0,True,148
15,11,1,0.19039489751589214,141.0,True,148
15,11,1,0.1755082008181786,147.0,True,148
15,11,1,0.20202651478444475,158.0,True,148
15,11,1,0.16426785412716538,219.0,True,148
15,11,1,0.2291073949309066,128.0,False,148
15,11,1,0.17471494841918672,139.0,True,148
15,11,1,0.1991008994090988,166.0,True,148
15,11,1,0.23955463767051696,170.0,False,148
15,11,1,0.18464390377077874,158.0,True,148
15,11,1,0.19752315541247387,143.0,True,148
15,11,1,0.1820216075118099,168.0,True,148
15,11,1,0.23786208749685472,206.0,True,148
15,11,1,0.18320669767192818,176.0,True,148
15,11,1,0.23835631691176315,174.0,True,148
15,11,1,0.24299883232154745,188.0,False,148
15,11,1,0.24141098988056184,125.0,True,148
15,11,1,0.1936880297298673,158.0,True,148
15,11,1,0.23289996423782447,156.0,True,148
15,11,1,0.22604331824882531,162.0,True,148
15,11,1,0.26507030170001283,191.0,True,148
15,11,1,0.16756368951783293,168.0,True,148
15,11,1,0.22194884047749336,178.0,True,148
15,11,1,0.2507426266240168,158.0,True,148
15,11,1,0.19420673402204905,146.0,True,148
15,11,1,0.17157218892531223,166.0,True,148
15,11,1,0.22845076634125275,132.0,True,148
15,11,1,0.21671206935901532,176.0,True,148
15,11,1,0.260880141939211,379.0,False,148
15,11,1,0.20710891945397153,136.0,False,148
15,11,1,0.1632503354066127,185.0,True,148
15,11,1,0.1715187249324655,186.0,True,148
15,11,1,0.19529076287863958,142.0,True,148
15,11,1,0.2045323814506884,135.0,True,148
15,11,1,0.15575527269688863,189.0,True,148
15,11,1,0.1722824597089304,177.0,True,148
15,11,1,0.2337270419705998,165.0,True,148
15,11,1,0.21185315474299074,131.0,True,148
15,11,1,0.24878813877497633,146.0,True,148
15,11,1,0.2225384882922414,158.0,True,148
15,11,1,0.2083717542665976,135.0,True,148
15,11,1,0.23300106161170536,126.0,True,148
15,11,1,0.2581890927724154,251.0,True,148
15,11,1,0.21783704770838513,136.0,True,148
15,11,1,0.2284808841768218,163.0,True,148
15,11,1,0.21882682439743303,102.0,False,148
15,11,1,0.26271482545232017,63.0,True,148
15,11,1,0.20941531816497444,160.0,True,148
15,11,1,0.20878385586343753,157.0,True,148
15,11,1,0.20974280542748816,136.0,True,148
15,11,1,0.21381253988732327,227.0,True,148
15,11,1,0.21970732720351657,163.0,True,148
15,11,1,0.2316956086003262,207.0,True,148
15,11,1,0.25940018071003085,303.0,True,148
15,11,1,0.20051251870492545,181.0,True,148
15,11,1,0.18481120983859403,199.0,True,148
15,11,1,0.21603776514530182,240.0,True,148
15,11,1,0.27183778912102413,109.0,True,148
15,11,1,0.2334701145267756,177.0,True,148
15,11,1,0.25827171102048846,254.0,False,148
15,11,1,0.24247773745181886,176.0,True,148
15,11,1,0.17365121451162158,168.0,True,148
15,11,1,0.2546503597975902,212.0,False,148
15,11,1,0.2052836787215499,172.0,True,148
15,11,1,0.21643778019481236,153.0,True,148
15,11,1,0.25418114794429236,169.0,False,148
15,11,1,0.20261726416246864,186.0,True,148
15,11,1,0.22690972446525184,137.0,True,148
15,11,1,0.20956035412382334,128.0,True,148
15,11,1,0.19127956998048337,159.0,True,148
15,11,1,0.263782911384717,234.0,False,148
15,11,1,0.2588270888537974,148.0,False,148
15,11,1,0.2243633314337529,213.0,True,148
15,11,1,0.18494495661819682,204.0,True,148
15,11,1,0.20937727537266043,215.0,True,148
15,11,1,0.26468399149834076,173.0,False,148
15,11,1,0.25146757243043283,59.0,True,148
15,11,1,0.23580170203095827,156.0,True,148
15,11,1,0.16778353525494988,176.0,True,148
15,11,1,0.21093354726130245,163.0,True,148
15,11,1,0.23253413056165484,236.0,True,148
15,11,1,0.2521710851989641,163.0,True,148
15,11,1,0.23911834026084228,170.0,True,148
15,11,1,0.2347515304790479,107.0,True,148
15,11,1,0.22936060903248964,135.0,True,148
15,11,1,0.2135604682984768,149.0,True,148
15,11,1,0.269936502486178,206.0,True,148
15,11,1,0.23277673698388612,104.0,False,148
15,11,1,0.22034038993574323,210.0,True,148
15,11,1,0.21009858364229045,181.0,True,148
15,11,1,0.24212580624921823,162.0,False,148
15,11,1,0.19042146074421265,170.0,True,148
15,11,1,0.2161779664967158,146.0,True,148
15,11,1,0.20938219315251388,177.0,True,148
15,11,1,0.25764764720583194,203.0,False,148
15,11,1,0.24087496652551318,138.0,False,148
15,11,1,0.21991028123431736,135.0,True,148
15,11,1,0.17865418070336667,164.0,True,148
15,11,1,0.1997731636429942,129.0,False,148
15,11,1,0.25122533976397615,188.0,False,148
15,11,1,0.17132472881934788,149.0,True,148
15,11,1,0.20588743627410044,176.0,True,148
15,11,1,0.19107692420482636,125.0,True,148
15,11,1,0.19803194558391204,104.0,True,148
15,11,1,0.22818701790045884,118.0,True,148
15,11,1,0.20536771758988098,74.0,True,148
16,11,10,0.2014520568542244,121.0,True,166
16,11,10,0.216499978915239,78.0,False,166
16,11,10,0.2090858691930771,125.0,True,166
16,11,10,0.18284714110449057,147.0,True,166
16,11,10,0.2138663919811899,176.0,True,166
16,11,10,0.18480452635097053,212.0,True,166
16,11,10,0.20949452928134374,175.0,True,166
16,11,10,0.18550921644374824,157.0,True,166
16,11,10,0.18322357214987278,200.0,True,166
16,11,10,0.17489693168250994,174.0,True,166
16,11,10,0.19140495872888408,183.0,True,166
16,11,10,0.18601114298464985,169.0,True,166
16,11,10,0.2164468146732141,232.0,True,166
16,11,10,0.17132699101542434,192.0,True,166
16,11,10,0.1889911121542349,159.0,True,166
16,11,10,0.1961841274854503,158.0,True,166
16,11,10,0.2663606733505456,212.0,False,166
16,11,10,0.2550557855930593,216.0,True,166
16,11,10,0.1945892472549812,194.0,True,166
16,11,10,0.19537556760325403,167.0,True,166
16,11,10,0.1924611790386658,179.0,True,166
16,11,10,0.2174677808395764,247.0,True,166
16,11,10,0.2076493148789084,163.0,True,166
16,11,10,0.20536179441636002,127.0,True,166
16,11,10,0.229574018505198,169.0,True,166
16,11,10,0.21205793829525219,170.0,True,166
16,11,10,0.18624937393256194,169.0,True,166
16,11,10,0.20659626053996605,202.0,True,166
16,11,10,0.23933473571963693,522.0,False,166
16,11,10,0.1700453841023975,117.0,False,166
16,11,10,0.16579013537520018,156.0,True,166
16,11,10,0.22996243271245911,209.0,True,166
16,11,10,0.1656752980933218,167.0,True,166
16,11,10,0.21944517916754672,190.0,True,166
16,11,10,0.21167110203050118,181.0,True,166
16,11,10,0.20426601201295852,200.0,True,166
16,11,10,0.24609016138379292,186.0,True,166
16,11,10,0.20689158190737714,182.0,True,166
16,11,10,0.22327662001248277,153.0,True,166
16,11,10,0.1774896632959234,188.0,True,166
16,11,10,0.16368310812099204,181.0,True,166
16,11,10,0.16191235912196777,170.0,True,166
16,11,10,0.17513090300368753,187.0,True,166
16,11,10,0.1718533849590039,189.0,True,166
16,11,10,0.1863844460424255,170.0,True,166
16,11,10,0.19983233085700444,140.0,True,166
16,11,10,0.1721820679857679,184.0,True,166
16,11,10,0.19040817010208844,123.0,False,166
16,11,10,0.1850395122399697,156.0,False,166
16,11,10,0.1584877440277834,161.0,True,166
16,11,10,0.19438949289053856,169.0,False,166
16,11,10,0.18394864385096443,151.0,True,166
16,11,10,0.19438777355376832,167.0,True,166
16,11,10,0.1915024030583067,191.0,False,166
16,11,10,0.21344283506983802,168.0,True,166
16,11,10,0.2467833170174067,321.0,False,166
16,11,10,0.17994538880884647,168.0,True,166
16,11,10,0.17726540192961693,176.0,True,166
16,11,10,0.2315396168856945,206.0,True,166
16,11,10,0.2052344513057873,151.0,True,166
16,11,10,0.15926117761883624,172.0,True,166
16,11,10,0.2082332140499992,224.0,True,166
16,11,10,0.2239055639213842,184.0,True,166
16,11,10,0.25965461761367564,245.0,True,166
16,11,10,0.1678506188042514,143.0,True,166
16,11,10,0.17957167139398716,214.0,True,166
16,11,10,0.1886861007838022,210.0,True,166
16,11,10,0.21775362537457393,195.0,True,166
16,11,10,0.23896529226546076,157.0,False,166
16,11,10,0.25596209752062954,120.0,True,166
16,11,10,0.23102038341855247,189.0,False,166
16,11,10,0.21010233969850975,132.0,False,166
16,11,10,0.1655008546126786,186.0,True,166
16,11,10,0.2665618009120226,200.0,False,166
16,11,10,0.2466752429437988,544.0,False,166
16,11,10,0.23213886228148584,216.0,True,166
16,11,10,0.24592234090189724,272.0,True,166
16,11,10,0.18566507194723403,175.0,True,166
16,11,10,0.20490713995330187,196.0,True,166
16,11,10,0.15742710846311905,170.0,True,166
16,11,10,0.1658888734450006,157.0,True,166
16,11,10,0.24358876817552003,227.0,True,166
16,11,10,0.2445889088587883,117.0,False,166
16,11,10,0.2325019551309075,127.0,False,166
16,11,10,0.20789839572544339,158.0,True,166
16,11,10,0.21531160351108103,170.0,True,166
16,11,10,0.2577306683010915,68.0,False,166
16,11,10,0.2195812131083289,172.0,True,166
16,11,10,0.19778298295852614,164.0,True,166
16,11,10,0.24737030033382676,248.0,True,166
16,11,10,0.22024256295778535,176.0,True,166
16,11,10,0.1881126629552622,174.0,True,166
16,11,10,0.2561731640781675,140.0,False,166
16,11,10,0.21716306495725812,201.0,True,166
16,11,10,0.19452861580066383,192.0,True,166
16,11,10,0.19768330264309225,219.0,True,166
16,11,10,0.18486984060124054,213.0,True,166
16,11,10,0.2654030741407321,130.0,True,166
16,11,10,0.2262611836194992,47.0,False,166
16,11,10,0.305263185777615,194.0,True,166
16,11,10,0.22115232201204413,168.0,True,166
16,11,10,0.2321714441291988,160.0,True,166
16,11,10,0.2582558703439012,362.0,False,166
16,11,10,0.18524188076684234,109.0,False,166
16,11,10,0.19233299647316787,165.0,True,166
16,11,10,0.2253984260943628,62.0,False,166
16,11,10,0.2307994117984524,231.0,True,166
16,11,10,0.2649981967075084,246.0,False,166
16,11,10,0.2660266705759012,157.0,False,166
16,11,10,0.1910339834058986,170.0,True,166
16,11,10,0.25328758924822264,237.0,True,166
16,11,10,0.19723993713979598,154.0,True,166
16,11,10,0.20437174193908514,193.0,True,166
16,11,10,0.19436470198032518,219.0,True,166
16,11,10,0.2407467127326996,248.0,True,166
16,11,10,0.26328705906867983,250.0,False,166
16,11,10,0.24724657413634388,110.0,False,166
16,11,10,0.22518964130431413,80.0,False,166
16,11,10,0.32950000284854625,1051.0,False,166
16,11,10,0.3824398399767827,392.0,False,166
16,11,10,0.21096793171323713,122.0,True,166
16,11,10,0.21039151730281966,140.0,True,166
16,11,10,0.21326804412416664,166.0,True,166
16,11,10,0.2171771708573844,148.0,False,166
16,11,10,0.2187015331350267,160.0,False,166
16,11,10,0.35728535351033014,192.0,False,166
16,11,10,0.3471573937465163,68.0,False,166
16,11,10,0.27614369836225305,372.0,False,166
16,11,10,0.19519171465641608,189.0,True,166
16,11,10,0.21030042264259086,212.0,True,166
16,11,10,0.2525704463677747,140.0,False,166
16,11,10,0.24856331566969553,150.0,True,166
16,11,10,0.19042159059831687,222.0,True,166
16,11,10,0.23404309709193344,177.0,True,166
16,11,10,0.24235870159647,159.0,True,166
16,11,10,0.21506049902586455,178.0,True,166
16,11,10,0.2034526988863945,144.0,False,166
16,11,10,0.22731654964835266,183.0,True,166
16,11,10,0.1898838458294721,194.0,True,166
16,11,10,0.19116480051031434,207.0,True,166
16,11,10,0.22832636133982584,156.0,True,166
16,11,10,0.23617888045938393,190.0,True,166
16,11,10,0.24650155931576345,221.0,True,166
16,11,10,0.22211887613328965,191.0,True,166
16,11,10,0.24549457500962651,255.0,True,166
16,11,10,0.19927281765925764,198.0,True,166
16,11,10,0.260739394724369,250.0,True,166
16,11,10,0.21534351415031558,182.0,False,166
16,11,10,0.23662116873763991,167.0,True,166
16,11,10,0.32413187044061675,157.0,True,166
16,11,10,0.20908205896273427,174.0,True,166
16,11,10,0.24033180994095563,139.0,False,166
16,11,10,0.20124480290846392,165.0,True,166
16,11,10,0.1896050693415805,181.0,True,166
16,11,10,0.20802166500537517,139.0,True,166
16,11,10,0.29690044678070326,132.0,True,166
16,11,10,0.2021395908024326,159.0,True,166
16,11,10,0.22232788531007347,182.0,False,166
16,11,10,0.17884748261631206,178.0,True,166
16,11,10,0.19459062665700913,140.0,True,166
16,11,10,0.19106340280385933,198.0,True,166
16,11,10,0.21897710491845637,162.0,True,166
16,11,10,0.2514321979549196,45.0,False,166
16,11,10,0.16795615241024064,161.0,True,166
16,11,10,0.2206281126488613,158.0,True,166
16,11,10,0.1978764241874808,202.0,True,166
16,11,10,0.22207371114005506,142.0,True,166
16,11,10,0.1989091790639437,130.0,True,166
16,11,10,0.1838716600711147,96.0,False,166
16,11,10,0.21402017573515575,120.0,True,166
16,11,10,0.19930031563022307,112.0,True,166
17,11,50,0.21339731393976413,141.0,False,235
17,11,50,0.2480246341572358,156.0,False,235
17,11,50,0.20205759783001506,68.0,True,235
17,11,50,0.23764728675954616,208.0,False,235
17,11,50,0.20611278833569707,148.0,True,235
17,11,50,0.19310245791385913,87.0,False,235
17,11,50,0.19563748572881406,78.0,False,235
17,11,50,0.18024597586469449,141.0,True,235
17,11,50,0.18200530460740946,158.0,True,235
17,11,50,0.17987465653933732,153.0,True,235
17,11,50,0.19678094730676848,183.0,True,235
17,11,50,0.181236715179007,212.0,True,235
17,11,50,0.18626404317196257,167.0,True,235
17,11,50,0.1932768325472987,215.0,True,235
17,11,50,0.214292095272572,154.0,True,235
17,11,50,0.1893867019512882,219.0,True,235
17,11,50,0.17077924088089766,167.0,True,235
17,11,50,0.1863607085829404,199.0,True,235
17,11,50,0.2093044559651908,263.0,False,235
17,11,50,0.18898875922556743,151.0,True,235
17,11,50,0.19217492229476266,196.0,True,235
17,11,50,0.1764886994230545,118.0,True,235
17,11,50,0.20240907896967494,153.0,True,235
17,11,50,0.18723102722519128,129.0,True,235
17,11,50,0.23480608653723042,518.0,False,235
17,11,50,0.23986540386776725,167.0,True,235
17,11,50,0.1808425313815838,205.0,True,235
17,11,50,0.16770519829780153,206.0,True,235
17,11,50,0.1753626855178958,168.0,True,235
17,11,50,0.1749082394382533,170.0,True,235
17,11,50,0.24842733019023225,557.0,False,235
17,11,50,0.1891383595764637,160.0,True,235
17,11,50,0.18819074008775794,46.0,False,235
17,11,50,0.1947718299097485,225.0,True,235
17,11,50,0.18804455752361496,212.0,True,235
17,11,50,0.1779840167201877,209.0,True,235
17,11,50,0.17132059014157244,190.0,True,235
17,11,50,0.20970459727092564,191.0,True,235
17,11,50,0.21015657021282869,193.0,True,235
17,11,50,0.16239845591225646,203.0,True,235
17,11,50,0.20760384936993187,148.0,True,235
17,11,50,0.20433573399701815,178.0,True,235
17,11,50,0.21082784013807282,121.0,True,235
17,11,50,0.17543817276871482,258.0,True,235
17,11,50,0.22866612019919857,194.0,True,235
17,11,50,0.21034124433594262,149.0,True,235
17,11,50,0.18750023756929013,193.0,True,235
17,11,50,0.19235052600983651,124.0,True,235
17,11,50,0.20926611729270908,269.0,False,235
17,11,50,0.1757662382871745,179.0,True,235
17,11,50,0.16437006888813094,152.0,True,235
17,11,50,0.2191227824818453,169.0,True,235
17,11,50,0.17383891987065747,146.0,True,235
17,11,50,0.17501742010598356,193.0,True,235
17,11,50,0.17195691891725629,241.0,True,235
17,11,50,0.1716555094794382,158.0,True,235
17,11,50,0.2089780970261647,39.0,True,235
17,11,50,0.17172061943489572,230.0,True,235
17,11,50,0.17317386012259728,183.0,False,235
17,11,50,0.19948028416737265,138.0,True,235
17,11,50,0.16803343252589306,168.0,True,235
17,11,50,0.1998524010181427,265.0,False,235
17,11,50,0.1744919263181232,189.0,True,235
17,11,50,0.1861280952643485,221.0,True,235
17,11,50,0.16672423086519347,179.0,False,235
17,11,50,0.1724213333121988,151.0,True,235
17,11,50,0.17018876988210796,162.0,True,235
17,11,50,0.17191549479676205,209.0,True,235
17,11,50,0.17580222919946764,164.0,True,235
17,11,50,0.1774770888982643,191.0,True,235
17,11,50,0.17569284154289572,169.0,True,235
17,11,50,0.16327439387177312,215.0,False,235
17,11,50,0.21017895983671075,134.0,True,235
17,11,50,0.20123280353016323,180.0,True,235
17,11,50,0.18760875875205663,173.0,True,235
17,11,50,0.1772273512823241,294.0,False,235
17,11,50,0.19569505042499966,225.0,True,235
17,11,50,0.18651660857132718,158.0,True,235
17,11,50,0.182227901126965,166.0,False,235
17,11,50,0.21111010459085175,151.0,True,235
17,11,50,0.20377711854020103,183.0,True,235
17,11,50,0.1608188087967309,176.0,True,235
17,11,50,0.1784622234142857,162.0,True,235
17,11,50,0.18371359917979974,208.0,True,235
17,11,50,0.22037880738474885,196.0,False,235
17,11,50,0.1763486217229794,195.0,True,235
17,11,50,0.24277190566062928,215.0,True,235
17,11,50,0.188270502396532,37.0,False,235
17,11,50,0.2222191581638848,205.0,True,235
17,11,50,0.19514099043958327,170.0,True,235
17,11,50,0.17122379235319188,185.0,True,235
17,11,50,0.1915650301402615,155.0,True,235
17,11,50,0.22742993776735507,152.0,True,235
17,11,50,0.1967871935210294,144.0,True,235
17,11,50,0.1974902566564217,178.0,True,235
17,11,50,0.19703874076312444,159.0,True,235
17,11,50,0.20224847207809316,145.0,True,235
17,11,50,0.20917929509064045,164.0,True,235
17,11,50,0.21276046508742916,155.0,True,235
17,11,50,0.21135139134195116,225.0,True,235
17,11,50,0.19665271471971754,174.0,True,235
17,11,50,0.214091166682627,174.0,True,235
17,11,50,0.16714388419012105,161.0,True,235
17,11,50,0.19615789046210627,124.0,True,235
17,11,50,0.17911928331097923,332.0,False,235
17,11,50,0.18810980124327972,131.0,False,235
17,11,50,0.17211886011593713,211.0,True,235
17,11,50,0.2086152587206133,155.0,True,235
17,11,50,0.20569622980620333,167.0,True,235
17,11,50,0.21529930754869925,238.0,True,235
17,11,50,0.2329707434805839,184.0,True,235
17,11,50,0.1715249588704222,211.0,True,235
17,11,50,0.18003305541841608,190.0,True,235
17,11,50,0.18115664145042157,174.0,False,235
17,11,50,0.1868082837234089,201.0,True,235
17,11,50,0.18155413617690405,180.0,True,235
17,11,50,0.1704762594863063,168.0,True,235
17,11,50,0.17068123214128542,205.0,True,235
17,11,50,0.19836613699181438,219.0,True,235
17,11,50,0.15812463068073582,161.0,True,235
17,11,50,0.16743962621132943,193.0,True,235
17,11,50,0.19325425342613498,151.0,True,235
17,11,50,0.1899105655472903,168.0,True,235
17,11,50,0.17616372877681577,148.0,True,235
17,11,50,0.19234650995349512,256.0,True,235
17,11,50,0.23984239399433135,40.0,False,235
17,11,50,0.17706627675653558,226.0,True,235
17,11,50,0.204407472017349,204.0,True,235
17,11,50,0.17768491158284336,166.0,True,235
17,11,50,0.25872902824942556,224.0,True,235
17,11,50,0.26085441656410696,200.0,True,235
17,11,50,0.21556352463779072,151.0,True,235
17,11,50,0.22972377268380897,172.0,True,235
17,11,50,0.22231008245476655,112.0,False,235
17,11,50,0.25871745456348766,55.0,True,235
17,11,50,0.18734963771018237,179.0,True,235
17,11,50,0.17905808401268883,148.0,False,235
17,11,50,0.21745234072567468,166.0,True,235
17,11,50,0.20967686014721193,166.0,True,235
17,11,50,0.20529232891874577,218.0,False,235
17,11,50,0.21169764819861836,173.0,False,235
17,11,50,0.21719119606109766,130.0,False,235
17,11,50,0.20064757266238833,356.0,False,235
17,11,50,0.23651411542816766,315.0,False,235
17,11,50,0.21877180995376966,131.0,True,235
17,11,50,0.3000756880607117,176.0,True,235
17,11,50,0.26066721176228874,164.0,True,235
17,11,50,0.17235202068146668,212.0,False,235
17,11,50,0.17799608083441854,192.0,True,235
17,11,50,0.2938738219214208,132.0,True,235
17,11,50,0.19419387409632857,220.0,True,235
17,11,50,0.2149115639552474,400.0,False,235
17,11,50,0.21673664436453866,105.0,False,235
17,11,50,0.21092891750427392,104.0,False,235
17,11,50,0.16390443442666786,188.0,True,235
17,11,50,0.1695621751864022,218.0,True,235
17,11,50,0.16244736364454898,206.0,True,235
17,11,50,0.2943370407230632,172.0,True,235
17,11,50,0.17653545722938502,208.0,True,235
17,11,50,0.4368568348212981,71.0,False,235
17,11,50,0.18391092077514828,169.0,True,235
17,11,50,0.19879760130726057,232.0,True,235
17,11,50,0.18625540545453195,46.0,False,235
17,11,50,0.2572547262099302,214.0,False,235
17,11,50,0.2253354893556769,241.0,True,235
17,11,50,0.21779576527035754,115.0,True,235
17,11,50,0.18682393522184587,214.0,False,235
17,11,50,0.20123961306315788,188.0,True,235
17,11,50,0.1789682570292994,216.0,True,235
17,11,50,0.19330767972260407,194.0,True,235
17,11,50,0.22451464597915494,172.0,True,235
17,11,50,0.3263828824304999,757.0,False,235
17,11,50,0.3164963606589784,384.0,False,235
17,11,50,0.2642137144810587,181.0,True,235
17,11,50,0.2670375011288203,286.0,True,235
17,11,50,0.22482080088976103,156.0,True,235
17,11,50,0.173832976804027,212.0,True,235
17,11,50,0.17751520764024764,193.0,True,235
17,11,50,0.19044444486973391,314.0,False,235
17,11,50,0.17689582345249888,182.0,True,235
17,11,50,0.26610780383972144,302.0,False,235
17,11,50,0.18000107768721182,203.0,True,235
17,11,50,0.1944441449875272,179.0,True,235
17,11,50,0.17071393771987894,184.0,True,235
17,11,50,0.18369023866475898,282.0,True,235
17,11,50,0.1795575588450327,182.0,True,235
17,11,50,0.17158751123774368,226.0,True,235
17,11,50,0.1896113563897246,236.0,True,235
17,11,50,0.19403088423537046,205.0,True,235
17,11,50,0.1665393844058242,237.0,True,235
17,11,50,0.17330995185321638,178.0,True,235
17,11,50,0.18802505363578256,247.0,True,235
17,11,50,0.17007695859254793,215.0,True,235
17,11,50,0.19202984974312423,199.0,True,235
17,11,50,0.2658947537959422,596.0,False,235
17,11,50,0.26251993350796965,398.0,False,235
17,11,50,0.2004012562390557,266.0,False,235
17,11,50,0.20927040144167047,188.0,True,235
17,11,50,0.19972992612255944,225.0,True,235
17,11,50,0.20966720222583357,212.0,True,235
17,11,50,0.17971003787084058,55.0,False,235
17,11,50,0.255918207892611,326.0,False,235
17,11,50,0.2174606918246596,143.0,True,235
17,11,50,0.17121367709977287,210.0,True,235
17,11,50,0.17949357140680838,174.0,True,235
17,11,50,0.2762565698379125,195.0,False,235
17,11,50,0.19717345395792835,247.0,True,235
17,11,50,0.24216635902243924,83.0,False,235
17,11,50,0.191759201372328,163.0,True,235
17,11,50,0.2723911898767846,234.0,False,235
17,11,50,0.2119693696810937,191.0,True,235
17,11,50,0.23057056969757808,236.0,False,235
17,11,50,0.2327970653593897,167.0,False,235
17,11,50,0.20458586436921153,174.0,True,235
17,11,50,0.1932580959506151,205.0,True,235
17,11,50,0.25316956191520973,203.0,True,235
17,11,50,0.17399049897371613,161.0,True,235
17,11,50,0.18854666391357047,183.0,True,235
17,11,50,0.20121876294301314,176.0,True,235
17,11,50,0.17160714520097345,211.0,True,235
17,11,50,0.26491379495804684,197.0,False,235
17,11,50,0.2206418919469057,253.0,True,235
17,11,50,0.26326990781760795,246.0,False,235
17,11,50,0.18435214994626753,209.0,True,235
17,11,50,0.199332007736552,204.0,True,235
17,11,50,0.19646539919667963,139.0,True,235
17,11,50,0.19246644340455532,152.0,True,235
17,11,50,0.20440184137760065,195.0,True,235
17,11,50,0.24407158945507246,233.0,False,235
17,11,50,0.19920402217701258,166.0,True,235
17,11,50,0.18804887773697837,57.0,False,235
17,11,50,0.18961658756783667,47.0,False,235
17,11,50,0.18238008510871012,61.0,False,235
18,11,100,0.22209883434207817,190.0,True,354
18,11,100,0.2267086502879557,99.0,True,354
18,11,100,0.18764301937028585,166.0,True,354
18,11,100,0.23766855424070088,177.0,False,354
18,11,100,0.20779095844524662,82.0,True,354
18,11,100,0.20974679653709,74.0,False,354
18,11,100,0.19646889999904463,113.0,True,354
18,11,100,0.18960695132249739,82.0,False,354
18,11,100,0.18240739358589053,128.0,False,354
18,11,100,0.17535688202439642,163.0,True,354
18,11,100,0.19625395500659942,125.0,True,354
18,11,100,0.19312577951876891,168.0,True,354
18,11,100,0.24955264633903151,649.0,False,354
18,11,100,0.22893815847404103,263.0,False,354
18,11,100,0.21269206565322604,282.0,True,354
18,11,100,0.24093832396818493,167.0,False,354
18,11,100,0.19248233944177628,50.0,False,354
18,11,100,0.2522987800966911,503.0,False,354
18,11,100,0.19471790101379155,320.0,True,354
18,11,100,0.22763816362365763,188.0,True,354
18,11,100,0.217676665543934,207.0,True,354
18,11,100,0.17099815760109877,185.0,True,354
18,11,100,0.18790761144196944,267.0,False,354
18,11,100,0.19087190197391823,182.0,True,354
18,11,100,0.19358665756714183,223.0,True,354
18,11,100,0.20810260620725107,251.0,False,354
18,11,100,0.21078356383485275,239.0,True,354
18,11,100,0.17690675626586935,179.0,True,354
18,11,100,0.17707252991199493,250.0,True,354
18,11,100,0.1650527792006004,164.0,True,354
18,11,100,0.19606658502156477,166.0,True,354
18,11,100,0.1620114868141941,194.0,True,354
18,11,100,0.17856874153018,100.0,True,354
18,11,100,0.16647015058475992,161.0,True,354
18,11,100,0.1777139073050262,149.0,True,354
18,11,100,0.17358756551276083,184.0,True,354
18,11,100,0.18073580793121405,114.0,True,354
18,11,100,0.1776202502555417,133.0,True,354
18,11,100,0.18445672414689787,191.0,True,354
18,11,100,0.18923868818415535,180.0,True,354
18,11,100,0.2206669129033125,131.0,False,354
18,11,100,0.20670675450847262,294.0,False,354
18,11,100,0.1744979102821911,119.0,True,354
18,11,100,0.17302189336210338,197.0,True,354
18,11,100,0.204231842690044,180.0,True,354
18,11,100,0.23145210717694234,118.0,True,354
18,11,100,0.19568465880694844,84.0,False,354
18,11,100,0.15935405863989036,169.0,True,354
18,11,100,0.21947360859158332,89.0,True,354
18,11,100,0.1718394913723771,142.0,True,354
18,11,100,0.19482473999960348,256.0,False,354
18,11,100,0.17941916984947104,190.0,True,354
18,11,100,0.19662661344240728,209.0,True,354
18,11,100,0.17222634846060147,203.0,True,354
18,11,100,0.1661044987299109,186.0,True,354
18,11,100,0.19678617366636642,198.0,True,354
18,11,100,0.16178954858332872,168.0,True,354
18,11,100,0.1898234527094573,217.0,True,354
18,11,100,0.16753316342521826,193.0,True,354
18,11,100,0.17777062279562797,186.0,True,354
18,11,100,0.2029816234111786,150.0,True,354
18,11,100,0.16585171709458033,150.0,True,354
18,11,100,0.20343422981408926,195.0,True,354
18,11,100,0.2019632604311813,88.0,True,354
18,11,100,0.17849129924968798,147.0,False,354
18,11,100,0.19840053426123214,174.0,True,354
18,11,100,0.26478008763261246,284.0,False,354
18,11,100,0.17176239814647695,194.0,True,354
18,11,100,0.19920025497372382,197.0,True,354
18,11,100,0.18644260489233008,219.0,True,354
18,11,100,0.20063560446606407,79.0,False,354
18,11,100,0.20064451695855604,218.0,False,354
18,11,100,0.1862171880590419,192.0,True,354
18,11,100,0.1855335441728433,180.0,True,354
18,11,100,0.21744773292741856,119.0,False,354
18,11,100,0.17561562373730297,207.0,True,354
18,11,100,0.2045091779588105,231.0,False,354
18,11,100,0.19489971567422915,39.0,False,354
18,11,100,0.1902178082569146,162.0,True,354
18,11,100,0.16437324210330173,222.0,True,354
18,11,100,0.22854403002547616,476.0,False,354
18,11,100,0.19576836839195125,363.0,False,354
18,11,100,0.19989985172395353,189.0,True,354
18,11,100,0.209844321265059,177.0,True,354
18,11,100,0.21698797321078753,198.0,True,354
18,11,100,0.19823602192542134,255.0,False,354
18,11,100,0.2044556208309673,126.0,True,354
18,11,100,0.2040364384651184,50.0,False,354
18,11,100,0.15269174827316592,173.0,True,354
18,11,100,0.19873542303606967,298.0,False,354
18,11,100,0.2200704249499858,87.0,False,354
18,11,100,0.2200922910489288,102.0,False,354
18,11,100,0.1592783911443835,199.0,True,354
18,11,100,0.16548847327573915,178.0,True,354
18,11,100,0.19410653243817033,168.0,True,354
18,11,100,0.213569179344713,89.0,False,354
18,11,100,0.206776088794003,572.0,False,354
18,11,100,0.21031649625792945,194.0,True,354
18,11,100,0.19693563589754032,129.0,True,354
18,11,100,0.2065765816242175,133.0,True,354
18,11,100,0.22866449929359886,144.0,False,354
18,11,100,0.20797270317288005,136.0,True,354
18,11,100,0.1889590946957469,112.0,True,354
18,11,100,0.16358899100292365,169.0,True,354
18,11,100,0.17929482240887248,136.0,False,354
18,11,100,0.27244806275436073,314.0,True,354
18,11,100,0.26080233166475253,213.0,False,354
18,11,100,0.22219350300137958,315.0,False,354
18,11,100,0.19157267276729856,210.0,True,354
18,11,100,0.20405490090691947,246.0,True,354
18,11,100,0.16930128661865856,187.0,True,354
18,11,100,0.23137098447316223,144.0,True,354
18,11,100,0.25328042738291684,147.0,True,354
18,11,100,0.2638030967135338,157.0,False,354
18,11,100,0.2128434355410052,142.0,False,354
18,11,100,0.16881952015958593,169.0,False,354
18,11,100,0.26276083516352106,198.0,False,354
18,11,100,0.21820482030949173,136.0,True,354
18,11,100,0.2169647801525985,158.0,True,354
18,11,100,0.21955061357082992,116.0,True,354
18,11,100,0.1756739663767677,173.0,True,354
18,11,100,0.20215154323598433,116.0,True,354
18,11,100,0.1722754467393934,194.0,True,354
18,11,100,0.23014883525581328,1182.0,False,354
18,11,100,0.2494940386453936,484.0,False,354
18,11,100,0.26217112926736713,252.0,False,354
18,11,100,0.2158176815993077,185.0,True,354
18,11,100,0.23899624718202128,148.0,True,354
18,11,100,0.1987443047974791,140.0,True,354
18,11,100,0.2030976547751316,215.0,False,354
18,11,100,0.23929230814032695,136.0,False,354
18,11,100,0.2282052706342098,121.0,False,354
18,11,100,0.18180711302492353,225.0,True,354
18,11,100,0.1622526012157482,183.0,True,354
18,11,100,0.18016661927103997,190.0,True,354
18,11,100,0.20067729560865297,180.0,True,354
18,11,100,0.16186660930422916,163.0,True,354
18,11,100,0.23004705455568103,225.0,True,354
18,11,100,0.2043143216442395,286.0,True,354
18,11,100,0.18435058754464095,191.0,True,354
18,11,100,0.21642211960120636,154.0,False,354
18,11,100,0.20468432830073016,289.0,False,354
18,11,100,0.21135197899171285,112.0,True,354
18,11,100,0.1767896618935969,154.0,True,354
18,11,100,0.1705136372645696,150.0,True,354
18,11,100,0.18038483810844927,227.0,True,354
18,11,100,0.1820968953232286,189.0,False,354
18,11,100,0.185950491341609,158.0,True,354
18,11,100,0.22798030039402828,191.0,False,354
18,11,100,0.18747088677816456,143.0,True,354
18,11,100,0.20705317636020482,64.0,False,354
18,11,100,0.21926303553717869,349.0,False,354
18,11,100,0.2449561468403758,262.0,False,354
18,11,100,0.17497900936437483,201.0,True,354
18,11,100,0.2118315677909018,206.0,True,354
18,11,100,0.1843191339488489,166.0,True,354
18,11,100,0.18614681672466837,184.0,False,354
18,11,100,0.26271687797060955,222.0,True,354
18,11,100,0.18447070809683405,133.0,True,354
18,11,100,0.1928694912285175,265.0,True,354
18,11,100,0.18272825440063195,170.0,True,354
18,11,100,0.20938263269695076,148.0,False,354
18,11,100,0.1888927212734332,174.0,True,354
18,11,100,0.16966777115893764,179.0,False,354
18,11,100,0.2008059483829078,286.0,True,354
18,11,100,0.2158281812914694,198.0,False,354
18,11,100,0.24801820832671542,99.0,False,354
18,11,100,0.1923514457212554,90.0,False,354
18,11,100,0.17919238363758902,89.0,True,354
18,11,100,0.19907441442763363,270.0,True,354
18,11,100,0.20773069727523574,232.0,False,354
18,11,100,0.1893592381290256,223.0,True,354
18,11,100,0.23600193645272935,574.0,False,354
18,11,100,0.16884355214626892,184.0,True,354
18,11,100,0.19213658824664395,147.0,True,354
18,11,100,0.17729862668412796,235.0,False,354
18,11,100,0.18001247605698256,177.0,True,354
18,11,100,0.18762828394918157,202.0,True,354
18,11,100,0.22160874298466884,343.0,True,354
18,11,100,0.2391743471989265,260.0,False,354
18,11,100,0.2327544207082075,85.0,False,354
18,11,100,0.18087902603371772,193.0,True,354
18,11,100,0.19344175358613333,33.0,False,354
18,11,100,0.18564133038123448,150.0,True,354
18,11,100,0.21293908551456484,123.0,True,354
18,11,100,0.16711892455280897,167.0,True,354
18,11,100,0.1698569903353683,238.0,True,354
18,11,100,0.21809946437334193,116.0,True,354
18,11,100,0.16482447383218798,116.0,True,354
18,11,100,0.17230242276876168,209.0,True,354
18,11,100,0.24441614896059036,200.0,True,354
18,11,100,0.23803050839464077,382.0,False,354
18,11,100,0.1691286438170758,179.0,True,354
18,11,100,0.23042402430014178,55.0,False,354
18,11,100,0.31590897363523096,181.0,True,354
18,11,100,0.2095140374810109,443.0,False,354
18,11,100,0.16686271275243453,155.0,True,354
18,11,100,0.17506197714638488,214.0,True,354
18,11,100,0.18286875782664433,172.0,True,354
18,11,100,0.1786567562992133,103.0,False,354
18,11,100,0.2676366159319878,100.0,True,354
18,11,100,0.22778479191097054,74.0,False,354
18,11,100,0.1821424236210684,96.0,False,354
18,11,100,0.2133813890606858,215.0,True,354
18,11,100,0.23423916812426124,153.0,False,354
18,11,100,0.17160797975734324,167.0,True,354
18,11,100,0.1833702347551783,144.0,False,354
18,11,100,0.1959888768949728,174.0,True,354
18,11,100,0.17356609088787134,69.0,False,354
18,11,100,0.1694996647384702,196.0,True,354
18,11,100,0.17541800701768143,159.0,True,354
18,11,100,0.18510028571877257,151.0,True,354
18,11,100,0.21121990637606886,415.0,False,354
18,11,100,0.17614874540238964,196.0,True,354
18,11,100,0.1905532195499748,157.0,True,354
18,11,100,0.17284749584590517,164.0,True,354
18,11,100,0.1858914831121053,112.0,True,354
18,11,100,0.21246717371118878,206.0,False,354
18,11,100,0.19643242627966637,204.0,True,354
18,11,100,0.18270547837018966,240.0,True,354
18,11,100,0.25951060154643896,359.0,False,354
18,11,100,0.22981392869606931,188.0,False,354
18,11,100,0.19828938104935337,237.0,True,354
18,11,100,0.19630955991356872,129.0,False,354
18,11,100,0.20773414805255555,216.0,True,354
18,11,100,0.2284000290884185,194.0,False,354
18,11,100,0.17564626505775174,137.0,True,354
18,11,100,0.32472804180759796,561.0,False,354
18,11,100,0.2668572661883019,188.0,True,354
18,11,100,0.31023102074574965,208.0,False,354
18,11,100,0.26475854454064135,101.0,False,354
18,11,100,0.1641456537776523,135.0,True,354
18,11,100,0.17259218746965582,121.0,True,354
18,11,100,0.27562580523746355,56.0,False,354
18,11,100,0.17482834832312968,208.0,True,354
18,11,100,0.21739966883079,152.0,False,354
18,11,100,0.18134834886865414,141.0,True,354
18,11,100,0.17064485174011101,176.0,True,354
18,11,100,0.18361804907834983,79.0,False,354
18,11,100,0.20116507010065393,278.0,False,354
18,11,100,0.15901577225857716,163.0,True,354
18,11,100,0.16601149702355975,168.0,True,354
18,11,100,0.161079626617857,213.0,True,354
18,11,100,0.1974662911418258,151.0,True,354
18,11,100,0.15989227999340405,165.0,True,354
18,11,100,0.2455370831489563,200.0,True,354
18,11,100,0.3187252310189334,22.0,False,354
18,11,100,0.17505055246304493,245.0,False,354
18,11,100,0.18129768191526333,144.0,True,354
18,11,100,0.17100317028290468,261.0,False,354
18,11,100,0.1745076758069033,179.0,True,354
18,11,100,0.24775531552485283,151.0,False,354
18,11,100,0.17977816999159954,148.0,True,354
18,11,100,0.24750712962910598,229.0,True,354
18,11,100,0.17022971360495798,216.0,True,354
18,11,100,0.18374641999503635,151.0,False,354
18,11,100,0.18075732296953598,144.0,True,354
18,11,100,0.18705085905061827,180.0,True,354
18,11,100,0.2076014356735425,39.0,False,354
18,11,100,0.1617405302377336,251.0,True,354
18,11,100,0.18120781903465588,240.0,False,354
18,11,100,0.1739436104765226,232.0,True,354
18,11,100,0.25176713281664354,116.0,True,354
18,11,100,0.1821429026892865,249.0,False,354
18,11,100,0.1783671427012688,199.0,True,354
18,11,100,0.21608559312213452,436.0,False,354
18,11,100,0.24195770713545028,210.0,False,354
18,11,100,0.21223963829253217,139.0,True,354
18,11,100,0.17306913153790845,164.0,True,354
18,11,100,0.17236783266352695,209.0,True,354
18,11,100,0.18892617073635126,149.0,True,354
18,11,100,0.19057328128764608,238.0,False,354
18,11,100,0.2080032470587053,152.0,False,354
18,11,100,0.18668610487992948,104.0,False,354
18,11,100,0.15740526647403322,203.0,True,354
18,11,100,0.18046606606219237,231.0,False,354
18,11,100,0.18293005797792883,102.0,True,354
18,11,100,0.2709608221640352,305.0,False,354
18,11,100,0.2101589692801964,205.0,True,354
18,11,100,0.20799550866063737,211.0,False,354
18,11,100,0.2052265607884952,154.0,False,354
18,11,100,0.19201198495736643,119.0,False,354
18,11,100,0.28107707736464593,173.0,True,354
18,11,100,0.2023491667946,221.0,False,354
18,11,100,0.16667859739327168,182.0,True,354
18,11,100,0.16633395597948666,171.0,True,354
18,11,100,0.2722009156664757,365.0,False,354
18,11,100,0.16477804603104923,187.0,True,354
18,11,100,0.18740050820242457,119.0,True,354
18,11,100,0.1767613403002421,150.0,True,354
18,11,100,0.2140395190471258,117.0,False,354
18,11,100,0.21274750706477044,195.0,False,354
18,11,100,0.25042121378999005,95.0,False,354
18,11,100,0.19853805663973786,86.0,False,354
18,11,100,0.2903543554885047,175.0,True,354
18,11,100,0.1774450254702718,159.0,True,354
18,11,100,0.16460473675553391,205.0,True,354
18,11,100,0.19027993862235218,109.0,True,354
18,11,100,0.1732583986343564,74.0,True,354
18,11,100,0.1712855123811298,135.0,True,354
18,11,100,0.17148593223533748,163.0,True,354
18,11,100,0.19598459556132933,158.0,True,354
18,11,100,0.22689200787947922,189.0,True,354
18,11,100,0.19898723757344913,153.0,True,354
18,11,100,0.17671049386262894,124.0,True,354
18,11,100,0.2048765812358708,193.0,True,354
18,11,100,0.17825055932438613,149.0,True,354
18,11,100,0.1691315621137619,159.0,True,354
18,11,100,0.17565024095646878,235.0,True,354
18,11,100,0.2375335320120766,105.0,True,354
18,11,100,0.20113653739293416,405.0,False,354
18,11,100,0.21146354570432946,270.0,False,354
18,11,100,0.18687446385168183,197.0,True,354
18,11,100,0.1705095304149977,142.0,True,354
18,11,100,0.2017046415081648,107.0,True,354
18,11,100,0.26318884198114556,212.0,False,354
18,11,100,0.18506220352742098,129.0,True,354
18,11,100,0.19007158987592943,101.0,True,354
18,11,100,0.20456342266074248,56.0,False,354
19,11,150,0.2145874020728198,110.0,False,449
19,11,150,0.22817604525619573,1623.0,False,449
19,11,150,0.2273008966381263,1014.0,False,449
19,11,150,0.21870831726423276,153.0,True,449
19,11,150,0.22049768724224783,275.0,True,449
19,11,150,0.20150721073150635,2.0,False,449
19,11,150,0.2028042844742625,337.0,True,449
19,11,150,0.218305184008324,292.0,False,449
19,11,150,0.20697724207451468,190.0,True,449
19,11,150,0.19066913194126553,135.0,False,449
19,11,150,0.18204348839142107,44.0,False,449
19,11,150,0.19790149580186872,134.0,True,449
19,11,150,0.19423388800135366,378.0,False,449
19,11,150,0.20583300434929483,136.0,False,449
19,11,150,0.21240322218806135,102.0,False,449
19,11,150,0.19372884706249388,127.0,True,449
19,11,150,0.1897309121489525,50.0,False,449
19,11,150,0.19075470913100886,185.0,True,449
19,11,150,0.18642344479342454,131.0,True,449
19,11,150,0.19317245483398438,39.0,False,449
19,11,150,0.18659531059911696,59.0,False,449
19,11,150,0.17288117110729218,134.0,True,449
19,11,150,0.1764716112805951,155.0,True,449
19,11,150,0.17955091902438333,204.0,True,449
19,11,150,0.20555766638029704,132.0,False,449
19,11,150,0.18218503799735075,209.0,False,449
19,11,150,0.19738889487821665,335.0,False,449
19,11,150,0.16560397860971657,148.0,True,449
19,11,150,0.1777235808968544,100.0,True,449
19,11,150,0.1836728770818029,70.0,False,449
19,11,150,0.18195605952115285,168.0,True,449
19,11,150,0.24140856482123876,211.0,False,449
19,11,150,0.18797928295778424,178.0,True,449
19,11,150,0.22494085214624357,201.0,True,449
19,11,150,0.18293313713783912,47.0,False,449
19,11,150,0.20803429798356124,448.0,False,449
19,11,150,0.19913582289936366,216.0,True,449
19,11,150,0.193583014997698,252.0,False,449
19,11,150,0.1937188050963662,165.0,True,449
19,11,150,0.17064213148857418,190.0,True,449
19,11,150,0.18546756432445038,227.0,True,449
19,11,150,0.1816727116301253,37.0,False,449
19,11,150,0.1697886122297917,221.0,True,449
19,11,150,0.1824092879152495,242.0,True,449
19,11,150,0.22444086650528583,249.0,True,449
19,11,150,0.16972311882471497,176.0,True,449
19,11,150,0.17948834422756643,153.0,True,449
19,11,150,0.2108130566184483,189.0,False,449
19,11,150,0.20125210532327978,615.0,False,449
19,11,150,0.1923397848239312,39.0,False,449
19,11,150,0.20791434441451673,162.0,True,449
19,11,150,0.21447777564394965,146.0,False,449
19,11,150,0.17690926045179367,202.0,True,449
19,11,150,0.1805966756461809,192.0,True,449
19,11,150,0.2134700659420583,77.0,False,449
19,11,150,0.18417147062990788,274.0,True,449
19,11,150,0.17781573285659155,156.0,True,449
19,11,150,0.21776531839145805,265.0,True,449
19,11,150,0.21879904736508976,193.0,False,449
19,11,150,0.22185459097226462,150.0,True,449
19,11,150,0.1985347066675463,124.0,False,449
19,11,150,0.17769189632457236,69.0,False,449
19,11,150,0.20728069529780802,212.0,True,449
19,11,150,0.17253810658499047,270.0,False,449
19,11,150,0.1724976005220632,218.0,True,449
19,11,150,0.2178647415863501,185.0,True,449
19,11,150,0.21791915855046068,178.0,True,449
19,11,150,0.22345382081610815,168.0,True,449
19,11,150,0.19073074823776578,263.0,True,449
19,11,150,0.22164376931531088,210.0,True,449
19,11,150,0.22453368010641145,119.0,True,449
19,11,150,0.20332903739733574,78.0,True,449
19,11,150,0.17660778007221958,259.0,True,449
19,11,150,0.22970262080953832,285.0,True,449
19,11,150,0.22530645635917032,139.0,True,449
19,11,150,0.18845279767828169,212.0,True,449
19,11,150,0.17203732084429435,209.0,False,449
19,11,150,0.19064551370881372,236.0,True,449
19,11,150,0.19330232813954354,180.0,True,449
19,11,150,0.19598284283440984,167.0,True,449
19,11,150,0.20024753968841982,151.0,True,449
19,11,150,0.17617293219817312,190.0,True,449
19,11,150,0.2216358301255221,183.0,True,449
19,11,150,0.1986157607231567,134.0,True,449
19,11,150,0.18949984450792445,174.0,True,449
19,11,150,0.2470125610804161,541.0,False,449
19,11,150,0.21620234662396276,234.0,True,449
19,11,150,0.20857953197426266,225.0,False,449
19,11,150,0.20676340486692346,207.0,True,449
19,11,150,0.23321977250047565,194.0,False,449
19,11,150,0.21323082611915914,235.0,True,449
19,11,150,0.2074890673413115,236.0,False,449
19,11,150,0.19520039762462582,111.0,True,449
19,11,150,0.18104510682534022,166.0,False,449
19,11,150,0.21818939572380436,155.0,True,449
19,11,150,0.20722436441315545,180.0,False,449
19,11,150,0.24512643553316593,96.0,False,449
19,11,150,0.1918140946092753,259.0,True,449
19,11,150,0.19923503026366235,180.0,False,449
19,11,150,0.19885380927079954,161.0,True,449
19,11,150,0.1797649813744858,131.0,True,449
19,11,150,0.19721007701610366,248.0,True,449
19,11,150,0.19791800807751223,227.0,True,449
19,11,150,0.2023984118486228,184.0,True,449
19,11,150,0.20974292910617331,230.0,True,449
19,11,150,0.2178400247631704,136.0,True,449
19,11,150,0.2138974059621493,150.0,True,449
19,11,150,0.19863537612349488,86.0,True,449
19,11,150,0.1918663893260208,255.0,True,449
19,11,150,0.18704654328907147,312.0,False,449
19,11,150,0.1739267710667507,157.0,True,449
19,11,150,0.1758885313756764,32.0,False,449
19,11,150,0.2004599136610826,156.0,True,449
19,11,150,0.19560773182837737,168.0,True,449
19,11,150,0.1935707495106218,213.0,True,449
19,11,150,0.19586078865361994,244.0,True,449
19,11,150,0.19512876024786033,159.0,True,449
19,11,150,0.2238150581354048,205.0,True,449
19,11,150,0.1725255930874528,119.0,True,449
19,11,150,0.19007527187389414,193.0,False,449
19,11,150,0.1954028211210085,92.0,False,449
19,11,150,0.19108293898576914,86.0,False,449
19,11,150,0.1700324967014985,122.0,False,449
19,11,150,0.17633371470552503,165.0,True,449
19,11,150,0.18038519214500082,110.0,False,449
19,11,150,0.1754999299134527,224.0,True,449
19,11,150,0.19794362939465107,191.0,True,449
19,11,150,0.2009615456009959,91.0,False,449
19,11,150,0.2249289646963863,136.0,True,449
19,11,150,0.22350122764998792,153.0,True,449
19,11,150,0.1768072674671809,120.0,True,449
19,11,150,0.17726370796499918,243.0,True,449
19,11,150,0.18057046942159433,147.0,True,449
19,11,150,0.20445467766962552,228.0,True,449
19,11,150,0.2142082359276566,51.0,True,449
19,11,150,0.17835587881840637,289.0,True,449
19,11,150,0.21108577118226976,264.0,True,449
19,11,150,0.22629730100918533,266.0,False,449
19,11,150,0.19401227059689435,220.0,True,449
19,11,150,0.17565838024876584,174.0,False,449
19,11,150,0.17247430659257448,130.0,True,449
19,11,150,0.22787897004712399,834.0,False,449
19,11,150,0.24031030559861982,925.0,False,449
19,11,150,0.23594045470497124,557.0,False,449
19,11,150,0.2216641064602279,711.0,False,449
19,11,150,0.24173091166261312,345.0,True,449
19,11,150,0.22045259726911873,331.0,True,449
19,11,150,0.2344974981326806,152.0,True,449
19,11,150,0.21870023819708054,155.0,True,449
19,11,150,0.19872964013226424,158.0,True,449
19,11,150,0.19430053320798008,275.0,True,449
19,11,150,0.2084367343608071,170.0,True,449
19,11,150,0.1824047895378891,299.0,True,449
19,11,150,0.21051020846233603,161.0,True,449
19,11,150,0.1734958505907724,129.0,True,449
19,11,150,0.17570220343038148,153.0,True,449
19,11,150,0.2227670329269664,1160.0,False,449
19,11,150,0.2089025066501793,174.0,True,449
19,11,150,0.21054772784312567,150.0,True,449
19,11,150,0.18582817755994344,105.0,True,449
19,11,150,0.19787249655700198,204.0,True,449
19,11,150,0.17886960433750618,41.0,False,449
19,11,150,0.18446627007195013,201.0,False,449
19,11,150,0.19483159242996148,168.0,True,449
19,11,150,0.22358003148326167,216.0,True,449
19,11,150,0.17521115933976522,205.0,True,449
19,11,150,0.17150162494004662,201.0,True,449
19,11,150,0.18549463299892407,223.0,True,449
19,11,150,0.18617509324879697,384.0,True,449
19,11,150,0.17722483167370545,206.0,True,449
19,11,150,0.21452381622557545,102.0,True,449
19,11,150,0.19670835734926503,197.0,True,449
19,11,150,0.2189333882692049,139.0,False,449
19,11,150,0.2038027781315825,176.0,True,449
19,11,150,0.19451063227924434,88.0,True,449
19,11,150,0.17991398407549816,337.0,False,449
19,11,150,0.23539644627531697,121.0,True,449
19,11,150,0.17528328107019361,209.0,True,449
19,11,150,0.2267984855815629,214.0,True,449
19,11,150,0.1703305952806971,134.0,False,449
19,11,150,0.19499244697365473,281.0,True,449
19,11,150,0.16754403931123238,135.0,True,449
19,11,150,0.17794327464486873,224.0,True,449
19,11,150,0.18379850845455667,261.0,True,449
19,11,150,0.16896465326112414,63.0,False,449
19,11,150,0.17147319827760968,35.0,False,449
19,11,150,0.17412846942537838,97.0,True,449
19,11,150,0.2032271012261107,185.0,False,449
19,11,150,0.22949739781361592,553.0,False,449
19,11,150,0.22824827424098743,454.0,False,449
19,11,150,0.20463699804011484,463.0,True,449
19,11,150,0.21289195193619023,244.0,False,449
19,11,150,0.22497749854281066,343.0,True,449
19,11,150,0.18253216691209243,211.0,True,449
19,11,150,0.17646297819766343,204.0,False,449
19,11,150,0.20039849173164104,361.0,False,449
19,11,150,0.21597837778270668,141.0,True,449
19,11,150,0.20632696817131163,159.0,True,449
19,11,150,0.23632313249742284,170.0,True,449
19,11,150,0.1934825983321802,352.0,True,449
19,11,150,0.19063301538598948,174.0,True,449
19,11,150,0.17235357736374116,143.0,True,449
19,11,150,0.19431751552555296,36.0,False,449
19,11,150,0.17752303583408469,67.0,False,449
19,11,150,0.1758185283965375,83.0,False,449
19,11,150,0.16827049860848656,158.0,True,449
19,11,150,0.20501739687141887,187.0,True,449
19,11,150,0.23259072495918526,152.0,True,449
19,11,150,0.17417757576844822,254.0,False,449
19,11,150,0.1958816065736439,115.0,True,449
19,11,150,0.20427546443393052,227.0,True,449
19,11,150,0.24983864863458863,234.0,False,449
19,11,150,0.21253303679879065,216.0,False,449
19,11,150,0.18917714221322018,92.0,True,449
19,11,150,0.20365670019994953,167.0,True,449
19,11,150,0.19145689932983131,158.0,True,449
19,11,150,0.1974416274528999,231.0,True,449
19,11,150,0.21907338751367775,83.0,False,449
19,11,150,0.17734965106578376,246.0,True,449
19,11,150,0.1755455785255501,138.0,True,449
19,11,150,0.1971672792352882,102.0,False,449
19,11,150,0.23500702776219867,436.0,False,449
19,11,150,0.1903321199971645,402.0,False,449
19,11,150,0.2403660609216169,311.0,False,449
19,11,150,0.24632138226713454,98.0,False,449
19,11,150,0.23086379104058738,503.0,False,449
19,11,150,0.2088075339883925,332.0,True,449
19,11,150,0.17201864059482302,70.0,False,449
19,11,150,0.17951288058232234,186.0,True,449
19,11,150,0.18228634453016865,121.0,False,449
19,11,150,0.24657948277773903,319.0,True,449
19,11,150,0.17020966522247194,251.0,True,449
19,11,150,0.17999179510955224,228.0,True,449
19,11,150,0.2064045935290531,103.0,False,449
19,11,150,0.19365312590777317,107.0,False,449
19,11,150,0.2015454391849802,47.0,False,449
19,11,150,0.17417629992531747,194.0,True,449
19,11,150,0.21348808514766204,156.0,True,449
19,11,150,0.1919050170261352,122.0,True,449
19,11,150,0.18635205202260796,196.0,True,449
19,11,150,0.17457450894599266,94.0,False,449
19,11,150,0.17252739530707162,63.0,False,449
19,11,150,0.20708096854148372,155.0,True,449
19,11,150,0.1871747017809839,429.0,False,449
19,11,150,0.2003753973301067,215.0,True,449
19,11,150,0.1848021406063273,326.0,True,449
19,11,150,0.21107582142858794,165.0,True,449
19,11,150,0.2898573988314831,33.0,False,449
19,11,150,0.18258058373724018,222.0,True,449
19,11,150,0.3549250291811453,37.0,False,449
19,11,150,0.18357030333990745,94.0,False,449
19,11,150,0.35430650935544594,77.0,False,449
19,11,150,0.18822564002666764,262.0,True,449
19,11,150,0.17875163403690839,244.0,True,449
19,11,150,0.24277337111532687,200.0,True,449
19,11,150,0.24020177143002494,611.0,False,449
19,11,150,0.20518160504052194,236.0,True,449
19,11,150,0.24539239847141764,230.0,False,449
19,11,150,0.20205078188296968,226.0,False,449
19,11,150,0.20388747265269933,242.0,True,449
19,11,150,0.19144239487134823,223.0,True,449
19,11,150,0.21296114273167946,148.0,False,449
19,11,150,0.19495465914289395,167.0,True,449
19,11,150,0.20262797043031575,245.0,True,449
19,11,150,0.35835919019891255,335.0,False,449
19,11,150,0.1939376371188296,216.0,True,449
19,11,150,0.18550490017628438,307.0,True,449
19,11,150,0.17065398998652834,158.0,True,449
19,11,150,0.19182341390808158,298.0,True,449
19,11,150,0.19326750705442805,404.0,True,449
19,11,150,0.20853042677385078,219.0,True,449
19,11,150,0.2231495621335971,154.0,False,449
19,11,150,0.36546969493584974,112.0,False,449
19,11,150,0.20108864199386414,229.0,True,449
19,11,150,0.18090629804942568,236.0,True,449
19,11,150,0.25544924208586167,278.0,True,449
19,11,150,0.23677714822384027,130.0,True,449
19,11,150,0.19644785116469193,197.0,True,449
19,11,150,0.2069182906832014,147.0,True,449
19,11,150,0.39736343121814693,2667.0,False,449
19,11,150,0.2594333364479784,207.0,False,449
19,11,150,0.18692036647307103,263.0,True,449
19,11,150,0.19547034576149183,193.0,False,449
19,11,150,0.2552467999672981,261.0,True,449
19,11,150,0.19860415958932467,532.0,False,449
19,11,150,0.23091482748614559,373.0,False,449
19,11,150,0.2527374715849002,217.0,False,449
19,11,150,0.20368583203774493,211.0,True,449
19,11,150,0.19174340526972497,112.0,True,449
19,11,150,0.18996322762507659,130.0,False,449
19,11,150,0.18786573853656535,131.0,False,449
19,11,150,0.18290093060462706,155.0,True,449
19,11,150,0.18333388181681132,181.0,True,449
19,11,150,0.19616261129696622,293.0,True,449
19,11,150,0.22030245632517573,255.0,True,449
19,11,150,0.1935254921678637,61.0,False,449
19,11,150,0.23851620180894864,149.0,False,449
19,11,150,0.18688676585753758,150.0,False,449
19,11,150,0.22828944768272552,354.0,True,449
19,11,150,0.20199895639654616,284.0,True,449
19,11,150,0.185759557480634,241.0,True,449
19,11,150,0.23785332328067768,892.0,False,449
19,11,150,0.1988856104303032,343.0,True,449
19,11,150,0.20043179460164517,177.0,True,449
19,11,150,0.2037443037162412,212.0,True,449
19,11,150,0.1836841277834168,133.0,True,449
19,11,150,0.24427386346480828,417.0,True,449
19,11,150,0.24515075262766986,398.0,False,449
19,11,150,0.23302007966025634,449.0,False,449
19,11,150,0.19276508946007434,313.0,True,449
19,11,150,0.20268519620100658,150.0,True,449
19,11,150,0.2052962591060611,209.0,True,449
19,11,150,0.188966821812387,279.0,True,449
19,11,150,0.24711371086445091,241.0,True,449
19,11,150,0.2182805366164086,149.0,False,449
19,11,150,0.18420862647375666,133.0,False,449
19,11,150,0.16781214127937952,60.0,False,449
19,11,150,0.23402116533089062,506.0,False,449
19,11,150,0.20432542981404178,212.0,True,449
19,11,150,0.20868299141818403,255.0,False,449
19,11,150,0.18544446892037833,194.0,True,449
19,11,150,0.19792888396316105,180.0,True,449
19,11,150,0.20539799005120665,182.0,True,449
19,11,150,0.2044968538814121,180.0,True,449
19,11,150,0.1985130518392364,211.0,True,449
19,11,150,0.23539267582868142,189.0,False,449
19,11,150,0.33935954438886423,174.0,False,449
19,11,150,0.4049570220320121,46.0,False,449
19,11,150,0.24166037285769426,675.0,False,449
19,11,150,0.195911271419997,192.0,True,449
19,11,150,0.1931750359567436,148.0,False,449
19,11,150,0.19670747623018836,174.0,True,449
19,11,150,0.2280586008672361,162.0,True,449
19,11,150,0.2223545080742482,579.0,False,449
19,11,150,0.20167280844788052,201.0,True,449
19,11,150,0.2177752974567954,194.0,True,449
19,11,150,0.20888768092020235,134.0,True,449
19,11,150,0.18855922906956774,188.0,True,449
19,11,150,0.2228831095602906,515.0,False,449
19,11,150,0.23284582919799365,390.0,False,449
19,11,150,0.24704294008016586,250.0,True,449
19,11,150,0.23474078402397738,314.0,True,449
19,11,150,0.21587076593319882,259.0,True,449
19,11,150,0.2291480205243542,168.0,False,449
19,11,150,0.24548196754782334,197.0,True,449
19,11,150,0.22391611718469195,180.0,True,449
19,11,150,0.21361646262354822,159.0,False,449
19,11,150,0.21184491471220285,156.0,True,449
19,11,150,0.21930110655473858,178.0,True,449
19,11,150,0.19896207461244034,253.0,False,449
19,11,150,0.4215920512874921,360.0,False,449
19,11,150,0.25547481248307125,233.0,False,449
19,11,150,0.19074951317803612,232.0,True,449
19,11,150,0.1970507438621811,296.0,True,449
19,11,150,0.20142249171891488,121.0,False,449
19,11,150,0.21113613848857457,181.0,True,449
19,11,150,0.20220192855569571,221.0,True,449
19,11,150,0.19304002963006497,200.0,True,449
19,11,150,0.2025708595708925,49.0,False,449
19,11,150,0.20852490195206233,119.0,False,449
19,11,150,0.20381240902213277,197.0,True,449
19,11,150,0.19933123029948432,207.0,True,449
19,11,150,0.2589088659975436,154.0,True,449
19,11,150,0.19677877194922547,116.0,True,449
19,11,150,0.2218625668217154,102.0,True,449
19,11,150,0.18245527552346053,118.0,True,449
19,11,150,0.1998928018670151,69.0,False,449
20,12,1,0.2642560702867997,195.0,False,108
20,12,1,0.273907331331652,490.0,False,108
20,12,1,0.2275342813298746,163.0,True,108
20,12,1,0.246766959049905,129.0,True,108
20,12,1,0.2517974798332204,182.0,False,108
20,12,1,0.2301297985499178,201.0,True,108
20,12,1,0.1977964338347398,181.0,True,108
20,12,1,0.2299589038011618,256.0,True,108
20,12,1,0.2286342794512525,243.0,True,108
20,12,1,0.24280161560783464,248.0,True,108
20,12,1,0.249640367604712,372.0,True,108
20,12,1,0.25737420515271653,228.0,True,108
20,12,1,0.24410577834426583,231.0,True,108
20,12,1,0.2337461625274859,190.0,True,108
20,12,1,0.23100671940928053,157.0,True,108
20,12,1,0.24664561612450558,184.0,True,108
20,12,1,0.24794698282055658,146.0,True,108
20,12,1,0.2610566487251702,177.0,True,108
20,12,1,0.17544150315225124,160.0,True,108
20,12,1,0.24876808873538314,145.0,True,108
20,12,1,0.24369582103802853,149.0,True,108
20,12,1,0.22290838525483483,190.0,True,108
20,12,1,0.18662010123463055,152.0,True,108
20,12,1,0.18601962526022278,161.0,True,108
20,12,1,0.22132307227621686,141.0,True,108
20,12,1,0.21291230214030846,184.0,True,108
20,12,1,0.2013661160118996,126.0,True,108
20,12,1,0.23060299568817394,119.0,True,108
20,12,1,0.258430584010325,285.0,False,108
20,12,1,0.164076261031322,156.0,True,108
20,12,1,0.21859929370028633,140.0,True,108
20,12,1,0.16872661347155804,143.0,True,108
20,12,1,0.18535969647077413,65.0,False,108
20,12,1,0.18500382056710316,171.0,True,108
20,12,1,0.19236772057119306,182.0,True,108
20,12,1,0.23492559718798442,166.0,True,108
20,12,1,0.16776159123556147,169.0,True,108
20,12,1,0.22345995514289194,184.0,True,108
20,12,1,0.18157897832301947,130.0,True,108
20,12,1,0.19811221934629208,132.0,True,108
20,12,1,0.22714311219154196,187.0,True,108
20,12,1,0.2068347251339323,157.0,True,108
20,12,1,0.2546612005872825,97.0,True,108
20,12,1,0.2282564898192043,142.0,True,108
20,12,1,0.2327751785516739,165.0,True,108
20,12,1,0.21570495986346658,141.0,True,108
20,12,1,0.22070081014095283,164.0,True,108
20,12,1,0.25069087980285526,126.0,True,108
20,12,1,0.25140228257937863,154.0,True,108
20,12,1,0.23002275835584712,135.0,True,108
20,12,1,0.21162661872332608,158.0,True,108
20,12,1,0.24060076746073636,143.0,True,108
20,12,1,0.17486967627676378,161.0,True,108
20,12,1,0.2515602776917016,164.0,True,108
20,12,1,0.24700978148368097,155.0,True,108
20,12,1,0.19065341906201455,124.0,True,108
20,12,1,0.21941280477451827,159.0,True,108
20,12,1,0.17698176492409534,166.0,True,108
20,12,1,0.24048291267575445,148.0,True,108
20,12,1,0.21202733728921774,132.0,True,108
20,12,1,0.2362455524677454,172.0,False,108
20,12,1,0.26363418801971106,138.0,True,108
20,12,1,0.2634024276111111,159.0,False,108
20,12,1,0.2164523653536035,149.0,True,108
20,12,1,0.22879236356004493,154.0,True,108
20,12,1,0.25902084903791545,160.0,True,108
20,12,1,0.1926249514345999,154.0,True,108
20,12,1,0.16941590159270115,173.0,True,108
20,12,1,0.18694093834076608,140.0,True,108
20,12,1,0.20193900889957073,97.0,True,108
20,12,1,0.21600689927300254,91.0,True,108
20,12,1,0.22184614506032732,180.0,True,108
20,12,1,0.22621286568576343,146.0,True,108
20,12,1,0.19326225165905578,178.0,True,108
20,12,1,0.1698814870486426,172.0,True,108
20,12,1,0.20292778544732043,148.0,True,108
20,12,1,0.19837834128480875,151.0,True,108
20,12,1,0.18013970310037786,165.0,True,108
20,12,1,0.19648624838745526,177.0,True,108
20,12,1,0.23672134119864793,171.0,True,108
20,12,1,0.22322096537960612,184.0,True,108
20,12,1,0.25419018771091517,137.0,True,108
20,12,1,0.17384869594182542,134.0,True,108
20,12,1,0.1865835987257235,165.0,True,108
20,12,1,0.18501225617152967,151.0,True,108
20,12,1,0.19933579313127617,171.0,True,108
20,12,1,0.2007823211562102,157.0,True,108
20,12,1,0.20858851147861016,164.0,True,108
20,12,1,0.20008039921522142,180.0,True,108
20,12,1,0.23187270793466938,181.0,True,108
20,12,1,0.20509120642852324,208.0,True,108
20,12,1,0.19151855861260134,176.0,True,108
20,12,1,0.2609668191064868,114.0,False,108
20,12,1,0.22989733306304463,106.0,True,108
20,12,1,0.2420141866855454,114.0,True,108
20,12,1,0.17465438192985097,183.0,True,108
20,12,1,0.18019839501220908,149.0,True,108
20,12,1,0.27009664534353744,204.0,False,108
20,12,1,0.2615512421597605,161.0,True,108
20,12,1,0.184823408909142,160.0,True,108
20,12,1,0.1768358126685426,185.0,True,108
20,12,1,0.230649914830289,188.0,True,108
20,12,1,0.188716695858882,130.0,True,108
20,12,1,0.19241444447210856,56.0,True,108
21,12,10,0.26770280283174397,243.0,False,120
21,12,10,0.24763314939778427,377.0,False,120
21,12,10,0.21802304659200752,115.0,True,120
21,12,10,0.21673130286189746,53.0,True,120
21,12,10,0.1998501721746433,161.0,True,120
21,12,10,0.21603204796661685,199.0,True,120
21,12,10,0.19286186207238942,146.0,True,120
21,12,10,0.1906215272245616,137.0,True,120
21,12,10,0.20182708431692684,153.0,True,120
21,12,10,0.2346209606345819,245.0,True,120
21,12,10,0.2391558542177339,289.0,True,120
21,12,10,0.24564022040122177,292.0,True,120
21,12,10,0.25133469611730264,184.0,False,120
21,12,10,0.24903222731074448,159.0,True,120
21,12,10,0.24038185887038707,160.0,False,120
21,12,10,0.2525522043431027,322.0,True,120
21,12,10,0.24748227349769922,162.0,True,120
21,12,10,0.2343957915902138,170.0,True,120
21,12,10,0.24035006402617823,137.0,True,120
21,12,10,0.23310007899999619,162.0,True,120
21,12,10,0.21989859804030387,155.0,True,120
21,12,10,0.20665775692981223,138.0,True,120
21,12,10,0.2320382474433808,168.0,True,120
21,12,10,0.1768356617770077,162.0,True,120
21,12,10,0.1861041211312817,155.0,True,120
21,12,10,0.2389335336199232,157.0,True,120
21,12,10,0.2501722334009228,165.0,True,120
21,12,10,0.23892590292091445,254.0,False,120
21,12,10,0.1835186586161203,158.0,True,120
21,12,10,0.17952360238793286,172.0,True,120
21,12,10,0.24818897965571862,139.0,True,120
21,12,10,0.24092382773663262,159.0,True,120
21,12,10,0.21854668763810642,146.0,True,120
21,12,10,0.22042846151445278,189.0,True,120
21,12,10,0.1954329243954822,169.0,True,120
21,12,10,0.22493756266639514,136.0,True,120
21,12,10,0.15923341025005688,154.0,True,120
21,12,10,0.2160304488738378,150.0,True,120
21,12,10,0.1616040543641573,162.0,True,120
21,12,10,0.23626809234957438,148.0,True,120
21,12,10,0.18773502355101723,159.0,True,120
21,12,10,0.1802990379067242,197.0,True,120
21,12,10,0.2281757000165108,195.0,True,120
21,12,10,0.23239457786635118,108.0,True,120
21,12,10,0.16237089740378516,175.0,True,120
21,12,10,0.2077552287986404,228.0,True,120
21,12,10,0.16801442986870385,166.0,True,120
21,12,10,0.20605668447800538,134.0,True,120
21,12,10,0.2603896247633433,118.0,True,120
21,12,10,0.17117517168008828,158.0,True,120
21,12,10,0.231091333553195,96.0,True,120
21,12,10,0.1957375947688077,185.0,True,120
21,12,10,0.22243163068562943,151.0,True,120
21,12,10,0.18859885665862,136.0,True,120
21,12,10,0.24004056809111413,161.0,True,120
21,12,10,0.2272143837905699,155.0,True,120
21,12,10,0.24354499830480883,136.0,True,120
21,12,10,0.2464768225382902,167.0,True,120
21,12,10,0.2277876023414,159.0,True,120
21,12,10,0.22115106967187698,155.0,True,120
21,12,10,0.21087830477073544,183.0,True,120
21,12,10,0.1719727388910345,185.0,True,120
21,12,10,0.21725226511232187,122.0,True,120
21,12,10,0.23520696568771227,169.0,True,120
21,12,10,0.2370693195949901,165.0,True,120
21,12,10,0.19567549379693494,148.0,True,120
21,12,10,0.21713977041361215,143.0,True,120
21,12,10,0.2257233846255324,88.0,False,120
21,12,10,0.1773967973706199,164.0,True,120
21,12,10,0.19577380084687737,157.0,True,120
21,12,10,0.2220579416969338,148.0,True,120
21,12,10,0.23578597371243248,242.0,False,120
21,12,10,0.21278504307927756,145.0,True,120
21,12,10,0.224618146220843,75.0,False,120
21,12,10,0.21940990724936635,147.0,True,120
21,12,10,0.2640813535198252,188.0,False,120
21,12,10,0.2287346633343861,145.0,True,120
21,12,10,0.2158434820175171,150.0,True,120
21,12,10,0.16648375659416884,195.0,True,120
21,12,10,0.22804487219878605,105.0,True,120
21,12,10,0.18939945577869755,169.0,True,120
21,12,10,0.2227071314650094,149.0,True,120
21,12,10,0.22036654018076127,177.0,True,120
21,12,10,0.21996809423759284,151.0,True,120
21,12,10,0.20966163715347647,160.0,True,120
21,12,10,0.19668494446410073,180.0,True,120
21,12,10,0.16549324131635731,172.0,True,120
21,12,10,0.19709752061187405,146.0,True,120
21,12,10,0.17643403803339655,161.0,True,120
21,12,10,0.1867505918992193,190.0,True,120
21,12,10,0.2265233647579338,171.0,True,120
21,12,10,0.18922579414763693,177.0,True,120
21,12,10,0.18870378484328587,180.0,True,120
21,12,10,0.1740582741704988,162.0,True,120
21,12,10,0.16684712558984757,150.0,True,120
21,12,10,0.1961730928839864,185.0,True,120
21,12,10,0.20674450742080808,176.0,True,120
21,12,10,0.1928226752923085,169.0,True,120
21,12,10,0.22777885148589244,149.0,True,120
21,12,10,0.20308235180683626,195.0,True,120
21,12,10,0.22532478735364717,145.0,True,120
21,12,10,0.2524524763110996,129.0,False,120
21,12,10,0.2527687713503838,120.0,False,120
21,12,10,0.19413303708036742,156.0,True,120
21,12,10,0.18104803229908686,148.0,True,120
21,12,10,0.1851194710643203,189.0,True,120
21,12,10,0.24466237389897727,83.0,True,120
21,12,10,0.1713301820131753,241.0,True,120
21,12,10,0.2052263528863086,158.0,True,120
21,12,10,0.16907956914321795,148.0,True,120
21,12,10,0.2296107455271564,146.0,True,120
21,12,10,0.2314468329426032,199.0,True,120
21,12,10,0.17874253533705317,198.0,True,120
21,12,10,0.18576896238711574,186.0,True,120
21,12,10,0.1905603343477616,130.0,True,120
21,12,10,0.16959631422327626,144.0,True,120
22,12,50,0.22080067735403142,94.0,True,150
22,12,50,0.25601104313162115,221.0,False,150
22,12,50,0.2220367142111783,207.0,True,150
22,12,50,0.2380603283268063,238.0,False,150
22,12,50,0.23924914669422875,210.0,True,150
22,12,50,0.21778022004412367,231.0,True,150
22,12,50,0.2108488166600131,89.0,False,150
22,12,50,0.20492356022198996,69.0,False,150
22,12,50,0.1867740866633094,196.0,True,150
22,12,50,0.21812706826681114,83.0,False,150
22,12,50,0.22756545973643091,131.0,True,150
22,12,50,0.19110449724921993,204.0,True,150
22,12,50,0.20772739972946416,411.0,True,150
22,12,50,0.19785195466300304,352.0,True,150
22,12,50,0.22710422806775393,335.0,True,150
22,12,50,0.23954469391277858,210.0,True,150
22,12,50,0.1850391121246876,195.0,True,150
22,12,50,0.24648962851534498,235.0,False,150
22,12,50,0.23968332470818,220.0,True,150
22,12,50,0.23697202620647287,186.0,True,150
22,12,50,0.22213670971353403,178.0,True,150
22,12,50,0.17672515329387453,198.0,True,150
22,12,50,0.24872799017236907,223.0,True,150
22,12,50,0.21106171771326168,187.0,True,150
22,12,50,0.24254244427348293,172.0,False,150
22,12,50,0.20793044012646342,172.0,True,150
22,12,50,0.18126049570061945,176.0,True,150
22,12,50,0.18266470283941105,222.0,True,150
22,12,50,0.17069117830827904,211.0,True,150
22,12,50,0.22478512731882241,130.0,False,150
22,12,50,0.24394001545090424,190.0,True,150
22,12,50,0.19761775364529902,193.0,True,150
22,12,50,0.21708450705195084,156.0,True,150
22,12,50,0.20214782759949967,185.0,True,150
22,12,50,0.17013198358787074,185.0,True,150
22,12,50,0.24431932516396046,200.0,False,150
22,12,50,0.23015044709291968,243.0,True,150
22,12,50,0.2409902134214539,166.0,False,150
22,12,50,0.23879209673532875,93.0,False,150
22,12,50,0.18088832268668287,179.0,True,150
22,12,50,0.21181754767894745,224.0,False,150
22,12,50,0.18206470770822777,182.0,True,150
22,12,50,0.16665453723696774,172.0,True,150
22,12,50,0.19342527005144142,176.0,True,150
22,12,50,0.17650525837658562,187.0,True,150
22,12,50,0.26071598965978415,233.0,False,150
22,12,50,0.2554103632767995,183.0,False,150
22,12,50,0.23025478013144193,131.0,True,150
22,12,50,0.16835072409105664,131.0,True,150
22,12,50,0.18845808556240595,267.0,True,150
22,12,50,0.16617066970842329,167.0,True,150
22,12,50,0.1865117901661357,183.0,True,150
22,12,50,0.16817935425174105,182.0,True,150
22,12,50,0.19698904650776008,76.0,False,150
22,12,50,0.20183720163842464,235.0,True,150
22,12,50,0.2038533960779508,138.0,True,150
22,12,50,0.16400059519043889,166.0,True,150
22,12,50,0.1829439803353838,148.0,True,150
22,12,50,0.16668175847886443,154.0,True,150
22,12,50,0.20002974383533,160.0,True,150
22,12,50,0.16643568360252886,151.0,True,150
22,12,50,0.1884696358984167,165.0,True,150
22,12,50,0.17755193289712812,141.0,True,150
22,12,50,0.22702097661536316,116.0,True,150
22,12,50,0.1703356823619501,162.0,True,150
22,12,50,0.17993308011202785,171.0,True,150
22,12,50,0.22705162554776587,147.0,True,150
22,12,50,0.17528675160100382,124.0,True,150
22,12,50,0.19145849462727021,116.0,True,150
22,12,50,0.21546662315402343,184.0,True,150
22,12,50,0.1785749825595439,174.0,True,150
22,12,50,0.16903664042416228,219.0,True,150
22,12,50,0.2078575042657333,202.0,True,150
22,12,50,0.23795787515661643,223.0,True,150
22,12,50,0.2608970861781288,148.0,True,150
22,12,50,0.1848158933020927,148.0,True,150
22,12,50,0.21411682490040274,204.0,True,150
22,12,50,0.1726222136654915,156.0,True,150
22,12,50,0.17370052050661158,135.0,True,150
22,12,50,0.26139022548890484,193.0,True,150
22,12,50,0.17240730525795803,172.0,True,150
22,12,50,0.20665364330861627,164.0,True,150
22,12,50,0.17314953028478405,220.0,True,150
22,12,50,0.1907203169096084,168.0,True,150
22,12,50,0.22665792597191675,238.0,True,150
22,12,50,0.17181867567727166,137.0,True,150
22,12,50,0.1920858160043374,195.0,True,150
22,12,50,0.21762974481833608,95.0,False,150
22,12,50,0.1997724015137245,145.0,True,150
22,12,50,0.1763065721265119,201.0,True,150
22,12,50,0.24264288476357856,96.0,False,150
22,12,50,0.17127599677553884,189.0,True,150
22,12,50,0.18821110866383878,167.0,True,150
22,12,50,0.25967846526986077,147.0,False,150
22,12,50,0.23500127606679008,191.0,True,150
22,12,50,0.2755065148890908,134.0,False,150
22,12,50,0.1720611286908388,200.0,True,150
22,12,50,0.16783786450441068,234.0,True,150
22,12,50,0.2637559530320088,181.0,False,150
22,12,50,0.19846354762828627,172.0,True,150
22,12,50,0.1682039069028588,222.0,True,150
22,12,50,0.16936194590137651,192.0,True,150
22,12,50,0.2240821665027134,311.0,False,150
22,12,50,0.20267904516617963,157.0,True,150
22,12,50,0.20017335961262386,120.0,True,150
22,12,50,0.16452227050349827,210.0,True,150
22,12,50,0.18425270518519848,233.0,True,150
22,12,50,0.24188873580721923,215.0,True,150
22,12,50,0.21028369214836057,182.0,True,150
22,12,50,0.21707045333459973,288.0,True,150
22,12,50,0.17102472153694734,230.0,True,150
22,12,50,0.1804727178261462,249.0,True,150
22,12,50,0.1797723670800527,189.0,True,150
22,12,50,0.19557541424085287,242.0,True,150
22,12,50,0.18401389913147234,249.0,True,150
22,12,50,0.16664287495342167,220.0,True,150
22,12,50,0.205725618683901,122.0,True,150
22,12,50,0.18416751589140165,184.0,True,150
22,12,50,0.16815602651664188,175.0,True,150
22,12,50,0.17093191580338912,165.0,True,150
22,12,50,0.2341153277405377,116.0,True,150
22,12,50,0.2276040261442011,308.0,False,150
22,12,50,0.21176285969048012,164.0,True,150
22,12,50,0.2272970270026814,132.0,True,150
22,12,50,0.2006106564385743,177.0,True,150
22,12,50,0.18778402844200964,207.0,True,150
22,12,50,0.2043997219241247,164.0,True,150
22,12,50,0.20543705872789828,167.0,True,150
22,12,50,0.21168753128302725,285.0,False,150
22,12,50,0.16756732528743568,163.0,True,150
22,12,50,0.20860025218554906,175.0,True,150
22,12,50,0.22720595885257017,217.0,True,150
22,12,50,0.2604903549823946,103.0,False,150
22,12,50,0.2165102100405613,179.0,True,150
22,12,50,0.16537797828999962,205.0,True,150
22,12,50,0.22767153820570776,153.0,True,150
22,12,50,0.19871063718953766,166.0,True,150
22,12,50,0.17126261786510955,219.0,True,150
22,12,50,0.17729608998412177,168.0,True,150
22,12,50,0.23365103956311942,80.0,True,150
22,12,50,0.18299346038273404,175.0,True,150
22,12,50,0.1963125618536081,201.0,True,150
22,12,50,0.22465772047504648,222.0,True,150
22,12,50,0.18053197034984636,157.0,True,150
22,12,50,0.20790839969445873,179.0,True,150
22,12,50,0.2119183244116335,166.0,True,150
22,12,50,0.22598318606615067,130.0,False,150
22,12,50,0.17714992659571377,184.0,True,150
22,12,50,0.189050556369582,196.0,True,150
22,12,50,0.18607565769176374,174.0,True,150
22,12,50,0.1869201838766059,146.0,True,150
23,12,100,0.23812707830367125,254.0,False,227
23,12,100,0.23325362537034164,169.0,False,227
23,12,100,0.19729307491879364,143.0,True,227
23,12,100,0.20912340267871818,96.0,False,227
23,12,100,0.2182466581341673,244.0,False,227
23,12,100,0.2005239964760456,97.0,True,227
23,12,100,0.1831909854744756,129.0,True,227
23,12,100,0.20170529108754423,172.0,True,227
23,12,100,0.23241062422177036,334.0,False,227
23,12,100,0.21178631533479467,213.0,True,227
23,12,100,0.19903220462479762,112.0,True,227
23,12,100,0.18498160221527532,194.0,True,227
23,12,100,0.20580847032608524,62.0,False,227
23,12,100,0.18165730082532436,209.0,True,227
23,12,100,0.20108292634422714,37.0,False,227
23,12,100,0.20472626480626763,161.0,False,227
23,12,100,0.18952213917205582,201.0,False,227
23,12,100,0.1921212536396173,378.0,True,227
23,12,100,0.20798863952650742,102.0,False,227
23,12,100,0.22731260997506808,106.0,False,227
23,12,100,0.1866482074451297,319.0,True,227
23,12,100,0.1818394220710189,307.0,True,227
23,12,100,0.18979846287068936,323.0,True,227
23,12,100,0.1963666529494586,289.0,True,227
23,12,100,0.20683869197586466,197.0,True,227
23,12,100,0.17542743674673877,182.0,True,227
23,12,100,0.18424886060675336,339.0,True,227
23,12,100,0.1941388782875314,181.0,True,227
23,12,100,0.21229494172029006,156.0,True,227
23,12,100,0.17489416373742595,148.0,True,227
23,12,100,0.15582262205111014,185.0,True,227
23,12,100,0.18917309002761534,187.0,False,227
23,12,100,0.1880057395601565,163.0,True,227
23,12,100,0.19601097872687712,180.0,False,227
23,12,100,0.21175584019821825,412.0,True,227
23,12,100,0.1996251937573549,378.0,False,227
23,12,100,0.18771352230361774,209.0,True,227
23,12,100,0.17599840611219406,150.0,True,227
23,12,100,0.2086014119554157,242.0,True,227
23,12,100,0.24262924342515083,179.0,True,227
23,12,100,0.20535205462665268,165.0,True,227
23,12,100,0.16123459242485666,185.0,True,227
23,12,100,0.24318723292168926,236.0,False,227
23,12,100,0.1666097561134159,181.0,True,227
23,12,100,0.170849677256268,184.0,True,227
23,12,100,0.17400523493835582,201.0,True,227
23,12,100,0.1748385439542207,176.0,True,227
23,12,100,0.1695218715090422,159.0,True,227
23,12,100,0.2216861855580611,207.0,True,227
23,12,100,0.2161428706338074,151.0,True,227
23,12,100,0.20211604254174853,269.0,True,227
23,12,100,0.16582927480340004,216.0,True,227
23,12,100,0.22252657046151716,215.0,True,227
23,12,100,0.1852501920527882,144.0,True,227
23,12,100,0.1920694968418071,190.0,False,227
23,12,100,0.19670702735893428,320.0,False,227
23,12,100,0.17059950142569796,169.0,True,227
23,12,100,0.1692493828647424,191.0,True,227
23,12,100,0.210053388774395,380.0,False,227
23,12,100,0.2504169040274422,361.0,True,227
23,12,100,0.23781038905355834,317.0,True,227
23,12,100,0.16398366582843493,159.0,True,227
23,12,100,0.18484785062926157,175.0,True,227
23,12,100,0.16406978759388466,177.0,True,227
23,12,100,0.16211028242266023,154.0,True,227
23,12,100,0.17570769416510001,169.0,True,227
23,12,100,0.18265975623483388,142.0,True,227
23,12,100,0.1809476123516818,415.0,False,227
23,12,100,0.17180788747966289,200.0,True,227
23,12,100,0.17326520192761755,172.0,True,227
23,12,100,0.162787393069588,223.0,True,227
23,12,100,0.17641796591295594,174.0,True,227
23,12,100,0.17849642518765288,183.0,True,227
23,12,100,0.20235248857542223,184.0,True,227
23,12,100,0.23589350028080983,111.0,False,227
23,12,100,0.2056488087652503,296.0,False,227
23,12,100,0.23917469228891766,136.0,True,227
23,12,100,0.20100485520404682,171.0,True,227
23,12,100,0.17359869491229665,188.0,True,227
23,12,100,0.18436992639719055,215.0,True,227
23,12,100,0.16602846476085045,204.0,True,227
23,12,100,0.1733078483851428,197.0,True,227
23,12,100,0.2111951764169577,148.0,True,227
23,12,100,0.18038390197411733,216.0,True,227
23,12,100,0.18415267676637884,285.0,True,227
23,12,100,0.17798695930590233,192.0,True,227
23,12,100,0.23315509596809011,305.0,False,227
23,12,100,0.2042703033407773,163.0,False,227
23,12,100,0.20026654783756503,155.0,True,227
23,12,100,0.1811115806283503,277.0,True,227
23,12,100,0.23352935353914897,150.0,True,227
23,12,100,0.165193532132408,206.0,True,227
23,12,100,0.22608769231742912,143.0,True,227
23,12,100,0.19287814015103866,258.0,False,227
23,12,100,0.255318378460222,193.0,True,227
23,12,100,0.23984005527965951,66.0,False,227
23,12,100,0.16833728951002871,168.0,True,227
23,12,100,0.2313310914150961,182.0,True,227
23,12,100,0.23429790066762102,144.0,True,227
23,12,100,0.2542445160448551,160.0,False,227
23,12,100,0.2533721074681072,136.0,False,227
23,12,100,0.19453818976627624,237.0,True,227
23,12,100,0.1928059454705264,185.0,True,227
23,12,100,0.26190832242269646,298.0,False,227
23,12,100,0.20522238668054343,80.0,False,227
23,12,100,0.1725997107579569,223.0,True,227
23,12,100,0.1633716010583375,167.0,True,227
23,12,100,0.1621533429639025,182.0,True,227
23,12,100,0.19857212901115417,46.0,False,227
23,12,100,0.19800453890794478,159.0,True,227
23,12,100,0.20306027023231282,119.0,True,227
23,12,100,0.17752036196179688,192.0,True,227
23,12,100,0.19972487920668067,205.0,True,227
23,12,100,0.1853185542816416,218.0,True,227
23,12,100,0.23991203767612643,227.0,False,227
23,12,100,0.21661349523950507,189.0,False,227
23,12,100,0.19224917774988434,118.0,True,227
23,12,100,0.18101827043753405,195.0,True,227
23,12,100,0.16667773156631283,164.0,True,227
23,12,100,0.17070679198349675,186.0,True,227
23,12,100,0.2030936080090543,188.0,True,227
23,12,100,0.17360583269338814,139.0,True,227
23,12,100,0.18012520896421896,185.0,True,227
23,12,100,0.1769185495376587,175.0,True,227
23,12,100,0.1725843584647885,162.0,True,227
23,12,100,0.17501485623695232,108.0,True,227
23,12,100,0.18294202919970168,235.0,True,227
23,12,100,0.15935387945658452,185.0,True,227
23,12,100,0.19650183774593497,238.0,True,227
23,12,100,0.18714991140933263,210.0,True,227
23,12,100,0.19086773771532747,172.0,True,227
23,12,100,0.18307132667455916,195.0,False,227
23,12,100,0.1861198324601627,103.0,True,227
23,12,100,0.250199644611432,156.0,False,227
23,12,100,0.1670348175281396,163.0,True,227
23,12,100,0.19079821944236755,50.0,False,227
23,12,100,0.18983340201848145,218.0,True,227
23,12,100,0.16701230913111306,206.0,True,227
23,12,100,0.25451264586499944,279.0,False,227
23,12,100,0.19730023649287096,187.0,True,227
23,12,100,0.20148086599457316,231.0,True,227
23,12,100,0.21900015002624554,88.0,False,227
23,12,100,0.23566741966035054,184.0,True,227
23,12,100,0.23679540318957829,354.0,False,227
23,12,100,0.26885479837656023,50.0,False,227
23,12,100,0.16581745542909787,184.0,True,227
23,12,100,0.17552406350951388,221.0,True,227
23,12,100,0.18970415945891494,91.0,True,227
23,12,100,0.1899227723479271,246.0,True,227
23,12,100,0.18285525233849234,207.0,True,227
23,12,100,0.20231221240979655,135.0,False,227
23,12,100,0.17209759558209722,161.0,True,227
23,12,100,0.18711052326993508,88.0,False,227
23,12,100,0.1873845819916044,203.0,True,227
23,12,100,0.1989351431084745,179.0,True,227
23,12,100,0.19885266363620757,100.0,False,227
23,12,100,0.20205658555396497,163.0,True,227
23,12,100,0.17653141569609593,198.0,False,227
23,12,100,0.22275857230027515,300.0,False,227
23,12,100,0.22916288586736422,171.0,True,227
23,12,100,0.18452727026061008,190.0,True,227
23,12,100,0.18992767653434106,153.0,True,227
23,12,100,0.19199605682303036,252.0,False,227
23,12,100,0.19867802909978732,127.0,False,227
23,12,100,0.20057862567803497,243.0,True,227
23,12,100,0.17427137524039302,199.0,True,227
23,12,100,0.1824052656226069,214.0,True,227
23,12,100,0.1915550706653647,183.0,True,227
23,12,100,0.18418341665528715,192.0,True,227
23,12,100,0.19735473387651314,221.0,True,227
23,12,100,0.17249679142859445,201.0,True,227
23,12,100,0.2104810470245718,246.0,True,227
23,12,100,0.19577743485569954,220.0,True,227
23,12,100,0.19784307524673922,133.0,True,227
23,12,100,0.1736877290022314,201.0,True,227
23,12,100,0.18493629230207273,178.0,True,227
23,12,100,0.18943512497484222,129.0,True,227
23,12,100,0.21080838857313333,236.0,True,227
23,12,100,0.20042147950993644,180.0,True,227
23,12,100,0.18736855797469615,240.0,True,227
23,12,100,0.16512337477520259,297.0,False,227
23,12,100,0.19688324021256487,230.0,True,227
23,12,100,0.21553029119968414,218.0,True,227
23,12,100,0.18937832778580835,214.0,True,227
23,12,100,0.18260898267229397,180.0,True,227
23,12,100,0.20382374290214933,184.0,True,227
23,12,100,0.2294328748784234,226.0,True,227
23,12,100,0.2589709534364588,170.0,False,227
23,12,100,0.17977879500255906,179.0,True,227
23,12,100,0.20209188128376868,222.0,True,227
23,12,100,0.16647113626352464,198.0,True,227
23,12,100,0.2032855223864317,200.0,True,227
23,12,100,0.17837023408266536,228.0,True,227
23,12,100,0.17964752979816928,186.0,True,227
23,12,100,0.21780493022539676,195.0,True,227
23,12,100,0.18693561317643734,198.0,True,227
23,12,100,0.2053559575687375,285.0,True,227
23,12,100,0.1971615756413451,216.0,True,227
23,12,100,0.17829047914813548,170.0,True,227
23,12,100,0.17498764445622,209.0,True,227
23,12,100,0.1727040547463629,180.0,True,227
23,12,100,0.1747446151940446,190.0,True,227
23,12,100,0.17891296674058121,212.0,True,227
23,12,100,0.18503141877704493,179.0,True,227
23,12,100,0.19650952045672707,224.0,True,227
23,12,100,0.1860626645003383,253.0,True,227
23,12,100,0.25797233172515144,247.0,False,227
23,12,100,0.17985918860705125,168.0,False,227
23,12,100,0.23146014846258564,309.0,True,227
23,12,100,0.22851134223915706,107.0,False,227
23,12,100,0.2271579957877596,240.0,True,227
23,12,100,0.21475096073693145,167.0,False,227
23,12,100,0.20750117163325466,86.0,False,227
23,12,100,0.18491425167541115,49.0,False,227
23,12,100,0.18056181409844646,270.0,True,227
23,12,100,0.18343791910204063,249.0,False,227
23,12,100,0.18701727886420455,173.0,True,227
23,12,100,0.20441621643345373,147.0,False,227
23,12,100,0.18641928399538066,154.0,True,227
23,12,100,0.19507767070722842,181.0,True,227
23,12,100,0.19061947898431258,55.0,False,227
23,12,100,0.1874704512839134,104.0,True,227
24,12,150,0.22917110076690753,393.0,False,361
24,12,150,0.23579240780452201,145.0,True,361
24,12,150,0.2311649285881213,179.0,True,361
24,12,150,0.1877951296807835,159.0,True,361
24,12,150,0.23827537955070027,49.0,False,361
24,12,150,0.22596141685699594,145.0,True,361
24,12,150,0.19938534895579021,165.0,True,361
24,12,150,0.2591839567504146,220.0,False,361
24,12,150,0.2421033931574945,232.0,False,361
24,12,150,0.21282009211715291,207.0,True,361
24,12,150,0.2687308395617321,244.0,False,361
24,12,150,0.20925378142873902,261.0,False,361
24,12,150,0.24848561955464854,222.0,False,361
24,12,150,0.22122027660593574,81.0,True,361
24,12,150,0.18097297635440732,204.0,True,361
24,12,150,0.20479535144344668,214.0,True,361
24,12,150,0.18655175839861235,168.0,True,361
24,12,150,0.23007356232785164,141.0,False,361
24,12,150,0.20258549527794706,51.0,True,361
24,12,150,0.25718575233110674,216.0,False,361
24,12,150,0.2401472058477281,158.0,False,361
24,12,150,0.1936231393730289,441.0,False,361
24,12,150,0.19147545552438067,194.0,False,361
24,12,150,0.25131238308750975,236.0,False,361
24,12,150,0.21980261043817909,324.0,False,361
24,12,150,0.17887431703875417,223.0,True,361
24,12,150,0.24766608650485675,180.0,True,361
24,12,150,0.20645110234369005,299.0,False,361
24,12,150,0.2262210790972108,206.0,True,361
24,12,150,0.1829727013694479,235.0,True,361
24,12,150,0.2609082538386186,300.0,True,361
24,12,150,0.17515054787684203,266.0,True,361
24,12,150,0.2299132691216223,194.0,False,361
24,12,150,0.19968961759542042,208.0,True,361
24,12,150,0.24223981174555692,220.0,True,361
24,12,150,0.209659786552799,245.0,False,361
24,12,150,0.19103423840013042,174.0,True,361
24,12,150,0.20160173539255485,244.0,False,361
24,12,150,0.181566560372515,229.0,True,361
24,12,150,0.20184398048690388,140.0,True,361
24,12,150,0.18013367026743263,198.0,True,361
24,12,150,0.18727517783065925,207.0,True,361
24,12,150,0.18529121459620754,164.0,True,361
24,12,150,0.18814261294215734,163.0,True,361
24,12,150,0.17971243327710687,205.0,True,361
24,12,150,0.19716669585045218,394.0,True,361
24,12,150,0.1871920238331993,202.0,True,361
24,12,150,0.1892657695914344,139.0,True,361
24,12,150,0.2057257322925824,253.0,True,361
24,12,150,0.23065258679110245,179.0,True,361
24,12,150,0.2138047211843988,46.0,False,361
24,12,150,0.19395232990029312,168.0,True,361
24,12,150,0.18644224250420732,229.0,True,361
24,12,150,0.20759211263701885,158.0,True,361
24,12,150,0.2145985503281866,140.0,False,361
24,12,150,0.20093162536201342,142.0,True,361
24,12,150,0.18550314419221559,149.0,True,361
24,12,150,0.18544578145850787,143.0,True,361
24,12,150,0.19013444747289884,184.0,True,361
24,12,150,0.18340156732739268,143.0,True,361
24,12,150,0.2246567685757914,155.0,False,361
24,12,150,0.21242296538523983,237.0,False,361
24,12,150,0.22874468996607025,145.0,False,361
24,12,150,0.22560794345129317,107.0,True,361
24,12,150,0.1908211222746306,144.0,True,361
24,12,150,0.18845155629618415,145.0,True,361
24,12,150,0.1768291135779535,198.0,True,361
24,12,150,0.19949536405553753,149.0,True,361
24,12,150,0.1967256186034182,139.0,True,361
24,12,150,0.18142149590242368,208.0,True,361
24,12,150,0.23732220274002397,201.0,True,361
24,12,150,0.18930543920074064,267.0,True,361
24,12,150,0.19318382998650102,174.0,True,361
24,12,150,0.18813957134596734,139.0,True,361
24,12,150,0.22547831579774694,389.0,True,361
24,12,150,0.24257931367164234,223.0,False,361
24,12,150,0.2692416161298752,237.0,True,361
24,12,150,0.2719092825657041,203.0,True,361
24,12,150,0.19383967419465384,51.0,False,361
24,12,150,0.19473474025726317,35.0,False,361
24,12,150,0.1897677908982,31.0,False,361
24,12,150,0.17443523291922822,158.0,True,361
24,12,150,0.2334667028919343,310.0,False,361
24,12,150,0.19467007910293307,183.0,True,361
24,12,150,0.19460715289626804,140.0,True,361
24,12,150,0.2603226759217002,220.0,False,361
24,12,150,0.20492663499163954,304.0,False,361
24,12,150,0.2124010038638265,159.0,True,361
24,12,150,0.17861805329931543,235.0,True,361
24,12,150,0.1903631619360081,189.0,False,361
24,12,150,0.20208837401696003,279.0,True,361
24,12,150,0.19440144559611444,299.0,False,361
24,12,150,0.1999366630896412,232.0,True,361
24,12,150,0.2043937501923138,151.0,True,361
24,12,150,0.2741531636322759,383.0,True,361
24,12,150,0.19496456862001096,236.0,True,361
24,12,150,0.1789518274607197,155.0,True,361
24,12,150,0.2640571611659263,479.0,True,361
24,12,150,0.20944366036254225,412.0,False,361
24,12,150,0.19514840973748102,180.0,True,361
24,12,150,0.18396013759592045,159.0,True,361
24,12,150,0.16663670840677522,213.0,True,361
24,12,150,0.16679528300699434,190.0,True,361
24,12,150,0.19656190351450425,653.0,False,361
24,12,150,0.22155832719802857,250.0,False,361
24,12,150,0.19861297873976808,161.0,True,361
24,12,150,0.19408133195506203,225.0,True,361
24,12,150,0.20214291498228742,364.0,False,361
24,12,150,0.19073552799385948,74.0,False,361
24,12,150,0.19291743348384727,145.0,True,361
24,12,150,0.19631357909588332,89.0,False,361
24,12,150,0.22403094633059067,110.0,False,361
24,12,150,0.19045052986155758,222.0,True,361
24,12,150,0.1867858809355187,146.0,True,361
24,12,150,0.16776024517449703,182.0,True,361
24,12,150,0.18644529050932482,104.0,True,361
24,12,150,0.19962189666890867,207.0,True,361
24,12,150,0.23945313248018554,151.0,False,361
24,12,150,0.19800772218622714,117.0,True,361
24,12,150,0.1838349483424811,139.0,True,361
24,12,150,0.19250412412532947,82.0,False,361
24,12,150,0.1909696837655859,306.0,True,361
24,12,150,0.19818632463692676,253.0,True,361
24,12,150,0.19411204674759427,148.0,True,361
24,12,150,0.19032677926800468,110.0,False,361
24,12,150,0.18179676243176696,141.0,False,361
24,12,150,0.18670694873883173,26.0,False,361
24,12,150,0.16651990719139576,200.0,True,361
24,12,150,0.17635111523599462,232.0,True,361
24,12,150,0.20310050131621696,241.0,True,361
24,12,150,0.19997929064383418,161.0,False,361
24,12,150,0.19018226266844468,318.0,False,361
24,12,150,0.20250066534265296,154.0,True,361
24,12,150,0.17821937341646976,166.0,False,361
24,12,150,0.18858959704280615,334.0,False,361
24,12,150,0.19435544196102356,180.0,False,361
24,12,150,0.25641823771183725,441.0,False,361
24,12,150,0.21962291189373342,223.0,True,361
24,12,150,0.18270539577867165,183.0,True,361
24,12,150,0.17736485076748676,239.0,True,361
24,12,150,0.2126712942093461,398.0,False,361
24,12,150,0.19961051819400527,439.0,False,361
24,12,150,0.2320884907362508,255.0,False,361
24,12,150,0.2457788605843821,217.0,True,361
24,12,150,0.2081332736545139,162.0,True,361
24,12,150,0.19402228424755427,104.0,False,361
24,12,150,0.21672945894370568,107.0,True,361
24,12,150,0.1674903737761641,186.0,True,361
24,12,150,0.20056032149763833,171.0,True,361
24,12,150,0.2080624567610877,175.0,True,361
24,12,150,0.18815644156059314,232.0,True,361
24,12,150,0.22109264088375075,222.0,True,361
24,12,150,0.16765677124444692,163.0,True,361
24,12,150,0.181949211869921,350.0,False,361
24,12,150,0.215210561985591,718.0,False,361
24,12,150,0.2014566477097518,141.0,True,361
24,12,150,0.19984696758911014,32.0,False,361
24,12,150,0.16974796301552228,168.0,True,361
24,12,150,0.2095121383767,298.0,True,361
24,12,150,0.21031947990753472,281.0,False,361
24,12,150,0.19488454766051713,172.0,True,361
24,12,150,0.21810877626692807,216.0,False,361
24,12,150,0.23005510903587026,121.0,True,361
24,12,150,0.1980198111101898,171.0,False,361
24,12,150,0.2051356021186401,232.0,True,361
24,12,150,0.2121236555702318,246.0,True,361
24,12,150,0.1946218224435017,87.0,False,361
24,12,150,0.18572785694834212,71.0,False,361
24,12,150,0.20806278611975487,198.0,False,361
24,12,150,0.19258360393371315,287.0,True,361
24,12,150,0.19894506053258015,186.0,True,361
24,12,150,0.19829839297934718,184.0,True,361
24,12,150,0.18510418988010857,178.0,True,361
24,12,150,0.16775814115360219,186.0,True,361
24,12,150,0.20706759062700703,266.0,False,361
24,12,150,0.22421665526315815,122.0,True,361
24,12,150,0.18277228704418044,166.0,True,361
24,12,150,0.25674952863526523,266.0,False,361
24,12,150,0.2249440157955343,198.0,True,361
24,12,150,0.2444362541770234,136.0,False,361
24,12,150,0.20630097991890378,450.0,False,361
24,12,150,0.21946899484448026,481.0,False,361
24,12,150,0.1943636055661257,189.0,False,361
24,12,150,0.2407628351297134,195.0,True,361
24,12,150,0.23810597798753022,301.0,False,361
24,12,150,0.21863203744093576,225.0,True,361
24,12,150,0.27347923084916803,253.0,False,361
24,12,150,0.20686791462219314,151.0,True,361
24,12,150,0.21395536650110175,81.0,False,361
24,12,150,0.25319457579742777,275.0,False,361
24,12,150,0.20661851321009622,138.0,True,361
24,12,150,0.195318142359402,279.0,False,361
24,12,150,0.2044850163896319,142.0,True,361
24,12,150,0.215646118693745,194.0,False,361
24,12,150,0.244980264643226,792.0,False,361
24,12,150,0.26402309582088934,297.0,False,361
24,12,150,0.2187729520654237,216.0,False,361
24,12,150,0.20057454365718214,237.0,True,361
24,12,150,0.2046189261334283,105.0,True,361
24,12,150,0.197354570882661,175.0,True,361
24,12,150,0.22292996176153596,171.0,False,361
24,12,150,0.20910913489758967,200.0,True,361
24,12,150,0.22469714961268686,220.0,True,361
24,12,150,0.22341270182660955,167.0,True,361
24,12,150,0.2621310912820709,249.0,False,361
24,12,150,0.25549182228449374,177.0,True,361
24,12,150,0.21634599992207118,98.0,True,361
24,12,150,0.17510155149196324,190.0,True,361
24,12,150,0.25903625204914904,305.0,False,361
24,12,150,0.20303716834302973,191.0,True,361
24,12,150,0.22888306987856677,167.0,True,361
24,12,150,0.21246797440588966,484.0,False,361
24,12,150,0.21513758036027472,415.0,False,361
24,12,150,0.20884304458558248,191.0,True,361
24,12,150,0.23854376168190677,158.0,True,361
24,12,150,0.18599498320010402,248.0,True,361
24,12,150,0.20637401350786988,142.0,True,361
24,12,150,0.2056799586705801,238.0,True,361
24,12,150,0.20497048549590263,347.0,True,361
24,12,150,0.1987987304372447,392.0,False,361
24,12,150,0.1762944927830605,157.0,True,361
24,12,150,0.1864631493766624,166.0,True,361
24,12,150,0.21183941647568355,283.0,True,361
24,12,150,0.19979026427735452,414.0,False,361
24,12,150,0.21854435584197443,240.0,False,361
24,12,150,0.20937326502259881,309.0,False,361
24,12,150,0.20940015153705793,213.0,True,361
24,12,150,0.22228352231456633,187.0,True,361
24,12,150,0.2206598268396358,197.0,False,361
24,12,150,0.2046040999679709,199.0,True,361
24,12,150,0.19504461190841754,287.0,True,361
24,12,150,0.21056650040739755,299.0,False,361
24,12,150,0.20401892101480848,84.0,False,361
24,12,150,0.22193690630442955,136.0,False,361
24,12,150,0.19382796816439496,253.0,True,361
24,12,150,0.20241557955741882,20.0,False,361
24,12,150,0.1965857556572667,135.0,True,361
24,12,150,0.20991815294538224,175.0,True,361
24,12,150,0.22907561848881425,372.0,True,361
24,12,150,0.1977377147236957,237.0,True,361
24,12,150,0.18502090574600996,231.0,True,361
24,12,150,0.22406857826032686,412.0,False,361
24,12,150,0.2124456620642117,280.0,True,361
24,12,150,0.2110406879497611,207.0,True,361
24,12,150,0.21041020180708098,243.0,True,361
24,12,150,0.22708282909895244,190.0,True,361
24,12,150,0.21422076784074306,168.0,True,361
24,12,150,0.20407144100620198,260.0,False,361
24,12,150,0.20485192318173015,136.0,True,361
24,12,150,0.20441621881392266,360.0,False,361
24,12,150,0.19776395412664566,189.0,True,361
24,12,150,0.2062033110095146,133.0,True,361
24,12,150,0.17875054667153992,166.0,True,361
24,12,150,0.21379849969685732,91.0,False,361
24,12,150,0.22290729250638716,124.0,True,361
24,12,150,0.21592571630719162,168.0,True,361
24,12,150,0.18400273792484265,193.0,True,361
24,12,150,0.2046975470886899,271.0,False,361
24,12,150,0.21585706548671924,379.0,False,361
24,12,150,0.25802431366545087,188.0,True,361
24,12,150,0.2618804676152171,213.0,False,361
24,12,150,0.20263714423546425,130.0,False,361
24,12,150,0.19413951998704101,73.0,False,361
24,12,150,0.17469518847135176,166.0,True,361
24,12,150,0.2571964478724963,385.0,False,361
24,12,150,0.230433580919086,191.0,True,361
24,12,150,0.2306331611849779,163.0,True,361
24,12,150,0.2429596236824284,169.0,True,361
24,12,150,0.21747299558764335,149.0,True,361
24,12,150,0.19188030816062732,216.0,True,361
24,12,150,0.21571707613365623,186.0,True,361
24,12,150,0.2239455963556583,130.0,False,361
24,12,150,0.20065218769013882,72.0,False,361
24,12,150,0.24223897522253707,151.0,False,361
24,12,150,0.23678862685337662,160.0,False,361
24,12,150,0.19661232776112025,225.0,False,361
24,12,150,0.19421301313020564,162.0,False,361
24,12,150,0.1840334928519017,185.0,True,361
24,12,150,0.1924138197049438,247.0,True,361
24,12,150,0.2171533286940953,242.0,True,361
24,12,150,0.22073861947013634,311.0,True,361
24,12,150,0.21454869346185165,121.0,False,361
24,12,150,0.23400452281489517,132.0,True,361
24,12,150,0.21615596782220037,152.0,False,361
24,12,150,0.203896943628788,150.0,True,361
24,12,150,0.2561874713879734,199.0,False,361
24,12,150,0.22105471785106356,315.0,False,361
24,12,150,0.19779041885061466,235.0,False,361
24,12,150,0.22083181526102771,346.0,False,361
24,12,150,0.2676733231512449,186.0,False,361
24,12,150,0.23737911824414978,402.0,True,361
24,12,150,0.18449972060566044,196.0,True,361
24,12,150,0.20751405991295463,234.0,True,361
24,12,150,0.20830949278032712,354.0,False,361
24,12,150,0.17757988466411576,234.0,False,361
24,12,150,0.2457671948692255,285.0,True,361
24,12,150,0.22247380992131574,280.0,True,361
24,12,150,0.20981151184865407,70.0,False,361
24,12,150,0.21338100770586416,152.0,True,361
24,12,150,0.23013533044512532,476.0,False,361
24,12,150,0.22083277503649393,384.0,False,361
24,12,150,0.23952445229597852,113.0,False,361
24,12,150,0.16920976945848176,165.0,True,361
24,12,150,0.1927334549961175,337.0,False,361
24,12,150,0.20002041592370326,199.0,True,361
24,12,150,0.18760451816022397,200.0,True,361
24,12,150,0.19727915059775114,112.0,False,361
24,12,150,0.16649589768570403,184.0,True,361
24,12,150,0.18336599314889163,141.0,False,361
24,12,150,0.18138143729145934,82.0,False,361
24,12,150,0.204992782698864,209.0,True,361
24,12,150,0.22954866785114095,295.0,True,361
24,12,150,0.22463625110685825,56.0,False,361
24,12,150,0.18211300301140754,145.0,False,361
24,12,150,0.1756494717681827,199.0,True,361
24,12,150,0.19973110061671054,168.0,True,361
24,12,150,0.18780114426074293,394.0,False,361
24,12,150,0.18462186577645215,242.0,True,361
24,12,150,0.19640464759716267,311.0,False,361
24,12,150,0.18969536775056225,162.0,True,361
24,12,150,0.20082859426736832,100.0,False,361
24,12,150,0.19406459094784784,141.0,False,361
24,12,150,0.19391868614098606,170.0,True,361
24,12,150,0.20180468882747632,199.0,False,361
24,12,150,0.16979059912994796,204.0,True,361
24,12,150,0.1853445475101471,125.0,True,361
24,12,150,0.196258803948443,94.0,False,361
25,13,1,0.25822635312673403,197.0,False,32
25,13,1,0.2624903269496882,213.0,False,32
25,13,1,0.24577605031745534,213.0,True,32
25,13,1,0.236016646027565,189.0,True,32
25,13,1,0.2605896244446437,159.0,True,32
25,13,1,0.2303006435776579,174.0,True,32
25,13,1,0.20485152336566345,46.0,False,32
25,13,1,0.18262932413107866,143.0,True,32
25,13,1,0.22300630819427875,129.0,True,32
25,13,1,0.2442207789669434,192.0,True,32
25,13,1,0.23306633870011753,194.0,True,32
25,13,1,0.2321704893094029,197.0,True,32
25,13,1,0.18702694240175646,162.0,True,32
25,13,1,0.23051503441835705,190.0,True,32
25,13,1,0.2535250462548581,173.0,True,32
25,13,1,0.21531429806512273,167.0,True,32
25,13,1,0.23768634809924,173.0,True,32
25,13,1,0.21164917033545824,147.0,True,32
25,13,1,0.2248587390911654,159.0,True,32
25,13,1,0.2667242357134819,100.0,True,32
25,13,1,0.22906759637172777,198.0,True,32
25,13,1,0.2345843811099436,204.0,True,32
25,13,1,0.2440466144505669,153.0,False,32
25,13,1,0.2615470116765335,116.0,True,32
25,13,1,0.26629184123716854,190.0,False,32
25,13,1,0.2305276447309638,159.0,True,32
25,13,1,0.25432927898629004,189.0,False,32
25,13,1,0.25588260665226775,241.0,False,32
25,13,1,0.23120971911010288,168.0,True,32
25,13,1,0.25889677679940554,178.0,True,32
25,13,1,0.24189199262285885,146.0,True,32
25,13,1,0.24760349472112295,158.0,True,32
25,13,1,0.24057053052114719,132.0,True,32
25,13,1,0.2367877888064536,126.0,True,32
25,13,1,0.2383687144554243,164.0,True,32
25,13,1,0.258878905586032,172.0,True,32
26,13,10,0.237073389369817,168.0,True,34
26,13,10,0.23372198583988044,156.0,True,34
26,13,10,0.239714171050243,206.0,True,34
26,13,10,0.2578056738551321,116.0,True,34
26,13,10,0.22350124639647823,143.0,True,34
26,13,10,0.23314648157074339,147.0,True,34
26,13,10,0.2321263788546917,207.0,True,34
26,13,10,0.2544442756849081,294.0,False,34
26,13,10,0.2081029927962786,154.0,True,34
26,13,10,0.22587770762595724,188.0,True,34
26,13,10,0.22513822532856642,134.0,True,34
26,13,10,0.2427352310153487,193.0,True,34
26,13,10,0.22741963076763427,208.0,True,34
26,13,10,0.24403158274262843,198.0,True,34
26,13,10,0.186539064958153,166.0,True,34
26,13,10,0.234930975864467,219.0,True,34
26,13,10,0.24038432531204879,204.0,True,34
26,13,10,0.22546030668651357,204.0,True,34
26,13,10,0.22938284511501725,185.0,True,34
26,13,10,0.1937070871262174,76.0,False,34
26,13,10,0.23254885286295496,147.0,True,34
26,13,10,0.24110462475608993,182.0,True,34
26,13,10,0.23789691342617655,197.0,True,34
26,13,10,0.2572348959481896,199.0,False,34
26,13,10,0.27033807540020977,147.0,False,34
26,13,10,0.22873234748840332,98.0,False,34
26,13,10,0.23601501922922086,197.0,False,34
26,13,10,0.25965942249452467,139.0,False,34
26,13,10,0.2885316111644109,75.0,False,34
26,13,10,0.23565693199634552,199.0,True,34
26,13,10,0.24223390169126888,142.0,False,34
26,13,10,0.22923530549616428,185.0,True,34
26,13,10,0.25261159064738375,228.0,False,34
26,13,10,0.23790512751878762,164.0,True,34
26,13,10,0.25016979080362195,156.0,True,34
26,13,10,0.25311670151556503,161.0,True,34
26,13,10,0.24123998396098614,160.0,True,34
26,13,10,0.2666440450393402,111.0,True,34
26,13,10,0.22860180448208536,140.0,True,34
26,13,10,0.2567589214524707,185.0,True,34
27,13,50,0.23707068097666376,159.0,True,52
27,13,50,0.24159141234512435,179.0,True,52
27,13,50,0.2365546670310941,231.0,True,52
27,13,50,0.2363690513688906,226.0,True,52
27,13,50,0.22676198675351986,170.0,True,52
27,13,50,0.2234777296116339,181.0,True,52
27,13,50,0.2129120831715994,179.0,True,52
27,13,50,0.21793938494292941,169.0,True,52
27,13,50,0.22516142725944518,180.0,True,52
27,13,50,0.23057191873029356,248.0,True,52
27,13,50,0.22113518168528876,156.0,True,52
27,13,50,0.23479895652094973,158.0,True,52
27,13,50,0.2173590021474021,252.0,True,52
27,13,50,0.26538872592842455,485.0,False,52
27,13,50,0.2248412867387136,153.0,True,52
27,13,50,0.18552291418971686,116.0,True,52
27,13,50,0.21314014798683645,191.0,True,52
27,13,50,0.22675794247715247,168.0,True,52
27,13,50,0.20132324278978778,191.0,True,52
27,13,50,0.23682955909176034,238.0,True,52
27,13,50,0.16893350539352972,213.0,True,52
27,13,50,0.20811843888445214,182.0,True,52
27,13,50,0.2146784777355473,171.0,True,52
27,13,50,0.2093679721892616,162.0,True,52
27,13,50,0.2185839410410838,178.0,True,52
27,13,50,0.24155904470305695,38.0,False,52
27,13,50,0.2249653582771619,180.0,True,52
27,13,50,0.18834696958462396,84.0,False,52
27,13,50,0.23270496456467327,199.0,True,52
27,13,50,0.18616092720857033,26.0,False,52
27,13,50,0.19444672792003706,52.0,False,52
27,13,50,0.19206506170039614,229.0,True,52
27,13,50,0.201541606299948,202.0,True,52
27,13,50,0.20973885321035618,205.0,True,52
27,13,50,0.22112008125282998,215.0,False,52
27,13,50,0.18802730215562358,37.0,False,52
27,13,50,0.25823193435905545,262.0,False,52
27,13,50,0.235710394698263,302.0,False,52
27,13,50,0.27084104018705385,111.0,True,52
27,13,50,0.2501722788938912,93.0,False,52
27,13,50,0.25907155812460153,177.0,False,52
27,13,50,0.2261160903075743,169.0,True,52
27,13,50,0.2086840532720089,220.0,False,52
27,13,50,0.23733528258129097,174.0,True,52
27,13,50,0.2643553022427852,309.0,False,52
27,13,50,0.24456992332751934,195.0,True,52
27,13,50,0.2577381836087912,149.0,True,52
27,13,50,0.26364220220309037,130.0,False,52
27,13,50,0.23031215147295994,67.0,False,52
27,13,50,0.23867329907544116,188.0,True,52
27,13,50,0.24496762186069698,272.0,False,52
27,13,50,0.26731022997149106,290.0,False,52
27,13,50,0.23831594036035011,163.0,False,52
27,13,50,0.24191655362806014,124.0,True,52
27,13,50,0.22619606841069,130.0,True,52
27,13,50,0.21542218618276643,123.0,False,52
27,13,50,0.22543927319979262,177.0,True,52
27,13,50,0.2647185468190425,185.0,True,52
28,13,100,0.20800418342862811,175.0,True,78
28,13,100,0.2168977338460184,155.0,True,78
28,13,100,0.2245299615206257,155.0,True,78
28,13,100,0.22066051741830664,153.0,True,78
28,13,100,0.2338229858100751,177.0,True,78
28,13,100,0.23100601014543753,122.0,False,78
28,13,100,0.21164309356089045,164.0,True,78
28,13,100,0.22406180095426814,194.0,True,78
28,13,100,0.218054258944215,74.0,False,78
28,13,100,0.22480200160952174,170.0,False,78
28,13,100,0.2380858193686668,141.0,False,78
28,13,100,0.22890932029217817,178.0,False,78
28,13,100,0.2177473259801717,194.0,True,78
28,13,100,0.21658423133194446,160.0,True,78
28,13,100,0.23067856368733874,134.0,True,78
28,13,100,0.22915877333579174,131.0,True,78
28,13,100,0.22808315092428572,173.0,True,78
28,13,100,0.2443466467472414,96.0,False,78
28,13,100,0.23185281226835627,202.0,True,78
28,13,100,0.2044218513574309,131.0,True,78
28,13,100,0.22388684836406153,206.0,True,78
28,13,100,0.20877173961686693,121.0,True,78
28,13,100,0.18907373275188422,151.0,True,78
28,13,100,0.2341572756568591,270.0,False,78
28,13,100,0.2053513925435931,215.0,True,78
28,13,100,0.1862741035281443,102.0,False,78
28,13,100,0.188962779701895,157.0,True,78
28,13,100,0.2044344363529558,173.0,True,78
28,13,100,0.18687013898028837,233.0,True,78
28,13,100,0.22839846454870205,313.0,False,78
28,13,100,0.2201516157438775,119.0,True,78
28,13,100,0.21254871423755373,70.0,False,78
28,13,100,0.2154536445351208,170.0,True,78
28,13,100,0.22119450281100644,269.0,False,78
28,13,100,0.1838530813060377,184.0,True,78
28,13,100,0.17347988765016734,139.0,False,78
28,13,100,0.25222374474416015,244.0,True,78
28,13,100,0.1894892449840645,173.0,True,78
28,13,100,0.24311657498280206,180.0,True,78
28,13,100,0.19382565793942433,245.0,True,78
28,13,100,0.2692959088028646,204.0,False,78
28,13,100,0.18129899593672358,133.0,False,78
28,13,100,0.19868434679561428,224.0,True,78
28,13,100,0.22210632952360007,195.0,True,78
28,13,100,0.20962818992247276,218.0,True,78
28,13,100,0.17733775634080806,188.0,False,78
28,13,100,0.19024408133637985,149.0,True,78
28,13,100,0.21862622230283676,186.0,True,78
28,13,100,0.1947518811800093,191.0,True,78
28,13,100,0.18505680842532052,180.0,True,78
28,13,100,0.18034292802439264,199.0,False,78
28,13,100,0.19228497985750437,160.0,True,78
28,13,100,0.19462176909049353,216.0,False,78
28,13,100,0.25302567155469186,596.0,False,78
28,13,100,0.2469660676858596,237.0,False,78
28,13,100,0.22059158261480002,174.0,False,78
28,13,100,0.19846426097620198,233.0,False,78
28,13,100,0.25665420927535526,174.0,False,78
28,13,100,0.2621310655685032,68.0,False,78
28,13,100,0.21298372898346338,156.0,True,78
28,13,100,0.21497686880494132,197.0,True,78
28,13,100,0.25431060459878707,72.0,False,78
28,13,100,0.23058129235037736,112.0,False,78
28,13,100,0.20928524390739553,34.0,False,78
28,13,100,0.18170436886475258,194.0,False,78
28,13,100,0.2149151901530612,157.0,True,78
28,13,100,0.22731524153772104,251.0,True,78
28,13,100,0.22831738702222412,255.0,True,78
28,13,100,0.2133673890683446,221.0,False,78
28,13,100,0.2516273707151413,91.0,True,78
28,13,100,0.20157648789194915,260.0,False,78
28,13,100,0.20990280196008324,239.0,True,78
28,13,100,0.24253282176346339,119.0,True,78
28,13,100,0.20030505891470984,187.0,True,78
28,13,100,0.18961324870029342,214.0,False,78
28,13,100,0.20605360465003297,154.0,True,78
28,13,100,0.21087313034842092,31.0,False,78
28,13,100,0.2147043300792575,48.0,False,78
28,13,100,0.17755122368152326,208.0,True,78
28,13,100,0.177804406274829,171.0,True,78
28,13,100,0.23465343634287517,75.0,True,78
28,13,100,0.1900488481491427,158.0,True,78
28,13,100,0.24694585121002327,147.0,True,78
28,13,100,0.18852286541195057,134.0,True,78
28,13,100,0.2529338287128197,273.0,True,78
28,13,100,0.22510475991293788,32.0,False,78
29,13,150,0.19030396706528133,180.0,True,117
29,13,150,0.20863874960066703,197.0,True,117
29,13,150,0.1845060788386361,179.0,True,117
29,13,150,0.20419191093431355,177.0,True,117
29,13,150,0.22803049844044906,130.0,False,117
29,13,150,0.2092317645588229,186.0,True,117
29,13,150,0.19406257598038534,211.0,True,117
29,13,150,0.21296882100194414,321.0,False,117
29,13,150,0.25084240660809054,202.0,False,117
29,13,150,0.21415602908770842,266.0,True,117
29,13,150,0.2234102036117723,304.0,False,117
29,13,150,0.207590716028655,216.0,True,117
29,13,150,0.190387771299234,253.0,True,117
29,13,150,0.21602071543740484,193.0,True,117
29,13,150,0.21831791326403618,220.0,True,117
29,13,150,0.2159517529335889,209.0,True,117
29,13,150,0.17548448112107776,197.0,True,117
29,13,150,0.20619017542538484,211.0,True,117
29,13,150,0.21373082836006962,215.0,True,117
29,13,150,0.22990738306148553,162.0,True,117
29,13,150,0.18110084758391456,189.0,True,117
29,13,150,0.22554755997909626,142.0,True,117
29,13,150,0.21691317432295015,123.0,True,117
29,13,150,0.228687313914299,125.0,True,117
29,13,150,0.22329418602013829,99.0,True,117
29,13,150,0.2035571274762394,238.0,True,117
29,13,150,0.2415500021253536,153.0,False,117
29,13,150,0.16694440393179072,204.0,True,117
29,13,150,0.21716320426077457,185.0,True,117
29,13,150,0.23377200798436543,229.0,False,117
29,13,150,0.19606391505266613,208.0,True,117
29,13,150,0.1866960919368666,269.0,False,117
29,13,150,0.24514849788763307,44.0,False,117
29,13,150,0.24952696077525616,56.0,False,117
29,13,150,0.2334833455757356,142.0,False,117
29,13,150,0.19317908267650377,169.0,False,117
29,13,150,0.19992551846163614,49.0,False,117
29,13,150,0.1853636556569441,243.0,True,117
29,13,150,0.2175256708436761,121.0,False,117
29,13,150,0.24809987269256306,174.0,True,117
29,13,150,0.1686860439824123,204.0,True,117
29,13,150,0.22237125754356385,125.0,False,117
29,13,150,0.2129722795345717,144.0,False,117
29,13,150,0.18953707713692908,252.0,True,117
29,13,150,0.1917609066783803,206.0,False,117
29,13,150,0.18425307403269567,228.0,True,117
29,13,150,0.20475117162321554,198.0,False,117
29,13,150,0.2160395398184105,135.0,True,117
29,13,150,0.19158594971312617,133.0,False,117
29,13,150,0.18691435748814073,163.0,True,117
29,13,150,0.17493901899987202,163.0,False,117
29,13,150,0.18565314540252592,207.0,True,117
29,13,150,0.17605825226615976,270.0,False,117
29,13,150,0.21117648301702557,363.0,True,117
29,13,150,0.1710323410875657,170.0,True,117
29,13,150,0.20321148654797694,143.0,True,117
29,13,150,0.18936664316543314,172.0,True,117
29,13,150,0.18429440333068006,163.0,True,117
29,13,150,0.19085867712274193,160.0,True,117
29,13,150,0.17909159158405505,190.0,True,117
29,13,150,0.17958566938575946,190.0,False,117
29,13,150,0.25053489568391685,211.0,False,117
29,13,150,0.2084851284758954,316.0,True,117
29,13,150,0.17247527489148148,218.0,False,117
29,13,150,0.19232912649627493,119.0,True,117
29,13,150,0.19225002262765997,151.0,True,117
29,13,150,0.19577658777814275,223.0,True,117
29,13,150,0.18917709241507083,253.0,False,117
29,13,150,0.198873826286249,57.0,False,117
29,13,150,0.17533609922975302,160.0,False,117
29,13,150,0.18354105839475257,122.0,False,117
29,13,150,0.19952087666628496,106.0,False,117
29,13,150,0.18776675937621573,246.0,False,117
29,13,150,0.21879250583160353,332.0,False,117
29,13,150,0.21230168243249256,180.0,True,117
29,13,150,0.20295474709322056,144.0,True,117
29,13,150,0.18892418378490514,236.0,False,117
29,13,150,0.18111369452542728,180.0,True,117
29,13,150,0.18045282004614593,253.0,True,117
29,13,150,0.20928677519162495,210.0,True,117
29,13,150,0.2330641477306684,300.0,True,117
29,13,150,0.21444530686249538,196.0,True,117
29,13,150,0.25084614876734607,533.0,False,117
29,13,150,0.18981913937504885,157.0,False,117
29,13,150,0.21471432886727446,154.0,False,117
29,13,150,0.16950365536527717,231.0,True,117
29,13,150,0.17467542542351616,225.0,False,117
29,13,150,0.17604067138696122,177.0,True,117
29,13,150,0.20825636143294665,208.0,False,117
29,13,150,0.18726865015923977,216.0,True,117
29,13,150,0.17698585915154424,145.0,True,117
29,13,150,0.1705848802538479,170.0,True,117
29,13,150,0.17995066910681098,198.0,True,117
29,13,150,0.17551506133306594,147.0,True,117
29,13,150,0.2067344531416893,180.0,False,117
29,13,150,0.18549504524303806,216.0,True,117
29,13,150,0.1787863810147558,154.0,True,117
29,13,150,0.18555763930971944,134.0,True,117
29,13,150,0.19260692775045354,146.0,True,117
29,13,150,0.21323932114467825,93.0,False,117
29,13,150,0.21097259140676922,90.0,False,117
29,13,150,0.20970236226047637,223.0,True,117
29,13,150,0.21104902415363877,243.0,False,117
29,13,150,0.20823500614765791,171.0,False,117
29,13,150,0.1682199796876021,226.0,True,117
29,13,150,0.1616915440143541,172.0,True,117
29,13,150,0.18399081174885074,124.0,True,117
29,13,150,0.197144291878487,161.0,True,117
29,13,150,0.18166358565255034,139.0,True,117
29,13,150,0.1756320579291938,154.0,True,117
29,13,150,0.202389391263326,180.0,True,117
29,13,150,0.19449122089606066,65.0,False,117
29,13,150,0.17911133070231816,179.0,True,117
29,13,150,0.2455655375470495,446.0,True,117
29,13,150,0.22879003779182222,179.0,True,117
29,13,150,0.193157883656436,145.0,True,117
29,13,150,0.18607630192884925,171.0,True,117
30,14,1,0.2587225497550937,343.0,True,29
30,14,1,0.22314090476740125,149.0,True,29
30,14,1,0.22443360151915714,145.0,True,29
30,14,1,0.23940900197395912,208.0,True,29
30,14,1,0.23742124210979978,118.0,False,29
30,14,1,0.23584964722394944,100.0,True,29
30,14,1,0.2449428622018207,176.0,True,29
30,14,1,0.19203187850244502,188.0,True,29
30,14,1,0.2266471916181178,163.0,True,29
30,14,1,0.2436755536080793,172.0,True,29
30,14,1,0.27189675898142246,419.0,True,29
30,14,1,0.2004524331007685,168.0,True,29
30,14,1,0.28104786947369576,84.0,True,29
30,14,1,0.22290586846171265,193.0,True,29
30,14,1,0.2501470762593993,232.0,False,29
30,14,1,0.24397440743045645,119.0,True,29
30,14,1,0.25200474220845437,252.0,True,29
30,14,1,0.2499564532438914,225.0,True,29
30,14,1,0.25140875794233813,186.0,False,29
30,14,1,0.22715495473572186,140.0,False,29
30,14,1,0.23867594405829187,166.0,True,29
30,14,1,0.2416529409739436,245.0,False,29
30,14,1,0.20987736349980507,169.0,True,29
30,14,1,0.22468489713966847,200.0,False,29
30,14,1,0.2461291629174524,121.0,True,29
30,14,1,0.2445579232933285,111.0,True,29
30,14,1,0.22900888069862743,223.0,True,29
30,14,1,0.23280408183733622,135.0,True,29
30,14,1,0.2506146547198296,150.0,True,29
30,14,1,0.197955422103405,168.0,True,29
30,14,1,0.27016977078276255,183.0,True,29
30,14,1,0.2580946527379851,179.0,True,29
30,14,1,0.25811822101091725,39.0,True,29
30,14,1,0.25305975514387935,159.0,True,29
31,14,10,0.2578786025124212,465.0,False,33
31,14,10,0.22501243007035904,162.0,True,33
31,14,10,0.21319825450579324,162.0,True,33
31,14,10,0.2090573657836233,210.0,True,33
31,14,10,0.2221589813867729,167.0,True,33
31,14,10,0.23969734506458756,209.0,True,33
31,14,10,0.17317747932214003,195.0,True,33
31,14,10,0.20041695567185447,149.0,True,33
31,14,10,0.26174185738980194,515.0,False,33
31,14,10,0.20633141739520033,173.0,True,33
31,14,10,0.21294906608123876,199.0,True,33
31,14,10,0.18642369381959925,181.0,True,33
31,14,10,0.2282836578748933,199.0,True,33
31,14,10,0.2738323502896125,285.0,False,33
31,14,10,0.2157725264410396,91.0,True,33
31,14,10,0.22230715187917272,166.0,True,33
31,14,10,0.2287299837509211,137.0,True,33
31,14,10,0.22322517979083603,194.0,False,33
31,14,10,0.2321335170555998,270.0,False,33
31,14,10,0.2202583284754502,133.0,True,33
31,14,10,0.22236356344244895,109.0,False,33
31,14,10,0.2026497381074088,231.0,True,33
31,14,10,0.2430901696023188,190.0,False,33
31,14,10,0.21333228260278703,100.0,False,33
31,14,10,0.20201738725882024,256.0,True,33
31,14,10,0.22642175948366206,47.0,False,33
31,14,10,0.21914779192871517,225.0,False,33
31,14,10,0.2507448086669729,277.0,False,33
31,14,10,0.23314747113860054,178.0,True,33
31,14,10,0.2380658197269011,178.0,True,33
31,14,10,0.20035625658929349,240.0,True,33
31,14,10,0.22180772095154494,195.0,True,33
31,14,10,0.23897279832850804,44.0,False,33
31,14,10,0.25815918904468105,239.0,True,33
31,14,10,0.2580427216446918,184.0,True,33
31,14,10,0.24422571503994417,196.0,True,33
31,14,10,0.2511824490932318,195.0,True,33
31,14,10,0.21619548973364708,78.0,True,33
32,14,50,0.24516760665215628,479.0,False,42
32,14,50,0.23144325064223947,206.0,True,42
32,14,50,0.2152282059840534,230.0,True,42
32,14,50,0.23406370589758624,187.0,True,42
32,14,50,0.21583784057433347,83.0,False,42
32,14,50,0.21120693192677797,207.0,True,42
32,14,50,0.23898874950610985,295.0,True,42
32,14,50,0.22600022976442893,161.0,True,42
32,14,50,0.21452532541918587,143.0,True,42
32,14,50,0.260437733645356,172.0,False,42
32,14,50,0.21443368312460265,221.0,True,42
32,14,50,0.19156930165158378,180.0,True,42
32,14,50,0.21314455164927187,214.0,False,42
32,14,50,0.19937233315912758,254.0,True,42
32,14,50,0.1870001655154758,225.0,True,42
32,14,50,0.2529264028179702,211.0,False,42
32,14,50,0.23825758746546558,117.0,True,42
32,14,50,0.2363163223862648,200.0,False,42
32,14,50,0.23189515321908874,277.0,True,42
32,14,50,0.20399670335981582,45.0,False,42
32,14,50,0.2192716879749691,364.0,False,42
32,14,50,0.22416071541246338,227.0,True,42
32,14,50,0.20769098433640484,183.0,False,42
32,14,50,0.19360919639296914,87.0,False,42
32,14,50,0.2165106937343033,277.0,True,42
32,14,50,0.20779542737837994,198.0,False,42
32,14,50,0.18247441848892182,257.0,False,42
32,14,50,0.23121941847037214,181.0,False,42
32,14,50,0.20546238970112157,185.0,False,42
32,14,50,0.21451611599096884,130.0,False,42
32,14,50,0.21701595177573543,310.0,False,42
32,14,50,0.21607417435873122,231.0,True,42
32,14,50,0.22452177262151396,154.0,False,42
32,14,50,0.2119143666126407,208.0,False,42
32,14,50,0.22166576626342396,172.0,True,42
32,14,50,0.20942582460966977,77.0,False,42
32,14,50,0.23110170097186647,87.0,False,42
32,14,50,0.20562422726043436,129.0,False,42
32,14,50,0.19197930780689368,178.0,True,42
32,14,50,0.18047773557672933,287.0,False,42
32,14,50,0.21960376436534565,217.0,True,42
32,14,50,0.179004949977599,166.0,True,42
32,14,50,0.23037586245271896,45.0,False,42
32,14,50,0.25691161125245754,411.0,False,42
32,14,50,0.24898075029580263,548.0,False,42
32,14,50,0.18530639584085581,113.0,True,42
33,14,100,0.2157687133756177,174.0,True,63
33,14,100,0.2601471838441867,309.0,False,63
33,14,100,0.23568861160208196,170.0,True,63
33,14,100,0.22916531085203856,156.0,True,63
33,14,100,0.20103046468868377,157.0,True,63
33,14,100,0.22280110134060976,157.0,True,63
33,14,100,0.2143501330859697,199.0,True,63
33,14,100,0.23379703970818683,232.0,False,63
33,14,100,0.21345946120213619,226.0,True,63
33,14,100,0.19712597002528306,173.0,False,63
33,14,100,0.21079308673506603,256.0,True,63
33,14,100,0.24415601891428768,558.0,False,63
33,14,100,0.20364490320097725,106.0,True,63
33,14,100,0.21313842493403065,222.0,True,63
33,14,100,0.24437346253074518,119.0,False,63
33,14,100,0.18391279849383207,222.0,True,63
33,14,100,0.18404977700194797,185.0,True,63
33,14,100,0.21155465100156634,76.0,False,63
33,14,100,0.22157240353471083,139.0,False,63
33,14,100,0.2045589336285404,306.0,False,63
33,14,100,0.2013729327711566,174.0,True,63
33,14,100,0.20157555902288074,210.0,False,63
33,14,100,0.21617443718082474,337.0,False,63
33,14,100,0.24319832758370774,273.0,False,63
33,14,100,0.2103393500049909,84.0,False,63
33,14,100,0.2692384066827157,272.0,False,63
33,14,100,0.2580820838069174,257.0,False,63
33,14,100,0.28511852801767823,194.0,True,63
33,14,100,0.2333530587140129,229.0,False,63
33,14,100,0.23729762349809919,315.0,False,63
33,14,100,0.21715444486056054,224.0,False,63
33,14,100,0.20932118395964305,105.0,False,63
33,14,100,0.19749079038531092,59.0,False,63
33,14,100,0.22738308103188223,69.0,False,63
33,14,100,0.22344437514392423,71.0,False,63
33,14,100,0.2255627582470576,45.0,False,63
33,14,100,0.22180935298954998,108.0,True,63
33,14,100,0.22512099187116366,222.0,False,63
33,14,100,0.1876790562692361,156.0,False,63
33,14,100,0.22761228019722335,239.0,True,63
33,14,100,0.22067071191775492,156.0,False,63
33,14,100,0.23493922913962223,188.0,False,63
33,14,100,0.21877992735106563,169.0,True,63
33,14,100,0.19772923270316972,365.0,False,63
33,14,100,0.20610705018043518,440.0,False,63
33,14,100,0.23581165416890204,301.0,False,63
33,14,100,0.18503973679204958,113.0,False,63
33,14,100,0.1973258141452903,151.0,False,63
33,14,100,0.20543349677553543,156.0,False,63
33,14,100,0.21967360901180655,128.0,False,63
33,14,100,0.22590900595123703,259.0,True,63
33,14,100,0.20794359349564417,149.0,False,63
33,14,100,0.23655241103591146,148.0,True,63
33,14,100,0.2130790744690185,235.0,True,63
33,14,100,0.21707723549057767,181.0,False,63
33,14,100,0.24437302207124645,145.0,True,63
33,14,100,0.21696377549028617,217.0,True,63
33,14,100,0.1664491722231391,159.0,True,63
33,14,100,0.2631568430048047,231.0,False,63
33,14,100,0.1927925998453602,223.0,True,63
33,14,100,0.2299561652571264,99.0,False,63
33,14,100,0.19349600727911348,135.0,False,63
33,14,100,0.22792669870126409,223.0,True,63
33,14,100,0.2598550765227443,403.0,False,63
33,14,100,0.23033841167177474,203.0,True,63
33,14,100,0.25015020395181453,543.0,True,63
33,14,100,0.2343178287976318,144.0,True,63
33,14,100,0.2463375724904187,143.0,False,63
34,14,150,0.20805495566067597,192.0,True,88
34,14,150,0.2325517995718946,188.0,True,88
34,14,150,0.21396766193211078,200.0,True,88
34,14,150,0.2002739716105087,293.0,False,88
34,14,150,0.24086415407986478,203.0,True,88
34,14,150,0.20475680650891484,185.0,True,88
34,14,150,0.2357683609495509,193.0,True,88
34,14,150,0.21429933748882393,232.0,True,88
34,14,150,0.21306009599548614,167.0,True,88
34,14,150,0.22381917379870273,202.0,True,88
34,14,150,0.21677802868781645,163.0,True,88
34,14,150,0.22429820070528003,365.0,False,88
34,14,150,0.2624621542309647,670.0,False,88
34,14,150,0.22181569039821625,179.0,True,88
34,14,150,0.21474275926146844,198.0,True,88
34,14,150,0.21767595108428034,153.0,False,88
34,14,150,0.21653179440534476,198.0,False,88
34,14,150,0.1996051752414459,195.0,True,88
34,14,150,0.2161360776022926,193.0,True,88
34,14,150,0.19085946871388343,93.0,False,88
34,14,150,0.18235410496592522,100.0,False,88
34,14,150,0.2020858761793125,167.0,True,88
34,14,150,0.22359456316610077,199.0,True,88
34,14,150,0.2113943137228489,108.0,True,88
34,14,150,0.2073546163266218,158.0,True,88
34,14,150,0.25452888377037025,853.0,False,88
34,14,150,0.20582649433355538,278.0,True,88
34,14,150,0.1891330823302269,340.0,False,88
34,14,150,0.22724682381658842,165.0,True,88
34,14,150,0.23359883779011503,497.0,False,88
34,14,150,0.2074899618114744,105.0,True,88
34,14,150,0.26472661742526626,288.0,True,88
34,14,150,0.26362448100582425,429.0,False,88
34,14,150,0.23276889158619773,513.0,False,88
34,14,150,0.2587942186443285,174.0,True,88
34,14,150,0.20517370165199847,222.0,True,88
34,14,150,0.1971339643886774,202.0,False,88
34,14,150,0.20568107962608337,200.0,False,88
34,14,150,0.19107521880756725,220.0,False,88
34,14,150,0.2290404519727153,155.0,False,88
34,14,150,0.1836024877779624,102.0,False,88
34,14,150,0.2005256516719932,201.0,False,88
34,14,150,0.2005660295300766,321.0,False,88
34,14,150,0.1871535345389132,228.0,True,88
34,14,150,0.2069572913279007,308.0,True,88
34,14,150,0.2039968261440981,103.0,True,88
34,14,150,0.19404095226088486,177.0,False,88
34,14,150,0.2038972891391592,235.0,False,88
34,14,150,0.17994649740664856,276.0,True,88
34,14,150,0.19311309536229368,289.0,False,88
34,14,150,0.21647574262399422,152.0,True,88
34,14,150,0.1791617628626936,127.0,False,88
34,14,150,0.19422275656573126,428.0,False,88
34,14,150,0.2019008199373881,144.0,True,88
34,14,150,0.17876820654628126,188.0,True,88
34,14,150,0.1786363101508244,166.0,True,88
34,14,150,0.21088407798246903,187.0,True,88
34,14,150,0.17679643714695834,178.0,False,88
34,14,150,0.21613567070783796,148.0,True,88
34,14,150,0.23063516623594543,220.0,False,88
34,14,150,0.17858926037495787,176.0,False,88
34,14,150,0.20141484009984292,152.0,True,88
34,14,150,0.2030993985163199,185.0,False,88
34,14,150,0.21204355157190755,155.0,True,88
34,14,150,0.18627460991841285,289.0,False,88
34,14,150,0.18497786270314126,199.0,True,88
34,14,150,0.20307466086555034,188.0,False,88
34,14,150,0.19884777740563875,162.0,True,88
34,14,150,0.20706369583568876,315.0,False,88
34,14,150,0.19104903197806813,115.0,False,88
34,14,150,0.19275412842568992,239.0,True,88
34,14,150,0.21321335163983432,275.0,True,88
34,14,150,0.18307154280008728,194.0,True,88
34,14,150,0.22305787917153508,204.0,True,88
34,14,150,0.2272890792029803,305.0,False,88
34,14,150,0.2051401842724193,154.0,False,88
34,14,150,0.1900118041979639,190.0,False,88
34,14,150,0.2267766160349692,310.0,False,88
34,14,150,0.20545369651582507,135.0,False,88
34,14,150,0.26202634379031164,378.0,False,88
34,14,150,0.23415791589946033,187.0,True,88
34,14,150,0.22622756419427725,223.0,True,88
34,14,150,0.26380615041161165,327.0,False,88
34,14,150,0.2394514080205578,163.0,True,88
34,14,150,0.29104051160915145,116.0,False,88
34,14,150,0.23648124050442912,238.0,True,88
35,15,1,0.2830509873282196,234.0,False,48
35,15,1,0.28461181943767644,163.0,False,48
35,15,1,0.2308928458218647,197.0,True,48
35,15,1,0.24832716549006034,127.0,True,48
35,15,1,0.20123995149767163,151.0,True,48
35,15,1,0.23750468381564982,137.0,True,48
35,15,1,0.17742976415575595,171.0,True,48
35,15,1,0.19240336278651624,188.0,True,48
35,15,1,0.22133683070603302,237.0,False,48
35,15,1,0.24724831188527438,312.0,False,48
35,15,1,0.2530664140358567,128.0,True,48
35,15,1,0.2401380522701985,156.0,True,48
35,15,1,0.1998187114573058,179.0,True,48
35,15,1,0.21699905899209035,213.0,False,48
35,15,1,0.21545652080984676,187.0,True,48
35,15,1,0.23326497569384164,151.0,True,48
35,15,1,0.19753456277506692,175.0,True,48
35,15,1,0.2561902870408824,183.0,False,48
35,15,1,0.21050362666318942,154.0,True,48
35,15,1,0.2410737731307745,200.0,True,48
35,15,1,0.2679979724220083,395.0,False,48
35,15,1,0.26756999124255443,144.0,True,48
35,15,1,0.23022174911134563,157.0,True,48
35,15,1,0.23115116847204228,204.0,True,48
35,15,1,0.24713239818811417,222.0,True,48
35,15,1,0.5387393200036251,66.0,False,48
35,15,1,0.3695538334454162,79.0,False,48
35,15,1,0.2557544382543512,183.0,True,48
35,15,1,0.23823127855857212,150.0,True,48
35,15,1,0.24947118472169946,135.0,True,48
35,15,1,0.2552988128293128,126.0,True,48
35,15,1,0.23926542949502486,137.0,True,48
35,15,1,0.23721356796954876,181.0,True,48
35,15,1,0.22729818509444932,221.0,True,48
35,15,1,0.25963020019502525,83.0,False,48
35,15,1,0.23578757721071059,208.0,True,48
35,15,1,0.24606038249718645,192.0,True,48
35,15,1,0.20334746037857443,158.0,True,48
35,15,1,0.22639401783846846,198.0,True,48
35,15,1,0.28984325845004744,443.0,False,48
35,15,1,0.2422831803560257,46.0,False,48
35,15,1,0.2529468203966434,52.0,False,48
36,15,10,0.25875315124983395,462.0,False,48
36,15,10,0.23149517070314737,179.0,True,48
36,15,10,0.24353309136025514,158.0,True,48
36,15,10,0.2216696941538861,95.0,True,48
36,15,10,0.19712732161316915,107.0,True,48
36,15,10,0.21669888543854854,157.0,True,48
36,15,10,0.17837900186286254,187.0,True,48
36,15,10,0.20536638733719578,119.0,True,48
36,15,10,0.23978133635695822,668.0,False,48
36,15,10,0.24019442637299382,215.0,True,48
36,15,10,0.2099730692465197,176.0,True,48
36,15,10,0.21003167562693068,206.0,True,48
36,15,10,0.20777102221802968,205.0,True,48
36,15,10,0.2129519406235081,174.0,True,48
36,15,10,0.1920897794222971,171.0,True,48
36,15,10,0.23195412613096691,147.0,True,48
36,15,10,0.2104932624686715,163.0,True,48
36,15,10,0.22277209342726126,149.0,True,48
36,15,10,0.20962358004861065,231.0,True,48
36,15,10,0.2298941422958632,111.0,True,48
36,15,10,0.2155868510090852,158.0,True,48
36,15,10,0.2681626555919647,250.0,False,48
36,15,10,0.2732651000842452,160.0,False,48
36,15,10,0.26325148293891776,208.0,True,48
36,15,10,0.25839606404304505,225.0,True,48
36,15,10,0.2532008204609156,120.0,False,48
36,15,10,0.2673918317223704,86.0,False,48
36,15,10,0.23080812514675736,211.0,True,48
36,15,10,0.22296799470980963,144.0,True,48
36,15,10,0.2188424449891616,156.0,True,48
36,15,10,0.2222334494193395,111.0,True,48
36,15,10,0.23225734268595105,163.0,True,48
36,15,10,0.24462402885889306,136.0,True,48
36,15,10,0.2223874463082908,154.0,True,48
36,15,10,0.2627752500434294,141.0,False,48
36,15,10,0.2234621488278912,155.0,False,48
36,15,10,0.23470938273451544,220.0,True,48
36,15,10,0.22811250007429787,215.0,True,48
36,15,10,0.218026383571286,183.0,True,48
36,15,10,0.22523565006624793,194.0,True,48
36,15,10,0.26434756396059506,501.0,False,48
36,15,10,0.25307041781289236,175.0,False,48
37,15,50,0.23042877912521362,250.0,True,57
37,15,50,0.2224571845893349,168.0,True,57
37,15,50,0.27066039389524704,156.0,True,57
37,15,50,0.22801649170987148,235.0,True,57
37,15,50,0.20015800355175728,247.0,False,57
37,15,50,0.2598064334297473,163.0,False,57
37,15,50,0.26430067407588165,120.0,False,57
37,15,50,0.17945984848167584,161.0,True,57
37,15,50,0.22891173067965795,183.0,False,57
37,15,50,0.23379583565369705,163.0,True,57
37,15,50,0.20494031538565954,150.0,True,57
37,15,50,0.2447586745378517,420.0,False,57
37,15,50,0.26161714871535674,421.0,False,57
37,15,50,0.2111543473420721,198.0,True,57
37,15,50,0.20792389426614855,143.0,True,57
37,15,50,0.21483129832395323,157.0,True,57
37,15,50,0.20968342636312756,70.0,False,57
37,15,50,0.213216800558365,177.0,True,57
37,15,50,0.2160183860555939,230.0,False,57
37,15,50,0.20512483308189794,228.0,True,57
37,15,50,0.21870214324824663,147.0,True,57
37,15,50,0.18707856770466874,216.0,True,57
37,15,50,0.18706367591565307,220.0,True,57
37,15,50,0.20791721108059089,240.0,True,57
37,15,50,0.19868387107725266,154.0,True,57
37,15,50,0.22609388630123847,188.0,True,57
37,15,50,0.2853990129861735,591.0,False,57
37,15,50,0.24894479910532633,168.0,False,57
37,15,50,0.22707431450966867,155.0,True,57
37,15,50,0.20444877374739873,147.0,True,57
37,15,50,0.19091251051221284,233.0,True,57
37,15,50,0.20741098605052768,171.0,True,57
37,15,50,0.22097484227912179,174.0,True,57
37,15,50,0.21398792740176706,170.0,True,57
37,15,50,0.2368370436037643,158.0,True,57
37,15,50,0.17882801949264046,167.0,True,57
37,15,50,0.22600698503699615,137.0,True,57
37,15,50,0.2228931488735335,210.0,True,57
37,15,50,0.23100746935734184,186.0,True,57
37,15,50,0.2062862389113592,184.0,True,57
37,15,50,0.19783795199223927,56.0,False,57
37,15,50,0.258963540091481,142.0,True,57
37,15,50,0.23299186045722087,196.0,True,57
37,15,50,0.20944626175838968,184.0,True,57
37,15,50,0.25867747018734616,126.0,False,57
37,15,50,0.2145663105848572,191.0,True,57
37,15,50,0.23958048657537093,203.0,True,57
37,15,50,0.21314477254256742,331.0,True,57
37,15,50,0.209902903458602,284.0,True,57
37,15,50,0.18927620210516172,254.0,True,57
37,15,50,0.2691615468815086,508.0,True,57
37,15,50,0.24831213057041168,183.0,False,57
38,15,100,0.2593612935470075,98.0,False,82
38,15,100,0.21566910539857215,288.0,True,82
38,15,100,0.24165395153252456,279.0,True,82
38,15,100,0.2633900906505256,145.0,False,82
38,15,100,0.18700869951178045,136.0,False,82
38,15,100,0.1861231151585267,107.0,False,82
38,15,100,0.19387054647196014,212.0,True,82
38,15,100,0.17950545932565418,140.0,False,82
38,15,100,0.20700904287043073,105.0,True,82
38,15,100,0.180420478894597,147.0,True,82
38,15,100,0.1966036681652717,368.0,False,82
38,15,100,0.19306444426377614,135.0,True,82
38,15,100,0.19931088676375727,31.0,False,82
38,15,100,0.19101477086189247,168.0,True,82
38,15,100,0.25306556856587586,267.0,False,82
38,15,100,0.2658772813777129,240.0,False,82
38,15,100,0.26577726833462395,373.0,False,82
38,15,100,0.26408443086106204,232.0,False,82
38,15,100,0.2509232809146245,306.0,False,82
38,15,100,0.19923333297355458,218.0,True,82
38,15,100,0.21866091867105678,109.0,False,82
38,15,100,0.2221812238460073,363.0,False,82
38,15,100,0.23943906026838072,223.0,True,82
38,15,100,0.1740423072079372,223.0,True,82
38,15,100,0.18271769608916907,174.0,True,82
38,15,100,0.18758502764546353,184.0,True,82
38,15,100,0.2503089059423881,413.0,False,82
38,15,100,0.2559847693558973,371.0,True,82
38,15,100,0.16239921205184038,170.0,True,82
38,15,100,0.19366883243645094,181.0,True,82
38,15,100,0.18046150460839272,200.0,True,82
38,15,100,0.20865493762743223,286.0,True,82
38,15,100,0.21135632012118685,282.0,True,82
38,15,100,0.20396256805714513,191.0,True,82
38,15,100,0.19632399843322287,278.0,True,82
38,15,100,0.18445190711866452,237.0,True,82
38,15,100,0.19899002087337,270.0,True,82
38,15,100,0.21737840321668533,351.0,True,82
38,15,100,0.1889578286769255,106.0,False,82
38,15,100,0.18909362265292337,136.0,True,82
38,15,100,0.21215799407993288,139.0,True,82
38,15,100,0.21341937366459104,180.0,True,82
38,15,100,0.30114266382796423,210.0,False,82
38,15,100,0.21907634379194796,139.0,True,82
38,15,100,0.2072699473143738,214.0,True,82
38,15,100,0.21948004519666425,131.0,False,82
38,15,100,0.4500624378128807,101.0,False,82
38,15,100,0.4353867266859327,35.0,False,82
38,15,100,0.22427607486645382,150.0,False,82
38,15,100,0.21549297558764616,168.0,True,82
38,15,100,0.21187586852429827,162.0,True,82
38,15,100,0.2255175377066071,185.0,True,82
38,15,100,0.1799904208202831,122.0,False,82
38,15,100,0.1833496261784371,94.0,False,82
38,15,100,0.3393032185236613,225.0,False,82
38,15,100,0.19964216075698782,161.0,False,82
38,15,100,0.1916231723337234,158.0,True,82
38,15,100,0.24563160193402592,164.0,True,82
38,15,100,0.20526309258408015,225.0,True,82
38,15,100,0.18888719259377787,136.0,True,82
38,15,100,0.21200462528964975,182.0,True,82
38,15,100,0.1943857990165445,187.0,True,82
38,15,100,0.2556583418928344,116.0,False,82
38,15,100,0.1889352846110976,172.0,True,82
38,15,100,0.23872016271613292,151.0,True,82
38,15,100,0.20795743647548887,180.0,True,82
38,15,100,0.32918685918948687,61.0,False,82
38,15,100,0.24019130299400007,224.0,True,82
38,15,100,0.27333714856820945,136.0,True,82
38,15,100,0.24614638210812084,284.0,True,82
38,15,100,0.21837397656286625,263.0,True,82
38,15,100,0.19379978611281043,190.0,True,82
38,15,100,0.20371634079449213,201.0,True,82
38,15,100,0.26620188913183085,529.0,True,82
38,15,100,0.25731753455268014,225.0,False,82
38,15,100,0.23127377153128043,174.0,True,82
39,15,150,0.21614099127783193,139.0,True,122
39,15,150,0.20171619159511373,79.0,False,122
39,15,150,0.21985513443111354,234.0,True,122
39,15,150,0.2034148707696535,206.0,True,122
39,15,150,0.22669875302485057,140.0,True,122
39,15,150,0.1850022848163332,140.0,True,122
39,15,150,0.20483881899112247,193.0,True,122
39,15,150,0.1978187574148178,250.0,False,122
39,15,150,0.22223225799064303,344.0,True,122
39,15,150,0.19124764017760754,208.0,False,122
39,15,150,0.19791627416144247,92.0,True,122
39,15,150,0.20435217364380756,144.0,True,122
39,15,150,0.18307451928655308,120.0,True,122
39,15,150,0.22469554580094522,114.0,True,122
39,15,150,0.1992041934954833,332.0,False,122
39,15,150,0.19725093111777917,234.0,True,122
39,15,150,0.20021908652333534,239.0,True,122
39,15,150,0.25607674834826705,1356.0,False,122
39,15,150,0.2536056247674082,874.0,False,122
39,15,150,0.23778765175957234,640.0,False,122
39,15,150,0.22313011504992103,343.0,False,122
39,15,150,0.212155156800973,232.0,True,122
39,15,150,0.2065925680450584,277.0,True,122
39,15,150,0.24238731896176058,170.0,True,122
39,15,150,0.20436479904149707,190.0,True,122
39,15,150,0.21307710130915258,211.0,True,122
39,15,150,0.20759614703940674,284.0,True,122
39,15,150,0.1903491747421278,142.0,True,122
39,15,150,0.1949711373006856,54.0,False,122
39,15,150,0.2107561364686689,179.0,True,122
39,15,150,0.20329150462692433,110.0,True,122
39,15,150,0.19579805451384663,338.0,False,122
39,15,150,0.21492337304353715,250.0,True,122
39,15,150,0.20431793903091314,226.0,True,122
39,15,150,0.22467266379491144,46.0,False,122
39,15,150,0.19160758443176745,200.0,True,122
39,15,150,0.183042759655929,244.0,True,122
39,15,150,0.23705235591461493,172.0,False,122
39,15,150,0.1806436349184085,195.0,True,122
39,15,150,0.17858424854739277,207.0,True,122
39,15,150,0.2384404005590549,484.0,False,122
39,15,150,0.20171045577526092,375.0,True,122
39,15,150,0.19394555214573356,170.0,False,122
39,15,150,0.19461018165957603,257.0,False,122
39,15,150,0.17887936385218486,172.0,True,122
39,15,150,0.18185349209950522,234.0,True,122
39,15,150,0.21507596645504237,400.0,False,122
39,15,150,0.21580734623726025,172.0,True,122
39,15,150,0.18433874792757288,226.0,True,122
39,15,150,0.20822862636398626,333.0,False,122
39,15,150,0.19993211577335993,114.0,False,122
39,15,150,0.21410727742121374,278.0,True,122
39,15,150,0.2124372485022132,208.0,True,122
39,15,150,0.22061467170715332,375.0,False,122
39,15,150,0.2349331302828686,186.0,True,122
39,15,150,0.20978771476459898,242.0,True,122
39,15,150,0.2441505032820978,138.0,False,122
39,15,150,0.21739826149103658,151.0,False,122
39,15,150,0.2199122965335846,190.0,False,122
39,15,150,0.21904781433669004,220.0,False,122
39,15,150,0.20479310869844886,183.0,True,122
39,15,150,0.18880648970603942,225.0,True,122
39,15,150,0.2143954081604114,52.0,False,122
39,15,150,0.44405420733428347,487.0,False,122
39,15,150,0.328114484661612,348.0,False,122
39,15,150,0.19511565581114607,198.0,True,122
39,15,150,0.20729957288735873,231.0,True,122
39,15,150,0.20562803812325,200.0,True,122
39,15,150,0.227243869930883,158.0,True,122
39,15,150,0.2661601283412049,414.0,False,122
39,15,150,0.20841570617379368,185.0,True,122
39,15,150,0.20011738436701504,184.0,True,122
39,15,150,0.20029745554977468,223.0,True,122
39,15,150,0.1831255687113425,201.0,True,122
39,15,150,0.3678815346477287,560.0,False,122
39,15,150,0.32662583548914303,44.0,False,122
39,15,150,0.2470190986445414,519.0,False,122
39,15,150,0.21101351082324982,174.0,True,122
39,15,150,0.2076643200975562,252.0,False,122
39,15,150,0.17851818984678944,263.0,True,122
39,15,150,0.2900693604239711,54.0,False,122
39,15,150,0.17737240806735796,232.0,True,122
39,15,150,0.20570492765733173,280.0,True,122
39,15,150,0.25158185239822145,126.0,True,122
39,15,150,0.1920961856842041,205.0,True,122
39,15,150,0.264219728645182,274.0,False,122
39,15,150,0.19811855372027717,271.0,True,122
39,15,150,0.23834142381069706,204.0,True,122
39,15,150,0.2607098207087584,213.0,True,122
39,15,150,0.2681519785305349,205.0,False,122
39,15,150,0.39019543978552157,151.0,False,122
39,15,150,0.38572419179628975,73.0,False,122
39,15,150,0.37502643399768404,45.0,False,122
39,15,150,0.2615462772824146,270.0,False,122
39,15,150,0.23477683585731923,238.0,False,122
39,15,150,0.2288333892650988,174.0,False,122
39,15,150,0.2193292250198103,263.0,True,122
39,15,150,0.21466648618304685,263.0,True,122
39,15,150,0.23020536879013326,145.0,False,122
39,15,150,0.20546221794052558,220.0,True,122
39,15,150,0.18577068646266623,206.0,True,122
39,15,150,0.24713771171781548,259.0,False,122
39,15,150,0.22762213113173,371.0,True,122
39,15,150,0.22062551411823253,201.0,False,122
39,15,150,0.18989501328303895,58.0,False,122
39,15,150,0.26946202927097984,490.0,False,122
40,16,1,0.22230519985868818,210.0,True,47
40,16,1,0.25341983484335184,121.0,True,47
40,16,1,0.19658393787462158,177.0,True,47
40,16,1,0.27357204046941574,155.0,True,47
40,16,1,0.2739501862397677,158.0,True,47
40,16,1,0.2537510738123295,43.0,True,47
40,16,1,0.24150202888480865,181.0,True,47
40,16,1,0.24081675798300928,149.0,True,47
40,16,1,0.23489125580401035,185.0,True,47
40,16,1,0.23495640764012932,160.0,True,47
40,16,1,0.23859167607188914,173.0,True,47
40,16,1,0.20085029296143345,189.0,True,47
40,16,1,0.25462730308162407,188.0,True,47
40,16,1,0.2216578132513934,159.0,True,47
40,16,1,0.25140750283996266,156.0,True,47
40,16,1,0.2307878099592392,177.0,True,47
40,16,1,0.2535430199391133,185.0,True,47
40,16,1,0.23778362984552323,159.0,True,47
40,16,1,0.24187840562727717,144.0,True,47
40,16,1,0.26755583971183494,161.0,False,47
40,16,1,0.2389001540839672,60.0,False,47
40,16,1,0.2573735032230616,200.0,True,47
40,16,1,0.24773791350248292,127.0,True,47
40,16,1,0.23498693716369176,152.0,True,47
40,16,1,0.2376946681370474,146.0,True,47
40,16,1,0.2584796589488784,240.0,False,47
40,16,1,0.23370164567194646,159.0,True,47
40,16,1,0.21012137472629547,175.0,True,47
40,16,1,0.23452091329079822,266.0,True,47
40,16,1,0.26228211395442486,400.0,False,47
40,16,1,0.21020437637344003,160.0,True,47
40,16,1,0.23928358221755308,170.0,True,47
40,16,1,0.21850441124390912,148.0,True,47
40,16,1,0.19957034397125245,125.0,True,47
40,16,1,0.2496726480481538,193.0,True,47
40,16,1,0.222733388600104,136.0,True,47
40,16,1,0.18513063707995037,126.0,True,47
40,16,1,0.23217484106620154,168.0,True,47
40,16,1,0.2522049472138688,185.0,True,47
40,16,1,0.23290556169127766,146.0,True,47
40,16,1,0.1917538329858908,149.0,True,47
41,16,10,0.22460665456626727,69.0,False,45
41,16,10,0.22514085933356218,213.0,True,45
41,16,10,0.20283067017054754,242.0,True,45
41,16,10,0.26552823266467535,148.0,True,45
41,16,10,0.24514052432936592,74.0,True,45
41,16,10,0.27285719269806624,326.0,False,45
41,16,10,0.2287036931044177,190.0,False,45
41,16,10,0.2755129176472861,63.0,False,45
41,16,10,0.25014904904656293,82.0,False,45
41,16,10,0.2309726836780707,168.0,True,45
41,16,10,0.21076104807461932,213.0,True,45
41,16,10,0.24505942114761897,175.0,True,45
41,16,10,0.24883283324580374,183.0,True,45
41,16,10,0.20785743187011127,142.0,True,45
41,16,10,0.20351047490565283,106.0,False,45
41,16,10,0.22749859045495044,182.0,True,45
41,16,10,0.21050781907479457,163.0,True,45
41,16,10,0.23495282536138318,167.0,True,45
41,16,10,0.21599185165394558,178.0,True,45
41,16,10,0.2588827518633057,181.0,True,45
41,16,10,0.23945464055394866,183.0,True,45
41,16,10,0.23776260410484515,171.0,True,45
41,16,10,0.23189406390903758,147.0,True,45
41,16,10,0.23408714258992994,74.0,False,45
41,16,10,0.24134124383844177,145.0,True,45
41,16,10,0.20931555879198843,144.0,True,45
41,16,10,0.2558504081618002,289.0,False,45
41,16,10,0.2414502299037473,145.0,True,45
41,16,10,0.24444391287989536,59.0,False,45
41,16,10,0.22418904430938488,165.0,True,45
41,16,10,0.2281887257940199,163.0,True,45
41,16,10,0.22686091634496372,199.0,True,45
41,16,10,0.2402232238356931,193.0,True,45
41,16,10,0.24377950870133694,153.0,False,45
41,16,10,0.22073665402125364,201.0,True,45
41,16,10,0.19465845051620687,168.0,True,45
41,16,10,0.2295345329219782,158.0,True,45
41,16,10,0.20624370712363077,167.0,True,45
41,16,10,0.1794484044364888,139.0,True,45
41,16,10,0.22770144809915133,191.0,True,45
41,16,10,0.2110637312359882,132.0,True,45
41,16,10,0.17001453357456375,137.0,True,45
41,16,10,0.23380284117800848,182.0,True,45
41,16,10,0.2362462411175913,201.0,True,45
41,16,10,0.21579957884460238,199.0,True,45
41,16,10,0.19916868597269058,200.0,True,45
41,16,10,0.23430039100348948,40.0,False,45
42,16,50,0.21514623907942268,199.0,True,64
42,16,50,0.2220793135996376,280.0,True,64
42,16,50,0.1928336775928571,181.0,True,64
42,16,50,0.24080025717954745,176.0,True,64
42,16,50,0.21331124349013386,179.0,True,64
42,16,50,0.23962257772684098,200.0,True,64
42,16,50,0.24805877116364491,142.0,True,64
42,16,50,0.22121810010813792,109.0,True,64
42,16,50,0.24292648631718852,62.0,False,64
42,16,50,0.2154836665619822,204.0,True,64
42,16,50,0.2340195636021211,149.0,True,64
42,16,50,0.19114870358492442,207.0,True,64
42,16,50,0.18598858365318277,182.0,True,64
42,16,50,0.22978611387444672,169.0,True,64
42,16,50,0.23759669348960968,205.0,True,64
42,16,50,0.2312462003116148,166.0,True,64
42,16,50,0.2283997464988191,118.0,False,64
42,16,50,0.22786438934036068,143.0,True,64
42,16,50,0.22305450459083398,167.0,False,64
42,16,50,0.22588169857533308,137.0,True,64
42,16,50,0.20575577043453042,196.0,True,64
42,16,50,0.19047252806750212,110.0,True,64
42,16,50,0.23572901141092267,173.0,True,64
42,16,50,0.2357876899705571,157.0,True,64
42,16,50,0.22230189600411585,153.0,True,64
42,16,50,0.20751600140574003,198.0,True,64
42,16,50,0.1922559610434941,224.0,True,64
42,16,50,0.20049661774556715,182.0,True,64
42,16,50,0.2133570523424582,176.0,True,64
42,16,50,0.20740060395982168,146.0,False,64
42,16,50,0.20330530295477195,136.0,False,64
42,16,50,0.261292944719762,81.0,True,64
42,16,50,0.26948824605426275,74.0,True,64
42,16,50,0.21606208702613566,145.0,True,64
42,16,50,0.19969186749723222,180.0,True,64
42,16,50,0.22976625101132828,187.0,True,64
42,16,50,0.25744807779573015,276.0,False,64
42,16,50,0.23081279474276084,135.0,True,64
42,16,50,0.17698241548763738,222.0,True,64
42,16,50,0.16976828064008426,186.0,True,64
42,16,50,0.18992655984326906,255.0,True,64
42,16,50,0.2510544687763534,352.0,False,64
42,16,50,0.2275691289490404,313.0,True,64
42,16,50,0.24712325594254902,350.0,False,64
42,16,50,0.1968550043446677,133.0,True,64
42,16,50,0.20746154596309851,101.0,True,64
42,16,50,0.2253821166722398,114.0,True,64
42,16,50,0.20848293334824367,206.0,True,64
42,16,50,0.2416597056755985,276.0,True,64
42,16,50,0.19938861848465328,116.0,False,64
42,16,50,0.2126499802886861,206.0,True,64
42,16,50,0.22751721138125855,213.0,True,64
42,16,50,0.21950158886861482,149.0,True,64
42,16,50,0.23867314205139498,158.0,True,64
42,16,50,0.2476992356630922,163.0,True,64
42,16,50,0.22669375099001393,248.0,True,64
42,16,50,0.20078983313815538,172.0,True,64
42,16,50,0.24416991184323522,177.0,True,64
42,16,50,0.20900091130023052,198.0,True,64
42,16,50,0.20408643609599064,190.0,True,64
42,16,50,0.19567164368047488,127.0,True,64
42,16,50,0.2369611440386091,175.0,True,64
42,16,50,0.19950517993650319,162.0,True,64
42,16,50,0.21955154776869723,201.0,True,64
42,16,50,0.25259253891502936,82.0,False,64
43,16,100,0.2079338386135908,201.0,True,96
43,16,100,0.19627870421104243,203.0,True,96
43,16,100,0.18263556386207366,143.0,True,96
43,16,100,0.2217550617275816,330.0,False,96
43,16,100,0.23608007604506479,201.0,True,96
43,16,100,0.26527638305788453,115.0,True,96
43,16,100,0.2347994270772416,221.0,True,96
43,16,100,0.1976823023551904,207.0,True,96
43,16,100,0.17757006287574767,205.0,True,96
43,16,100,0.26828130356107766,416.0,False,96
43,16,100,0.22574666649305902,147.0,True,96
43,16,100,0.2333036527930317,217.0,False,96
43,16,100,0.26468605742062606,146.0,False,96
43,16,100,0.25362062254802886,269.0,False,96
43,16,100,0.2512642766038577,180.0,False,96
43,16,100,0.260317333211953,264.0,True,96
43,16,100,0.21944586894613632,235.0,True,96
43,16,100,0.18321393430233002,227.0,True,96
43,16,100,0.21793511242609923,223.0,True,96
43,16,100,0.19538830683419578,190.0,False,96
43,16,100,0.2710182292179929,216.0,False,96
43,16,100,0.19190536774406136,129.0,False,96
43,16,100,0.21081676630563634,186.0,True,96
43,16,100,0.21389998638111613,230.0,True,96
43,16,100,0.1936643642062942,144.0,False,96
43,16,100,0.18325278236240636,61.0,False,96
43,16,100,0.1908803481804697,285.0,True,96
43,16,100,0.2164719765461408,325.0,False,96
43,16,100,0.1801529133861715,110.0,False,96
43,16,100,0.19991722249037383,151.0,True,96
43,16,100,0.198374390155077,300.0,True,96
43,16,100,0.22785790908981013,37.0,False,96
43,16,100,0.1911021339231067,225.0,True,96
43,16,100,0.22539435990283943,173.0,True,96
43,16,100,0.23633051472050803,140.0,False,96
43,16,100,0.24892416902490563,185.0,True,96
43,16,100,0.22734691266869678,116.0,False,96
43,16,100,0.20057690288392727,319.0,False,96
43,16,100,0.18259297907352448,190.0,True,96
43,16,100,0.22785008574525514,120.0,True,96
43,16,100,0.2069855248076575,175.0,True,96
43,16,100,0.26256239079699223,49.0,True,96
43,16,100,0.20965196893095425,219.0,True,96
43,16,100,0.22119262368760556,117.0,False,96
43,16,100,0.23364187090109426,141.0,True,96
43,16,100,0.265125683426857,125.0,False,96
43,16,100,0.23583703627687017,379.0,False,96
43,16,100,0.2106665373636932,189.0,True,96
43,16,100,0.19053507237871992,158.0,True,96
43,16,100,0.21492444200571192,215.0,True,96
43,16,100,0.2041091930501315,245.0,True,96
43,16,100,0.23896278636377366,305.0,True,96
43,16,100,0.21281694208687923,188.0,True,96
43,16,100,0.2503614525903355,110.0,False,96
43,16,100,0.2417497596220125,158.0,False,96
43,16,100,0.19475350531179514,335.0,False,96
43,16,100,0.35072592333439856,93.0,False,96
43,16,100,0.21384756527249776,189.0,False,96
43,16,100,0.22436705699988774,70.0,True,96
43,16,100,0.22019705811484916,183.0,False,96
43,16,100,0.2213609376075593,176.0,True,96
43,16,100,0.2623129117641414,547.0,False,96
43,16,100,0.24632611182418082,762.0,False,96
43,16,100,0.19749572074657415,293.0,True,96
43,16,100,0.18987279866389403,254.0,False,96
43,16,100,0.198935145315002,85.0,False,96
43,16,100,0.2180868542494894,119.0,False,96
43,16,100,0.22671990631693634,181.0,True,96
43,16,100,0.22132800372415468,152.0,True,96
43,16,100,0.2448640389526708,481.0,False,96
43,16,100,0.20835322559925548,228.0,True,96
43,16,100,0.20905770188154177,129.0,True,96
43,16,100,0.1951257494893977,301.0,True,96
43,16,100,0.2180278283177,99.0,False,96
43,16,100,0.19719270383468782,198.0,True,96
43,16,100,0.17143770914546327,173.0,True,96
43,16,100,0.1751025917855176,220.0,True,96
43,16,100,0.23999192684752757,219.0,False,96
43,16,100,0.2018981266255472,204.0,True,96
43,16,100,0.19138360344446623,195.0,True,96
43,16,100,0.21793859023504306,193.0,True,96
43,16,100,0.1827361216686042,203.0,True,96
43,16,100,0.17836912146405035,184.0,True,96
43,16,100,0.219317212153007,272.0,True,96
43,16,100,0.20524601548551077,166.0,True,96
43,16,100,0.2014508338726085,230.0,True,96
43,16,100,0.20668739384693624,191.0,True,96
43,16,100,0.2221069219596883,187.0,True,96
43,16,100,0.36104427817020013,47.0,False,96
44,16,150,0.20677751443575865,201.0,True,141
44,16,150,0.19692235167234973,183.0,True,141
44,16,150,0.18554399250927617,295.0,False,141
44,16,150,0.197611338443519,181.0,True,141
44,16,150,0.21085743085155642,369.0,False,141
44,16,150,0.2421062589084882,379.0,False,141
44,16,150,0.25634838902770574,199.0,True,141
44,16,150,0.2543471726657307,177.0,True,141
44,16,150,0.21207965868101877,176.0,True,141
44,16,150,0.20084358917342293,198.0,False,141
44,16,150,0.19268909219688582,206.0,True,141
44,16,150,0.2601417464406594,230.0,True,141
44,16,150,0.23607505298242337,205.0,True,141
44,16,150,0.18774823768016619,78.0,False,141
44,16,150,0.20964731311514265,210.0,False,141
44,16,150,0.2146650425025395,203.0,True,141
44,16,150,0.20487580369267844,226.0,True,141
44,16,150,0.20338481793671975,231.0,True,141
44,16,150,0.21079654962551303,205.0,True,141
44,16,150,0.1970806321445501,53.0,False,141
44,16,150,0.2073545853458709,307.0,True,141
44,16,150,0.18437246122258774,188.0,True,141
44,16,150,0.20340773123114006,92.0,False,141
44,16,150,0.19602596007774922,107.0,False,141
44,16,150,0.19734936174313733,157.0,True,141
44,16,150,0.19382160466234638,212.0,True,141
44,16,150,0.17692526729984415,144.0,True,141
44,16,150,0.17851437427221784,126.0,True,141
44,16,150,0.18357758156787185,133.0,True,141
44,16,150,0.19288713999545376,181.0,True,141
44,16,150,0.20801068974865808,180.0,True,141
44,16,150,0.19056853680656508,208.0,True,141
44,16,150,0.2092338107230905,227.0,False,141
44,16,150,0.18759750846629492,233.0,False,141
44,16,150,0.1915796548128128,179.0,True,141
44,16,150,0.19399465507892674,172.0,True,141
44,16,150,0.19988334509312297,221.0,True,141
44,16,150,0.17723435399432977,120.0,True,141
44,16,150,0.18358025641033524,76.0,False,141
44,16,150,0.17082890453861982,205.0,False,141
44,16,150,0.2597903280934214,231.0,False,141
44,16,150,0.24149449083996916,174.0,True,141
44,16,150,0.2001488623586861,185.0,False,141
44,16,150,0.2134516956482796,188.0,True,141
44,16,150,0.2009868138241318,159.0,True,141
44,16,150,0.23780446332883617,438.0,False,141
44,16,150,0.18129480189311875,289.0,False,141
44,16,150,0.23000490257314815,157.0,True,141
44,16,150,0.1790441354879966,65.0,False,141
44,16,150,0.19726134677616397,178.0,True,141
44,16,150,0.2623403218027722,223.0,True,141
44,16,150,0.19393304231319022,235.0,True,141
44,16,150,0.1874729772840721,207.0,True,141
44,16,150,0.20212076875296506,308.0,True,141
44,16,150,0.27093264267285,239.0,False,141
44,16,150,0.22072898535922383,209.0,True,141
44,16,150,0.20051056651890964,174.0,True,141
44,16,150,0.25319905911028817,413.0,True,141
44,16,150,0.22219693867059853,195.0,True,141
44,16,150,0.23533003685935852,155.0,False,141
44,16,150,0.23258192207611783,142.0,False,141
44,16,150,0.25589677969614666,150.0,True,141
44,16,150,0.2186377729204568,176.0,True,141
44,16,150,0.25364161900692833,293.0,False,141
44,16,150,0.2330067295343318,235.0,False,141
44,16,150,0.23466236293315887,195.0,False,141
44,16,150,0.19917785341923053,260.0,True,141
44,16,150,0.2757248086572597,264.0,True,141
44,16,150,0.21628753607179604,357.0,False,141
44,16,150,0.214946326531776,219.0,False,141
44,16,150,0.21810182075054324,171.0,True,141
44,16,150,0.42788469364058296,265.0,False,141
44,16,150,0.4428708907131735,219.0,False,141
44,16,150,0.32697697849500745,105.0,False,141
44,16,150,0.2603263431787491,50.0,False,141
44,16,150,0.19882173037660714,181.0,True,141
44,16,150,0.2103615826807725,312.0,True,141
44,16,150,0.2980419706473959,94.0,False,141
44,16,150,0.22159989822555232,111.0,False,141
44,16,150,0.20503858100224245,271.0,False,141
44,16,150,0.36081501227967877,34.0,False,141
44,16,150,0.188222470597958,254.0,False,141
44,16,150,0.2059500070166922,428.0,False,141
44,16,150,0.19132547579326872,236.0,False,141
44,16,150,0.19852618736189764,185.0,True,141
44,16,150,0.21128213388180872,171.0,True,141
44,16,150,0.2029691588008002,178.0,True,141
44,16,150,0.24171100953726055,1423.0,False,141
44,16,150,0.17583360388053684,127.0,True,141
44,16,150,0.24733947655733893,17.0,False,141
44,16,150,0.3100661374628544,48.0,False,141
44,16,150,0.20318857181411218,422.0,False,141
44,16,150,0.23428745091897654,382.0,False,141
44,16,150,0.19462846266761633,284.0,True,141
44,16,150,0.2035478468708418,216.0,True,141
44,16,150,0.2086205359767465,153.0,True,141
44,16,150,0.32191781562566757,500.0,False,141
44,16,150,0.27218072194802134,19.0,False,141
44,16,150,0.2790727876126766,24.0,False,141
44,16,150,0.22176948115229606,200.0,True,141
44,16,150,0.2502582462095633,287.0,True,141
44,16,150,0.23983076310645768,171.0,True,141
44,16,150,0.19953683391213417,152.0,True,141
44,16,150,0.23313876443675585,140.0,False,141
44,16,150,0.2808451734177054,73.0,False,141
44,16,150,0.2840206917279806,39.0,False,141
44,16,150,0.27423107822736104,30.0,False,141
44,16,150,0.28801720155708826,67.0,False,141
44,16,150,0.24770909349123638,15.0,False,141
44,16,150,0.2001256684560587,202.0,True,141
44,16,150,0.2061586204830927,131.0,True,141
44,16,150,0.20399176691458604,214.0,False,141
44,16,150,0.1948666018005964,370.0,True,141
44,16,150,0.1874741913195242,228.0,True,141
44,16,150,0.19338960888568293,209.0,True,141
44,16,150,0.2310249499976635,60.0,True,141
44,16,150,0.1807924467793181,242.0,False,141
44,16,150,0.20141342958888492,185.0,False,141
44,16,150,0.2131008869409561,175.0,True,141
44,16,150,0.1776028388888581,318.0,True,141
44,16,150,0.17848693074490787,211.0,True,141
44,16,150,0.1814074588766515,183.0,True,141
44,16,150,0.3181538808604945,23.0,False,141
44,16,150,0.31705502727452445,17.0,False,141
44,16,150,0.27031458616256715,5.0,False,141
44,16,150,0.1741061764850951,228.0,True,141
44,16,150,0.19437839467017376,305.0,True,141
44,16,150,0.17765674119741381,227.0,True,141
44,16,150,0.1830549133675439,189.0,False,141
44,16,150,0.1857949055376507,231.0,True,141
44,16,150,0.17109052110309445,242.0,True,141
44,16,150,0.17358516187292256,146.0,True,141
44,16,150,0.17635483046372732,207.0,True,141
45,17,1,0.24597072822822108,74.0,True,33
45,17,1,0.23489231818190245,107.0,True,33
45,17,1,0.2341368017901837,142.0,True,33
45,17,1,0.25198509269112707,149.0,True,33
45,17,1,0.20194021931716374,175.0,True,33
45,17,1,0.23268133335643346,135.0,True,33
45,17,1,0.25346443368287025,158.0,True,33
45,17,1,0.24374158984871322,186.0,True,33
45,17,1,0.25471194633860994,153.0,False,33
45,17,1,0.24754446428269147,160.0,True,33
45,17,1,0.22820935079029628,154.0,True,33
45,17,1,0.2181807433215665,142.0,True,33
45,17,1,0.2339596916136779,127.0,True,33
45,17,1,0.2323088293725794,143.0,True,33
45,17,1,0.2361667145915488,188.0,True,33
45,17,1,0.2672861506109652,115.0,True,33
45,17,1,0.26389585752641004,155.0,False,33
45,17,1,0.2615737375967643,136.0,True,33
45,17,1,0.2494888047653216,108.0,True,33
45,17,1,0.2528449436518508,142.0,True,33
45,17,1,0.2770348596500187,328.0,False,33
45,17,1,0.1951129408613328,155.0,True,33
45,17,1,0.22348395560468945,175.0,True,33
45,17,1,0.27226679326639963,194.0,True,33
45,17,1,0.26805308521566745,617.0,False,33
45,17,1,0.25597076032024163,156.0,True,33
45,17,1,0.279710753262043,40.0,False,33
45,17,1,0.2766735092845074,43.0,False,33
46,17,10,0.22236497773498784,122.0,True,35
46,17,10,0.22382773303737244,48.0,False,35
46,17,10,0.22949643787450907,164.0,True,35
46,17,10,0.19201251315047044,198.0,True,35
46,17,10,0.2225920524561044,165.0,True,35
46,17,10,0.2154336121554176,144.0,True,35
46,17,10,0.23836070589430922,154.0,True,35
46,17,10,0.24027784389781429,182.0,True,35
46,17,10,0.23954620470806043,147.0,True,35
46,17,10,0.2398322794225908,186.0,True,35
46,17,10,0.21658202457345194,144.0,True,35
46,17,10,0.216000861481384,135.0,True,35
46,17,10,0.22178498707102529,159.0,True,35
46,17,10,0.21736393005683505,145.0,True,35
46,17,10,0.2167538684425932,132.0,True,35
46,17,10,0.24117210238903491,111.0,True,35
46,17,10,0.23761859201183616,129.0,True,35
46,17,10,0.2206765269216203,211.0,False,35
46,17,10,0.21545293396812373,59.0,False,35
46,17,10,0.23688315671114696,126.0,True,35
46,17,10,0.2260725059930016,119.0,True,35
46,17,10,0.240802467887446,161.0,True,35
46,17,10,0.26896424652362355,343.0,True,35
46,17,10,0.19867182801385502,182.0,True,35
46,17,10,0.23582591663580388,128.0,False,35
46,17,10,0.218417127430439,120.0,False,35
46,17,10,0.26331778840815767,235.0,True,35
46,17,10,0.26454409436654236,590.0,False,35
46,17,10,0.2380285844289137,181.0,True,35
46,17,10,0.277929969407894,54.0,False,35
46,17,10,0.27633802176908007,129.0,False,35
47,17,50,0.2080792902728145,178.0,True,36
47,17,50,0.19688953234724801,146.0,True,36
47,17,50,0.2230314016342163,214.0,True,36
47,17,50,0.1997691789133982,176.0,True,36
47,17,50,0.26442515701055525,30.0,False,36
47,17,50,0.20653174509604771,150.0,True,36
47,17,50,0.23949014594585732,232.0,True,36
47,17,50,0.24393830527410362,132.0,True,36
47,17,50,0.20421575562855632,194.0,False,36
47,17,50,0.23493664512144669,112.0,True,36
47,17,50,0.224369212804053,247.0,True,36
47,17,50,0.2258165930901771,231.0,True,36
47,17,50,0.21689438982599082,174.0,True,36
47,17,50,0.2152454258821271,247.0,True,36
47,17,50,0.21712395221721836,205.0,True,36
47,17,50,0.22364922023789827,172.0,True,36
47,17,50,0.23522102795695862,241.0,True,36
47,17,50,0.20997143791446202,158.0,True,36
47,17,50,0.20450100745513755,212.0,True,36
47,17,50,0.2323922145804134,109.0,True,36
47,17,50,0.21476318380411932,187.0,True,36
47,17,50,0.22152287425363765,170.0,True,36
47,17,50,0.23424267004195012,228.0,True,36
47,17,50,0.26839757020248795,382.0,True,36
47,17,50,0.2083197269380463,161.0,True,36
47,17,50,0.19828956282138824,125.0,True,36
47,17,50,0.23079609382089483,189.0,True,36
47,17,50,0.23278617084800424,154.0,False,36
47,17,50,0.2675926319420568,259.0,True,36
47,17,50,0.2616958854232638,837.0,False,36
47,17,50,0.2696064778470567,224.0,False,36
48,17,100,0.20619505973870322,149.0,False,59
48,17,100,0.19253813562217664,163.0,True,59
48,17,100,0.2010885438728101,206.0,True,59
48,17,100,0.21658218196039689,567.0,False,59
48,17,100,0.17997410408491213,169.0,True,59
48,17,100,0.18392102295352566,155.0,True,59
48,17,100,0.1828771516073883,221.0,True,59
48,17,100,0.2458991306893369,47.0,False,59
48,17,100,0.19362284607709723,188.0,True,59
48,17,100,0.17624929395621408,167.0,True,59
48,17,100,0.18119434884052402,151.0,True,59
48,17,100,0.2176057240977791,161.0,True,59
48,17,100,0.2017876100803607,181.0,True,59
48,17,100,0.17403629315055275,153.0,True,59
48,17,100,0.1969250558066542,137.0,True,59
48,17,100,0.21701342205286991,247.0,True,59
48,17,100,0.20773072278860844,165.0,True,59
48,17,100,0.2164348675263837,223.0,True,59
48,17,100,0.21260118520145782,209.0,False,59
48,17,100,0.20027302205562592,200.0,True,59
48,17,100,0.20784872295334936,160.0,True,59
48,17,100,0.21476167735412036,197.0,True,59
48,17,100,0.21601474027839496,139.0,False,59
48,17,100,0.19093251840344497,168.0,False,59
48,17,100,0.21103032019403245,225.0,False,59
48,17,100,0.22322105042435028,148.0,True,59
48,17,100,0.21151548412285354,190.0,True,59
48,17,100,0.17814858487472232,253.0,False,59
48,17,100,0.17998903778356476,148.0,True,59
48,17,100,0.21190268065248216,175.0,True,59
48,17,100,0.20840457539651647,179.0,True,59
48,17,100,0.17644957798486316,179.0,True,59
48,17,100,0.20583954527155385,182.0,True,59
48,17,100,0.18485879970957403,184.0,True,59
48,17,100,0.2085611468104467,146.0,True,59
48,17,100,0.18045216393057661,202.0,True,59
48,17,100,0.19711204303294114,194.0,True,59
48,17,100,0.20540686203883243,195.0,True,59
48,17,100,0.26433063152153324,331.0,False,59
48,17,100,0.1766630294530288,253.0,True,59
48,17,100,0.2061845543876029,228.0,True,59
48,17,100,0.2717941407416318,259.0,True,59
48,17,100,0.19864596704546914,209.0,True,59
48,17,100,0.19487894078095755,60.0,False,59
48,17,100,0.22327474707906897,176.0,False,59
48,17,100,0.22039177938352658,158.0,True,59
48,17,100,0.2549528752664326,747.0,False,59
48,17,100,0.229287699792395,241.0,True,59
48,17,100,0.2565378774732551,149.0,False,59
49,17,150,0.21043150366722851,174.0,True,87
49,17,150,0.257339618993657,280.0,False,87
49,17,150,0.18856753161884246,187.0,True,87
49,17,150,0.19291727438017173,54.0,False,87
49,17,150,0.19609353315262568,105.0,False,87
49,17,150,0.1904290010035038,100.0,True,87
49,17,150,0.18657255700971714,189.0,True,87
49,17,150,0.2335175056106005,702.0,False,87
49,17,150,0.18364052329514477,185.0,True,87
49,17,150,0.19636133781501225,140.0,True,87
49,17,150,0.24596255272626877,48.0,False,87
49,17,150,0.19496376389887796,134.0,True,87
49,17,150,0.20412458242878082,189.0,True,87
49,17,150,0.17783663830449503,62.0,False,87
49,17,150,0.18357223360448754,186.0,True,87
49,17,150,0.19953336677889325,134.0,True,87
49,17,150,0.20610512108608867,209.0,True,87
49,17,150,0.20911020059374313,158.0,True,87
49,17,150,0.18831937742375193,168.0,True,87
49,17,150,0.19822698392688412,146.0,True,87
49,17,150,0.18815812822115624,59.0,False,87
49,17,150,0.21504048370154558,113.0,False,87
49,17,150,0.18037801265716552,150.0,True,87
49,17,150,0.20819696844429583,74.0,False,87
49,17,150,0.1844301503531787,147.0,True,87
49,17,150,0.22091832927127522,254.0,True,87
49,17,150,0.22769505166730217,215.0,True,87
49,17,150,0.2123986238839736,239.0,True,87
49,17,150,0.21601929444040957,177.0,False,87
49,17,150,0.1874411950970805,215.0,True,87
49,17,150,0.21191967289516891,207.0,True,87
49,17,150,0.18961200172676465,191.0,True,87
49,17,150,0.20729930769829524,189.0,True,87
49,17,150,0.20438841193706006,143.0,True,87
49,17,150,0.2595060149000751,252.0,False,87
49,17,150,0.21813556066265813,270.0,True,87
49,17,150,0.20166109417469053,281.0,True,87
49,17,150,0.19072520544474153,174.0,True,87
49,17,150,0.17338541639994268,146.0,False,87
49,17,150,0.20364248910307015,274.0,True,87
49,17,150,0.19179675855526798,152.0,False,87
49,17,150,0.21101114036781446,280.0,True,87
49,17,150,0.1870846490572839,137.0,False,87
49,17,150,0.17353809325873445,294.0,True,87
49,17,150,0.20205451038575942,155.0,True,87
49,17,150,0.2024209180304238,333.0,True,87
49,17,150,0.2017460126613936,263.0,False,87
49,17,150,0.21663037682969147,163.0,True,87
49,17,150,0.1932663189416582,44.0,False,87
49,17,150,0.19567635576975972,38.0,False,87
49,17,150,0.17907243547189303,181.0,True,87
49,17,150,0.19083004082952226,105.0,False,87
49,17,150,0.21858657965647807,194.0,True,87
49,17,150,0.19291831578563723,233.0,True,87
49,17,150,0.19117215257253706,161.0,True,87
49,17,150,0.21335723063799256,179.0,True,87
49,17,150,0.2085418004842731,211.0,True,87
49,17,150,0.19590548716093364,190.0,True,87
49,17,150,0.20926164017348994,183.0,True,87
49,17,150,0.2048736107846101,180.0,True,87
49,17,150,0.19092533805153586,165.0,True,87
49,17,150,0.2551121781801894,336.0,False,87
49,17,150,0.18336081917180955,318.0,True,87
49,17,150,0.18874473455879423,252.0,True,87
49,17,150,0.25062780911312965,266.0,False,87
49,17,150,0.2542143809489715,195.0,True,87
49,17,150,0.20764151764543434,304.0,False,87
49,17,150,0.24767057501293463,232.0,False,87
49,17,150,0.21028578063668726,219.0,True,87
49,17,150,0.21946510959130067,156.0,True,87
49,17,150,0.2346828171952826,183.0,True,87
49,17,150,0.23254176468952842,115.0,True,87
49,17,150,0.23344431985770503,186.0,True,87
49,17,150,0.23899969680083766,74.0,True,87
49,17,150,0.22116933672927147,215.0,True,87
49,17,150,0.2618060327741555,757.0,False,87
49,17,150,0.23377600283984323,211.0,True,87
49,17,150,0.23195387198338432,126.0,False,87
49,17,150,0.2173850697045233,102.0,False,87
49,17,150,0.2305993205308914,50.0,False,87
49,17,150,0.22754633717420625,41.0,False,87
49,17,150,0.19580491696452273,116.0,True,87
50,18,1,0.2473730409748099,89.0,True,85
50,18,1,0.2635832218105321,364.0,False,85
50,18,1,0.25219671018132866,258.0,True,85
50,18,1,0.259395526584826,190.0,True,85
50,18,1,0.23784467894271766,179.0,True,85
50,18,1,0.22039530724287032,170.0,True,85
50,18,1,0.2702178667281188,204.0,True,85
50,18,1,0.21979481452389768,57.0,True,85
50,18,1,0.19398650074306922,158.0,True,85
50,18,1,0.23605187922373586,174.0,True,85
50,18,1,0.23373215559108482,181.0,True,85
50,18,1,0.21928490262765152,65.0,True,85
50,18,1,0.20951089299604542,122.0,True,85
50,18,1,0.23325039975737272,152.0,True,85
50,18,1,0.1982142153668077,146.0,True,85
50,18,1,0.23862341747564428,170.0,True,85
50,18,1,0.23677864387508266,121.0,True,85
50,18,1,0.2653540374059987,123.0,True,85
50,18,1,0.25651388896667227,196.0,False,85
50,18,1,0.2649282858167824,152.0,True,85
50,18,1,0.26151631525635016,169.0,True,85
50,18,1,0.23717309232869763,163.0,True,85
50,18,1,0.25654999804710915,167.0,True,85
50,18,1,0.24413436634003083,173.0,True,85
50,18,1,0.22887180396851073,141.0,True,85
50,18,1,0.2588017646516307,178.0,True,85
50,18,1,0.2508977349776371,157.0,True,85
50,18,1,0.24024969797227635,179.0,True,85
50,18,1,0.20779756837806038,172.0,True,85
50,18,1,0.2084632325409488,176.0,True,85
50,18,1,0.25171404205104136,94.0,True,85
50,18,1,0.23109097348955962,156.0,True,85
50,18,1,0.23771439750767287,179.0,True,85
50,18,1,0.23371109608785215,166.0,True,85
50,18,1,0.21085306543570298,143.0,True,85
50,18,1,0.24284470889527918,118.0,False,85
50,18,1,0.2207412151871501,185.0,True,85
50,18,1,0.2441708327908265,152.0,True,85
50,18,1,0.23597302854436786,476.0,False,85
50,18,1,0.2526556644490156,189.0,True,85
50,18,1,0.2252829940172664,171.0,True,85
50,18,1,0.23956616766696429,137.0,True,85
50,18,1,0.23368193051394295,170.0,True,85
50,18,1,0.21933481320738793,40.0,False,85
50,18,1,0.20618574150971003,175.0,True,85
50,18,1,0.24343909838415206,188.0,False,85
50,18,1,0.19449949413537979,60.0,False,85
50,18,1,0.2512847523970209,157.0,True,85
50,18,1,0.2653630875596186,246.0,False,85
50,18,1,0.2592665571719408,160.0,True,85
50,18,1,0.23948456795143902,133.0,True,85
50,18,1,0.21563470685804212,185.0,True,85
50,18,1,0.20750866912675825,181.0,True,85
50,18,1,0.24641383183853968,140.0,True,85
50,18,1,0.2577231169239549,121.0,True,85
50,18,1,0.2446439558867928,139.0,True,85
50,18,1,0.26513970674986537,188.0,True,85
50,18,1,0.19169256836175919,176.0,True,85
50,18,1,0.2595595663244074,220.0,True,85
50,18,1,0.22455707428145544,177.0,True,85
50,18,1,0.2448489668054713,144.0,True,85
50,18,1,0.2339148114367229,164.0,True,85
50,18,1,0.2534994470912057,148.0,True,85
50,18,1,0.28439144554181334,221.0,True,85
50,18,1,0.2346577631102668,135.0,True,85
50,18,1,0.22846773932190062,159.0,True,85
50,18,1,0.2763857488711196,166.0,False,85
50,18,1,0.25271544313949085,138.0,True,85
50,18,1,0.2311218764978586,194.0,True,85
50,18,1,0.23093639741341274,150.0,True,85
50,18,1,0.23196433293513763,156.0,True,85
50,18,1,0.2437218931929165,151.0,True,85
50,18,1,0.2541736804669903,155.0,True,85
50,18,1,0.25494455536709554,158.0,False,85
50,18,1,0.2642656882313916,274.0,False,85
50,18,1,0.24849677990589822,112.0,False,85
50,18,1,0.22526396194081397,157.0,True,85
50,18,1,0.22229908453593464,159.0,True,85
50,18,1,0.24538246863612942,102.0,True,85
50,18,1,0.2260916069784063,94.0,True,85
50,18,1,0.24656490332940045,85.0,True,85
51,18,10,0.24869622354363574,116.0,True,92
51,18,10,0.24863283787953092,188.0,True,92
51,18,10,0.24072482495715744,228.0,True,92
51,18,10,0.25688613385339326,237.0,True,92
51,18,10,0.23595248390646542,170.0,False,92
51,18,10,0.25663611905959743,192.0,False,92
51,18,10,0.22396541849160806,195.0,True,92
51,18,10,0.23524329140166605,121.0,True,92
51,18,10,0.23315430343151092,125.0,True,92
51,18,10,0.23693518133352923,151.0,True,92
51,18,10,0.19303381080563004,185.0,True,92
51,18,10,0.24281897637751196,154.0,True,92
51,18,10,0.2283665065187961,192.0,True,92
51,18,10,0.2614215372179851,263.0,False,92
51,18,10,0.20915438665831385,121.0,True,92
51,18,10,0.22116897706849586,193.0,True,92
51,18,10,0.22556563929405088,153.0,True,92
51,18,10,0.19334180441897686,127.0,False,92
51,18,10,0.20466990032721133,168.0,True,92
51,18,10,0.24766523661339176,226.0,False,92
51,18,10,0.23405494047722347,71.0,False,92
51,18,10,0.2308439020424673,73.0,False,92
51,18,10,0.23594550118930097,138.0,True,92
51,18,10,0.263392847419406,192.0,True,92
51,18,10,0.23580626227047252,174.0,True,92
51,18,10,0.25753608581266907,228.0,True,92
51,18,10,0.2567532243723041,213.0,True,92
51,18,10,0.23452466700611443,174.0,True,92
51,18,10,0.21691368856737692,186.0,True,92
51,18,10,0.24737386668964131,164.0,True,92
51,18,10,0.2404275062893118,224.0,True,92
51,18,10,0.21766992251981387,176.0,True,92
51,18,10,0.19697240748432246,178.0,True,92
51,18,10,0.245158393390295,164.0,True,92
51,18,10,0.23513027022477068,153.0,True,92
51,18,10,0.23005555085476162,206.0,True,92
51,18,10,0.2528836359343832,126.0,False,92
51,18,10,0.23939487192688919,41.0,False,92
51,18,10,0.2152178950962566,126.0,True,92
51,18,10,0.2112614001147449,160.0,True,92
51,18,10,0.19915693971243772,220.0,True,92
51,18,10,0.2281984319774116,123.0,True,92
51,18,10,0.2287200554037973,217.0,True,92
51,18,10,0.20952404728255322,194.0,True,92
51,18,10,0.24968426511622965,128.0,False,92
51,18,10,0.24056521855050422,488.0,False,92
51,18,10,0.2316075541720485,151.0,True,92
51,18,10,0.24345365511484382,121.0,False,92
51,18,10,0.20558801202141508,245.0,True,92
51,18,10,0.23061989400631341,195.0,False,92
51,18,10,0.23880497208412957,170.0,True,92
51,18,10,0.2554538880010975,263.0,False,92
51,18,10,0.2595322476105487,188.0,True,92
51,18,10,0.21620354672273,150.0,True,92
51,18,10,0.22167806327342987,135.0,True,92
51,18,10,0.20236201885096525,218.0,True,92
51,18,10,0.23031172538038544,203.0,True,92
51,18,10,0.21145952215643743,223.0,True,92
51,18,10,0.2301360436365114,141.0,True,92
51,18,10,0.27218995835693155,244.0,False,92
51,18,10,0.22644359797616548,158.0,True,92
51,18,10,0.19858964025974274,200.0,True,92
51,18,10,0.18116740695232356,207.0,True,92
51,18,10,0.22549065510312954,167.0,True,92
51,18,10,0.21636112115305403,184.0,True,92
51,18,10,0.20631811584360035,199.0,True,92
51,18,10,0.22902675880453524,156.0,True,92
51,18,10,0.2493362048829811,138.0,True,92
51,18,10,0.23359747430575745,224.0,False,92
51,18,10,0.193646532430011,157.0,True,92
51,18,10,0.20427492090633936,175.0,True,92
51,18,10,0.22509351311143766,121.0,True,92
51,18,10,0.194706871581437,199.0,True,92
51,18,10,0.2005714953362525,143.0,True,92
51,18,10,0.21263942133416147,136.0,True,92
51,18,10,0.20697499150355186,169.0,True,92
51,18,10,0.20661276835267262,186.0,True,92
51,18,10,0.22635579544615436,154.0,True,92
51,18,10,0.2009366447372096,140.0,True,92
51,18,10,0.20604862680648292,179.0,True,92
51,18,10,0.23664868953435317,115.0,True,92
51,18,10,0.2004642029331155,146.0,True,92
51,18,10,0.23356894844887302,255.0,False,92
51,18,10,0.2231713596300863,199.0,True,92
51,18,10,0.2611847370862961,92.0,False,92
51,18,10,0.23315597424557158,143.0,True,92
51,18,10,0.2351139884214012,147.0,True,92
51,18,10,0.2215364543246288,51.0,False,92
51,18,10,0.23322280384893493,127.0,True,92
51,18,10,0.2177412056587112,71.0,False,92
51,18,10,0.23414624801703862,56.0,False,92
52,18,50,0.23531166238840237,86.0,True,108
52,18,50,0.2681766679041258,524.0,False,108
52,18,50,0.24787315059649317,190.0,True,108
52,18,50,0.21666100316791123,186.0,True,108
52,18,50,0.22803990549984432,210.0,True,108
52,18,50,0.2331692863718357,153.0,True,108
52,18,50,0.22387957545170872,161.0,True,108
52,18,50,0.2081507131049078,146.0,True,108
52,18,50,0.22653211636857673,182.0,True,108
52,18,50,0.22196027368842486,167.0,True,108
52,18,50,0.21688032793263867,146.0,True,108
52,18,50,0.22299384366517044,201.0,True,108
52,18,50,0.21576642854647202,165.0,True,108
52,18,50,0.23429671914900763,177.0,True,108
52,18,50,0.22302172405104484,124.0,False,108
52,18,50,0.22680604261483334,129.0,False,108
52,18,50,0.19195323644839613,194.0,True,108
52,18,50,0.23635416792239994,256.0,False,108
52,18,50,0.22481124493770482,164.0,True,108
52,18,50,0.2116411537888216,187.0,True,108
52,18,50,0.1810557344380547,85.0,False,108
52,18,50,0.19750262159395982,187.0,True,108
52,18,50,0.19944621607953428,204.0,True,108
52,18,50,0.19634925824951152,196.0,True,108
52,18,50,0.22118041641784436,99.0,False,108
52,18,50,0.21912009607661853,165.0,True,108
52,18,50,0.25647744401547706,221.0,True,108
52,18,50,0.24343609291216287,181.0,True,108
52,18,50,0.21429385528677986,147.0,True,108
52,18,50,0.23885900403062502,192.0,True,108
52,18,50,0.237105846653382,120.0,True,108
52,18,50,0.21826509027918684,158.0,True,108
52,18,50,0.24028903225652215,147.0,True,108
52,18,50,0.19619510854993547,238.0,True,108
52,18,50,0.2424149326980114,148.0,True,108
52,18,50,0.23886547766569008,131.0,True,108
52,18,50,0.19012923166155815,168.0,True,108
52,18,50,0.26599390396107003,299.0,False,108
52,18,50,0.2471143581942058,223.0,True,108
52,18,50,0.18191173248946385,211.0,False,108
52,18,50,0.18930182641460783,231.0,True,108
52,18,50,0.1973710399792061,161.0,True,108
52,18,50,0.22414650863155405,94.0,False,108
52,18,50,0.17792734693811865,196.0,True,108
52,18,50,0.19948783614917806,76.0,False,108
52,18,50,0.17558068092738358,214.0,True,108
52,18,50,0.2027843838107997,145.0,True,108
52,18,50,0.2314145499790037,185.0,True,108
52,18,50,0.18815978288650512,150.0,True,108
52,18,50,0.2599404249890444,237.0,False,108
52,18,50,0.19119857162374504,217.0,True,108
52,18,50,0.21371723895910943,202.0,True,108
52,18,50,0.22888357263075282,221.0,True,108
52,18,50,0.20605320990085602,50.0,False,108
52,18,50,0.18179092138678163,182.0,True,108
52,18,50,0.22175673877007396,181.0,True,108
52,18,50,0.22407416862317886,174.0,True,108
52,18,50,0.1976710094153419,258.0,True,108
52,18,50,0.21991476686156575,199.0,True,108
52,18,50,0.258108694185123,662.0,False,108
52,18,50,0.2277179185587626,104.0,True,108
52,18,50,0.20802162622029965,130.0,True,108
52,18,50,0.1960590189444151,261.0,False,108
52,18,50,0.25858949965391403,390.0,False,108
52,18,50,0.19787747460476895,47.0,False,108
52,18,50,0.1782824712641099,255.0,False,108
52,18,50,0.1917392330037223,261.0,False,108
52,18,50,0.17751343962219027,216.0,True,108
52,18,50,0.2214781653306206,197.0,True,108
52,18,50,0.19026694988662546,198.0,True,108
52,18,50,0.24884209383078135,241.0,False,108
52,18,50,0.23101379722356796,8.0,False,108
52,18,50,0.18817452116516128,232.0,True,108
52,18,50,0.230978624262941,218.0,True,108
52,18,50,0.15983894888290578,177.0,False,108
52,18,50,0.21131980117587817,168.0,True,108
52,18,50,0.17214534349821425,182.0,True,108
52,18,50,0.20730701475530058,185.0,True,108
52,18,50,0.21334000386587984,154.0,True,108
52,18,50,0.20162142580375075,160.0,True,108
52,18,50,0.2689440502755104,248.0,False,108
52,18,50,0.1914269065426797,194.0,True,108
52,18,50,0.24624433597808393,497.0,False,108
52,18,50,0.2376102227452807,211.0,True,108
52,18,50,0.2017754398394322,138.0,True,108
52,18,50,0.231732078612997,104.0,True,108
52,18,50,0.20414163646804298,157.0,True,108
52,18,50,0.18322782801545184,161.0,True,108
52,18,50,0.26707782941995206,194.0,False,108
52,18,50,0.2088220712750457,215.0,True,108
52,18,50,0.17462664648890494,200.0,True,108
52,18,50,0.19885299911844395,214.0,True,108
52,18,50,0.17024734098878172,216.0,True,108
52,18,50,0.17430491508408028,176.0,True,108
52,18,50,0.17774374223336942,205.0,True,108
52,18,50,0.18903547207840155,183.0,True,108
52,18,50,0.19484957423314309,206.0,True,108
52,18,50,0.21225351052007813,138.0,True,108
52,18,50,0.23268892607268166,85.0,False,108
52,18,50,0.15668086906582673,161.0,True,108
52,18,50,0.21136767325862763,155.0,False,108
52,18,50,0.19060905764598657,101.0,False,108
52,18,50,0.22825673673603986,185.0,True,108
52,18,50,0.2046816992323573,82.0,False,108
53,18,100,0.22459730694451965,166.0,True,170
53,18,100,0.1969884302346937,124.0,True,170
53,18,100,0.2078108052339624,136.0,True,170
53,18,100,0.2518924478264082,336.0,False,170
53,18,100,0.2396288543355231,51.0,False,170
53,18,100,0.2066874187648966,178.0,True,170
53,18,100,0.21554588325120308,148.0,True,170
53,18,100,0.2564964213940714,224.0,True,170
53,18,100,0.21559071326684096,167.0,True,170
53,18,100,0.20003354613729518,139.0,True,170
53,18,100,0.21116767479823187,156.0,True,170
53,18,100,0.25419977798740917,188.0,False,170
53,18,100,0.204509872430099,167.0,True,170
53,18,100,0.22300815051762846,191.0,True,170
53,18,100,0.15828295703360576,151.0,True,170
53,18,100,0.19868611284466678,172.0,True,170
53,18,100,0.21904593925605448,129.0,False,170
53,18,100,0.19047528180209072,165.0,True,170
53,18,100,0.18464390139713466,214.0,True,170
53,18,100,0.18423737334732962,303.0,False,170
53,18,100,0.16635906451440358,143.0,True,170
53,18,100,0.1577369494340088,158.0,True,170
53,18,100,0.17954547622604589,351.0,False,170
53,18,100,0.1997592848177268,214.0,True,170
53,18,100,0.21206555119847173,177.0,True,170
53,18,100,0.2612806974707178,289.0,True,170
53,18,100,0.2339364428235137,230.0,False,170
53,18,100,0.22387291662968123,104.0,False,170
53,18,100,0.2240798401421514,203.0,False,170
53,18,100,0.19764938123830378,146.0,True,170
53,18,100,0.19545593216187424,72.0,False,170
53,18,100,0.18930392066637675,105.0,True,170
53,18,100,0.1854323474690318,168.0,True,170
53,18,100,0.1877957505564536,155.0,True,170
53,18,100,0.1817670670695275,159.0,True,170
53,18,100,0.1822530216791413,110.0,False,170
53,18,100,0.20604154720902443,100.0,False,170
53,18,100,0.1716910851529882,158.0,True,170
53,18,100,0.18562289127489415,205.0,True,170
53,18,100,0.19010035497801644,175.0,False,170
53,18,100,0.19314053338372483,212.0,False,170
53,18,100,0.19307213071091422,116.0,False,170
53,18,100,0.17736954903750687,161.0,True,170
53,18,100,0.1950629397102122,212.0,True,170
53,18,100,0.1962381278935038,162.0,True,170
53,18,100,0.194116200128245,126.0,True,170
53,18,100,0.1667192056078777,214.0,True,170
53,18,100,0.19167207241782291,247.0,False,170
53,18,100,0.2328091216859994,216.0,True,170
53,18,100,0.19500990126592418,192.0,True,170
53,18,100,0.25840373138055445,935.0,False,170
53,18,100,0.20357525029352733,182.0,True,170
53,18,100,0.16369181443695668,216.0,True,170
53,18,100,0.20114049602013367,208.0,True,170
53,18,100,0.18876711504403934,215.0,True,170
53,18,100,0.1848792587133015,170.0,True,170
53,18,100,0.19779743510548786,186.0,True,170
53,18,100,0.17799919972131992,174.0,True,170
53,18,100,0.16776206847522165,231.0,True,170
53,18,100,0.16361176377783218,192.0,True,170
53,18,100,0.24310709865180993,163.0,False,170
53,18,100,0.25390880228951573,128.0,True,170
53,18,100,0.22988486037619651,124.0,False,170
53,18,100,0.1812605737098332,174.0,True,170
53,18,100,0.2190645042629469,168.0,True,170
53,18,100,0.23081352738173386,76.0,False,170
53,18,100,0.20765928365290165,168.0,True,170
53,18,100,0.18972209487110375,160.0,True,170
53,18,100,0.2180748727002175,153.0,True,170
53,18,100,0.19286068869392256,221.0,True,170
53,18,100,0.22097336414613222,475.0,False,170
53,18,100,0.16866584640799784,204.0,True,170
53,18,100,0.18227307117181205,213.0,True,170
53,18,100,0.17426731006095283,190.0,True,170
53,18,100,0.20170750328012416,148.0,True,170
53,18,100,0.18882567935915134,134.0,True,170
53,18,100,0.24458940106716517,899.0,False,170
53,18,100,0.2538838546221441,349.0,False,170
53,18,100,0.1817935045469891,110.0,False,170
53,18,100,0.17871585611953486,229.0,True,170
53,18,100,0.2085722235164472,56.0,False,170
53,18,100,0.17746608952681223,210.0,True,170
53,18,100,0.18576216868854858,148.0,True,170
53,18,100,0.19446534191322798,202.0,True,170
53,18,100,0.16293044115106264,120.0,False,170
53,18,100,0.17174630580294845,117.0,True,170
53,18,100,0.17426811320865288,271.0,False,170
53,18,100,0.19014137633915607,145.0,True,170
53,18,100,0.19388725658867256,163.0,True,170
53,18,100,0.2716918927367016,93.0,True,170
53,18,100,0.1672679313023885,225.0,True,170
53,18,100,0.19668743847670714,211.0,True,170
53,18,100,0.21810003920989932,261.0,False,170
53,18,100,0.2471204501343891,128.0,False,170
53,18,100,0.25249275448845654,205.0,False,170
53,18,100,0.16210440620779992,200.0,True,170
53,18,100,0.2742824300996259,117.0,True,170
53,18,100,0.1932935623294216,295.0,False,170
53,18,100,0.18781110687407454,173.0,False,170
53,18,100,0.19257657053346317,211.0,False,170
53,18,100,0.17193453965214012,354.0,True,170
53,18,100,0.17669943225383758,125.0,True,170
53,18,100,0.1802763497829437,75.0,False,170
53,18,100,0.17923282068677066,164.0,False,170
53,18,100,0.1825786540467365,204.0,False,170
53,18,100,0.1748015253750746,121.0,False,170
53,18,100,0.16872111059523917,185.0,True,170
53,18,100,0.16953413137294704,233.0,False,170
53,18,100,0.2681528314948082,220.0,False,170
53,18,100,0.24507878113251466,130.0,False,170
53,18,100,0.22671873569488527,20.0,False,170
53,18,100,0.1868999135203478,246.0,False,170
53,18,100,0.19291648564531522,136.0,False,170
53,18,100,0.15998663321585102,233.0,True,170
53,18,100,0.173140341908701,155.0,True,170
53,18,100,0.1655078874472295,239.0,True,170
53,18,100,0.16597260697860622,201.0,True,170
53,18,100,0.16241129154191355,239.0,True,170
53,18,100,0.1857801215723157,160.0,True,170
53,18,100,0.16735785775376064,137.0,True,170
53,18,100,0.18112865602036557,166.0,True,170
53,18,100,0.21905810917035126,195.0,True,170
53,18,100,0.20453811278848938,198.0,True,170
53,18,100,0.17064472044769086,190.0,True,170
53,18,100,0.1595618661878438,348.0,False,170
53,18,100,0.1764481515600914,164.0,True,170
53,18,100,0.22359735405569925,191.0,True,170
53,18,100,0.23566328515501125,184.0,True,170
53,18,100,0.29049267603995954,141.0,True,170
53,18,100,0.24728242147202587,51.0,True,170
53,18,100,0.22802846258753665,143.0,True,170
53,18,100,0.2029751827998191,161.0,True,170
53,18,100,0.22511523191620703,147.0,True,170
53,18,100,0.25699277853106595,111.0,True,170
53,18,100,0.2115251284447454,168.0,True,170
53,18,100,0.17505137552817662,150.0,True,170
53,18,100,0.1931737967153296,211.0,True,170
53,18,100,0.2098596498795918,175.0,True,170
53,18,100,0.1953182822236648,208.0,True,170
53,18,100,0.20782228970861102,143.0,True,170
53,18,100,0.21148785239174253,147.0,True,170
53,18,100,0.2024203694051074,194.0,True,170
53,18,100,0.21134329090515772,150.0,True,170
53,18,100,0.2067677351965833,201.0,True,170
53,18,100,0.19910373048887728,181.0,True,170
53,18,100,0.21189913488015896,205.0,True,170
53,18,100,0.2216814535004752,105.0,False,170
53,18,100,0.25336809845434294,180.0,False,170
53,18,100,0.24067793263504836,151.0,False,170
53,18,100,0.23066284843519622,153.0,True,170
53,18,100,0.21077701412372707,161.0,True,170
53,18,100,0.22960538995501242,152.0,True,170
53,18,100,0.2587034560666226,101.0,True,170
53,18,100,0.2100031551387575,90.0,False,170
53,18,100,0.21502832429749624,91.0,False,170
53,18,100,0.2049464988560716,121.0,True,170
53,18,100,0.21128053099234054,188.0,True,170
53,18,100,0.219354022844978,115.0,False,170
53,18,100,0.20783451358201327,216.0,True,170
53,18,100,0.194053715467453,175.0,True,170
53,18,100,0.2011146291576583,145.0,False,170
53,18,100,0.18532691017175332,78.0,False,170
53,18,100,0.2086586542155621,137.0,True,170
53,18,100,0.17817001888904666,203.0,False,170
53,18,100,0.22343657779342987,340.0,False,170
53,18,100,0.20851241956154506,150.0,False,170
53,18,100,0.20254810987149968,68.0,True,170
54,18,150,0.1986075918825846,63.0,False,229
54,18,150,0.19917860567569734,100.0,False,229
54,18,150,0.23387000032755884,219.0,False,229
54,18,150,0.2307741197593072,170.0,False,229
54,18,150,0.1917691637169231,143.0,False,229
54,18,150,0.18397543022904214,158.0,True,229
54,18,150,0.18349855916806493,249.0,False,229
54,18,150,0.21692389547824859,30.0,False,229
54,18,150,0.1659971558161684,148.0,True,229
54,18,150,0.16411774565776188,150.0,True,229
54,18,150,0.23588661402463912,50.0,False,229
54,18,150,0.1642986593094278,141.0,False,229
54,18,150,0.16172961671770467,211.0,True,229
54,18,150,0.18204909789631937,171.0,True,229
54,18,150,0.16358031821556582,195.0,True,229
54,18,150,0.1884073748899873,157.0,False,229
54,18,150,0.18479293584823608,114.0,False,229
54,18,150,0.16819135625111428,285.0,True,229
54,18,150,0.19277581923860845,123.0,False,229
54,18,150,0.21591199765151198,176.0,True,229
54,18,150,0.185777179710567,160.0,True,229
54,18,150,0.1950321783942561,155.0,False,229
54,18,150,0.18646885649017667,138.0,False,229
54,18,150,0.1945649198321409,86.0,False,229
54,18,150,0.17862199591472744,160.0,False,229
54,18,150,0.1751270669584091,208.0,True,229
54,18,150,0.17966729570545403,204.0,True,229
54,18,150,0.16409155491818772,235.0,True,229
54,18,150,0.20491891303611676,191.0,True,229
54,18,150,0.20478057436609037,207.0,True,229
54,18,150,0.19923422310729416,196.0,True,229
54,18,150,0.1882815266197378,198.0,True,229
54,18,150,0.17837500830783565,170.0,True,229
54,18,150,0.23449819763614374,176.0,True,229
54,18,150,0.25456123355598675,168.0,False,229
54,18,150,0.17179408204264757,205.0,True,229
54,18,150,0.18895671459344718,156.0,True,229
54,18,150,0.20014738539854685,207.0,True,229
54,18,150,0.1774959792638873,182.0,True,229
54,18,150,0.2161141384554946,184.0,True,229
54,18,150,0.2001229184922449,211.0,True,229
54,18,150,0.19684697515925262,243.0,False,229
54,18,150,0.18113442629439647,219.0,True,229
54,18,150,0.2429769382437813,214.0,False,229
54,18,150,0.26560834428267693,134.0,True,229
54,18,150,0.21803405501625756,110.0,True,229
54,18,150,0.19563412869163832,191.0,True,229
54,18,150,0.19186762368618535,197.0,True,229
54,18,150,0.18236406426876783,256.0,False,229
54,18,150,0.23850952361866554,161.0,False,229
54,18,150,0.20168588378212668,308.0,False,229
54,18,150,0.19499903890021117,273.0,False,229
54,18,150,0.19759239069053106,175.0,True,229
54,18,150,0.17869055767854056,126.0,True,229
54,18,150,0.1955951566355569,175.0,True,229
54,18,150,0.2273132600704161,119.0,False,229
54,18,150,0.21887014027485632,243.0,True,229
54,18,150,0.1793528326865657,391.0,False,229
54,18,150,0.16440363194960267,201.0,True,229
54,18,150,0.20122046023607254,138.0,True,229
54,18,150,0.20374667996709997,165.0,True,229
54,18,150,0.1923459888074957,209.0,True,229
54,18,150,0.22092540070568165,291.0,False,229
54,18,150,0.23688068534018564,122.0,False,229
54,18,150,0.20352829956426854,164.0,True,229
54,18,150,0.2687321099850487,803.0,False,229
54,18,150,0.23379669322089836,182.0,True,229
54,18,150,0.21885245613595272,235.0,False,229
54,18,150,0.2363651722970635,99.0,True,229
54,18,150,0.21406604223025655,206.0,False,229
54,18,150,0.20717994170488366,207.0,True,229
54,18,150,0.2148923351925019,171.0,True,229
54,18,150,0.21611665468662977,128.0,False,229
54,18,150,0.18415040819094194,171.0,True,229
54,18,150,0.18695249871055097,211.0,False,229
54,18,150,0.18195881986815626,181.0,True,229
54,18,150,0.20050816842611285,69.0,False,229
54,18,150,0.2556971276295934,207.0,True,229
54,18,150,0.18605329323288622,151.0,True,229
54,18,150,0.17784285816279324,209.0,True,229
54,18,150,0.1817284272033341,196.0,True,229
54,18,150,0.19066102221860723,118.0,True,229
54,18,150,0.2213570576455585,291.0,True,229
54,18,150,0.21530516491408233,293.0,True,229
54,18,150,0.19415024242230824,112.0,True,229
54,18,150,0.18263737857341766,161.0,True,229
54,18,150,0.19182589354496155,252.0,True,229
54,18,150,0.2135931120306102,197.0,True,229
54,18,150,0.19114703584521536,252.0,True,229
54,18,150,0.1703427336613337,225.0,True,229
54,18,150,0.20132883596751425,180.0,True,229
54,18,150,0.18287815805524588,208.0,True,229
54,18,150,0.18426562659442425,176.0,True,229
54,18,150,0.20101235393020842,126.0,True,229
54,18,150,0.20407329740769722,136.0,True,229
54,18,150,0.1759596517951475,177.0,True,229
54,18,150,0.19528308510780334,35.0,False,229
54,18,150,0.3428328124185403,96.0,False,229
54,18,150,0.24602558719925582,192.0,True,229
54,18,150,0.2149266132018851,159.0,True,229
54,18,150,0.20564918178264227,107.0,False,229
54,18,150,0.23402341925784162,114.0,True,229
54,18,150,0.16964701110623895,191.0,True,229
54,18,150,0.19865887752263853,101.0,True,229
54,18,150,0.18203062619324084,189.0,True,229
54,18,150,0.21873646515204495,133.0,True,229
54,18,150,0.20959015448152282,243.0,True,229
54,18,150,0.19444048854679163,202.0,True,229
54,18,150,0.2862103803566209,108.0,False,229
54,18,150,0.2103663659758038,90.0,False,229
54,18,150,0.1723413367791729,181.0,True,229
54,18,150,0.1773521882472652,202.0,False,229
54,18,150,0.3276664792678573,1100.0,False,229
54,18,150,0.21170680982581638,59.0,False,229
54,18,150,0.19541479916526722,260.0,False,229
54,18,150,0.185911068549523,156.0,True,229
54,18,150,0.16764036062135862,173.0,False,229
54,18,150,0.16806309573699774,193.0,True,229
54,18,150,0.19531220993767046,146.0,True,229
54,18,150,0.1621403880417347,180.0,True,229
54,18,150,0.1873982343240641,256.0,True,229
54,18,150,0.19058102944889804,233.0,True,229
54,18,150,0.17036891665897871,190.0,True,229
54,18,150,0.22599320708200185,396.0,False,229
54,18,150,0.21883387366930643,153.0,False,229
54,18,150,0.1680183782724731,166.0,True,229
54,18,150,0.17202144594472132,162.0,True,229
54,18,150,0.1972159632266714,208.0,True,229
54,18,150,0.1912981846059362,144.0,True,229
54,18,150,0.18973068460164702,272.0,False,229
54,18,150,0.1991497680544853,90.0,True,229
54,18,150,0.18572953790426255,120.0,True,229
54,18,150,0.2869391396945837,245.0,True,229
54,18,150,0.1716355239017022,193.0,True,229
54,18,150,0.1738504842601039,440.0,False,229
54,18,150,0.19349394683484678,324.0,True,229
54,18,150,0.19237130053647578,146.0,True,229
54,18,150,0.1877342743286188,138.0,True,229
54,18,150,0.17406807444264402,226.0,True,229
54,18,150,0.1850461613877799,258.0,False,229
54,18,150,0.23666846511455683,130.0,False,229
54,18,150,0.24199494297305743,120.0,False,229
54,18,150,0.1848244167959843,312.0,False,229
54,18,150,0.2271298376783248,155.0,False,229
54,18,150,0.2662883949735777,183.0,False,229
54,18,150,0.22087414407088787,316.0,False,229
54,18,150,0.19930255273099762,181.0,False,229
54,18,150,0.21439397620393874,47.0,False,229
54,18,150,0.16296145331641143,191.0,True,229
54,18,150,0.22911908071149478,198.0,True,229
54,18,150,0.16728064639098716,165.0,True,229
54,18,150,0.2058007719292157,69.0,False,229
54,18,150,0.17726023177536884,258.0,False,229
54,18,150,0.1757674543591945,184.0,True,229
54,18,150,0.1726565693157265,166.0,True,229
54,18,150,0.17597033499672426,179.0,True,229
54,18,150,0.1857628857618884,266.0,True,229
54,18,150,0.2888707712653183,248.0,True,229
54,18,150,0.24058266315195295,171.0,True,229
54,18,150,0.19917355014779473,177.0,True,229
54,18,150,0.23353288331317165,259.0,True,229
54,18,150,0.2171806629214968,140.0,True,229
54,18,150,0.24826764242082347,122.0,True,229
54,18,150,0.17217815446399026,236.0,True,229
54,18,150,0.16805647331915918,244.0,False,229
54,18,150,0.213638394948889,244.0,True,229
54,18,150,0.2127263583446461,183.0,True,229
54,18,150,0.2457109366410545,112.0,True,229
54,18,150,0.28875276965625357,132.0,False,229
54,18,150,0.1810465641134414,201.0,True,229
54,18,150,0.178869325109726,207.0,True,229
54,18,150,0.19290384513383008,196.0,True,229
54,18,150,0.20458415095041046,134.0,True,229
54,18,150,0.19644868574863256,215.0,True,229
54,18,150,0.19284936660126353,178.0,True,229
54,18,150,0.19724842889065092,176.0,True,229
54,18,150,0.23275920009171522,135.0,False,229
54,18,150,0.19473470330743467,118.0,False,229
54,18,150,0.19958353820054428,184.0,True,229
54,18,150,0.1974033574014902,200.0,True,229
54,18,150,0.18585913721472025,176.0,True,229
54,18,150,0.21091280337504426,229.0,True,229
54,18,150,0.21770092750467906,205.0,True,229
54,18,150,0.19685189911412976,221.0,True,229
54,18,150,0.2419528780195877,247.0,False,229
54,18,150,0.21101949101344483,244.0,True,229
54,18,150,0.19971957251805217,119.0,True,229
54,18,150,0.2266853370400139,273.0,False,229
54,18,150,0.21513960203208493,177.0,True,229
54,18,150,0.23130874825935616,228.0,False,229
54,18,150,0.24776454189027003,129.0,False,229
54,18,150,0.19232369667475985,194.0,True,229
54,18,150,0.2004931325262243,44.0,False,229
54,18,150,0.18770670906745177,187.0,True,229
54,18,150,0.2102561081567454,252.0,False,229
54,18,150,0.17675409668258257,140.0,True,229
54,18,150,0.22818729115857017,162.0,True,229
54,18,150,0.18471064131651352,335.0,False,229
54,18,150,0.18478287488222123,150.0,True,229
54,18,150,0.1917758896490749,392.0,False,229
54,18,150,0.23640635693341158,89.0,False,229
54,18,150,0.213078372784563,185.0,True,229
54,18,150,0.21504708240891612,172.0,True,229
54,18,150,0.17784368763635824,111.0,False,229
54,18,150,0.23059788507155396,176.0,True,229
54,18,150,0.19660151549955693,123.0,False,229
55,19,1,0.26115428429582843,46.0,False,97
55,19,1,0.27105037411789834,405.0,False,97
55,19,1,0.22440400948891273,91.0,True,97
55,19,1,0.23373522081158377,165.0,True,97
55,19,1,0.21793749681645375,163.0,True,97
55,19,1,0.22348996270218013,162.0,False,97
55,19,1,0.21102127341405014,163.0,True,97
55,19,1,0.21790365730271194,165.0,True,97
55,19,1,0.2576875068405841,141.0,True,97
55,19,1,0.2564243198353417,98.0,True,97
55,19,1,0.21363262738544903,191.0,True,97
55,19,1,0.23419306779200313,163.0,True,97
55,19,1,0.25663236602678063,322.0,True,97
55,19,1,0.24903480962795368,170.0,True,97
55,19,1,0.21996483816738016,171.0,True,97
55,19,1,0.22743974248288382,213.0,True,97
55,19,1,0.23049625077685296,207.0,True,97
55,19,1,0.26774475461160635,213.0,True,97
55,19,1,0.2458611326711672,111.0,True,97
55,19,1,0.18144581373780966,144.0,True,97
55,19,1,0.25610377951975793,186.0,True,97
55,19,1,0.23962381627710386,174.0,True,97
55,19,1,0.2403160142712295,160.0,True,97
55,19,1,0.19074668139219284,160.0,True,97
55,19,1,0.25125394718783894,209.0,True,97
55,19,1,0.2380501237166286,233.0,True,97
55,19,1,0.2203588944568508,227.0,True,97
55,19,1,0.18883421131462422,212.0,True,97
55,19,1,0.18804679619609763,218.0,True,97
55,19,1,0.24349068485250408,149.0,True,97
55,19,1,0.23149985921653835,220.0,True,97
55,19,1,0.23768064408720313,154.0,True,97
55,19,1,0.2471325874615174,104.0,True,97
55,19,1,0.2320416413835789,152.0,True,97
55,19,1,0.261751878333379,83.0,True,97
55,19,1,0.26170600708574054,80.0,True,97
55,19,1,0.2745555831864476,400.0,False,97
55,19,1,0.2208466205311699,163.0,True,97
55,19,1,0.2453014796232655,137.0,True,97
55,19,1,0.23888312748843624,124.0,False,97
55,19,1,0.23342292699320563,145.0,True,97
55,19,1,0.2386777527630329,160.0,True,97
55,19,1,0.2623416329068797,56.0,False,97
55,19,1,0.24587510406438792,224.0,True,97
55,19,1,0.2352365763005564,177.0,True,97
55,19,1,0.23202605228099596,169.0,True,97
55,19,1,0.2140638737322448,154.0,True,97
55,19,1,0.22202971246507433,216.0,True,97
55,19,1,0.19735757898953227,180.0,True,97
55,19,1,0.22689709273424555,188.0,True,97
55,19,1,0.2309250744003238,165.0,True,97
55,19,1,0.22301097893262212,158.0,True,97
55,19,1,0.23790394311601465,187.0,True,97
55,19,1,0.2546001034630399,294.0,False,97
55,19,1,0.2025547049501363,170.0,False,97
55,19,1,0.2430696926406912,37.0,False,97
55,19,1,0.17442313146729,173.0,True,97
55,19,1,0.25879858819010493,364.0,True,97
55,19,1,0.216086745262146,178.0,True,97
55,19,1,0.22891349893695903,212.0,True,97
55,19,1,0.24423977732658386,128.0,True,97
55,19,1,0.21759271842462044,162.0,True,97
55,19,1,0.24923301047208357,196.0,True,97
55,19,1,0.23932607508735892,162.0,True,97
55,19,1,0.2315084509518703,227.0,True,97
55,19,1,0.25535621508112494,53.0,False,97
55,19,1,0.20135952678719007,173.0,True,97
55,19,1,0.17983338680071168,158.0,True,97
55,19,1,0.1974951400194761,193.0,True,97
55,19,1,0.23712956565513946,171.0,True,97
55,19,1,0.2246743842274293,174.0,True,97
55,19,1,0.23489365927980974,211.0,True,97
55,19,1,0.2394782196784365,207.0,True,97
55,19,1,0.18614322280502754,219.0,True,97
55,19,1,0.21724392123082104,119.0,True,97
55,19,1,0.23795502889220432,186.0,True,97
55,19,1,0.17711084137988997,158.0,True,97
55,19,1,0.2218491623478551,155.0,True,97
55,19,1,0.2563852823206357,140.0,True,97
55,19,1,0.23426182178500432,153.0,True,97
55,19,1,0.22510927348313006,176.0,True,97
55,19,1,0.2426669610346236,164.0,True,97
55,19,1,0.22653240318171644,207.0,True,97
55,19,1,0.2168189629718855,154.0,True,97
55,19,1,0.22910652287613006,169.0,True,97
55,19,1,0.2617738624965703,270.0,False,97
55,19,1,0.24614019433454593,196.0,True,97
55,19,1,0.23441474922171465,219.0,True,97
55,19,1,0.22665486544972718,198.0,True,97
55,19,1,0.21673054184562476,129.0,True,97
55,19,1,0.2696455225111946,189.0,True,97
55,19,1,0.2224430780911791,138.0,True,97
55,19,1,0.23410203605301294,253.0,True,97
55,19,1,0.2564150074109939,207.0,True,97
55,19,1,0.24468372435602423,219.0,True,97
55,19,1,0.21974043709686003,166.0,True,97
55,19,1,0.21514517254120594,185.0,True,97
55,19,1,0.23260815483000544,216.0,True,97
55,19,1,0.24871177749233955,161.0,True,97
55,19,1,0.24630185454449754,188.0,False,97
56,19,10,0.22450714492345158,79.0,True,110
56,19,10,0.21365161538124083,65.0,True,110
56,19,10,0.2514276811760841,404.0,False,110
56,19,10,0.23705300721857284,180.0,True,110
56,19,10,0.2129596288663795,249.0,True,110
56,19,10,0.1996352072344737,178.0,True,110
56,19,10,0.25427243003815964,163.0,True,110
56,19,10,0.20002155154017928,161.0,True,110
56,19,10,0.24577713671785134,104.0,True,110
56,19,10,0.200773639793702,187.0,True,110
56,19,10,0.22071240304244888,180.0,True,110
56,19,10,0.2508393165704451,380.0,True,110
56,19,10,0.24455903062607323,179.0,True,110
56,19,10,0.21667867100370522,181.0,True,110
56,19,10,0.23267725539026837,330.0,True,110
56,19,10,0.23781065061626594,241.0,True,110
56,19,10,0.25640441787739593,216.0,True,110
56,19,10,0.19378357137856858,178.0,True,110
56,19,10,0.24540175089129695,135.0,True,110
56,19,10,0.23924756101493178,116.0,True,110
56,19,10,0.23353997336291685,164.0,True,110
56,19,10,0.23817641790523086,172.0,True,110
56,19,10,0.23773202520202508,176.0,True,110
56,19,10,0.25422510471047655,177.0,False,110
56,19,10,0.17978227591317003,181.0,True,110
56,19,10,0.23031737931951166,229.0,True,110
56,19,10,0.19116967031917723,251.0,True,110
56,19,10,0.1935829187432925,210.0,True,110
56,19,10,0.2247279652872601,148.0,True,110
56,19,10,0.24393346169626856,166.0,True,110
56,19,10,0.227828813006552,139.0,True,110
56,19,10,0.2233018533874104,131.0,True,110
56,19,10,0.2479700725277265,150.0,True,110
56,19,10,0.2234175034259495,190.0,True,110
56,19,10,0.2585775790306238,65.0,False,110
56,19,10,0.2462985961387555,120.0,True,110
56,19,10,0.23303133851250277,151.0,True,110
56,19,10,0.21706572709055993,173.0,True,110
56,19,10,0.2604147242727103,162.0,False,110
56,19,10,0.2546115458419878,146.0,True,110
56,19,10,0.24059075737992922,180.0,True,110
56,19,10,0.23001483938386363,155.0,True,110
56,19,10,0.23326935267155888,163.0,True,110
56,19,10,0.2410078979021794,148.0,True,110
56,19,10,0.23798677794049294,89.0,True,110
56,19,10,0.22583098983442462,185.0,True,110
56,19,10,0.22606227910795876,172.0,True,110
56,19,10,0.230940655052305,167.0,True,110
56,19,10,0.21277902020435585,152.0,True,110
56,19,10,0.20809271316679698,189.0,True,110
56,19,10,0.2138885795482861,203.0,True,110
56,19,10,0.22977990781267485,132.0,True,110
56,19,10,0.2212260530716708,147.0,True,110
56,19,10,0.21362389950357244,169.0,True,110
56,19,10,0.25310626723123403,445.0,False,110
56,19,10,0.20656721461265481,187.0,True,110
56,19,10,0.1998718718572848,173.0,True,110
56,19,10,0.2497538912339487,138.0,True,110
56,19,10,0.2526100091375671,143.0,True,110
56,19,10,0.22508521129687628,150.0,True,110
56,19,10,0.27447932785643,112.0,True,110
56,19,10,0.2246397153252647,210.0,True,110
56,19,10,0.2172643561564868,201.0,True,110
56,19,10,0.2329283115895171,190.0,True,110
56,19,10,0.2269858316038594,132.0,True,110
56,19,10,0.2380770395754436,179.0,True,110
56,19,10,0.26199570625503626,173.0,False,110
56,19,10,0.25838209092617037,165.0,False,110
56,19,10,0.2290243536507318,109.0,False,110
56,19,10,0.2284676707642419,175.0,True,110
56,19,10,0.2082522103739022,201.0,True,110
56,19,10,0.23905712528991313,247.0,True,110
56,19,10,0.25040037974163337,135.0,True,110
56,19,10,0.2330621992608151,166.0,True,110
56,19,10,0.20195071905704554,203.0,True,110
56,19,10,0.26559165280884234,241.0,True,110
56,19,10,0.22359619543109974,194.0,True,110
56,19,10,0.22093434912430776,154.0,True,110
56,19,10,0.206336999861967,210.0,True,110
56,19,10,0.17296354115009308,200.0,True,110
56,19,10,0.21334868809208274,96.0,True,110
56,19,10,0.2003599404500275,189.0,True,110
56,19,10,0.19885434290847262,148.0,True,110
56,19,10,0.23526423027118046,150.0,True,110
56,19,10,0.2155241561998235,202.0,True,110
56,19,10,0.2138105818518886,162.0,True,110
56,19,10,0.23289446717216855,210.0,True,110
56,19,10,0.22060526253715637,155.0,True,110
56,19,10,0.19774398823690148,179.0,True,110
56,19,10,0.22892862882638843,193.0,True,110
56,19,10,0.23602229772225633,269.0,True,110
56,19,10,0.2591234734124046,236.0,True,110
56,19,10,0.23705134351636462,193.0,True,110
56,19,10,0.21099330585550619,222.0,True,110
56,19,10,0.21046193840279095,138.0,True,110
56,19,10,0.24636252780282308,126.0,False,110
56,19,10,0.26897496470021753,212.0,True,110
56,19,10,0.21546337368159457,145.0,True,110
56,19,10,0.23112237880506167,164.0,True,110
56,19,10,0.23333560162453196,199.0,True,110
56,19,10,0.26283746825841564,192.0,True,110
56,19,10,0.2355658017893128,197.0,True,110
56,19,10,0.24581084828920316,193.0,True,110
56,19,10,0.2204389013917313,197.0,True,110
56,19,10,0.2568472779876604,254.0,False,110
56,19,10,0.2528576610180048,117.0,True,110
56,19,10,0.237169028384479,127.0,True,110
57,19,50,0.18686733762791127,162.0,True,156
57,19,50,0.18270000481399998,174.0,True,156
57,19,50,0.20664879466806138,105.0,True,156
57,19,50,0.2408887991731651,261.0,True,156
57,19,50,0.1941846811397064,207.0,True,156
57,19,50,0.16630029670780686,197.0,True,156
57,19,50,0.20084891829922882,171.0,True,156
57,19,50,0.19026678642292164,273.0,True,156
57,19,50,0.22599178108603063,198.0,True,156
57,19,50,0.19144982693751164,163.0,True,156
57,19,50,0.2085919499123862,109.0,False,156
57,19,50,0.18880811541834297,136.0,True,156
57,19,50,0.21894337722788687,184.0,True,156
57,19,50,0.20031748163974147,174.0,True,156
57,19,50,0.2098049063028561,144.0,False,156
57,19,50,0.21298107203164715,163.0,True,156
57,19,50,0.1709788824477907,181.0,True,156
57,19,50,0.21300028719587955,167.0,True,156
57,19,50,0.21884010618223865,170.0,True,156
57,19,50,0.17806055693904316,163.0,True,156
57,19,50,0.20444173641778804,162.0,True,156
57,19,50,0.20929094102788479,94.0,False,156
57,19,50,0.20911362964027333,106.0,True,156
57,19,50,0.19295613179997642,202.0,True,156
57,19,50,0.22049907864867777,345.0,False,156
57,19,50,0.20852521046375236,192.0,True,156
57,19,50,0.2152263936897119,240.0,False,156
57,19,50,0.1856505484350266,155.0,True,156
57,19,50,0.16804711142101803,185.0,True,156
57,19,50,0.23157151781637733,218.0,True,156
57,19,50,0.1736722905188799,160.0,True,156
57,19,50,0.2492587433837766,199.0,True,156
57,19,50,0.19775538420355,185.0,True,156
57,19,50,0.16624889616993652,174.0,True,156
57,19,50,0.1636383351051446,165.0,True,156
57,19,50,0.17662972800525617,162.0,True,156
57,19,50,0.2471518941499569,189.0,True,156
57,19,50,0.17353382915928123,178.0,True,156
57,19,50,0.24189587165911994,150.0,True,156
57,19,50,0.183847976519781,204.0,True,156
57,19,50,0.24471247482434505,177.0,True,156
57,19,50,0.17972053118714704,213.0,True,156
57,19,50,0.17090038910508157,200.0,True,156
57,19,50,0.19211114659195855,42.0,False,156
57,19,50,0.1860066056251526,46.0,False,156
57,19,50,0.1839320284873247,200.0,True,156
57,19,50,0.1976269569310396,179.0,True,156
57,19,50,0.1673272659575473,179.0,True,156
57,19,50,0.1650280973839539,216.0,True,156
57,19,50,0.19880870185993813,185.0,True,156
57,19,50,0.1812490369733526,181.0,True,156
57,19,50,0.18042313969283372,161.0,True,156
57,19,50,0.2428642675662652,273.0,False,156
57,19,50,0.23734546037175547,199.0,True,156
57,19,50,0.2417520233621336,219.0,True,156
57,19,50,0.21726221670203494,217.0,True,156
57,19,50,0.2526640181087886,297.0,True,156
57,19,50,0.17035546217874814,186.0,True,156
57,19,50,0.18857335352765922,181.0,True,156
57,19,50,0.22130568761091965,195.0,True,156
57,19,50,0.2024486595192435,179.0,True,156
57,19,50,0.22202298719632,95.0,False,156
57,19,50,0.1945121147606558,206.0,True,156
57,19,50,0.2333802852191423,190.0,True,156
57,19,50,0.19048742901894353,155.0,True,156
57,19,50,0.1952423777929537,157.0,True,156
57,19,50,0.23858384163798513,148.0,False,156
57,19,50,0.2189758490070258,202.0,True,156
57,19,50,0.2069952721811003,288.0,True,156
57,19,50,0.22649122166929517,282.0,False,156
57,19,50,0.19759856036958848,187.0,True,156
57,19,50,0.2087485326133716,157.0,True,156
57,19,50,0.21103134175141652,75.0,False,156
57,19,50,0.21073947421142034,231.0,False,156
57,19,50,0.190089235665234,131.0,True,156
57,19,50,0.21043142855167388,100.0,False,156
57,19,50,0.25896379053592683,290.0,False,156
57,19,50,0.2099636129991353,171.0,False,156
57,19,50,0.1923168838362802,176.0,False,156
57,19,50,0.20682242677356658,181.0,True,156
57,19,50,0.19157735663683303,193.0,False,156
57,19,50,0.1944965572877862,174.0,True,156
57,19,50,0.2138749069674721,179.0,True,156
57,19,50,0.2186149129441365,193.0,True,156
57,19,50,0.2315560582725481,174.0,True,156
57,19,50,0.19546709832597953,122.0,False,156
57,19,50,0.19015507666128023,112.0,False,156
57,19,50,0.21387650768556996,167.0,True,156
57,19,50,0.2008735921191073,174.0,False,156
57,19,50,0.20267938978450242,215.0,True,156
57,19,50,0.22819786340417997,71.0,False,156
57,19,50,0.31025469717052245,36.0,False,156
57,19,50,0.2270131247973292,159.0,True,156
57,19,50,0.22385324791565045,182.0,True,156
57,19,50,0.21993144698764966,138.0,True,156
57,19,50,0.2407130500338725,151.0,True,156
57,19,50,0.2541448672612508,78.0,True,156
57,19,50,0.20833354745654092,138.0,True,156
57,19,50,0.18359611935767473,204.0,False,156
57,19,50,0.1943729309791542,166.0,True,156
57,19,50,0.19807696076663764,185.0,True,156
57,19,50,0.21325657342342622,141.0,True,156
57,19,50,0.2237417472751586,182.0,True,156
57,19,50,0.2230787107656742,29.0,False,156
57,19,50,0.22981605927149454,207.0,False,156
57,19,50,0.22110068810130903,247.0,True,156
57,19,50,0.21933753778731901,153.0,True,156
57,19,50,0.18247192766146636,211.0,True,156
57,19,50,0.20118087195399878,138.0,False,156
57,19,50,0.24691239406884705,362.0,False,156
57,19,50,0.20567297281042948,148.0,True,156
57,19,50,0.22848694136849157,135.0,True,156
57,19,50,0.20487155483550384,119.0,True,156
57,19,50,0.2100106604033854,164.0,True,156
57,19,50,0.22108518421325996,184.0,True,156
57,19,50,0.21871478555586515,149.0,True,156
57,19,50,0.2155587016254343,186.0,True,156
57,19,50,0.17549444797753108,202.0,True,156
57,19,50,0.22091560797578486,169.0,True,156
57,19,50,0.18336458045702714,247.0,True,156
57,19,50,0.41450100574566395,98.0,True,156
57,19,50,0.17161423555902533,185.0,True,156
57,19,50,0.1938794784739538,197.0,True,156
57,19,50,0.22736834357766544,170.0,True,156
57,19,50,0.2201832060466756,364.0,False,156
57,19,50,0.234276169561781,128.0,True,156
57,19,50,0.19259648168316254,52.0,False,156
57,19,50,0.24886557064494308,196.0,True,156
57,19,50,0.26195991628587584,177.0,True,156
57,19,50,0.2483456189731299,217.0,False,156
57,19,50,0.20536885307165995,209.0,True,156
57,19,50,0.2114463016478973,169.0,True,156
57,19,50,0.21104293853947612,330.0,True,156
57,19,50,0.2588493977753049,409.0,False,156
57,19,50,0.2107993893771677,217.0,True,156
57,19,50,0.20900628775019536,176.0,True,156
57,19,50,0.2679900897430702,284.0,False,156
57,19,50,0.24976062019753562,227.0,True,156
57,19,50,0.20633877885259994,146.0,True,156
57,19,50,0.19507080024090884,214.0,True,156
57,19,50,0.2024732113134961,119.0,True,156
57,19,50,0.2030034409533339,277.0,True,156
57,19,50,0.23208337061499296,152.0,True,156
57,19,50,0.2638603380093208,156.0,True,156
57,19,50,0.21510361099314546,167.0,True,156
57,19,50,0.21481620596054404,187.0,True,156
57,19,50,0.1881626867221303,209.0,True,156
57,19,50,0.27857218371785203,115.0,True,156
57,19,50,0.23828331364767394,137.0,True,156
57,19,50,0.23082149201545163,138.0,True,156
57,19,50,0.25479896052274853,128.0,True,156
57,19,50,0.21753873640887214,233.0,True,156
57,19,50,0.20471967247468006,158.0,True,156
57,19,50,0.24449968889472992,254.0,True,156
58,19,100,0.2055077536429973,173.0,False,225
58,19,100,0.24563315074546865,509.0,False,225
58,19,100,0.21084865498885835,139.0,True,225
58,19,100,0.22932578325271608,200.0,True,225
58,19,100,0.2564329191002735,215.0,True,225
58,19,100,0.18274224258680394,187.0,True,225
58,19,100,0.17925714485975633,166.0,True,225
58,19,100,0.20199425442927127,414.0,True,225
58,19,100,0.2444799485695518,612.0,False,225
58,19,100,0.18663973214588767,381.0,True,225
58,19,100,0.18318348710077353,83.0,False,225
58,19,100,0.20699053062842443,195.0,True,225
58,19,100,0.20897446654993912,145.0,True,225
58,19,100,0.18802443793359794,159.0,True,225
58,19,100,0.1660396099671141,154.0,True,225
58,19,100,0.1992149366881031,441.0,False,225
58,19,100,0.1828126058263599,212.0,True,225
58,19,100,0.18903066794264992,106.0,True,225
58,19,100,0.22008546698710013,174.0,False,225
58,19,100,0.19726628157281384,194.0,True,225
58,19,100,0.23880880695673845,258.0,True,225
58,19,100,0.21681407890443144,174.0,True,225
58,19,100,0.16932825305882623,187.0,True,225
58,19,100,0.244377352117774,166.0,True,225
58,19,100,0.21392018064972043,258.0,True,225
58,19,100,0.22398562434702943,177.0,True,225
58,19,100,0.24092510315988744,168.0,True,225
58,19,100,0.21958193901073503,166.0,True,225
58,19,100,0.2556573352038535,183.0,True,225
58,19,100,0.17147065652534366,192.0,True,225
58,19,100,0.19222901397101258,184.0,True,225
58,19,100,0.18947836584769762,208.0,True,225
58,19,100,0.23571254481231013,186.0,True,225
58,19,100,0.20625749842761315,146.0,True,225
58,19,100,0.22545715023039115,288.0,True,225
58,19,100,0.20194470043608684,151.0,True,225
58,19,100,0.19210892915725708,196.0,True,225
58,19,100,0.23524289481017902,184.0,True,225
58,19,100,0.21009660200500974,196.0,False,225
58,19,100,0.238384224521886,157.0,True,225
58,19,100,0.2252881382506318,163.0,True,225
58,19,100,0.2175138390419499,151.0,True,225
58,19,100,0.23753751133169446,140.0,True,225
58,19,100,0.1675533350784454,213.0,True,225
58,19,100,0.20835780457456285,319.0,False,225
58,19,100,0.22470978521494475,207.0,True,225
58,19,100,0.19176448514064154,150.0,True,225
58,19,100,0.17653738778261913,168.0,True,225
58,19,100,0.2417321503162384,182.0,True,225
58,19,100,0.2336510059368961,136.0,True,225
58,19,100,0.21166596222254966,180.0,True,225
58,19,100,0.168246492033913,189.0,True,225
58,19,100,0.20015625469386578,168.0,True,225
58,19,100,0.18834820503208238,197.0,True,225
58,19,100,0.17119045222976378,168.0,True,225
58,19,100,0.22999532835605818,975.0,False,225
58,19,100,0.2218415471162773,414.0,False,225
58,19,100,0.20248924470261523,266.0,True,225
58,19,100,0.25026781071898757,186.0,True,225
58,19,100,0.17099400557936195,187.0,True,225
58,19,100,0.16946161252942252,201.0,True,225
58,19,100,0.19528899186809592,149.0,True,225
58,19,100,0.1809085895617803,165.0,True,225
58,19,100,0.21096723237235077,157.0,True,225
58,19,100,0.22474464933787072,140.0,True,225
58,19,100,0.18137445861455237,202.0,True,225
58,19,100,0.1742623768997996,178.0,False,225
58,19,100,0.18098507775850822,163.0,True,225
58,19,100,0.16064570981195603,174.0,True,225
58,19,100,0.1762611923375349,174.0,True,225
58,19,100,0.188757904742393,163.0,True,225
58,19,100,0.17544994251743243,157.0,True,225
58,19,100,0.1933185076341033,168.0,True,225
58,19,100,0.1679478126965212,178.0,True,225
58,19,100,0.18325622394317534,205.0,True,225
58,19,100,0.1666047963441587,255.0,True,225
58,19,100,0.18744040659495761,175.0,True,225
58,19,100,0.1743594864101121,165.0,True,225
58,19,100,0.1764289222914597,145.0,True,225
58,19,100,0.18837984990791456,169.0,True,225
58,19,100,0.17601840342711478,309.0,False,225
58,19,100,0.25071880901637283,644.0,False,225
58,19,100,0.2149639194899232,274.0,True,225
58,19,100,0.21851859323116912,238.0,True,225
58,19,100,0.20079409847368343,241.0,True,225
58,19,100,0.18783796300272365,182.0,False,225
58,19,100,0.2205402149485486,271.0,False,225
58,19,100,0.24328849040435263,209.0,False,225
58,19,100,0.2297967172217095,87.0,False,225
58,19,100,0.17118549230051974,204.0,True,225
58,19,100,0.205132657289505,195.0,True,225
58,19,100,0.23154183924198152,355.0,True,225
58,19,100,0.20198487080532684,369.0,False,225
58,19,100,0.20000164677451937,281.0,True,225
58,19,100,0.2142108719116487,159.0,False,225
58,19,100,0.170866596517224,197.0,True,225
58,19,100,0.18159967531536936,311.0,False,225
58,19,100,0.17980758371176542,270.0,True,225
58,19,100,0.1757229047111306,251.0,True,225
58,19,100,0.16761923306485982,206.0,True,225
58,19,100,0.20147699358252188,192.0,True,225
58,19,100,0.2176149100968332,330.0,True,225
58,19,100,0.22289663251381595,311.0,False,225
58,19,100,0.212081058291902,284.0,False,225
58,19,100,0.24019384500570595,128.0,False,225
58,19,100,0.22388947901763315,127.0,True,225
58,19,100,0.20499533461896996,95.0,False,225
58,19,100,0.19194931064241677,93.0,False,225
58,19,100,0.19787038355694767,241.0,True,225
58,19,100,0.18459651567041874,200.0,True,225
58,19,100,0.1638371478871437,177.0,True,225
58,19,100,0.2337892439609729,322.0,False,225
58,19,100,0.2389244287274778,160.0,True,225
58,19,100,0.20054960478754605,340.0,True,225
58,19,100,0.17464470049040912,269.0,False,225
58,19,100,0.20094435856553722,203.0,True,225
58,19,100,0.25003706469484,46.0,False,225
58,19,100,0.1991414153782023,347.0,False,225
58,19,100,0.22721542360083374,283.0,False,225
58,19,100,0.1881755638882947,243.0,False,225
58,19,100,0.20415651919068517,185.0,True,225
58,19,100,0.19866555769528663,196.0,True,225
58,19,100,0.1762469906083361,229.0,True,225
58,19,100,0.1950325164301642,203.0,True,225
58,19,100,0.234667826331023,165.0,False,225
58,19,100,0.25378212876834316,241.0,False,225
58,19,100,0.2131540319577461,223.0,True,225
58,19,100,0.1790279741954366,218.0,True,225
58,19,100,0.1888590175594013,289.0,True,225
58,19,100,0.2021027414822111,204.0,True,225
58,19,100,0.204521312078704,230.0,True,225
58,19,100,0.4753037793422813,67.0,False,225
58,19,100,0.19852163908071815,320.0,True,225
58,19,100,0.24900048235470282,239.0,False,225
58,19,100,0.19447506400554077,230.0,True,225
58,19,100,0.19038062172490847,318.0,False,225
58,19,100,0.447818853700434,524.0,False,225
58,19,100,0.4479401495535763,392.0,False,225
58,19,100,0.3483975903874033,178.0,False,225
58,19,100,0.35707118404045535,89.0,False,225
58,19,100,0.22836174819492489,414.0,True,225
58,19,100,0.1897596436134283,276.0,True,225
58,19,100,0.26454254281189704,216.0,True,225
58,19,100,0.21132761944126296,273.0,True,225
58,19,100,0.19742173466700988,257.0,True,225
58,19,100,0.18477024556854355,217.0,True,225
58,19,100,0.204551867958976,164.0,True,225
58,19,100,0.1855124814330407,212.0,True,225
58,19,100,0.2261212298148115,497.0,False,225
58,19,100,0.22841921066747436,316.0,False,225
58,19,100,0.23201108515262603,275.0,True,225
58,19,100,0.21548559973316808,217.0,False,225
58,19,100,0.1952409362166772,257.0,True,225
58,19,100,0.22778162137469363,281.0,True,225
58,19,100,0.19458719826381626,262.0,True,225
58,19,100,0.19359549295064832,242.0,True,225
58,19,100,0.18081645866235097,285.0,True,225
58,19,100,0.1853037593319872,319.0,True,225
58,19,100,0.17255646907756117,294.0,True,225
58,19,100,0.1874688789480572,321.0,False,225
58,19,100,0.19379345863534694,228.0,True,225
58,19,100,0.2538690877667928,118.0,False,225
58,19,100,0.18793943524360657,228.0,True,225
58,19,100,0.2646132075878644,259.0,False,225
58,19,100,0.24436539332189502,169.0,True,225
58,19,100,0.3945567128022862,227.0,True,225
58,19,100,0.42877979121811977,154.0,False,225
58,19,100,0.2147775801396606,101.0,False,225
58,19,100,0.2469466958741686,293.0,True,225
58,19,100,0.1659069324022513,321.0,True,225
58,19,100,0.1878720452917404,244.0,True,225
58,19,100,0.1667539524235602,232.0,True,225
58,19,100,0.22880157874897122,224.0,True,225
58,19,100,0.2486651605151219,358.0,False,225
58,19,100,0.24235023477760093,241.0,False,225
58,19,100,0.2556640306889748,227.0,False,225
58,19,100,0.4371297624898736,887.0,False,225
58,19,100,0.4386201011105168,359.0,False,225
58,19,100,0.36404423240631345,945.0,False,225
58,19,100,0.44784570834304716,237.0,False,225
58,19,100,0.28591439188743123,196.0,False,225
58,19,100,0.4411796039768628,140.0,False,225
58,19,100,0.18049530974290903,309.0,True,225
58,19,100,0.24880462937542927,736.0,False,225
58,19,100,0.23269538996073436,212.0,True,225
58,19,100,0.1791714339322129,344.0,False,225
58,19,100,0.16677298050358463,243.0,False,225
58,19,100,0.16577828506312048,251.0,False,225
58,19,100,0.23395177161693573,125.0,False,225
58,19,100,0.22629744434120633,101.0,False,225
58,19,100,0.16616853127876918,180.0,False,225
58,19,100,0.18626216716236538,162.0,True,225
58,19,100,0.18517641787943634,138.0,False,225
58,19,100,0.1765937460181506,92.0,False,225
58,19,100,0.20744809953921095,311.0,True,225
58,19,100,0.1651520543238696,170.0,True,225
58,19,100,0.5340640479698777,64.0,False,225
58,19,100,0.5033577358722687,50.0,False,225
58,19,100,0.18378159284591675,125.0,False,225
58,19,100,0.1662477445163768,231.0,True,225
58,19,100,0.17820681377398132,299.0,True,225
58,19,100,0.17019806636704338,135.0,True,225
58,19,100,0.22759450742831597,78.0,False,225
58,19,100,0.1997763186015866,220.0,True,225
58,19,100,0.41907986388965085,44.0,False,225
58,19,100,0.1879262275058731,247.0,True,225
58,19,100,0.20271847627488485,249.0,True,225
58,19,100,0.6932458571025304,35.0,False,225
58,19,100,0.26450632659138223,122.0,True,225
58,19,100,0.1819513896528963,191.0,True,225
58,19,100,0.17207144394638094,246.0,True,225
58,19,100,0.17611140464965383,201.0,True,225
58,19,100,0.25212469790782127,143.0,True,225
58,19,100,0.2003957572802205,214.0,True,225
58,19,100,0.21693438855565597,214.0,True,225
58,19,100,0.2201374560007321,203.0,False,225
58,19,100,0.24422026307380507,271.0,True,225
58,19,100,0.19803071251282325,156.0,True,225
58,19,100,0.19156242470915724,123.0,True,225
59,19,150,0.22419956132121707,207.0,True,327
59,19,150,0.23741213015877946,1026.0,False,327
59,19,150,0.23495419808473123,553.0,False,327
59,19,150,0.2125501473502415,205.0,True,327
59,19,150,0.2054829197995206,141.0,False,327
59,19,150,0.20265989809223775,89.0,True,327
59,19,150,0.23274376707122602,837.0,False,327
59,19,150,0.21330872961940864,192.0,True,327
59,19,150,0.19070281679028864,111.0,False,327
59,19,150,0.18948513480289927,212.0,True,327
59,19,150,0.18003438004794028,208.0,True,327
59,19,150,0.18088891022070006,229.0,True,327
59,19,150,0.22102328700812782,127.0,True,327
59,19,150,0.17895865800990363,219.0,False,327
59,19,150,0.19397511766715483,110.0,False,327
59,19,150,0.19373752328620594,157.0,True,327
59,19,150,0.19140779450114837,177.0,True,327
59,19,150,0.22132409656437757,214.0,True,327
59,19,150,0.21023851154594247,109.0,True,327
59,19,150,0.19606103466298336,312.0,True,327
59,19,150,0.19480318068875552,307.0,True,327
59,19,150,0.22966154811508727,132.0,True,327
59,19,150,0.2426186240618191,252.0,True,327
59,19,150,0.21820280660648603,222.0,True,327
59,19,150,0.17059531561706376,115.0,False,327
59,19,150,0.20119805482484526,177.0,True,327
59,19,150,0.19937079768805277,210.0,True,327
59,19,150,0.20268233894155577,156.0,False,327
59,19,150,0.1686534832777648,58.0,False,327
59,19,150,0.1757122667601509,137.0,True,327
59,19,150,0.25064277412815833,284.0,False,327
59,19,150,0.26127278157970407,182.0,True,327
59,19,150,0.1894657268975545,309.0,True,327
59,19,150,0.2467336056613794,372.0,False,327
59,19,150,0.20506663464910382,182.0,True,327
59,19,150,0.2066810024036488,213.0,True,327
59,19,150,0.19981861668350423,226.0,True,327
59,19,150,0.21243189955790212,254.0,False,327
59,19,150,0.22455600722805485,91.0,False,327
59,19,150,0.17960141944712488,207.0,True,327
59,19,150,0.19703290395647566,214.0,True,327
59,19,150,0.18459861788874357,153.0,True,327
59,19,150,0.17502417814143947,142.0,True,327
59,19,150,0.18578044944498912,83.0,False,327
59,19,150,0.19028904839974492,238.0,True,327
59,19,150,0.24662807574886048,167.0,True,327
59,19,150,0.18770638645462723,233.0,True,327
59,19,150,0.17492373803177397,185.0,True,327
59,19,150,0.21459344079097112,240.0,True,327
59,19,150,0.20645645611930166,174.0,True,327
59,19,150,0.18322014669919837,290.0,False,327
59,19,150,0.20139200743020436,209.0,True,327
59,19,150,0.17628744544742778,139.0,True,327
59,19,150,0.2020773671230479,199.0,True,327
59,19,150,0.19916247151078958,303.0,True,327
59,19,150,0.1866144464612007,250.0,True,327
59,19,150,0.17781757791009214,288.0,True,327
59,19,150,0.1650193195257868,196.0,True,327
59,19,150,0.19681891957215503,226.0,True,327
59,19,150,0.19187450957925697,171.0,False,327
59,19,150,0.18885637684885798,232.0,True,327
59,19,150,0.19852124655294998,247.0,True,327
59,19,150,0.21848784146519998,192.0,True,327
59,19,150,0.18319505692454818,193.0,True,327
59,19,150,0.18070603376595762,191.0,True,327
59,19,150,0.17083858654779546,34.0,False,327
59,19,150,0.17940774373710155,272.0,True,327
59,19,150,0.21711683207251167,203.0,True,327
59,19,150,0.2184994698651714,193.0,True,327
59,19,150,0.1980650000150691,181.0,False,327
59,19,150,0.17250574932197216,193.0,True,327
59,19,150,0.16438669068057363,205.0,True,327
59,19,150,0.17140521478554435,121.0,True,327
59,19,150,0.1777441655344601,158.0,True,327
59,19,150,0.21350962477266242,218.0,True,327
59,19,150,0.15792591484943272,211.0,True,327
59,19,150,0.18026671866406063,351.0,False,327
59,19,150,0.22484020103802493,429.0,False,327
59,19,150,0.23878992999105933,377.0,True,327
59,19,150,0.23801024944907953,588.0,False,327
59,19,150,0.2340320166817472,652.0,False,327
59,19,150,0.2029349067087831,290.0,True,327
59,19,150,0.19909696012735367,350.0,False,327
59,19,150,0.20126821443121484,235.0,True,327
59,19,150,0.24738278070400502,145.0,False,327
59,19,150,0.2458747375756502,160.0,True,327
59,19,150,0.2473098975355907,93.0,True,327
59,19,150,0.1810818600446679,172.0,True,327
59,19,150,0.1960302772461821,218.0,True,327
59,19,150,0.1931416403429181,255.0,True,327
59,19,150,0.1916490804955915,216.0,True,327
59,19,150,0.19007293031185488,158.0,True,327
59,19,150,0.1857843949196208,237.0,True,327
59,19,150,0.17058359648232685,191.0,True,327
59,19,150,0.18550109270825443,166.0,True,327
59,19,150,0.1862969284513557,251.0,True,327
59,19,150,0.18651579088100823,186.0,True,327
59,19,150,0.18372263281331586,173.0,True,327
59,19,150,0.18819397122276071,245.0,False,327
59,19,150,0.18318345101933983,199.0,True,327
59,19,150,0.1924701680531021,238.0,False,327
59,19,150,0.18226647237315774,224.0,True,327
59,19,150,0.18437994769508975,193.0,True,327
59,19,150,0.21526761806334357,332.0,True,327
59,19,150,0.2198659491229367,308.0,True,327
59,19,150,0.23368462284279476,157.0,False,327
59,19,150,0.18499963057617988,186.0,True,327
59,19,150,0.21901675369147033,672.0,False,327
59,19,150,0.1981033337298439,229.0,True,327
59,19,150,0.1989765466316372,141.0,False,327
59,19,150,0.18711981815951212,196.0,True,327
59,19,150,0.22452198532529366,1248.0,False,327
59,19,150,0.17705746077828938,306.0,True,327
59,19,150,0.18354002369118996,303.0,True,327
59,19,150,0.2316051530274185,148.0,True,327
59,19,150,0.19503494483583114,68.0,False,327
59,19,150,0.19849907885069834,399.0,False,327
59,19,150,0.19711452377015265,69.0,False,327
59,19,150,0.24370840680837103,451.0,False,327
59,19,150,0.18820314441883512,233.0,False,327
59,19,150,0.1774073076474158,211.0,False,327
59,19,150,0.184688921187334,157.0,True,327
59,19,150,0.1806200429875189,191.0,True,327
59,19,150,0.1749487966299057,161.0,True,327
59,19,150,0.17701088058283604,251.0,True,327
59,19,150,0.18465155425645013,262.0,True,327
59,19,150,0.22821956343205688,391.0,False,327
59,19,150,0.21666428592775328,347.0,False,327
59,19,150,0.1853546455443612,253.0,True,327
59,19,150,0.20515257352261088,199.0,True,327
59,19,150,0.20190377233268544,139.0,False,327
59,19,150,0.1942426431469801,164.0,False,327
59,19,150,0.18916730230141962,224.0,True,327
59,19,150,0.18146688558838583,187.0,True,327
59,19,150,0.18384033811184786,129.0,True,327
59,19,150,0.20744373716413975,200.0,True,327
59,19,150,0.24355452662954727,144.0,True,327
59,19,150,0.19270221620798111,50.0,False,327
59,19,150,0.17500939076406913,171.0,True,327
59,19,150,0.207813275031379,122.0,True,327
59,19,150,0.16882985911734116,183.0,True,327
59,19,150,0.22126771612413998,87.0,False,327
59,19,150,0.22370101195140923,358.0,False,327
59,19,150,0.22566919215923345,414.0,False,327
59,19,150,0.20805577620079643,57.0,False,327
59,19,150,0.18922035524973999,185.0,False,327
59,19,150,0.19787573880132506,68.0,False,327
59,19,150,0.19561359829999306,74.0,False,327
59,19,150,0.18692526796202022,127.0,True,327
59,19,150,0.2520942853477139,208.0,False,327
59,19,150,0.247679658491036,145.0,False,327
59,19,150,0.19030022783584505,211.0,False,327
59,19,150,0.19633654609461812,214.0,True,327
59,19,150,0.17415603234242366,186.0,True,327
59,19,150,0.18086271000669357,235.0,True,327
59,19,150,0.21656302997522806,338.0,False,327
59,19,150,0.18834017108126386,246.0,True,327
59,19,150,0.19443589044829546,236.0,True,327
59,19,150,0.20118396559470816,158.0,True,327
59,19,150,0.26085245881420466,449.0,False,327
59,19,150,0.24712510215839695,421.0,False,327
59,19,150,0.20284824203785665,217.0,False,327
59,19,150,0.2270345186593432,261.0,False,327
59,19,150,0.21268999400811317,195.0,True,327
59,19,150,0.19160160912034657,213.0,True,327
59,19,150,0.18679845635779202,256.0,True,327
59,19,150,0.1851887489142625,345.0,False,327
59,19,150,0.19569933441552248,165.0,True,327
59,19,150,0.21369395258589688,117.0,True,327
59,19,150,0.20597510328215937,186.0,True,327
59,19,150,0.2020774362150763,244.0,True,327
59,19,150,0.18509723868551134,237.0,True,327
59,19,150,0.1773359613698065,209.0,True,327
59,19,150,0.18132658898830414,180.0,True,327
59,19,150,0.19696676421283496,202.0,True,327
59,19,150,0.18725682778429364,269.0,True,327
59,19,150,0.17793804746453123,202.0,True,327
59,19,150,0.25920330853940465,339.0,True,327
59,19,150,0.23891352286595785,668.0,False,327
59,19,150,0.2591162646810214,342.0,True,327
59,19,150,0.2272845854361852,336.0,False,327
59,19,150,0.22668288832853647,242.0,False,327
59,19,150,0.1963912393521825,218.0,True,327
59,19,150,0.18606192197488702,230.0,True,327
59,19,150,0.2019526287576192,221.0,False,327
59,19,150,0.19444259059155125,261.0,True,327
59,19,150,0.19428087339143862,176.0,True,327
59,19,150,0.24962500139186372,219.0,True,327
59,19,150,0.23767715032960549,244.0,True,327
59,19,150,0.18977756008326288,166.0,False,327
59,19,150,0.19274192547129693,214.0,True,327
59,19,150,0.21548497323462143,253.0,True,327
59,19,150,0.2328412432891096,173.0,True,327
59,19,150,0.36180069727557046,350.0,False,327
59,19,150,0.42877049573219805,279.0,False,327
59,19,150,0.3982550658379929,158.0,False,327
59,19,150,0.38103619978135944,98.0,False,327
59,19,150,0.29949239641427994,8.0,False,327
59,19,150,0.2722452360798012,88.0,False,327
59,19,150,0.18584007423191784,187.0,True,327
59,19,150,0.18397501506842673,256.0,False,327
59,19,150,0.19647479355335234,225.0,True,327
59,19,150,0.1988189546246603,193.0,False,327
59,19,150,0.20880475245854435,136.0,True,327
59,19,150,0.25420975267887114,250.0,True,327
59,19,150,0.20198382913130117,191.0,False,327
59,19,150,0.2545276129687274,189.0,True,327
59,19,150,0.20930358851067374,214.0,True,327
59,19,150,0.18507406243110355,292.0,True,327
59,19,150,0.18518690236358562,234.0,True,327
59,19,150,0.20291016047651117,143.0,True,327
59,19,150,0.18811819646634212,294.0,True,327
59,19,150,0.19279755899787196,481.0,False,327
59,19,150,0.19751468239244352,242.0,True,327
59,19,150,0.2375648060285027,363.0,False,327
59,19,150,0.21975347441296245,215.0,False,327
59,19,150,0.21309593768246407,226.0,True,327
59,19,150,0.23038420550525188,200.0,False,327
59,19,150,0.2044893281632348,152.0,True,327
59,19,150,0.2000394171829951,118.0,True,327
59,19,150,0.21007609787237577,181.0,True,327
59,19,150,0.19731708106641865,196.0,True,327
59,19,150,0.19338700442927556,206.0,True,327
59,19,150,0.17571829121931012,271.0,True,327
59,19,150,0.2103500824708205,52.0,False,327
59,19,150,0.21338019983188525,37.0,False,327
59,19,150,0.25350184640278517,303.0,True,327
59,19,150,0.21321193524977056,205.0,False,327
59,19,150,0.195474384424205,208.0,False,327
59,19,150,0.2260500575545468,158.0,False,327
59,19,150,0.19614551005078784,134.0,False,327
59,19,150,0.18755687617285308,86.0,False,327
59,19,150,0.19864687461008146,206.0,True,327
59,19,150,0.18817197043074374,209.0,True,327
59,19,150,0.1920095060056853,206.0,True,327
59,19,150,0.1886442296304985,304.0,True,327
59,19,150,0.1979522794594258,273.0,True,327
59,19,150,0.46745294882168775,1163.0,False,327
59,19,150,0.30674252570685695,59.0,False,327
59,19,150,0.1839514273134145,264.0,True,327
59,19,150,0.21553548486506352,61.0,True,327
59,19,150,0.35420054802671075,96.0,True,327
59,19,150,0.4018966527830841,1170.0,False,327
59,19,150,0.31232420692131635,84.0,False,327
59,19,150,0.3521506566591937,99.0,False,327
59,19,150,0.32287207179599337,45.0,False,327
59,19,150,0.3540160480218056,39.0,False,327
59,19,150,0.3327443927526474,30.0,False,327
59,19,150,0.33101264285106285,51.0,False,327
59,19,150,0.29855068027973175,6.0,False,327
59,19,150,0.31220053831736244,15.0,False,327
59,19,150,0.20944464403503346,159.0,False,327
59,19,150,0.19836119877827632,385.0,True,327
59,19,150,0.2468585270584317,607.0,False,327
59,19,150,0.22365210056304932,430.0,True,327
59,19,150,0.21685833014671316,362.0,False,327
59,19,150,0.19611255065761368,271.0,True,327
59,19,150,0.18162723528403862,51.0,False,327
59,19,150,0.2495092096339379,224.0,True,327
59,19,150,0.18766824444312424,336.0,False,327
59,19,150,0.25661506066330814,281.0,True,327
59,19,150,0.25445076219310847,227.0,False,327
59,19,150,0.22317100855992456,283.0,True,327
59,19,150,0.1752906000584512,201.0,False,327
59,19,150,0.23515861036328525,154.0,True,327
59,19,150,0.2175299855502876,74.0,False,327
59,19,150,0.2020223694396954,204.0,False,327
59,19,150,0.24957220263227267,432.0,True,327
59,19,150,0.18635481534056675,409.0,False,327
59,19,150,0.1695729207109522,189.0,True,327
59,19,150,0.16808109448857284,209.0,True,327
59,19,150,0.17362215462463354,153.0,True,327
59,19,150,0.428765614640038,53.0,False,327
59,19,150,0.21850683065977963,110.0,True,327
59,19,150,0.17744950145140462,174.0,True,327
59,19,150,0.2865938934098397,112.0,False,327
59,19,150,0.24361409691732322,134.0,True,327
59,19,150,0.1797772708038489,180.0,True,327
59,19,150,0.1714466773223557,149.0,True,327
59,19,150,0.18785448772693747,201.0,True,327
59,19,150,0.16930491235994158,210.0,True,327
59,19,150,0.17901993159991336,251.0,True,327
59,19,150,0.17212705972443623,249.0,True,327
59,19,150,0.19223357574774488,202.0,True,327
59,19,150,0.1701104250721267,244.0,False,327
59,19,150,0.23854760139396317,152.0,True,327
59,19,150,0.2200851532501903,123.0,True,327
59,19,150,0.18036117373090801,165.0,True,327
59,19,150,0.19639513404794443,129.0,True,327
59,19,150,0.23237915612184085,195.0,True,327
59,19,150,0.18424065745197604,223.0,True,327
59,19,150,0.2239241908038301,224.0,True,327
59,19,150,0.20560186311345677,232.0,True,327
59,19,150,0.18721455906118664,175.0,True,327
59,19,150,0.2317769578549751,172.0,True,327
59,19,150,0.19982048459760435,91.0,False,327
59,19,150,0.17895593276868263,144.0,True,327
59,19,150,0.17372377755412136,83.0,False,327
60,2,1,0.25708461854052034,235.0,True,83
60,2,1,0.23034403535975032,83.0,False,83
60,2,1,0.23433323980299467,194.0,True,83
60,2,1,0.20640540956169046,93.0,True,83
60,2,1,0.18832475175521124,163.0,True,83
60,2,1,0.2422795199776349,146.0,True,83
60,2,1,0.24791123649399532,152.0,True,83
60,2,1,0.23571710095773288,201.0,True,83
60,2,1,0.20839564688503742,32.0,False,83
60,2,1,0.2204619456600669,151.0,True,83
60,2,1,0.21659327111049007,171.0,True,83
60,2,1,0.24554663403019025,157.0,True,83
60,2,1,0.24500938448854673,186.0,True,83
60,2,1,0.2590872760938138,196.0,True,83
60,2,1,0.23895115836670525,171.0,True,83
60,2,1,0.18296673148870468,176.0,True,83
60,2,1,0.27166864836917204,85.0,False,83
60,2,1,0.2319676465050304,211.0,True,83
60,2,1,0.2679778218821243,54.0,False,83
60,2,1,0.19649806349201404,188.0,True,83
60,2,1,0.23964965246714554,308.0,True,83
60,2,1,0.22142788591353516,152.0,True,83
60,2,1,0.23519938469630236,171.0,True,83
60,2,1,0.2698084901679646,231.0,False,83
60,2,1,0.25771185300732385,131.0,True,83
60,2,1,0.20651631793122233,243.0,True,83
60,2,1,0.22755706277878388,138.0,True,83
60,2,1,0.23135005078724855,169.0,True,83
60,2,1,0.2217548318914861,179.0,True,83
60,2,1,0.2353994950004246,161.0,True,83
60,2,1,0.21437223404027614,241.0,True,83
60,2,1,0.2180458441821497,134.0,True,83
60,2,1,0.21214676529738555,157.0,True,83
60,2,1,0.22604802758667056,179.0,True,83
60,2,1,0.21937746776313316,205.0,True,83
60,2,1,0.21378576169753896,145.0,True,83
60,2,1,0.2102246684814567,201.0,True,83
60,2,1,0.26164168341980354,154.0,True,83
60,2,1,0.26995826374601434,135.0,False,83
60,2,1,0.2732459793822104,238.0,False,83
60,2,1,0.2583944450290698,212.0,False,83
60,2,1,0.2047992947921958,186.0,True,83
60,2,1,0.21164505097313205,207.0,True,83
60,2,1,0.25915727400666727,211.0,True,83
60,2,1,0.23092883127076286,175.0,True,83
60,2,1,0.27424751738707226,150.0,False,83
60,2,1,0.2419955247818534,201.0,True,83
60,2,1,0.22563665469779687,204.0,True,83
60,2,1,0.20429998904813168,172.0,True,83
60,2,1,0.20156125185035523,210.0,True,83
60,2,1,0.1903034963251389,194.0,True,83
60,2,1,0.2515819290889561,181.0,True,83
60,2,1,0.1959157365594985,173.0,True,83
60,2,1,0.25592136162298695,108.0,True,83
60,2,1,0.25800041760178816,174.0,True,83
60,2,1,0.2667858187094271,249.0,True,83
60,2,1,0.20275795488588272,155.0,True,83
60,2,1,0.17309506515325127,177.0,True,83
60,2,1,0.18997473943376256,167.0,True,83
60,2,1,0.2346888641800199,175.0,True,83
60,2,1,0.2694708878326716,318.0,False,83
60,2,1,0.23004448826496418,130.0,True,83
60,2,1,0.21931433880870993,154.0,True,83
60,2,1,0.2587963005199152,136.0,False,83
60,2,1,0.24822154124890725,127.0,False,83
60,2,1,0.2528663348104503,148.0,True,83
60,2,1,0.22382036256201474,162.0,True,83
60,2,1,0.21570177444624244,109.0,False,83
60,2,1,0.22872449195646977,182.0,True,83
60,2,1,0.23426434912464836,220.0,True,83
60,2,1,0.2524916878048803,355.0,False,83
60,2,1,0.24176323293954477,174.0,True,83
60,2,1,0.2503461432612799,153.0,True,83
60,2,1,0.22960563942238135,162.0,True,83
60,2,1,0.2362445044517517,200.0,True,83
60,2,1,0.24068982116878032,120.0,True,83
60,2,1,0.2220490561463894,78.0,True,83
60,2,1,0.24461846973214832,175.0,True,83
60,2,1,0.23823908620647022,140.0,True,83
60,2,1,0.25847697423564064,135.0,True,83
60,2,1,0.2749006723488995,199.0,True,83
61,2,10,0.266762182989099,222.0,True,88
61,2,10,0.23896934309353432,48.0,False,88
61,2,10,0.2264273377565237,130.0,True,88
61,2,10,0.21046182741315997,196.0,True,88
61,2,10,0.19134912630425224,158.0,True,88
61,2,10,0.22788590503917946,182.0,False,88
61,2,10,0.21055150095452654,94.0,True,88
61,2,10,0.2345109574256405,155.0,True,88
61,2,10,0.2419105419400018,179.0,False,88
61,2,10,0.20293367217326985,145.0,True,88
61,2,10,0.18765148917246147,169.0,True,88
61,2,10,0.22305672433641222,180.0,True,88
61,2,10,0.23317893849523275,149.0,True,88
61,2,10,0.22449269957840443,200.0,True,88
61,2,10,0.19007368190657525,84.0,False,88
61,2,10,0.21633190090893306,171.0,True,88
61,2,10,0.19728844061300352,77.0,False,88
61,2,10,0.17216188040784167,197.0,True,88
61,2,10,0.26950931043948156,59.0,False,88
61,2,10,0.17714266865055794,193.0,True,88
61,2,10,0.25880240890414874,287.0,True,88
61,2,10,0.21863422064332788,218.0,True,88
61,2,10,0.22931663521698542,105.0,True,88
61,2,10,0.20064404295451604,134.0,True,88
61,2,10,0.19784744076819216,211.0,True,88
61,2,10,0.23087420826216778,166.0,True,88
61,2,10,0.25734646716615656,182.0,True,88
61,2,10,0.18027759479804778,142.0,True,88
61,2,10,0.23741449878522844,132.0,True,88
61,2,10,0.2427457181115945,240.0,True,88
61,2,10,0.18025188565981098,164.0,True,88
61,2,10,0.23857442098292145,148.0,True,88
61,2,10,0.2142828632342188,190.0,True,88
61,2,10,0.22246213846585966,220.0,True,88
61,2,10,0.1872593451563905,164.0,True,88
61,2,10,0.22263121285608836,168.0,True,88
61,2,10,0.22408592909254055,186.0,True,88
61,2,10,0.20610056857804995,148.0,True,88
61,2,10,0.20582883059978485,198.0,True,88
61,2,10,0.2739109492873492,146.0,True,88
61,2,10,0.2714075173247498,243.0,False,88
61,2,10,0.25939459915993346,212.0,False,88
61,2,10,0.19706478840348743,202.0,True,88
61,2,10,0.25656015278140376,242.0,False,88
61,2,10,0.26923376124984816,159.0,False,88
61,2,10,0.2308669662253457,161.0,True,88
61,2,10,0.23423568433497374,231.0,True,88
61,2,10,0.27355544014364225,117.0,False,88
61,2,10,0.20139250549119572,172.0,True,88
61,2,10,0.19551362348406504,178.0,True,88
61,2,10,0.1988571420725849,216.0,True,88
61,2,10,0.1860962454619268,239.0,True,88
61,2,10,0.17820548362987862,177.0,True,88
61,2,10,0.24017250923549427,170.0,True,88
61,2,10,0.24344451166689396,112.0,True,88
61,2,10,0.26635646525882345,233.0,True,88
61,2,10,0.18552273961418833,179.0,True,88
61,2,10,0.23401578922529478,185.0,True,88
61,2,10,0.16822717594914138,192.0,True,88
61,2,10,0.18218895671318988,196.0,True,88
61,2,10,0.23613943762940132,163.0,True,88
61,2,10,0.19083336874175427,134.0,True,88
61,2,10,0.21412746303052788,166.0,True,88
61,2,10,0.23203833958794995,155.0,False,88
61,2,10,0.2444781255445733,151.0,True,88
61,2,10,0.22210271838445997,172.0,True,88
61,2,10,0.1998910942887948,153.0,True,88
61,2,10,0.2631217436864972,144.0,False,88
61,2,10,0.22570882951495824,216.0,True,88
61,2,10,0.22331261562334526,185.0,True,88
61,2,10,0.2443051959189894,221.0,True,88
61,2,10,0.2529915206790588,386.0,False,88
61,2,10,0.25463306349588605,164.0,True,88
61,2,10,0.2326522535747952,144.0,True,88
61,2,10,0.24366633826439535,218.0,True,88
61,2,10,0.22502129016126074,164.0,True,88
61,2,10,0.23367586805597768,182.0,True,88
61,2,10,0.237834703709398,84.0,True,88
61,2,10,0.2490716932172125,176.0,True,88
61,2,10,0.24964238855525525,137.0,True,88
61,2,10,0.25725091248750687,134.0,True,88
61,2,10,0.27429069578647614,184.0,True,88
62,2,50,0.22360743124653973,127.0,False,110
62,2,50,0.2417600678037042,92.0,False,110
62,2,50,0.26710304484835695,336.0,False,110
62,2,50,0.20499142011006674,126.0,True,110
62,2,50,0.2122163039873977,181.0,True,110
62,2,50,0.2015502272230206,66.0,False,110
62,2,50,0.22643189068654138,211.0,False,110
62,2,50,0.18358931348130508,222.0,True,110
62,2,50,0.20063929818570614,56.0,False,110
62,2,50,0.19816370636224748,150.0,True,110
62,2,50,0.1895892420305615,226.0,True,110
62,2,50,0.1877822989081762,249.0,True,110
62,2,50,0.2003049814745728,267.0,True,110
62,2,50,0.17863486594121372,224.0,True,110
62,2,50,0.21912557099546706,224.0,True,110
62,2,50,0.2275318314454385,224.0,True,110
62,2,50,0.2615241673894418,156.0,False,110
62,2,50,0.22182349403577348,163.0,True,110
62,2,50,0.18560540057578176,159.0,True,110
62,2,50,0.2634268661465826,158.0,False,110
62,2,50,0.26789940428733827,125.0,False,110
62,2,50,0.2605909757670902,105.0,False,110
62,2,50,0.21813246827254923,129.0,False,110
62,2,50,0.18642074734435798,193.0,True,110
62,2,50,0.24574357597389032,201.0,True,110
62,2,50,0.24767731247400795,216.0,True,110
62,2,50,0.20927803890734184,82.0,False,110
62,2,50,0.1787620562977261,225.0,True,110
62,2,50,0.20797062952919762,202.0,True,110
62,2,50,0.2648558008528891,210.0,False,110
62,2,50,0.21743705537584093,135.0,True,110
62,2,50,0.19884878237332618,364.0,False,110
62,2,50,0.2076381465287808,183.0,True,110
62,2,50,0.20137205370343647,260.0,True,110
62,2,50,0.2513545160564247,207.0,True,110
62,2,50,0.19533033007606465,187.0,True,110
62,2,50,0.21212695154451555,31.0,False,110
62,2,50,0.16262628947911056,207.0,True,110
62,2,50,0.21529187206575212,188.0,True,110
62,2,50,0.19001698471493458,199.0,True,110
62,2,50,0.1862974501228685,203.0,True,110
62,2,50,0.1902265126666715,155.0,True,110
62,2,50,0.15923101806910195,199.0,True,110
62,2,50,0.1833281509186092,95.0,False,110
62,2,50,0.20649368731887793,163.0,True,110
62,2,50,0.21045234657790327,221.0,True,110
62,2,50,0.22849472632555112,146.0,True,110
62,2,50,0.2067470177052877,156.0,True,110
62,2,50,0.21767413729776716,223.0,True,110
62,2,50,0.2151587736173715,179.0,True,110
62,2,50,0.21440551892558546,211.0,True,110
62,2,50,0.2145257685902858,229.0,True,110
62,2,50,0.22941586029047917,99.0,True,110
62,2,50,0.22047144336154662,83.0,False,110
62,2,50,0.26707586508406245,368.0,False,110
62,2,50,0.24656457301363888,166.0,True,110
62,2,50,0.1652187166833564,152.0,True,110
62,2,50,0.21520056280788485,182.0,True,110
62,2,50,0.17378591780835484,193.0,True,110
62,2,50,0.17461350781576973,175.0,True,110
62,2,50,0.16402810404087578,179.0,True,110
62,2,50,0.25046808128597353,238.0,False,110
62,2,50,0.22054175584466307,143.0,True,110
62,2,50,0.19360518205997557,215.0,True,110
62,2,50,0.21021154846407866,152.0,True,110
62,2,50,0.21314605625196434,174.0,True,110
62,2,50,0.22758244451076265,126.0,True,110
62,2,50,0.23130079788034377,184.0,True,110
62,2,50,0.26413998691313856,109.0,False,110
62,2,50,0.17386195887537564,170.0,True,110
62,2,50,0.17380816133125968,161.0,True,110
62,2,50,0.1868280497003109,235.0,True,110
62,2,50,0.21126886449017368,182.0,True,110
62,2,50,0.16987407275608607,175.0,True,110
62,2,50,0.2041788903872172,150.0,True,110
62,2,50,0.2415800821668697,265.0,True,110
62,2,50,0.21725425996044848,188.0,True,110
62,2,50,0.21302302537849113,159.0,True,110
62,2,50,0.27187854192546895,370.0,False,110
62,2,50,0.26395864648088,349.0,False,110
62,2,50,0.2257623849934294,131.0,False,110
62,2,50,0.1739760348200798,250.0,True,110
62,2,50,0.2679079091138685,247.0,False,110
62,2,50,0.21219355701566575,143.0,True,110
62,2,50,0.23334450525802802,181.0,True,110
62,2,50,0.21434256549064928,156.0,True,110
62,2,50,0.23483254955518965,149.0,True,110
62,2,50,0.18317551364501317,180.0,True,110
62,2,50,0.21090892727343027,298.0,True,110
62,2,50,0.2246120873093605,200.0,True,110
62,2,50,0.24634913148151505,216.0,True,110
62,2,50,0.25590079117704323,135.0,True,110
62,2,50,0.22900317098883635,181.0,True,110
62,2,50,0.16831637972716204,194.0,True,110
62,2,50,0.2461347233504057,160.0,True,110
62,2,50,0.23063293376011762,167.0,True,110
62,2,50,0.19844477143122521,231.0,True,110
62,2,50,0.24498064198472477,333.0,True,110
62,2,50,0.24116369682377664,276.0,False,110
62,2,50,0.21968689064184824,204.0,True,110
62,2,50,0.2449828622485298,306.0,True,110
62,2,50,0.27998901570952217,215.0,True,110
62,2,50,0.22822142597791312,185.0,True,110
62,2,50,0.20265537217259408,200.0,True,110
62,2,50,0.25373474670493085,92.0,True,110
62,2,50,0.25942964614071745,188.0,True,110
62,2,50,0.19997424147819562,183.0,True,110
62,2,50,0.2324777114906429,81.0,True,110
62,2,50,0.24821944785921762,89.0,False,110
62,2,50,0.25964440847596815,155.0,True,110
62,2,50,0.21118236397664378,127.0,True,110
62,2,50,0.21079228789760515,52.0,False,110
63,2,100,0.2460917307946243,456.0,False,179
63,2,100,0.26941545001872175,385.0,True,179
63,2,100,0.2087179114365711,179.0,True,179
63,2,100,0.21047661951172494,253.0,False,179
63,2,100,0.21674392753104282,454.0,False,179
63,2,100,0.22838658994684616,144.0,False,179
63,2,100,0.20103743980871513,256.0,False,179
63,2,100,0.20741187841698314,209.0,True,179
63,2,100,0.2206907446464796,89.0,False,179
63,2,100,0.2117712696393331,108.0,False,179
63,2,100,0.1732523373919404,241.0,True,179
63,2,100,0.19118245538756334,181.0,True,179
63,2,100,0.20808706241846084,250.0,False,179
63,2,100,0.2596585244871676,160.0,False,179
63,2,100,0.1909147878872097,181.0,True,179
63,2,100,0.17064962977200598,201.0,True,179
63,2,100,0.18780455773413493,191.0,True,179
63,2,100,0.2030125965715432,244.0,True,179
63,2,100,0.19341726697884598,154.0,True,179
63,2,100,0.1796764560088426,167.0,True,179
63,2,100,0.17454879649112678,173.0,True,179
63,2,100,0.21558936943813245,196.0,True,179
63,2,100,0.21860073331524343,170.0,True,179
63,2,100,0.17972592288621497,277.0,False,179
63,2,100,0.18691121218328793,211.0,True,179
63,2,100,0.21956943268376278,173.0,True,179
63,2,100,0.2309104097617227,172.0,True,179
63,2,100,0.22413507209352726,212.0,True,179
63,2,100,0.1898245985631819,154.0,True,179
63,2,100,0.18362553534554502,153.0,True,179
63,2,100,0.22576466257789451,406.0,False,179
63,2,100,0.18398927190041137,236.0,False,179
63,2,100,0.18081913019220033,48.0,False,179
63,2,100,0.1741182189746942,179.0,True,179
63,2,100,0.21134880520598426,191.0,True,179
63,2,100,0.18478482054339515,225.0,True,179
63,2,100,0.18410015592769702,196.0,True,179
63,2,100,0.19466663879609247,171.0,True,179
63,2,100,0.1646570929824704,198.0,True,179
63,2,100,0.1905635232822253,104.0,False,179
63,2,100,0.2073460819378291,146.0,True,179
63,2,100,0.19373711352406242,247.0,True,179
63,2,100,0.21254516591628392,210.0,True,179
63,2,100,0.177625644792077,163.0,True,179
63,2,100,0.18038926298698682,178.0,True,179
63,2,100,0.16562255463620137,179.0,True,179
63,2,100,0.19335999700633236,318.0,True,179
63,2,100,0.17765396697954697,154.0,True,179
63,2,100,0.19504757496443662,187.0,False,179
63,2,100,0.2345665200075633,213.0,False,179
63,2,100,0.2172584434778526,116.0,False,179
63,2,100,0.18917828559875488,250.0,True,179
63,2,100,0.22285720924051797,41.0,False,179
63,2,100,0.21455849824767365,38.0,False,179
63,2,100,0.22522231594604605,170.0,True,179
63,2,100,0.1985402796850648,258.0,True,179
63,2,100,0.1747185458307681,184.0,True,179
63,2,100,0.26239691888365674,272.0,True,179
63,2,100,0.1729501916302575,207.0,True,179
63,2,100,0.1717255414369401,178.0,True,179
63,2,100,0.20605655753094218,230.0,True,179
63,2,100,0.19987842450953192,288.0,True,179
63,2,100,0.1733553724711021,209.0,True,179
63,2,100,0.16520286597452075,212.0,True,179
63,2,100,0.2091119237022825,202.0,True,179
63,2,100,0.18316185582767833,220.0,True,179
63,2,100,0.167455117074916,208.0,True,179
63,2,100,0.1944244974976653,143.0,True,179
63,2,100,0.18329382097969452,192.0,True,179
63,2,100,0.25429351043944454,245.0,False,179
63,2,100,0.1838475772382791,243.0,True,179
63,2,100,0.2436459759871165,225.0,False,179
63,2,100,0.21412835585270004,253.0,True,179
63,2,100,0.1779540118621421,193.0,True,179
63,2,100,0.18112048011994644,253.0,True,179
63,2,100,0.2606896717490545,268.0,False,179
63,2,100,0.18889352067520743,190.0,True,179
63,2,100,0.20785076333367958,271.0,True,179
63,2,100,0.2732473315608098,828.0,False,179
63,2,100,0.20542502665158474,165.0,True,179
63,2,100,0.16725706766274842,176.0,True,179
63,2,100,0.1704807311296463,140.0,True,179
63,2,100,0.22070989059873775,158.0,True,179
63,2,100,0.18340810433799673,213.0,True,179
63,2,100,0.1897813523099536,210.0,True,179
63,2,100,0.21808726164282008,186.0,True,179
63,2,100,0.16098545175610166,198.0,True,179
63,2,100,0.16230370604809913,131.0,False,179
63,2,100,0.17689497636283857,236.0,True,179
63,2,100,0.19040355967614236,443.0,False,179
63,2,100,0.19374860362124047,181.0,True,179
63,2,100,0.2460264124762473,199.0,False,179
63,2,100,0.1902955342666246,256.0,True,179
63,2,100,0.19385314742903903,221.0,True,179
63,2,100,0.23782276046478143,59.0,False,179
63,2,100,0.17199039451924025,204.0,True,179
63,2,100,0.22015723357336564,228.0,True,179
63,2,100,0.22493805614384738,165.0,True,179
63,2,100,0.19304255229202125,183.0,False,179
63,2,100,0.18923681953618693,215.0,True,179
63,2,100,0.20735675696192718,164.0,False,179
63,2,100,0.19703334064587302,115.0,False,179
63,2,100,0.16507388446845261,204.0,True,179
63,2,100,0.1983999309309742,171.0,True,179
63,2,100,0.16831219594925642,200.0,True,179
63,2,100,0.1609183479117476,219.0,True,179
63,2,100,0.1858609720592585,221.0,True,179
63,2,100,0.20142015184520595,331.0,True,179
63,2,100,0.19136378017007089,196.0,True,179
63,2,100,0.19724100313725926,84.0,False,179
63,2,100,0.19115356163632485,310.0,False,179
63,2,100,0.25350710023351075,476.0,False,179
63,2,100,0.21771413631988376,178.0,True,179
63,2,100,0.21588474230633842,180.0,True,179
63,2,100,0.16691201415754134,155.0,True,179
63,2,100,0.18447968928528943,343.0,False,179
63,2,100,0.1991468802029389,229.0,True,179
63,2,100,0.19790952414908308,282.0,True,179
63,2,100,0.19902363248255062,174.0,True,179
63,2,100,0.15946036718594722,195.0,True,179
63,2,100,0.19718993841645552,187.0,True,179
63,2,100,0.19809006116908007,198.0,False,179
63,2,100,0.2186346251804095,208.0,True,179
63,2,100,0.19213661664173382,238.0,True,179
63,2,100,0.1619696421282632,210.0,True,179
63,2,100,0.16604654703821456,189.0,True,179
63,2,100,0.18090055801503646,183.0,True,179
63,2,100,0.19460523559858925,190.0,True,179
63,2,100,0.179584589585587,199.0,True,179
63,2,100,0.17204400888559493,176.0,True,179
63,2,100,0.18496308277679396,158.0,True,179
63,2,100,0.19719380657283628,196.0,True,179
63,2,100,0.19495633514814598,215.0,True,179
63,2,100,0.30891821320831925,403.0,False,179
63,2,100,0.17381659053467416,185.0,True,179
63,2,100,0.2674925369121723,367.0,False,179
63,2,100,0.23915308713912964,82.0,False,179
63,2,100,0.19717744696105124,339.0,True,179
63,2,100,0.19281169742640883,202.0,True,179
63,2,100,0.17969004152207402,179.0,True,179
63,2,100,0.258145942718679,369.0,False,179
63,2,100,0.1868014506995678,160.0,True,179
63,2,100,0.21554160332679748,125.0,True,179
63,2,100,0.2103238670449508,38.0,False,179
63,2,100,0.18475006903920854,210.0,True,179
63,2,100,0.22936103172346534,323.0,False,179
63,2,100,0.17573959376788945,207.0,True,179
63,2,100,0.18637397227111768,163.0,True,179
63,2,100,0.21503827720880508,128.0,False,179
63,2,100,0.17670088651221852,172.0,True,179
63,2,100,0.18160090245105126,185.0,True,179
63,2,100,0.23118038795425394,177.0,False,179
63,2,100,0.2270316518843174,92.0,True,179
63,2,100,0.20296876705609834,195.0,True,179
63,2,100,0.22071544038570992,246.0,True,179
63,2,100,0.21297719309183016,146.0,True,179
63,2,100,0.19708912746579038,102.0,True,179
63,2,100,0.2091645998614175,70.0,True,179
64,2,150,0.22551608922188743,114.0,True,259
64,2,150,0.21994273917328927,434.0,True,259
64,2,150,0.20205370830251024,77.0,False,259
64,2,150,0.21398119529088339,105.0,True,259
64,2,150,0.24839754312554896,397.0,False,259
64,2,150,0.2336832349988776,142.0,False,259
64,2,150,0.21593042713990485,193.0,False,259
64,2,150,0.20648270342864242,255.0,True,259
64,2,150,0.19479534247495833,137.0,True,259
64,2,150,0.22588276703003024,242.0,True,259
64,2,150,0.19443677136531243,52.0,False,259
64,2,150,0.2714756929448673,154.0,False,259
64,2,150,0.26879220674360604,133.0,False,259
64,2,150,0.1818549205992846,298.0,True,259
64,2,150,0.18924098065373493,171.0,False,259
64,2,150,0.18557207188873648,107.0,False,259
64,2,150,0.18631856844705694,357.0,False,259
64,2,150,0.203731040002177,189.0,True,259
64,2,150,0.21099983914498172,163.0,True,259
64,2,150,0.1968590627558789,201.0,True,259
64,2,150,0.22395928426188713,161.0,True,259
64,2,150,0.2100447938374594,141.0,True,259
64,2,150,0.19306969304977378,203.0,False,259
64,2,150,0.18802020025540547,166.0,False,259
64,2,150,0.19549925448863129,152.0,False,259
64,2,150,0.1975647242118915,120.0,False,259
64,2,150,0.1912643393149247,185.0,True,259
64,2,150,0.21589771172537012,247.0,True,259
64,2,150,0.20010942008857632,204.0,True,259
64,2,150,0.21225910973780363,103.0,False,259
64,2,150,0.24676700006576552,276.0,True,259
64,2,150,0.195452243300293,283.0,False,259
64,2,150,0.18848672683362838,154.0,True,259
64,2,150,0.23677330455616677,613.0,False,259
64,2,150,0.23574415864101772,464.0,False,259
64,2,150,0.1920189350166104,220.0,True,259
64,2,150,0.19154921271230863,230.0,True,259
64,2,150,0.205699266273846,129.0,False,259
64,2,150,0.17868074188466931,183.0,True,259
64,2,150,0.2363698026713203,102.0,False,259
64,2,150,0.2311992292684284,183.0,True,259
64,2,150,0.2458577850534592,162.0,True,259
64,2,150,0.19393207161472395,156.0,True,259
64,2,150,0.22369910785033878,177.0,False,259
64,2,150,0.21504387463608834,146.0,True,259
64,2,150,0.20731356845277807,184.0,True,259
64,2,150,0.20542655297227808,185.0,True,259
64,2,150,0.2110048547223374,182.0,True,259
64,2,150,0.21302017267491366,148.0,True,259
64,2,150,0.20602362785074446,180.0,True,259
64,2,150,0.21990044543455387,58.0,False,259
64,2,150,0.23674455163238933,159.0,True,259
64,2,150,0.2038359899126308,142.0,True,259
64,2,150,0.19400701377449966,205.0,True,259
64,2,150,0.20064419863182445,172.0,True,259
64,2,150,0.20758492845235413,97.0,True,259
64,2,150,0.1898775180481901,198.0,True,259
64,2,150,0.2027249082124659,224.0,True,259
64,2,150,0.19476103707395417,99.0,True,259
64,2,150,0.20280857923729667,174.0,True,259
64,2,150,0.17633358832934629,460.0,False,259
64,2,150,0.20473174072802067,200.0,True,259
64,2,150,0.26139822636659327,260.0,False,259
64,2,150,0.2462946886475059,174.0,True,259
64,2,150,0.2289703083716757,123.0,True,259
64,2,150,0.19245931279504955,309.0,True,259
64,2,150,0.19285510884978438,372.0,False,259
64,2,150,0.17696797209126608,189.0,True,259
64,2,150,0.21073830321346973,177.0,True,259
64,2,150,0.17338857054710388,202.0,True,259
64,2,150,0.22126722063337054,350.0,False,259
64,2,150,0.21309925967531654,233.0,False,259
64,2,150,0.2365196331695545,163.0,True,259
64,2,150,0.21515499406001148,187.0,True,259
64,2,150,0.17629819895539964,210.0,True,259
64,2,150,0.17512927474701298,339.0,False,259
64,2,150,0.17228265496946515,168.0,True,259
64,2,150,0.19367159325249342,196.0,True,259
64,2,150,0.19960752062583237,178.0,True,259
64,2,150,0.21348111523049218,280.0,True,259
64,2,150,0.18656032959337338,281.0,False,259
64,2,150,0.18311858141916038,169.0,False,259
64,2,150,0.1974515908284428,337.0,True,259
64,2,150,0.23409305340578768,147.0,True,259
64,2,150,0.18292274971537412,374.0,False,259
64,2,150,0.2160179382111846,238.0,True,259
64,2,150,0.21546136351800202,202.0,True,259
64,2,150,0.20582547455752662,327.0,False,259
64,2,150,0.2366572430740625,277.0,False,259
64,2,150,0.17734413999650214,180.0,True,259
64,2,150,0.1980997051407651,205.0,True,259
64,2,150,0.1759930484389004,190.0,True,259
64,2,150,0.18036770052130116,159.0,True,259
64,2,150,0.2082444606533903,302.0,True,259
64,2,150,0.24769815120184532,214.0,False,259
64,2,150,0.16754879409616644,275.0,True,259
64,2,150,0.19788134360203036,108.0,True,259
64,2,150,0.18845626860115658,201.0,True,259
64,2,150,0.18525964137295198,232.0,True,259
64,2,150,0.22739165811682466,597.0,False,259
64,2,150,0.2682558875404248,294.0,False,259
64,2,150,0.18936817170205442,176.0,True,259
64,2,150,0.2250585733779839,140.0,True,259
64,2,150,0.18655856539096152,196.0,True,259
64,2,150,0.258718627980169,392.0,False,259
64,2,150,0.19419197437281793,208.0,True,259
64,2,150,0.1844945526479379,184.0,True,259
64,2,150,0.20113940218038726,285.0,True,259
64,2,150,0.19873897444217578,327.0,True,259
64,2,150,0.1654304090283207,296.0,False,259
64,2,150,0.17779152074717156,217.0,True,259
64,2,150,0.19519176438290586,186.0,True,259
64,2,150,0.17393216090824673,272.0,True,259
64,2,150,0.1664855156729861,205.0,True,259
64,2,150,0.19092019877845434,139.0,False,259
64,2,150,0.2097389384800074,98.0,True,259
64,2,150,0.18142985140896278,219.0,True,259
64,2,150,0.19272993960992887,183.0,True,259
64,2,150,0.21328100177549547,31.0,False,259
64,2,150,0.21829939801413734,111.0,True,259
64,2,150,0.17475151508632633,288.0,True,259
64,2,150,0.18603439415278641,230.0,True,259
64,2,150,0.180948172259882,173.0,True,259
64,2,150,0.20294216333574788,383.0,True,259
64,2,150,0.20433168424690357,244.0,True,259
64,2,150,0.20723891420797869,220.0,True,259
64,2,150,0.19643702195405183,307.0,False,259
64,2,150,0.18782478264149496,272.0,True,259
64,2,150,0.19819627787734642,244.0,True,259
64,2,150,0.22392575998689226,193.0,False,259
64,2,150,0.19729876912329808,363.0,False,259
64,2,150,0.2581485598175614,189.0,True,259
64,2,150,0.24149335793874882,270.0,True,259
64,2,150,0.23556515314886647,155.0,True,259
64,2,150,0.19963498276045172,726.0,False,259
64,2,150,0.20736982484723065,308.0,True,259
64,2,150,0.19089379140817786,251.0,True,259
64,2,150,0.19721833347446388,72.0,False,259
64,2,150,0.19008778150265032,208.0,True,259
64,2,150,0.17812210106800613,243.0,True,259
64,2,150,0.22018973995520416,179.0,True,259
64,2,150,0.21897746428726164,123.0,True,259
64,2,150,0.19171416452952794,175.0,True,259
64,2,150,0.19783683220988937,224.0,True,259
64,2,150,0.17215607752981743,223.0,True,259
64,2,150,0.17083893784067847,176.0,True,259
64,2,150,0.24878831671213542,254.0,False,259
64,2,150,0.19756143510341645,225.0,True,259
64,2,150,0.2098212822723548,299.0,True,259
64,2,150,0.20638858938687726,152.0,True,259
64,2,150,0.16856906541928587,247.0,True,259
64,2,150,0.1976057491156944,172.0,True,259
64,2,150,0.19385272510490328,212.0,True,259
64,2,150,0.22580021444488974,510.0,False,259
64,2,150,0.2533501637642826,469.0,False,259
64,2,150,0.2584236485562029,307.0,True,259
64,2,150,0.20509314567801204,533.0,False,259
64,2,150,0.20928861532698978,220.0,True,259
64,2,150,0.17456832379102707,310.0,False,259
64,2,150,0.19766339373380337,229.0,True,259
64,2,150,0.21273884960150313,354.0,False,259
64,2,150,0.20851519549715108,145.0,False,259
64,2,150,0.19790549738442195,340.0,False,259
64,2,150,0.19448771834373474,150.0,True,259
64,2,150,0.2038400718483372,276.0,True,259
64,2,150,0.20812328415575312,134.0,True,259
64,2,150,0.2103786270582039,131.0,True,259
64,2,150,0.18352417162073867,227.0,True,259
64,2,150,0.18656888314655848,175.0,True,259
64,2,150,0.1935934426206531,165.0,True,259
64,2,150,0.19872604842121536,370.0,False,259
64,2,150,0.21259948534449352,291.0,True,259
64,2,150,0.1939644549280552,203.0,False,259
64,2,150,0.20604500927106298,198.0,True,259
64,2,150,0.17711724321811628,156.0,True,259
64,2,150,0.16874203301574053,152.0,True,259
64,2,150,0.1671121909296343,211.0,True,259
64,2,150,0.17783345353521712,292.0,True,259
64,2,150,0.3571415657167888,1347.0,False,259
64,2,150,0.19054044426238836,238.0,True,259
64,2,150,0.1771874157393851,205.0,True,259
64,2,150,0.18408965120712917,240.0,True,259
64,2,150,0.211691793125708,261.0,True,259
64,2,150,0.17882168116748973,279.0,True,259
64,2,150,0.18967915139096306,187.0,True,259
64,2,150,0.2546267891249283,523.0,False,259
64,2,150,0.2301479316893078,210.0,True,259
64,2,150,0.2134430991915556,260.0,True,259
64,2,150,0.22428965723622438,221.0,False,259
64,2,150,0.20132760245885167,140.0,False,259
64,2,150,0.20366976293069974,140.0,False,259
64,2,150,0.23438228758280738,228.0,True,259
64,2,150,0.256328380565242,202.0,False,259
64,2,150,0.2582099579531571,145.0,True,259
64,2,150,0.21562804521825077,211.0,False,259
64,2,150,0.2054307132959366,45.0,False,259
64,2,150,0.25024529252858724,340.0,False,259
64,2,150,0.25454410902551705,185.0,True,259
64,2,150,0.19156394504731702,155.0,True,259
64,2,150,0.23609707962422474,685.0,False,259
64,2,150,0.22063124585564775,202.0,True,259
64,2,150,0.20707631778592864,192.0,True,259
64,2,150,0.2583382111469298,262.0,False,259
64,2,150,0.21347296396270393,320.0,True,259
64,2,150,0.21234934468094896,82.0,False,259
64,2,150,0.19854775658159546,66.0,False,259
64,2,150,0.22403979778755456,128.0,True,259
64,2,150,0.1859922012657795,206.0,True,259
64,2,150,0.19622859415825475,209.0,True,259
64,2,150,0.22023373144594105,440.0,False,259
64,2,150,0.19381172419525683,192.0,True,259
64,2,150,0.18565197013042592,54.0,False,259
64,2,150,0.19074007917968733,212.0,True,259
64,2,150,0.19583062333672235,178.0,True,259
64,2,150,0.18906509900679352,183.0,True,259
64,2,150,0.18658297010780087,169.0,True,259
64,2,150,0.22448624995452965,321.0,True,259
64,2,150,0.1919882432814756,163.0,True,259
64,2,150,0.1824802033412151,195.0,True,259
64,2,150,0.2044480097632743,299.0,False,259
64,2,150,0.21871759129046034,351.0,False,259
64,2,150,0.26354614505544305,160.0,True,259
64,2,150,0.1914356467979295,182.0,True,259
64,2,150,0.2379947167634964,100.0,True,259
64,2,150,0.2058722406137185,61.0,True,259
64,2,150,0.21948273589505868,68.0,False,259
64,2,150,0.21248918026685715,54.0,False,259
65,20,1,0.22812790732357383,181.0,True,116
65,20,1,0.24581144742149721,187.0,True,116
65,20,1,0.24987616770279905,192.0,True,116
65,20,1,0.227052889491251,191.0,True,116
65,20,1,0.2507461686730385,250.0,True,116
65,20,1,0.2490104173296061,199.0,True,116
65,20,1,0.2529867446769482,189.0,False,116
65,20,1,0.2634199727464605,135.0,False,116
65,20,1,0.23882874611652258,165.0,True,116
65,20,1,0.28036812666271416,224.0,False,116
65,20,1,0.2768304778940298,176.0,True,116
65,20,1,0.29024455447991687,183.0,True,116
65,20,1,0.26582156595110235,362.0,False,116
65,20,1,0.23974291043299617,132.0,False,116
65,20,1,0.2512546567892542,147.0,True,116
65,20,1,0.22721168124362043,152.0,True,116
65,20,1,0.2595168349998338,210.0,True,116
65,20,1,0.2416878309439529,220.0,True,116
65,20,1,0.24634770977086035,145.0,True,116
65,20,1,0.2225921371727125,141.0,True,116
65,20,1,0.22028125998460585,144.0,True,116
65,20,1,0.2277036107638303,153.0,True,116
65,20,1,0.2620843731233331,610.0,False,116
65,20,1,0.24769501501935662,301.0,False,116
65,20,1,0.21427299887543977,198.0,True,116
65,20,1,0.2611266500006119,240.0,False,116
65,20,1,0.2570700541138649,140.0,True,116
65,20,1,0.23018564128164035,201.0,True,116
65,20,1,0.23767022636201646,225.0,True,116
65,20,1,0.2124778291453486,138.0,True,116
65,20,1,0.22820438360664205,142.0,True,116
65,20,1,0.20795811890806043,159.0,True,116
65,20,1,0.18102031402289867,200.0,True,116
65,20,1,0.25172673571197424,136.0,True,116
65,20,1,0.23237661336516513,116.0,True,116
65,20,1,0.22265589029133856,222.0,True,116
65,20,1,0.22293601162505872,264.0,True,116
65,20,1,0.23878212601822965,68.0,False,116
65,20,1,0.20506692712390145,172.0,True,116
65,20,1,0.23714636276875223,140.0,True,116
65,20,1,0.1871933446495564,154.0,True,116
65,20,1,0.19206638038158416,225.0,True,116
65,20,1,0.20463377705020627,137.0,True,116
65,20,1,0.16336885647578808,159.0,True,116
65,20,1,0.15541431680321693,160.0,True,116
65,20,1,0.22906553850342065,156.0,True,116
65,20,1,0.175070012578877,164.0,True,116
65,20,1,0.23624068297696918,178.0,True,116
65,20,1,0.18661896616035367,161.0,True,116
65,20,1,0.17074026842162293,159.0,True,116
65,20,1,0.22708703553484333,62.0,True,116
65,20,1,0.21980671688852976,243.0,True,116
65,20,1,0.19940923158981785,161.0,True,116
65,20,1,0.2260078652476778,98.0,True,116
65,20,1,0.23912004305391896,98.0,True,116
65,20,1,0.2577895737038209,156.0,False,116
65,20,1,0.17742813656316,169.0,True,116
65,20,1,0.250632936456596,249.0,True,116
65,20,1,0.1820726266778107,141.0,True,116
65,20,1,0.2155606468518575,60.0,True,116
65,20,1,0.21747699102996726,226.0,True,116
65,20,1,0.18167224534227466,381.0,False,116
65,20,1,0.2406311307434012,191.0,True,116
65,20,1,0.20583732506280306,186.0,True,116
65,20,1,0.18233502702212628,162.0,True,116
65,20,1,0.19260967154818845,166.0,True,116
65,20,1,0.20988169773058457,165.0,True,116
65,20,1,0.2172523049105491,224.0,True,116
65,20,1,0.17695177702387427,157.0,True,116
65,20,1,0.17461936963591607,157.0,True,116
65,20,1,0.20072817624631253,176.0,True,116
65,20,1,0.18693240628625354,137.0,True,116
65,20,1,0.19037701379169117,110.0,True,116
65,20,1,0.2649973864262959,212.0,False,116
65,20,1,0.17375490932629026,145.0,True,116
65,20,1,0.22128623114816798,159.0,True,116
65,20,1,0.1869896704803652,134.0,True,116
65,20,1,0.2124827458377344,166.0,True,116
65,20,1,0.17058735758066176,150.0,True,116
65,20,1,0.18035994282683487,159.0,True,116
65,20,1,0.20661328152922176,149.0,True,116
65,20,1,0.21642239355752546,124.0,True,116
65,20,1,0.21984320516171663,115.0,True,116
65,20,1,0.18810533102263105,220.0,True,116
65,20,1,0.211668496882474,135.0,True,116
65,20,1,0.22949796063559397,161.0,True,116
65,20,1,0.21115077743607183,186.0,True,116
65,20,1,0.20132355801236462,142.0,True,116
65,20,1,0.18293524996654406,148.0,True,116
65,20,1,0.21576755408380852,183.0,True,116
65,20,1,0.20331030784460602,189.0,True,116
65,20,1,0.28548440702936867,220.0,True,116
65,20,1,0.23379031158763275,169.0,True,116
65,20,1,0.16741225056433945,178.0,True,116
65,20,1,0.21621714157667773,171.0,True,116
65,20,1,0.2302640618869613,181.0,True,116
65,20,1,0.16440605703931654,137.0,True,116
65,20,1,0.2174650934071113,156.0,True,116
65,20,1,0.263154989677275,167.0,False,116
65,20,1,0.2679410701417654,177.0,False,116
65,20,1,0.17979959543649252,154.0,True,116
65,20,1,0.2271980411476559,144.0,True,116
65,20,1,0.23085356323883452,145.0,True,116
65,20,1,0.25881859585642814,120.0,True,116
65,20,1,0.18653282973190283,149.0,True,116
65,20,1,0.19617149206559834,164.0,True,116
65,20,1,0.17334810300224324,197.0,True,116
65,20,1,0.19545167848906098,136.0,True,116
65,20,1,0.18783919254074927,138.0,True,116
66,20,10,0.2165112890041054,199.0,True,121
66,20,10,0.25898050818037477,47.0,False,121
66,20,10,0.24162391506849903,292.0,True,121
66,20,10,0.26528184683058914,289.0,False,121
66,20,10,0.23835353096100417,176.0,False,121
66,20,10,0.2564479745351351,130.0,True,121
66,20,10,0.22514275377019874,203.0,True,121
66,20,10,0.2335200378707811,255.0,True,121
66,20,10,0.22515283974836459,212.0,True,121
66,20,10,0.24463998862403505,470.0,False,121
66,20,10,0.23640334986978107,180.0,True,121
66,20,10,0.2514758103901578,97.0,True,121
66,20,10,0.26945922601222994,125.0,False,121
66,20,10,0.2581238583210976,217.0,True,121
66,20,10,0.25549456017806116,133.0,True,121
66,20,10,0.2621467775281738,68.0,False,121
66,20,10,0.24928553849458696,190.0,True,121
66,20,10,0.27165972273195943,93.0,False,121
66,20,10,0.22577951872035076,190.0,True,121
66,20,10,0.2535633776438375,257.0,True,121
66,20,10,0.21663521297570676,177.0,True,121
66,20,10,0.2182164545351769,273.0,True,121
66,20,10,0.23401472859604414,215.0,True,121
66,20,10,0.2231712368401614,176.0,True,121
66,20,10,0.255117128969346,323.0,False,121
66,20,10,0.25217682313650175,133.0,True,121
66,20,10,0.2531703281260672,252.0,True,121
66,20,10,0.2466964588314295,200.0,True,121
66,20,10,0.23965609156423145,144.0,True,121
66,20,10,0.2621161262253801,334.0,False,121
66,20,10,0.23589277647587717,196.0,True,121
66,20,10,0.2760894925429903,261.0,False,121
66,20,10,0.21235365401475859,156.0,True,121
66,20,10,0.2595278241334517,163.0,True,121
66,20,10,0.2243477745571328,199.0,True,121
66,20,10,0.23683245111452905,190.0,True,121
66,20,10,0.24147010097901025,126.0,True,121
66,20,10,0.20126681975618807,167.0,True,121
66,20,10,0.17989659773521735,183.0,True,121
66,20,10,0.1900324185880331,260.0,True,121
66,20,10,0.23511389011724126,144.0,True,121
66,20,10,0.16754658236889772,142.0,True,121
66,20,10,0.23453025494007707,346.0,True,121
66,20,10,0.24630343111944789,405.0,True,121
66,20,10,0.2329300080766221,167.0,True,121
66,20,10,0.2146588409967844,181.0,True,121
66,20,10,0.19373504939961106,146.0,True,121
66,20,10,0.21947296105068306,232.0,True,121
66,20,10,0.16264934849280577,130.0,True,121
66,20,10,0.20804260408177094,153.0,True,121
66,20,10,0.15560270577883548,139.0,True,121
66,20,10,0.17339477331741995,161.0,True,121
66,20,10,0.23354850868576937,206.0,True,121
66,20,10,0.17529616086152347,137.0,True,121
66,20,10,0.16648041236806999,176.0,True,121
66,20,10,0.17499413196411398,144.0,True,121
66,20,10,0.2005380314329396,69.0,True,121
66,20,10,0.2693751942721778,566.0,False,121
66,20,10,0.2267896112679057,173.0,True,121
66,20,10,0.20651655043325118,62.0,False,121
66,20,10,0.1842214029680178,206.0,True,121
66,20,10,0.23278472388852134,146.0,True,121
66,20,10,0.21070473852545715,215.0,True,121
66,20,10,0.2704003990360621,359.0,True,121
66,20,10,0.25901104751974346,240.0,True,121
66,20,10,0.18343593180179596,168.0,True,121
66,20,10,0.23383448679338803,110.0,True,121
66,20,10,0.1714929681022962,300.0,False,121
66,20,10,0.1992115757862727,150.0,True,121
66,20,10,0.1896996030058616,156.0,True,121
66,20,10,0.19988875047884125,138.0,True,121
66,20,10,0.2186389642186684,202.0,True,121
66,20,10,0.1730517447949984,156.0,True,121
66,20,10,0.26291522027357767,276.0,True,121
66,20,10,0.1767427304964415,191.0,True,121
66,20,10,0.22013165118153563,194.0,True,121
66,20,10,0.20333899978329154,170.0,True,121
66,20,10,0.17490232315393958,101.0,False,121
66,20,10,0.16814169420876315,179.0,True,121
66,20,10,0.21726017975315606,194.0,True,121
66,20,10,0.22603267945271335,287.0,True,121
66,20,10,0.1674916266448914,126.0,True,121
66,20,10,0.20129270376502603,138.0,True,121
66,20,10,0.21206824832561752,191.0,True,121
66,20,10,0.18176635121365628,166.0,True,121
66,20,10,0.17082396494714838,190.0,True,121
66,20,10,0.18057142315417762,127.0,True,121
66,20,10,0.1781700839841269,123.0,True,121
66,20,10,0.19920320570210873,231.0,True,121
66,20,10,0.2228470881834873,181.0,True,121
66,20,10,0.2333373756222584,237.0,True,121
66,20,10,0.2767768068747087,528.0,False,121
66,20,10,0.2709712177301393,279.0,True,121
66,20,10,0.27169453743742317,181.0,True,121
66,20,10,0.24036881214455713,158.0,True,121
66,20,10,0.16726942520730104,158.0,True,121
66,20,10,0.21198826081115707,247.0,True,121
66,20,10,0.17175932623902146,147.0,True,121
66,20,10,0.19839425725024817,149.0,True,121
66,20,10,0.16583792384593718,186.0,True,121
66,20,10,0.2215483182185405,185.0,True,121
66,20,10,0.2359601722823249,162.0,True,121
66,20,10,0.20225431401245664,202.0,True,121
66,20,10,0.20523105917329137,176.0,True,121
66,20,10,0.15793895504126945,144.0,True,121
66,20,10,0.2288059341529059,189.0,True,121
66,20,10,0.22636209559564147,193.0,True,121
66,20,10,0.25600200387320127,133.0,True,121
66,20,10,0.20110607570445044,169.0,True,121
66,20,10,0.1906692354596235,187.0,True,121
66,20,10,0.18140595467986576,157.0,True,121
66,20,10,0.19712697120195025,178.0,True,121
66,20,10,0.2022023516751471,126.0,True,121
66,20,10,0.1991532656851165,109.0,True,121
67,20,50,0.21813240737626047,132.0,True,170
67,20,50,0.23010538054294274,183.0,True,170
67,20,50,0.21634347130392872,172.0,True,170
67,20,50,0.22580824779967468,120.0,True,170
67,20,50,0.22173563770949842,200.0,True,170
67,20,50,0.22044992174791253,115.0,False,170
67,20,50,0.20678785614583683,174.0,True,170
67,20,50,0.2327912188865043,185.0,False,170
67,20,50,0.24537252452462277,188.0,True,170
67,20,50,0.22913837929566702,195.0,True,170
67,20,50,0.23030892491340638,225.0,True,170
67,20,50,0.21455537464565896,271.0,True,170
67,20,50,0.21785475961093245,145.0,True,170
67,20,50,0.21893637172587507,154.0,True,170
67,20,50,0.22058123955266729,197.0,True,170
67,20,50,0.2373540325744732,185.0,True,170
67,20,50,0.22110131329405094,167.0,True,170
67,20,50,0.21658436921627625,184.0,True,170
67,20,50,0.22214501672320897,225.0,True,170
67,20,50,0.22615025486006882,66.0,True,170
67,20,50,0.2590108849432157,230.0,False,170
67,20,50,0.24108103995627544,94.0,True,170
67,20,50,0.22545043900178346,173.0,True,170
67,20,50,0.2750987818441059,316.0,False,170
67,20,50,0.2614791631962346,113.0,False,170
67,20,50,0.21785356979817153,80.0,True,170
67,20,50,0.2793765713715686,895.0,False,170
67,20,50,0.20330116040200638,278.0,True,170
67,20,50,0.18948887510502593,188.0,False,170
67,20,50,0.1950374609257421,234.0,False,170
67,20,50,0.22491320940206677,217.0,False,170
67,20,50,0.22696710183276786,222.0,True,170
67,20,50,0.23760094562870862,269.0,True,170
67,20,50,0.19356222038085644,260.0,True,170
67,20,50,0.18869470300428537,223.0,False,170
67,20,50,0.19435785325045513,197.0,True,170
67,20,50,0.19873679691069834,259.0,True,170
67,20,50,0.19739087243029413,141.0,True,170
67,20,50,0.21054547927342354,320.0,True,170
67,20,50,0.22137713618576527,160.0,True,170
67,20,50,0.1975566789507866,210.0,True,170
67,20,50,0.26479663893844957,338.0,True,170
67,20,50,0.23163662522916167,259.0,True,170
67,20,50,0.19911836038847439,244.0,True,170
67,20,50,0.23008190891866026,348.0,False,170
67,20,50,0.22920757949352263,175.0,True,170
67,20,50,0.22906733228813245,158.0,False,170
67,20,50,0.25053096948215037,713.0,False,170
67,20,50,0.20708749333926296,218.0,True,170
67,20,50,0.20372525277606984,188.0,True,170
67,20,50,0.19766370566754504,116.0,False,170
67,20,50,0.18884722899426432,136.0,True,170
67,20,50,0.18943173807906352,254.0,True,170
67,20,50,0.20654572486877443,175.0,True,170
67,20,50,0.16973662459188038,126.0,False,170
67,20,50,0.18261768380480428,124.0,False,170
67,20,50,0.16720768994365642,153.0,True,170
67,20,50,0.18719629223427076,89.0,True,170
67,20,50,0.18968775266448393,151.0,True,170
67,20,50,0.200492020215144,209.0,True,170
67,20,50,0.15880321087427887,166.0,True,170
67,20,50,0.21573609849628136,245.0,False,170
67,20,50,0.20763738837109103,233.0,True,170
67,20,50,0.19386744243328016,297.0,True,170
67,20,50,0.1893292830631621,277.0,False,170
67,20,50,0.16070583183318377,160.0,True,170
67,20,50,0.17485131485527064,147.0,True,170
67,20,50,0.22112051812150785,248.0,True,170
67,20,50,0.2363961891669063,213.0,False,170
67,20,50,0.18836950430762298,177.0,True,170
67,20,50,0.22104867316178373,148.0,True,170
67,20,50,0.18599425890931376,216.0,True,170
67,20,50,0.18238801178553246,151.0,True,170
67,20,50,0.20752871009632137,277.0,True,170
67,20,50,0.1636552786913471,207.0,True,170
67,20,50,0.1736133954873899,205.0,True,170
67,20,50,0.2380469942634756,352.0,True,170
67,20,50,0.20114451347451126,224.0,True,170
67,20,50,0.18729764837268237,148.0,True,170
67,20,50,0.179180690799004,195.0,True,170
67,20,50,0.17666553014091083,140.0,True,170
67,20,50,0.16379240985284715,149.0,True,170
67,20,50,0.20089459097986923,218.0,True,170
67,20,50,0.21469660798037374,148.0,True,170
67,20,50,0.1762688553198836,133.0,True,170
67,20,50,0.17839784263679298,202.0,True,170
67,20,50,0.1629394017483877,184.0,True,170
67,20,50,0.1932459297505292,154.0,True,170
67,20,50,0.2548737527768305,163.0,True,170
67,20,50,0.17298373695976005,167.0,True,170
67,20,50,0.1912509749575359,205.0,True,170
67,20,50,0.18229173835780885,180.0,True,170
67,20,50,0.20233001869960424,274.0,False,170
67,20,50,0.20760550407262948,208.0,True,170
67,20,50,0.23346603580102557,894.0,False,170
67,20,50,0.21596492597689995,260.0,True,170
67,20,50,0.1911905814132255,241.0,True,170
67,20,50,0.18637234914156556,163.0,True,170
67,20,50,0.20806293470131887,154.0,True,170
67,20,50,0.1747661850562221,152.0,True,170
67,20,50,0.17830260726342717,166.0,True,170
67,20,50,0.257393683506442,224.0,False,170
67,20,50,0.20869202266580292,224.0,True,170
67,20,50,0.17873465282540035,234.0,True,170
67,20,50,0.1812516966922171,149.0,True,170
67,20,50,0.25190754067865223,366.0,False,170
67,20,50,0.23090444713392677,136.0,False,170
67,20,50,0.1953037218614058,132.0,True,170
67,20,50,0.1865250092803263,204.0,True,170
67,20,50,0.1769024254206349,136.0,True,170
67,20,50,0.20071322364466532,189.0,True,170
67,20,50,0.17810689113220246,238.0,True,170
67,20,50,0.207910772481579,163.0,True,170
67,20,50,0.17302441013442887,143.0,True,170
67,20,50,0.17447291950470414,232.0,True,170
67,20,50,0.1973492831285364,203.0,True,170
67,20,50,0.20953262724033017,147.0,True,170
67,20,50,0.21198090882392592,209.0,True,170
67,20,50,0.16469805488492004,202.0,True,170
67,20,50,0.18675215656266492,170.0,True,170
67,20,50,0.1964200764734258,186.0,True,170
67,20,50,0.16642655252858443,216.0,True,170
67,20,50,0.19212725970052905,155.0,True,170
67,20,50,0.21798076225607188,149.0,False,170
67,20,50,0.1822036173755089,113.0,False,170
67,20,50,0.18139714068836635,135.0,False,170
67,20,50,0.1834970785196496,189.0,True,170
67,20,50,0.18627235949657123,193.0,True,170
67,20,50,0.17723495727128322,202.0,True,170
67,20,50,0.1595421490612729,232.0,True,170
67,20,50,0.17352054778435458,146.0,True,170
67,20,50,0.2477164172567427,160.0,False,170
67,20,50,0.23161087185144424,118.0,False,170
67,20,50,0.2003111138117094,163.0,True,170
67,20,50,0.1947631886932585,225.0,True,170
67,20,50,0.17865471075648912,163.0,True,170
67,20,50,0.19374347846674664,186.0,True,170
67,20,50,0.19289870414079405,204.0,True,170
67,20,50,0.16534412902864543,220.0,True,170
67,20,50,0.19085687052200337,202.0,True,170
67,20,50,0.16541924858264787,139.0,True,170
67,20,50,0.16603667475283146,88.0,False,170
67,20,50,0.17420028771785712,151.0,True,170
67,20,50,0.16189081092395693,213.0,True,170
67,20,50,0.2025606970374401,156.0,True,170
67,20,50,0.17622673231543917,165.0,True,170
67,20,50,0.16875063232433649,162.0,True,170
67,20,50,0.17838363728579684,169.0,True,170
67,20,50,0.16991263382136823,200.0,True,170
67,20,50,0.18746938106586347,212.0,True,170
67,20,50,0.2502374182552544,268.0,True,170
67,20,50,0.18366154607406443,177.0,True,170
67,20,50,0.19356558941877805,130.0,True,170
67,20,50,0.16405608366706415,167.0,True,170
67,20,50,0.16090143389172024,189.0,True,170
67,20,50,0.16211186221406504,163.0,True,170
67,20,50,0.20252760539989215,222.0,True,170
67,20,50,0.16117445140012673,168.0,True,170
67,20,50,0.25583316404728373,157.0,True,170
67,20,50,0.206772455378719,230.0,True,170
67,20,50,0.16675178367983212,198.0,True,170
67,20,50,0.1772712825724248,178.0,True,170
67,20,50,0.168116272626252,145.0,True,170
67,20,50,0.18135039427553315,166.0,True,170
67,20,50,0.17795919916696018,216.0,True,170
67,20,50,0.20351411512604467,189.0,False,170
67,20,50,0.17168674987929683,143.0,True,170
67,20,50,0.23360802915535475,190.0,False,170
68,20,100,0.1980316618517522,124.0,True,247
68,20,100,0.20415053855289111,99.0,False,247
68,20,100,0.2091726628916987,89.0,False,247
68,20,100,0.2384065341576934,400.0,False,247
68,20,100,0.1769996831814448,114.0,True,247
68,20,100,0.20954169079942522,159.0,False,247
68,20,100,0.18831326424154995,259.0,False,247
68,20,100,0.19232023430000889,183.0,True,247
68,20,100,0.17870873404525175,171.0,True,247
68,20,100,0.18455077599788058,138.0,True,247
68,20,100,0.21011622164261903,191.0,True,247
68,20,100,0.23803144829238163,340.0,False,247
68,20,100,0.23499315236609405,163.0,False,247
68,20,100,0.22259274471393772,142.0,True,247
68,20,100,0.21228077489705313,210.0,True,247
68,20,100,0.1825228152067765,138.0,True,247
68,20,100,0.2159256924254199,192.0,True,247
68,20,100,0.19553885772460844,205.0,True,247
68,20,100,0.1942415495668601,221.0,True,247
68,20,100,0.2286241430044174,175.0,True,247
68,20,100,0.20892810913705334,194.0,True,247
68,20,100,0.21689742345673343,192.0,True,247
68,20,100,0.22076299352936013,189.0,True,247
68,20,100,0.21537951764407431,157.0,True,247
68,20,100,0.20311194009210434,163.0,True,247
68,20,100,0.2286092089020091,139.0,True,247
68,20,100,0.1681513260144972,177.0,True,247
68,20,100,0.19924363680183887,152.0,True,247
68,20,100,0.18186276334191337,197.0,True,247
68,20,100,0.24308513831577183,162.0,True,247
68,20,100,0.24612596773720802,94.0,True,247
68,20,100,0.17996337275732965,136.0,True,247
68,20,100,0.23317043945050467,313.0,False,247
68,20,100,0.2009195735057195,3.0,False,247
68,20,100,0.2632803703816432,530.0,False,247
68,20,100,0.22736666790783144,229.0,True,247
68,20,100,0.20248717672768093,252.0,True,247
68,20,100,0.2433144088834524,1000.0,False,247
68,20,100,0.20360374277023444,266.0,True,247
68,20,100,0.1847752173968169,307.0,True,247
68,20,100,0.19976207923637815,332.0,False,247
68,20,100,0.24589804281772412,533.0,True,247
68,20,100,0.25104581066631376,374.0,True,247
68,20,100,0.1969088910803621,494.0,True,247
68,20,100,0.22447236532629547,236.0,True,247
68,20,100,0.2150779557690773,219.0,True,247
68,20,100,0.18026107034129554,211.0,True,247
68,20,100,0.20220349810777172,310.0,False,247
68,20,100,0.20110555600236962,54.0,False,247
68,20,100,0.1739998759123786,232.0,True,247
68,20,100,0.1843588235649732,101.0,False,247
68,20,100,0.19665222435958626,129.0,True,247
68,20,100,0.17673573408608145,213.0,True,247
68,20,100,0.2047149817625137,146.0,True,247
68,20,100,0.22923868224265892,309.0,False,247
68,20,100,0.2545612806570716,256.0,False,247
68,20,100,0.20637308129332435,284.0,False,247
68,20,100,0.19497235980434496,244.0,True,247
68,20,100,0.19091327229050645,293.0,False,247
68,20,100,0.2074770167014981,262.0,False,247
68,20,100,0.2412645216772263,374.0,False,247
68,20,100,0.2326190784184829,575.0,False,247
68,20,100,0.1885320535119699,196.0,True,247
68,20,100,0.17826126038264006,156.0,True,247
68,20,100,0.17529787241170805,240.0,True,247
68,20,100,0.2539802327774321,671.0,False,247
68,20,100,0.1737291211242317,186.0,True,247
68,20,100,0.19525649664657457,196.0,True,247
68,20,100,0.19283571253562795,145.0,True,247
68,20,100,0.1755563627396311,238.0,True,247
68,20,100,0.18045420396379577,231.0,True,247
68,20,100,0.1726547987722769,205.0,False,247
68,20,100,0.18770386775334677,210.0,True,247
68,20,100,0.18800768314312535,282.0,False,247
68,20,100,0.19096075605936827,233.0,True,247
68,20,100,0.2487921587002309,379.0,False,247
68,20,100,0.1806103251081832,282.0,True,247
68,20,100,0.19128954812324903,293.0,False,247
68,20,100,0.24994022984330247,615.0,False,247
68,20,100,0.2344779783376941,162.0,True,247
68,20,100,0.19777213533719382,165.0,False,247
68,20,100,0.1891420418850045,267.0,True,247
68,20,100,0.17474693820309736,243.0,True,247
68,20,100,0.20756351140164236,131.0,False,247
68,20,100,0.2149785994047142,166.0,True,247
68,20,100,0.22631930047646165,128.0,False,247
68,20,100,0.17102555804866276,237.0,True,247
68,20,100,0.26795987373412544,402.0,False,247
68,20,100,0.19934725314982024,247.0,True,247
68,20,100,0.22078223066371783,285.0,False,247
68,20,100,0.21402516494995044,211.0,True,247
68,20,100,0.1907076967787419,221.0,True,247
68,20,100,0.2124055929043714,255.0,True,247
68,20,100,0.247639681944033,205.0,True,247
68,20,100,0.20602869945114824,211.0,True,247
68,20,100,0.21739991092019612,108.0,False,247
68,20,100,0.18360160589218139,265.0,True,247
68,20,100,0.20425733621928382,301.0,True,247
68,20,100,0.17583721744831493,261.0,True,247
68,20,100,0.19276725956302906,247.0,True,247
68,20,100,0.19233575337242864,331.0,False,247
68,20,100,0.2197531803961723,155.0,True,247
68,20,100,0.2487138363352993,171.0,False,247
68,20,100,0.2492763492631616,161.0,False,247
68,20,100,0.18446643587122571,188.0,True,247
68,20,100,0.22995504049931542,295.0,False,247
68,20,100,0.20060567088101222,276.0,False,247
68,20,100,0.24467072296649853,235.0,False,247
68,20,100,0.21724979349590362,188.0,True,247
68,20,100,0.1971258408561045,441.0,False,247
68,20,100,0.16666705567370016,189.0,True,247
68,20,100,0.27002427567328724,280.0,False,247
68,20,100,0.1703284106515197,247.0,True,247
68,20,100,0.16643062157015648,155.0,True,247
68,20,100,0.23586807905257434,261.0,True,247
68,20,100,0.19893655587326398,55.0,False,247
68,20,100,0.2532985405210989,166.0,False,247
68,20,100,0.24283904471295945,141.0,True,247
68,20,100,0.19585118359215906,214.0,True,247
68,20,100,0.24785308812172885,394.0,False,247
68,20,100,0.2094692163914442,200.0,True,247
68,20,100,0.18514636687457267,203.0,True,247
68,20,100,0.21626107160400296,159.0,False,247
68,20,100,0.16518605628917957,203.0,True,247
68,20,100,0.19250044926962093,383.0,True,247
68,20,100,0.18894795553301866,106.0,False,247
68,20,100,0.185522555240563,182.0,True,247
68,20,100,0.2168378803042063,227.0,True,247
68,20,100,0.25341610245406626,200.0,False,247
68,20,100,0.23141247103310594,495.0,False,247
68,20,100,0.20167795570955535,331.0,True,247
68,20,100,0.2510227453605882,290.0,False,247
68,20,100,0.19199575194898916,196.0,True,247
68,20,100,0.15558882500674273,148.0,True,247
68,20,100,0.25461509057753523,284.0,False,247
68,20,100,0.19530612525639232,111.0,True,247
68,20,100,0.20439550992143288,178.0,True,247
68,20,100,0.20206596021716658,185.0,True,247
68,20,100,0.1605031043291092,186.0,True,247
68,20,100,0.16812362812240333,272.0,False,247
68,20,100,0.2010464685157015,203.0,True,247
68,20,100,0.19489113169198552,361.0,True,247
68,20,100,0.16431183559266296,148.0,True,247
68,20,100,0.18944791756270132,273.0,True,247
68,20,100,0.2218963928368627,245.0,True,247
68,20,100,0.2101197209866608,204.0,False,247
68,20,100,0.18203875025113422,135.0,True,247
68,20,100,0.18033578408347978,143.0,True,247
68,20,100,0.17281235862209135,249.0,True,247
68,20,100,0.17357962459895263,157.0,True,247
68,20,100,0.18493737476150485,137.0,False,247
68,20,100,0.18403403683800565,214.0,True,247
68,20,100,0.19956101194212708,158.0,True,247
68,20,100,0.16438990282023558,217.0,True,247
68,20,100,0.20587320725123087,225.0,True,247
68,20,100,0.18270016575718787,444.0,False,247
68,20,100,0.19851349898445325,254.0,True,247
68,20,100,0.1845177985824548,154.0,True,247
68,20,100,0.16538013477400956,221.0,True,247
68,20,100,0.1735163801163435,200.0,True,247
68,20,100,0.1864232201051045,143.0,True,247
68,20,100,0.1820561664945939,255.0,True,247
68,20,100,0.18963152718843276,239.0,False,247
68,20,100,0.2561514305513959,215.0,True,247
68,20,100,0.2013843154551786,218.0,True,247
68,20,100,0.16688223536077298,152.0,True,247
68,20,100,0.20046724961139262,256.0,True,247
68,20,100,0.16487614516847826,203.0,True,247
68,20,100,0.17244191892219313,165.0,False,247
68,20,100,0.24576581237612996,257.0,True,247
68,20,100,0.20428744310865532,148.0,True,247
68,20,100,0.17759549974444064,188.0,True,247
68,20,100,0.16328215635184085,165.0,True,247
68,20,100,0.17797582990982952,272.0,True,247
68,20,100,0.1747895891624173,254.0,True,247
68,20,100,0.18612119485624135,192.0,True,247
68,20,100,0.1797855783419069,203.0,True,247
68,20,100,0.1758652049509776,173.0,True,247
68,20,100,0.21842289195070422,246.0,True,247
68,20,100,0.17975518932821705,204.0,True,247
68,20,100,0.20802262425422668,215.0,False,247
68,20,100,0.20575141987285098,185.0,False,247
68,20,100,0.1917522370156662,181.0,True,247
68,20,100,0.17572704536519992,157.0,True,247
68,20,100,0.1567592874447011,161.0,True,247
68,20,100,0.1856240184985444,239.0,True,247
68,20,100,0.18269268694697627,151.0,False,247
68,20,100,0.18085606979677477,166.0,False,247
68,20,100,0.18098912161950487,313.0,True,247
68,20,100,0.1777384611112731,224.0,True,247
68,20,100,0.17108044368664022,197.0,True,247
68,20,100,0.18203265545437636,206.0,True,247
68,20,100,0.18422750505534086,165.0,True,247
68,20,100,0.19486543305323156,355.0,False,247
68,20,100,0.24282230380992317,267.0,True,247
68,20,100,0.17072951260442829,204.0,False,247
68,20,100,0.20954749043341037,243.0,True,247
68,20,100,0.23908888681658677,280.0,True,247
68,20,100,0.15349017685244543,161.0,True,247
68,20,100,0.17698754303774256,157.0,True,247
68,20,100,0.17676563470441603,214.0,True,247
68,20,100,0.17409930430179418,172.0,True,247
68,20,100,0.17787931520830502,198.0,True,247
68,20,100,0.1703981307172586,252.0,True,247
68,20,100,0.16024265243587169,176.0,True,247
68,20,100,0.16258981618143264,210.0,True,247
68,20,100,0.1751734586805105,200.0,True,247
68,20,100,0.19401017768999165,178.0,True,247
68,20,100,0.17087364651507614,213.0,True,247
68,20,100,0.18017331801110031,213.0,True,247
68,20,100,0.22957616243789444,402.0,True,247
68,20,100,0.15452806742823855,147.0,True,247
68,20,100,0.18331994116306305,215.0,True,247
68,20,100,0.1701886204891647,151.0,False,247
68,20,100,0.17648170831111762,182.0,True,247
68,20,100,0.17454455831112006,78.0,False,247
68,20,100,0.15607997019671732,144.0,True,247
68,20,100,0.1770244426549749,235.0,True,247
68,20,100,0.16443578002677448,138.0,True,247
68,20,100,0.1945019639455355,104.0,True,247
69,20,150,0.2017421294003725,72.0,False,353
69,20,150,0.20118183015208496,114.0,False,353
69,20,150,0.22794293211056635,169.0,True,353
69,20,150,0.21799552629048796,261.0,False,353
69,20,150,0.2094302831532119,154.0,False,353
69,20,150,0.16508982922349658,175.0,True,353
69,20,150,0.20245964514965914,490.0,False,353
69,20,150,0.17732966421766483,47.0,False,353
69,20,150,0.1666046754914041,161.0,True,353
69,20,150,0.2058478987369782,39.0,False,353
69,20,150,0.16777025205993104,174.0,True,353
69,20,150,0.22624112032978227,179.0,False,353
69,20,150,0.1830493768765813,168.0,True,353
69,20,150,0.18611840459193973,181.0,False,353
69,20,150,0.1945913547443019,360.0,True,353
69,20,150,0.1634943181449927,103.0,False,353
69,20,150,0.16405411827854993,82.0,False,353
69,20,150,0.18101525105334618,222.0,True,353
69,20,150,0.1872691204273161,243.0,True,353
69,20,150,0.17768199135859808,150.0,True,353
69,20,150,0.17132690244464463,186.0,True,353
69,20,150,0.18905946354721195,214.0,False,353
69,20,150,0.20907261772797658,130.0,True,353
69,20,150,0.17650060981762508,238.0,True,353
69,20,150,0.17767609185642666,225.0,True,353
69,20,150,0.18505067096173183,206.0,True,353
69,20,150,0.1773817638813523,193.0,True,353
69,20,150,0.19238890553342886,58.0,False,353
69,20,150,0.17419599255128781,98.0,False,353
69,20,150,0.20063310718536376,125.0,True,353
69,20,150,0.1787004941473893,183.0,True,353
69,20,150,0.17304914869368077,200.0,True,353
69,20,150,0.171870149865553,154.0,True,353
69,20,150,0.1769055627593387,267.0,True,353
69,20,150,0.18249150685651203,142.0,True,353
69,20,150,0.1867622919045053,222.0,True,353
69,20,150,0.16430560001352215,181.0,True,353
69,20,150,0.19029866498030587,334.0,True,353
69,20,150,0.17695904859734066,197.0,True,353
69,20,150,0.21024137862185213,47.0,False,353
69,20,150,0.23502480662336536,204.0,True,353
69,20,150,0.2212454219620059,254.0,False,353
69,20,150,0.253842815715444,1081.0,False,353
69,20,150,0.20169902086257935,175.0,True,353
69,20,150,0.20325808423130134,190.0,False,353
69,20,150,0.27996630335433614,432.0,False,353
69,20,150,0.21847723512088552,187.0,False,353
69,20,150,0.2236989008936476,282.0,False,353
69,20,150,0.21934403451882542,219.0,True,353
69,20,150,0.18738699542439502,207.0,True,353
69,20,150,0.18422273155167807,417.0,True,353
69,20,150,0.2166143531093792,147.0,True,353
69,20,150,0.2505113910611083,205.0,False,353
69,20,150,0.18384389756963804,260.0,True,353
69,20,150,0.20072593268800953,305.0,True,353
69,20,150,0.19640455031366438,418.0,False,353
69,20,150,0.1963287422785888,259.0,True,353
69,20,150,0.1911474905038243,394.0,True,353
69,20,150,0.1848644568666893,193.0,True,353
69,20,150,0.21727873033437972,195.0,False,353
69,20,150,0.19247633867686795,124.0,False,353
69,20,150,0.19094472082071406,93.0,False,353
69,20,150,0.19196140539172468,151.0,True,353
69,20,150,0.19379824225244852,145.0,True,353
69,20,150,0.24623888665383015,545.0,True,353
69,20,150,0.2207713951336013,450.0,False,353
69,20,150,0.22841404049062344,371.0,False,353
69,20,150,0.1929100052301967,344.0,True,353
69,20,150,0.216828890004248,212.0,True,353
69,20,150,0.2645622379729681,214.0,True,353
69,20,150,0.20609001278394629,247.0,True,353
69,20,150,0.1947544849925227,154.0,False,353
69,20,150,0.2601488677100239,234.0,True,353
69,20,150,0.19102381248223155,152.0,True,353
69,20,150,0.21683026965736418,129.0,True,353
69,20,150,0.20001496427448084,141.0,False,353
69,20,150,0.19914750429596295,449.0,False,353
69,20,150,0.20140088010029714,305.0,True,353
69,20,150,0.20892279320641569,247.0,True,353
69,20,150,0.21832867651575744,198.0,False,353
69,20,150,0.2057560883230258,353.0,True,353
69,20,150,0.19271304228889288,237.0,True,353
69,20,150,0.2065006029956481,204.0,True,353
69,20,150,0.19162035781529643,248.0,True,353
69,20,150,0.19098000118297898,203.0,True,353
69,20,150,0.19650045160306703,218.0,True,353
69,20,150,0.1895863926439194,209.0,True,353
69,20,150,0.20259085283392952,105.0,True,353
69,20,150,0.20031539745190563,68.0,False,353
69,20,150,0.22633135013091257,78.0,False,353
69,20,150,0.180880759250034,308.0,False,353
69,20,150,0.19195696820407154,219.0,True,353
69,20,150,0.2043949131272797,117.0,True,353
69,20,150,0.18541888599833026,229.0,True,353
69,20,150,0.19255902050155224,202.0,True,353
69,20,150,0.25890165438706225,220.0,True,353
69,20,150,0.2468922328733968,499.0,False,353
69,20,150,0.21374036355770845,187.0,True,353
69,20,150,0.2040757953141217,213.0,True,353
69,20,150,0.21892323058385116,156.0,True,353
69,20,150,0.18855857706069945,125.0,False,353
69,20,150,0.19703084440370605,291.0,True,353
69,20,150,0.2044937281726717,111.0,False,353
69,20,150,0.21829316244188662,113.0,False,353
69,20,150,0.18362942491898515,213.0,True,353
69,20,150,0.21185141899670012,198.0,False,353
69,20,150,0.2038163601976088,317.0,False,353
69,20,150,0.1879386929823802,325.0,True,353
69,20,150,0.2681299768471986,445.0,False,353
69,20,150,0.26160184296907163,255.0,False,353
69,20,150,0.24354928185767177,221.0,False,353
69,20,150,0.23482199913511673,144.0,False,353
69,20,150,0.1903154434133392,263.0,True,353
69,20,150,0.1731275430018889,187.0,True,353
69,20,150,0.2007592770825611,89.0,False,353
69,20,150,0.197378721088171,44.0,False,353
69,20,150,0.19370865646862623,264.0,True,353
69,20,150,0.1803584501359135,211.0,True,353
69,20,150,0.23489913246403002,730.0,False,353
69,20,150,0.25448850132274947,298.0,False,353
69,20,150,0.2140211461763072,246.0,False,353
69,20,150,0.21931437929234807,252.0,True,353
69,20,150,0.21253461220808195,171.0,True,353
69,20,150,0.2132939632250884,214.0,True,353
69,20,150,0.26361799763666616,222.0,False,353
69,20,150,0.18367636046319638,265.0,True,353
69,20,150,0.20994730276063925,337.0,True,353
69,20,150,0.18579146352786463,206.0,True,353
69,20,150,0.23152569987594265,146.0,False,353
69,20,150,0.1824135274847568,181.0,True,353
69,20,150,0.24803768083117977,489.0,False,353
69,20,150,0.24701214900526863,416.0,False,353
69,20,150,0.2503488621984919,480.0,False,353
69,20,150,0.1993168280717054,326.0,True,353
69,20,150,0.2692327343206355,187.0,True,353
69,20,150,0.20614996927054546,362.0,True,353
69,20,150,0.20231264038466476,307.0,True,353
69,20,150,0.21052161750876305,259.0,True,353
69,20,150,0.2075637634987979,258.0,True,353
69,20,150,0.2065119214710735,210.0,False,353
69,20,150,0.19466758370399476,390.0,False,353
69,20,150,0.2041740977942054,134.0,False,353
69,20,150,0.21084881419534082,222.0,True,353
69,20,150,0.19188792738959054,321.0,False,353
69,20,150,0.19405193080504735,240.0,False,353
69,20,150,0.19021809689700603,200.0,False,353
69,20,150,0.1934006967162358,131.0,True,353
69,20,150,0.17726485066659461,233.0,True,353
69,20,150,0.18580827199423267,253.0,True,353
69,20,150,0.20672130530033636,327.0,False,353
69,20,150,0.21813748343847691,320.0,False,353
69,20,150,0.2243466692500644,225.0,True,353
69,20,150,0.2028488999358113,193.0,True,353
69,20,150,0.21370093628859063,157.0,True,353
69,20,150,0.20897766986450592,77.0,False,353
69,20,150,0.20126986298067817,290.0,False,353
69,20,150,0.24333248206649918,83.0,True,353
69,20,150,0.20791691795668818,88.0,True,353
69,20,150,0.18782567932750238,132.0,False,353
69,20,150,0.1860128154167148,209.0,True,353
69,20,150,0.19700229127000976,182.0,True,353
69,20,150,0.19378279149532318,55.0,False,353
69,20,150,0.18090865247555682,296.0,False,353
69,20,150,0.19654740538114704,257.0,True,353
69,20,150,0.2018729865550995,200.0,False,353
69,20,150,0.18414798018833,120.0,True,353
69,20,150,0.18473091284940196,157.0,True,353
69,20,150,0.2138325395616325,185.0,True,353
69,20,150,0.1988081324334238,51.0,False,353
69,20,150,0.19708903046215281,34.0,False,353
69,20,150,0.20329572444344746,81.0,False,353
69,20,150,0.20240212067381128,154.0,True,353
69,20,150,0.23075799996915616,152.0,False,353
69,20,150,0.2589674793855126,1354.0,False,353
69,20,150,0.21165480908492337,460.0,False,353
69,20,150,0.20586909622722505,349.0,True,353
69,20,150,0.208315919605749,280.0,True,353
69,20,150,0.20084454992113734,169.0,True,353
69,20,150,0.2542001399980536,803.0,False,353
69,20,150,0.2714553748567899,216.0,False,353
69,20,150,0.17887589192161193,208.0,True,353
69,20,150,0.2678127441242451,655.0,False,353
69,20,150,0.21319623309489033,414.0,False,353
69,20,150,0.20541463735011908,26.0,False,353
69,20,150,0.24294267378507123,496.0,False,353
69,20,150,0.21606100297145295,209.0,True,353
69,20,150,0.26205967578195755,155.0,True,353
69,20,150,0.24335433542728424,139.0,True,353
69,20,150,0.20022232981041224,297.0,True,353
69,20,150,0.1951012999108694,206.0,True,353
69,20,150,0.18814191313689216,228.0,True,353
69,20,150,0.2459642857992688,307.0,False,353
69,20,150,0.1947644824034547,365.0,True,353
69,20,150,0.18644060125505482,108.0,False,353
69,20,150,0.1950399362784953,163.0,True,353
69,20,150,0.18903977106947925,181.0,True,353
69,20,150,0.18723600522409217,267.0,True,353
69,20,150,0.19610453918226448,213.0,True,353
69,20,150,0.1900054789506472,182.0,True,353
69,20,150,0.18158631791939606,37.0,False,353
69,20,150,0.22446218053499858,150.0,True,353
69,20,150,0.2135335098294651,85.0,True,353
69,20,150,0.19509819419524535,492.0,False,353
69,20,150,0.20016944806585427,247.0,True,353
69,20,150,0.19581987627947978,258.0,True,353
69,20,150,0.17473997592926024,75.0,False,353
69,20,150,0.2113534084126993,163.0,False,353
69,20,150,0.20896304724504,199.0,True,353
69,20,150,0.2042319190393134,164.0,True,353
69,20,150,0.1800978872511122,180.0,True,353
69,20,150,0.191025629968933,181.0,True,353
69,20,150,0.19038532577893313,340.0,False,353
69,20,150,0.18552644698940524,171.0,True,353
69,20,150,0.19046727734283336,206.0,True,353
69,20,150,0.19445495447401184,181.0,False,353
69,20,150,0.19434334462302982,299.0,True,353
69,20,150,0.1835522936951173,152.0,True,353
69,20,150,0.18276600980240365,115.0,True,353
69,20,150,0.1898428173583062,244.0,True,353
69,20,150,0.18460459998527237,172.0,True,353
69,20,150,0.1897588188577842,271.0,True,353
69,20,150,0.21617984909542723,173.0,False,353
69,20,150,0.1978937389732767,263.0,True,353
69,20,150,0.19743924865783272,236.0,True,353
69,20,150,0.18480290623579157,217.0,True,353
69,20,150,0.19895802600817247,220.0,False,353
69,20,150,0.2035562771089961,178.0,False,353
69,20,150,0.18326903611153095,111.0,True,353
69,20,150,0.18797906828031205,342.0,False,353
69,20,150,0.2517175253914909,163.0,False,353
69,20,150,0.24463106958852338,173.0,False,353
69,20,150,0.22421708330512047,148.0,True,353
69,20,150,0.21865794471487765,164.0,True,353
69,20,150,0.1922585426492894,235.0,False,353
69,20,150,0.18364206747508344,243.0,True,353
69,20,150,0.1949027653568047,121.0,False,353
69,20,150,0.18784652235767535,248.0,True,353
69,20,150,0.18042739726808094,218.0,True,353
69,20,150,0.18570490301970174,136.0,True,353
69,20,150,0.17788136424888082,238.0,True,353
69,20,150,0.17749153587378955,228.0,False,353
69,20,150,0.17926685716318563,321.0,True,353
69,20,150,0.18933100533662456,202.0,True,353
69,20,150,0.18889497786870302,271.0,True,353
69,20,150,0.19767181345544724,227.0,False,353
69,20,150,0.1859480809997505,213.0,True,353
69,20,150,0.18679415682951608,141.0,True,353
69,20,150,0.18287287142968947,155.0,False,353
69,20,150,0.18877424649123486,290.0,True,353
69,20,150,0.18827521387073728,54.0,False,353
69,20,150,0.2061857944475366,308.0,True,353
69,20,150,0.18476024192899562,309.0,True,353
69,20,150,0.1991990402166266,512.0,False,353
69,20,150,0.21383486224002526,122.0,True,353
69,20,150,0.18137709597142634,329.0,True,353
69,20,150,0.26003402563443795,227.0,False,353
69,20,150,0.25986383058647117,202.0,False,353
69,20,150,0.25231743518542865,253.0,False,353
69,20,150,0.21371782291680574,176.0,True,353
69,20,150,0.19864535590876703,207.0,True,353
69,20,150,0.17684170646326883,210.0,True,353
69,20,150,0.20335218855520573,123.0,True,353
69,20,150,0.19229791274567917,211.0,True,353
69,20,150,0.195592443875181,123.0,True,353
69,20,150,0.2493330206781785,374.0,False,353
69,20,150,0.19873981669430843,391.0,False,353
69,20,150,0.20624491451174448,209.0,False,353
69,20,150,0.20009062744322278,105.0,True,353
69,20,150,0.20756548143846473,194.0,True,353
69,20,150,0.19563694576640706,91.0,False,353
69,20,150,0.19858683688299997,70.0,True,353
69,20,150,0.19078252020668476,94.0,False,353
69,20,150,0.20558040347192194,77.0,False,353
69,20,150,0.18716987845015853,219.0,True,353
69,20,150,0.22266320844224635,149.0,True,353
69,20,150,0.17630024533718824,256.0,True,353
69,20,150,0.24090776416242762,186.0,False,353
69,20,150,0.17989255237670346,131.0,False,353
69,20,150,0.17741109400987626,100.0,True,353
69,20,150,0.2615906083335479,240.0,True,353
69,20,150,0.18967298964659374,75.0,False,353
69,20,150,0.18469314858517838,223.0,True,353
69,20,150,0.19006810409407462,155.0,True,353
69,20,150,0.2481291422176929,840.0,False,353
69,20,150,0.20040859225572963,132.0,True,353
69,20,150,0.19227166924004754,96.0,True,353
69,20,150,0.24874569915464795,227.0,False,353
69,20,150,0.19972351144226091,212.0,False,353
69,20,150,0.24925589660803477,135.0,False,353
69,20,150,0.18894404961782343,221.0,True,353
69,20,150,0.1857648200346428,206.0,True,353
69,20,150,0.17692601948976516,200.0,True,353
69,20,150,0.17956927660349253,222.0,True,353
69,20,150,0.18181437235009873,236.0,False,353
69,20,150,0.17231346722892535,186.0,True,353
69,20,150,0.1878432285375696,189.0,True,353
69,20,150,0.21171756751007503,99.0,False,353
69,20,150,0.1823735644419988,195.0,True,353
69,20,150,0.17454864342104304,110.0,True,353
69,20,150,0.21685143688879455,411.0,True,353
69,20,150,0.21235258551314473,288.0,True,353
69,20,150,0.177415201754727,243.0,True,353
69,20,150,0.17323437716701243,202.0,False,353
69,20,150,0.1876366457768849,210.0,True,353
69,20,150,0.18251315427717762,214.0,True,353
69,20,150,0.1627453422709687,146.0,True,353
69,20,150,0.18561372713004942,278.0,False,353
69,20,150,0.18112528927269436,252.0,True,353
69,20,150,0.18502556330758363,203.0,True,353
69,20,150,0.16168770096872165,184.0,True,353
69,20,150,0.1808736356596152,240.0,True,353
69,20,150,0.1747687085507772,156.0,False,353
69,20,150,0.1836179851701385,190.0,True,353
69,20,150,0.19777779466301731,169.0,False,353
69,20,150,0.17752985614286343,142.0,True,353
69,20,150,0.19024826528657462,207.0,True,353
69,20,150,0.19570196716182203,83.0,False,353
69,20,150,0.18535157202220545,41.0,False,353
69,20,150,0.1836748548916408,49.0,False,353
69,20,150,0.19424714554439892,66.0,True,353
69,20,150,0.18533197495826456,43.0,False,353
69,20,150,0.1835974612406322,35.0,False,353
70,21,1,0.2440520696915113,52.0,True,38
70,21,1,0.23393116837198083,55.0,False,38
70,21,1,0.25683183788354674,199.0,True,38
70,21,1,0.2522944774892595,45.0,False,38
70,21,1,0.2367888882975368,136.0,True,38
70,21,1,0.23774883567125765,154.0,True,38
70,21,1,0.25639666167971414,156.0,True,38
70,21,1,0.2688805159667264,230.0,False,38
70,21,1,0.25804082351612906,173.0,True,38
70,21,1,0.255292285753544,172.0,True,38
70,21,1,0.24943387508392334,181.0,True,38
70,21,1,0.25085273167153577,212.0,True,38
70,21,1,0.247693556448761,212.0,True,38
70,21,1,0.2438534282494423,172.0,True,38
70,21,1,0.226712443985236,156.0,True,38
70,21,1,0.23702419008079328,190.0,True,38
70,21,1,0.24099721927131337,289.0,True,38
70,21,1,0.2728457910504507,402.0,True,38
70,21,1,0.22737252524605503,270.0,True,38
70,21,1,0.239260495581278,205.0,True,38
70,21,1,0.217191839988312,178.0,True,38
70,21,1,0.20843142932573241,223.0,True,38
70,21,1,0.23808337536550336,155.0,True,38
70,21,1,0.2595231330913046,115.0,True,38
70,21,1,0.24767003424705997,155.0,True,38
70,21,1,0.2649731780036112,89.0,False,38
70,21,1,0.2618148014055076,141.0,False,38
70,21,1,0.2552956772538332,78.0,False,38
70,21,1,0.2305320477834693,222.0,True,38
70,21,1,0.25089863459989814,193.0,True,38
70,21,1,0.23090155981481075,192.0,True,38
70,21,1,0.24754383699181154,97.0,True,38
70,21,1,0.2704768478071402,746.0,False,38
70,21,1,0.2773985854658549,1292.0,False,38
71,21,10,0.23743289049531593,61.0,False,43
71,21,10,0.23726598545908928,64.0,True,43
71,21,10,0.24839096516370773,122.0,True,43
71,21,10,0.23224605838286466,116.0,True,43
71,21,10,0.2195728313202826,149.0,True,43
71,21,10,0.21333204966504127,128.0,True,43
71,21,10,0.2452292980217352,205.0,False,43
71,21,10,0.22479561978662518,142.0,True,43
71,21,10,0.26758756593499383,284.0,False,43
71,21,10,0.23699371750618137,172.0,True,43
71,21,10,0.25067673811787056,190.0,True,43
71,21,10,0.2409280787408352,200.0,True,43
71,21,10,0.26242111102722615,229.0,True,43
71,21,10,0.23249437688793267,181.0,True,43
71,21,10,0.22429191421591835,178.0,True,43
71,21,10,0.22352365658269915,179.0,True,43
71,21,10,0.2149531895692429,178.0,True,43
71,21,10,0.2865991848248702,325.0,True,43
71,21,10,0.23277678949137529,120.0,True,43
71,21,10,0.26044419434171684,283.0,False,43
71,21,10,0.22150778987453978,103.0,False,43
71,21,10,0.25425408489273904,266.0,True,43
71,21,10,0.2576290617130466,194.0,True,43
71,21,10,0.26283451955799664,218.0,True,43
71,21,10,0.25482929012966604,212.0,True,43
71,21,10,0.2536889790200893,324.0,True,43
71,21,10,0.25607277112563853,197.0,True,43
71,21,10,0.2744714707920426,114.0,True,43
71,21,10,0.272250449339163,103.0,False,43
71,21,10,0.21762785032905382,174.0,True,43
71,21,10,0.19056199302401725,158.0,True,43
71,21,10,0.26453501326862233,258.0,True,43
71,21,10,0.18592734282666987,165.0,True,43
71,21,10,0.2010365341228383,131.0,False,43
71,21,10,0.27013017066887446,35.0,False,43
71,21,10,0.25988993031540136,87.0,True,43
71,21,10,0.25362285656828276,213.0,True,43
71,21,10,0.2413468237580924,29.0,False,43
71,21,10,0.2535602833543505,56.0,True,43
71,21,10,0.28422657950141833,702.0,False,43
71,21,10,0.2737656625510645,862.0,False,43
71,21,10,0.2811011845410766,599.0,False,43
71,21,10,0.2640218663314157,242.0,True,43
72,21,50,0.240834075332488,149.0,True,58
72,21,50,0.20670982971787452,160.0,True,58
72,21,50,0.23009282319816118,97.0,True,58
72,21,50,0.22172624661076454,155.0,True,58
72,21,50,0.19641858725985395,158.0,True,58
72,21,50,0.2109948384974684,140.0,True,58
72,21,50,0.24865307907263437,153.0,True,58
72,21,50,0.24233886303368563,161.0,True,58
72,21,50,0.22018941836431621,160.0,True,58
72,21,50,0.23826732188463212,90.0,False,58
72,21,50,0.19175063339200352,202.0,True,58
72,21,50,0.26390500041975906,335.0,False,58
72,21,50,0.2058859642324501,179.0,True,58
72,21,50,0.23505547996132803,156.0,True,58
72,21,50,0.23950417507329635,169.0,True,58
72,21,50,0.26096343639614855,269.0,False,58
72,21,50,0.2346714798544274,183.0,True,58
72,21,50,0.2347199387404303,302.0,False,58
72,21,50,0.22221907703991395,249.0,True,58
72,21,50,0.21419583463062675,118.0,True,58
72,21,50,0.20914643710549874,158.0,True,58
72,21,50,0.2159160483473291,192.0,True,58
72,21,50,0.24150802433780097,206.0,False,58
72,21,50,0.22812312813475727,160.0,True,58
72,21,50,0.22753826188189644,210.0,True,58
72,21,50,0.2195922809416424,437.0,False,58
72,21,50,0.241498894106291,329.0,True,58
72,21,50,0.2291702168143314,161.0,True,58
72,21,50,0.23199677450696848,179.0,False,58
72,21,50,0.21551015774408977,135.0,False,58
72,21,50,0.22948636524043642,222.0,True,58
72,21,50,0.22662420876716313,190.0,True,58
72,21,50,0.19953794439853226,181.0,True,58
72,21,50,0.2054394680676581,158.0,True,58
72,21,50,0.23230123489794105,198.0,True,58
72,21,50,0.20297972605242368,171.0,True,58
72,21,50,0.21513679746753914,121.0,False,58
72,21,50,0.2645841201325667,776.0,False,58
72,21,50,0.189664986250656,168.0,True,58
72,21,50,0.1855554761070954,209.0,False,58
72,21,50,0.17817701581938594,204.0,True,58
72,21,50,0.22160555194405948,170.0,True,58
72,21,50,0.19474180398079066,130.0,False,58
72,21,50,0.22601447025490873,179.0,True,58
72,21,50,0.18348110483463154,229.0,True,58
72,21,50,0.22216483863888595,189.0,True,58
72,21,50,0.24389953307713133,79.0,False,58
72,21,50,0.23728399779928389,199.0,True,58
72,21,50,0.24893304682811912,196.0,True,58
72,21,50,0.24152716741063238,153.0,True,58
72,21,50,0.2581508624924713,498.0,False,58
72,21,50,0.22506854221732778,352.0,False,58
72,21,50,0.25867577530219704,499.0,True,58
72,21,50,0.27115666905175084,345.0,True,58
72,21,50,0.2559367904385317,206.0,True,58
72,21,50,0.22142706571713738,230.0,True,58
72,21,50,0.22046752479569665,87.0,False,58
73,21,100,0.20111559331417084,137.0,True,92
73,21,100,0.1970371618657045,71.0,True,92
73,21,100,0.1995937624285298,155.0,True,92
73,21,100,0.20142658341009886,151.0,True,92
73,21,100,0.17711308567899547,146.0,True,92
73,21,100,0.17688993322923316,161.0,True,92
73,21,100,0.18033097401449952,158.0,True,92
73,21,100,0.1769073502924628,167.0,True,92
73,21,100,0.21418316897055875,292.0,True,92
73,21,100,0.18665993916247176,193.0,True,92
73,21,100,0.17668646691943243,139.0,True,92
73,21,100,0.23862491363570804,105.0,False,92
73,21,100,0.24975315069110648,103.0,False,92
73,21,100,0.2435164495654728,115.0,False,92
73,21,100,0.17344539535123032,154.0,True,92
73,21,100,0.17730902641318566,215.0,True,92
73,21,100,0.2075030885282017,210.0,True,92
73,21,100,0.1944502234214642,122.0,True,92
73,21,100,0.24555800813100032,248.0,False,92
73,21,100,0.22882086101849125,212.0,True,92
73,21,100,0.18758972415935646,206.0,True,92
73,21,100,0.2256211440291321,285.0,True,92
73,21,100,0.22127649693778068,165.0,True,92
73,21,100,0.24080735030433825,248.0,False,92
73,21,100,0.1920155294631657,171.0,True,92
73,21,100,0.1909437523149758,139.0,True,92
73,21,100,0.1681282519683486,244.0,True,92
73,21,100,0.2030434696868276,209.0,True,92
73,21,100,0.21644155870123608,205.0,True,92
73,21,100,0.18354722040314828,217.0,True,92
73,21,100,0.20891169780727037,229.0,True,92
73,21,100,0.21371848069795288,202.0,True,92
73,21,100,0.1985146525578621,234.0,False,92
73,21,100,0.23425270961736566,134.0,True,92
73,21,100,0.2563938481010953,196.0,True,92
73,21,100,0.2349396059640282,478.0,False,92
73,21,100,0.2560690121090674,364.0,True,92
73,21,100,0.23309582466348952,271.0,False,92
73,21,100,0.2246020023563975,304.0,False,92
73,21,100,0.21766656802760231,207.0,True,92
73,21,100,0.23297443330287934,200.0,False,92
73,21,100,0.2284495841632498,94.0,True,92
73,21,100,0.2157857428364297,188.0,True,92
73,21,100,0.26546924853105147,217.0,False,92
73,21,100,0.22085871397112516,223.0,True,92
73,21,100,0.26145334813395155,203.0,True,92
73,21,100,0.2555141071414641,311.0,True,92
73,21,100,0.23453041832698018,57.0,False,92
73,21,100,0.2261639692281422,38.0,False,92
73,21,100,0.21540046824562933,155.0,True,92
73,21,100,0.2672242933271715,1043.0,False,92
73,21,100,0.21447229722271796,230.0,True,92
73,21,100,0.21922892400500726,196.0,False,92
73,21,100,0.22143593565984207,132.0,False,92
73,21,100,0.17718009547940616,203.0,True,92
73,21,100,0.1885801089066331,186.0,True,92
73,21,100,0.2502202482044118,206.0,False,92
73,21,100,0.18250456903325885,152.0,True,92
73,21,100,0.19315651365016637,190.0,True,92
73,21,100,0.18175047331008334,298.0,False,92
73,21,100,0.2141824951695819,248.0,False,92
73,21,100,0.20744004967617014,171.0,True,92
73,21,100,0.22763230991952213,81.0,False,92
73,21,100,0.20952669782159122,184.0,True,92
73,21,100,0.20634230222161962,181.0,True,92
73,21,100,0.2071317718436681,193.0,True,92
73,21,100,0.19947024983055187,159.0,False,92
73,21,100,0.19093667599889969,225.0,True,92
73,21,100,0.21500049632640533,162.0,True,92
73,21,100,0.21111787892147607,204.0,True,92
73,21,100,0.20047850938894415,93.0,True,92
73,21,100,0.21620166074070665,144.0,True,92
73,21,100,0.18700174361035443,138.0,False,92
73,21,100,0.2922404206850949,34.0,False,92
73,21,100,0.20229934089958007,271.0,True,92
73,21,100,0.20185620687445816,245.0,True,92
73,21,100,0.21332397343630485,188.0,True,92
73,21,100,0.29580322976133466,226.0,False,92
73,21,100,0.368682667273079,263.0,False,92
73,21,100,0.33998655625314356,214.0,True,92
73,21,100,0.2365718012196677,175.0,True,92
73,21,100,0.19705734494027127,178.0,True,92
73,21,100,0.19489025701006116,287.0,True,92
73,21,100,0.18132025913612262,185.0,True,92
73,21,100,0.2171281183952893,231.0,True,92
73,21,100,0.2287586747783504,73.0,True,92
74,21,150,0.20187176117695957,83.0,True,150
74,21,150,0.21762542979735316,132.0,True,150
74,21,150,0.20030109617943154,133.0,True,150
74,21,150,0.20869271324740515,135.0,False,150
74,21,150,0.19245959236018959,87.0,False,150
74,21,150,0.2275660741821076,206.0,True,150
74,21,150,0.2316225452274926,177.0,False,150
74,21,150,0.2158759950316526,187.0,True,150
74,21,150,0.20010300183483443,191.0,True,150
74,21,150,0.17298171914912558,185.0,True,150
74,21,150,0.2013282292147181,134.0,True,150
74,21,150,0.19719091929354757,106.0,True,150
74,21,150,0.1676403775733585,192.0,True,150
74,21,150,0.18905329647567445,289.0,True,150
74,21,150,0.2260284916190719,549.0,False,150
74,21,150,0.19691284354460442,118.0,True,150
74,21,150,0.24747231102415493,280.0,False,150
74,21,150,0.1720278088098917,195.0,True,150
74,21,150,0.19682489056140184,96.0,False,150
74,21,150,0.1811746397209399,206.0,True,150
74,21,150,0.193931460109624,165.0,True,150
74,21,150,0.17892987783730885,209.0,True,150
74,21,150,0.21813378322192215,176.0,False,150
74,21,150,0.19937285677164415,158.0,True,150
74,21,150,0.20347376120999255,223.0,False,150
74,21,150,0.1903332204092294,192.0,True,150
74,21,150,0.1803695159080701,195.0,True,150
74,21,150,0.1657106402245435,209.0,True,150
74,21,150,0.22593007446863714,156.0,True,150
74,21,150,0.21586234214967184,274.0,False,150
74,21,150,0.20734671114096,67.0,False,150
74,21,150,0.2105684901277224,60.0,False,150
74,21,150,0.19617744174442794,380.0,False,150
74,21,150,0.22034412963450142,319.0,True,150
74,21,150,0.24307330483847325,202.0,True,150
74,21,150,0.21258019228450586,244.0,True,150
74,21,150,0.17526518138679298,185.0,True,150
74,21,150,0.23436001023190134,149.0,True,150
74,21,150,0.20025442761949974,101.0,True,150
74,21,150,0.19469424012829276,85.0,False,150
74,21,150,0.20251279886601106,212.0,False,150
74,21,150,0.21590361070065273,105.0,True,150
74,21,150,0.17020889826245228,236.0,False,150
74,21,150,0.20578593954443933,200.0,True,150
74,21,150,0.2001998244606434,188.0,False,150
74,21,150,0.19137016687487146,203.0,False,150
74,21,150,0.18650558447733717,229.0,False,150
74,21,150,0.20564376935362816,232.0,False,150
74,21,150,0.23914160725077557,353.0,True,150
74,21,150,0.21737371879990083,274.0,False,150
74,21,150,0.24532868097283247,173.0,True,150
74,21,150,0.1779387740078818,203.0,False,150
74,21,150,0.1698896197226126,213.0,True,150
74,21,150,0.22435487612434055,184.0,False,150
74,21,150,0.18887666963278976,219.0,True,150
74,21,150,0.20773284665299852,206.0,True,150
74,21,150,0.2026292132596447,73.0,False,150
74,21,150,0.18445325730478063,34.0,False,150
74,21,150,0.18889281839605362,63.0,False,150
74,21,150,0.1936813785822065,241.0,False,150
74,21,150,0.19048486306697507,395.0,False,150
74,21,150,0.18837583986272838,351.0,False,150
74,21,150,0.20094363063068713,531.0,False,150
74,21,150,0.2086894341543609,255.0,True,150
74,21,150,0.2170398296608079,372.0,False,150
74,21,150,0.2530317761782123,833.0,False,150
74,21,150,0.23997966508599805,413.0,False,150
74,21,150,0.24929379156612336,188.0,True,150
74,21,150,0.19788944286799356,319.0,True,150
74,21,150,0.2051904827682047,183.0,False,150
74,21,150,0.20427930400456268,197.0,True,150
74,21,150,0.2361100210711874,116.0,True,150
74,21,150,0.19962163640195457,201.0,False,150
74,21,150,0.23996995335520663,221.0,True,150
74,21,150,0.18957250022164016,214.0,True,150
74,21,150,0.18515945065904546,270.0,True,150
74,21,150,0.22626242054774698,226.0,True,150
74,21,150,0.2203207022764466,88.0,False,150
74,21,150,0.3780976859006015,99.0,False,150
74,21,150,0.2632403976589669,131.0,True,150
74,21,150,0.42435511977088697,49.0,False,150
74,21,150,0.16904767217689287,269.0,True,150
74,21,150,0.19945465342565016,550.0,False,150
74,21,150,0.22286240814568162,154.0,True,150
74,21,150,0.428816572837303,489.0,False,150
74,21,150,0.4474201336866472,246.0,False,150
74,21,150,0.3802445821818851,42.0,False,150
74,21,150,0.38307000058037893,63.0,False,150
74,21,150,0.2260997811809774,277.0,False,150
74,21,150,0.189085127557056,228.0,True,150
74,21,150,0.22036460205834574,382.0,False,150
74,21,150,0.24435120851409678,343.0,False,150
74,21,150,0.20600294797387841,365.0,False,150
74,21,150,0.2741803309092155,91.0,False,150
74,21,150,0.32208323404192923,40.0,False,150
74,21,150,0.1980527924803587,260.0,True,150
74,21,150,0.29556317776441576,160.0,False,150
74,21,150,0.32149377451321787,107.0,False,150
74,21,150,0.2552504679735969,34.0,False,150
74,21,150,0.25447280030205566,53.0,False,150
74,21,150,0.27899538311693406,27.0,False,150
74,21,150,0.23333385777659715,640.0,False,150
74,21,150,0.2304099051982571,513.0,False,150
74,21,150,0.19289214222387235,217.0,True,150
74,21,150,0.18815302375484916,255.0,True,150
74,21,150,0.17325859949075056,181.0,True,150
74,21,150,0.1711665918827057,125.0,True,150
74,21,150,0.3388265905280908,24.0,False,150
74,21,150,0.3164275574187438,24.0,False,150
74,21,150,0.2772534260383019,26.0,False,150
74,21,150,0.29573218261494355,17.0,False,150
74,21,150,0.25760080218315123,5.0,False,150
74,21,150,0.2808523258337608,13.0,False,150
74,21,150,0.2722320570187135,11.0,False,150
74,21,150,0.2909919669230779,6.0,False,150
74,21,150,0.4033784535915955,23.0,False,150
74,21,150,0.38531964804444996,28.0,False,150
74,21,150,0.5303490161895752,5.0,False,150
74,21,150,0.3858937347928683,12.0,False,150
74,21,150,0.40047769000132877,6.0,False,150
74,21,150,0.18901673124896157,162.0,True,150
74,21,150,0.31976063493499185,133.0,False,150
74,21,150,0.3289272725582123,40.0,False,150
74,21,150,0.33785960035664697,35.0,False,150
74,21,150,0.33147557445292203,53.0,False,150
74,21,150,0.33456776510266695,51.0,False,150
74,21,150,0.5410667210817337,4.0,False,150
74,21,150,0.24056539004429792,390.0,False,150
74,21,150,0.2554139105374353,57.0,False,150
74,21,150,0.2608618338902791,30.0,False,150
74,21,150,0.18517545406140534,408.0,True,150
74,21,150,0.2218729013746435,33.0,False,150
74,21,150,0.19084766507148743,20.0,False,150
74,21,150,0.19028233488400778,24.0,False,150
74,21,150,0.17623982061285617,242.0,True,150
74,21,150,0.19029553165908233,217.0,True,150
74,21,150,0.35853882069173065,69.0,False,150
74,21,150,0.32965709059499204,64.0,False,150
74,21,150,0.4106562637513684,31.0,False,150
74,21,150,0.38662102542541643,54.0,False,150
74,21,150,0.4076340174988696,19.0,False,150
74,21,150,0.3078028702614259,49.0,False,150
74,21,150,0.3010082894817312,47.0,False,150
74,21,150,0.18584204273759772,218.0,True,150
74,21,150,0.34053703860232704,95.0,False,150
74,21,150,0.22114321421771954,311.0,False,150
74,21,150,0.2653477226608786,116.0,True,150
74,21,150,0.19294476357041573,245.0,True,150
74,21,150,0.5033006025111582,127.0,False,150
74,21,150,0.1643243754420299,257.0,False,150
74,21,150,0.18911474101683673,170.0,True,150
74,21,150,0.4540095949704762,269.0,False,150
74,21,150,0.2420474695853698,312.0,False,150
74,21,150,0.31369137602547803,240.0,False,150
74,21,150,0.3624909999323826,51.0,False,150
74,21,150,0.40417591425088734,78.0,False,150
74,21,150,0.20882738005001467,182.0,True,150
74,21,150,0.17264073776702085,240.0,True,150
74,21,150,0.5713297530662181,43.0,False,150
74,21,150,0.17211247941233077,265.0,False,150
74,21,150,0.18573657048035816,415.0,False,150
74,21,150,0.1969114346213119,86.0,False,150
74,21,150,0.20335580834320613,105.0,False,150
74,21,150,0.18633524847030639,125.0,False,150
75,22,1,0.23526703517146522,197.0,True,34
75,22,1,0.21682581605596674,144.0,True,34
75,22,1,0.25671893905448373,177.0,True,34
75,22,1,0.2510504405188367,123.0,False,34
75,22,1,0.22889653473365598,205.0,True,34
75,22,1,0.22659898433420395,180.0,True,34
75,22,1,0.22057143684050337,201.0,True,34
75,22,1,0.19909272018309945,241.0,True,34
75,22,1,0.2129461381998327,180.0,True,34
75,22,1,0.22080720267831322,187.0,True,34
75,22,1,0.2616735512534013,520.0,False,34
75,22,1,0.24448623697499972,185.0,True,34
75,22,1,0.23993163839463263,155.0,True,34
75,22,1,0.34849966149818656,449.0,False,34
75,22,1,0.29003310669213533,192.0,True,34
75,22,1,0.5439474873053722,78.0,True,34
75,22,1,0.2704271744118958,164.0,True,34
75,22,1,0.2623612580584808,142.0,True,34
75,22,1,0.24482920078130868,104.0,True,34
75,22,1,0.2462649949339052,151.0,True,34
75,22,1,0.22140447395978516,194.0,True,34
75,22,1,0.24288648135703186,174.0,True,34
75,22,1,0.2618651281246978,178.0,False,34
75,22,1,0.21537667824778445,129.0,True,34
75,22,1,0.21675998511466574,141.0,True,34
75,22,1,0.2240952396577643,129.0,True,34
75,22,1,0.20004031759627322,94.0,True,34
76,22,10,0.2394020729450788,207.0,True,37
76,22,10,0.2192040518944308,161.0,True,37
76,22,10,0.25897185578123555,182.0,True,37
76,22,10,0.2506468786912806,17.0,False,37
76,22,10,0.2488700764046775,18.0,False,37
76,22,10,0.2344861243757905,209.0,True,37
76,22,10,0.22567468181252479,200.0,True,37
76,22,10,0.25357938187564916,167.0,False,37
76,22,10,0.21003721530238786,240.0,True,37
76,22,10,0.2203979842481813,191.0,True,37
76,22,10,0.24207660445460566,216.0,True,37
76,22,10,0.2278063968710956,168.0,True,37
76,22,10,0.26886519527728253,529.0,False,37
76,22,10,0.2518349471615582,123.0,True,37
76,22,10,0.2375464364886284,180.0,True,37
76,22,10,0.2991874635523679,490.0,False,37
76,22,10,0.2659820973491057,78.0,False,37
76,22,10,0.5325027067835132,96.0,True,37
76,22,10,0.2510942964739091,148.0,True,37
76,22,10,0.24765168304092314,163.0,True,37
76,22,10,0.2586479276222618,152.0,True,37
76,22,10,0.25115454927751213,157.0,True,37
76,22,10,0.23788530603774544,206.0,True,37
76,22,10,0.24427663318856935,169.0,True,37
76,22,10,0.23044854654547045,136.0,True,37
76,22,10,0.21319621002752018,153.0,True,37
76,22,10,0.2238628061680958,145.0,True,37
76,22,10,0.23974826886103703,130.0,True,37
76,22,10,0.20703494434173292,91.0,True,37
77,22,50,0.21252007396132858,54.0,True,50
77,22,50,0.17651067113175112,170.0,True,50
77,22,50,0.17237449745016714,155.0,True,50
77,22,50,0.22132495071061634,176.0,True,50
77,22,50,0.22662187006974976,252.0,True,50
77,22,50,0.16121687165771922,192.0,True,50
77,22,50,0.22974334548913897,289.0,False,50
77,22,50,0.23494027613234442,307.0,False,50
77,22,50,0.15630299471891843,195.0,True,50
77,22,50,0.20735887157714972,295.0,False,50
77,22,50,0.19971631753579372,177.0,True,50
77,22,50,0.16844666511924178,135.0,True,50
77,22,50,0.23011317344538243,502.0,False,50
77,22,50,0.18068558377848917,283.0,True,50
77,22,50,0.20951939888298513,200.0,True,50
77,22,50,0.18020711451768875,150.0,True,50
77,22,50,0.1980039157825916,402.0,False,50
77,22,50,0.18952531837396794,222.0,True,50
77,22,50,0.21217638933935115,194.0,True,50
77,22,50,0.1991772429526218,163.0,True,50
77,22,50,0.1976884516882779,203.0,True,50
77,22,50,0.27896905968834074,562.0,False,50
77,22,50,0.2513467624373392,109.0,False,50
77,22,50,0.37610416087721077,168.0,False,50
77,22,50,0.20846544821777255,213.0,True,50
77,22,50,0.21379486831466546,209.0,True,50
77,22,50,0.21178294521160226,189.0,True,50
77,22,50,0.20899177932631377,221.0,True,50
77,22,50,0.2139982687827398,169.0,True,50
77,22,50,0.20399906751103875,211.0,True,50
77,22,50,0.19937215493598454,142.0,True,50
77,22,50,0.2088309314943129,155.0,True,50
77,22,50,0.18861934359444946,122.0,True,50
77,22,50,0.2525525643970027,99.0,True,50
77,22,50,0.16919535499571556,199.0,True,50
77,22,50,0.21162104263355594,191.0,True,50
77,22,50,0.1929744260135667,231.0,True,50
77,22,50,0.20985026102589102,196.0,False,50
77,22,50,0.2226808701104265,123.0,True,50
78,22,100,0.22417395174795507,204.0,False,84
78,22,100,0.18984155569757735,112.0,False,84
78,22,100,0.17572039183305235,98.0,False,84
78,22,100,0.20373380354241186,184.0,True,84
78,22,100,0.17389939185027237,182.0,True,84
78,22,100,0.18961492910360297,96.0,True,84
78,22,100,0.2389176968198556,650.0,False,84
78,22,100,0.22723756578930637,285.0,False,84
78,22,100,0.21679440880781853,149.0,True,84
78,22,100,0.16680050214131673,150.0,True,84
78,22,100,0.17016317502462439,224.0,True,84
78,22,100,0.2224247086307277,46.0,False,84
78,22,100,0.22694094966998143,226.0,True,84
78,22,100,0.2103689730167389,85.0,False,84
78,22,100,0.19802343137938566,99.0,False,84
78,22,100,0.172132333551628,276.0,True,84
78,22,100,0.18964360031367694,177.0,True,84
78,22,100,0.21022086820238078,373.0,False,84
78,22,100,0.2211442008527399,171.0,True,84
78,22,100,0.22360840798106812,131.0,True,84
78,22,100,0.1710709315512825,233.0,True,84
78,22,100,0.21358140141412776,186.0,True,84
78,22,100,0.21959176757151172,168.0,True,84
78,22,100,0.20039693122660673,270.0,True,84
78,22,100,0.2619363221305388,216.0,False,84
78,22,100,0.17166206998937933,169.0,True,84
78,22,100,0.16626974698250668,197.0,True,84
78,22,100,0.20449486976564638,421.0,False,84
78,22,100,0.18007626999979434,253.0,True,84
78,22,100,0.19938602025915936,164.0,False,84
78,22,100,0.19711093732097126,222.0,True,84
78,22,100,0.1902322778954123,137.0,True,84
78,22,100,0.18348225597509615,257.0,True,84
78,22,100,0.18742391089727353,154.0,True,84
78,22,100,0.20235933488013277,311.0,False,84
78,22,100,0.20982912912013682,47.0,True,84
78,22,100,0.1979092022815308,154.0,True,84
78,22,100,0.24407988777906142,339.0,True,84
78,22,100,0.2068766717515562,184.0,True,84
78,22,100,0.21606400077407426,185.0,True,84
78,22,100,0.1906484307087574,194.0,True,84
78,22,100,0.22424444368090293,198.0,True,84
78,22,100,0.21977082764977343,286.0,False,84
78,22,100,0.2751118200495071,194.0,True,84
78,22,100,0.365988091746373,67.0,False,84
78,22,100,0.2027103631727157,31.0,False,84
78,22,100,0.30168991368644094,49.0,False,84
78,22,100,0.24757239888323115,141.0,False,84
78,22,100,0.21086044671634832,192.0,True,84
78,22,100,0.2900010232315507,215.0,False,84
78,22,100,0.19958927565837797,241.0,True,84
78,22,100,0.2538496687105208,132.0,True,84
78,22,100,0.3428043145232084,41.0,False,84
78,22,100,0.20131118510450635,175.0,True,84
78,22,100,0.22120509932011914,163.0,True,84
78,22,100,0.1906408475192844,244.0,True,84
78,22,100,0.20999273849595892,202.0,True,84
78,22,100,0.192619584997495,195.0,True,84
78,22,100,0.254316172380557,174.0,False,84
78,22,100,0.2540698143517136,157.0,False,84
78,22,100,0.2017847185156175,168.0,True,84
78,22,100,0.20607855030718972,170.0,True,84
78,22,100,0.2024699218888232,188.0,True,84
78,22,100,0.23781638704569993,113.0,False,84
78,22,100,0.23796387425824708,51.0,False,84
78,22,100,0.18633642035528897,246.0,True,84
78,22,100,0.16431991968836104,224.0,True,84
78,22,100,0.2249980312408568,269.0,True,84
78,22,100,0.1787901637695169,186.0,True,84
78,22,100,0.17056787590585162,199.0,True,84
78,22,100,0.1890683073702277,319.0,False,84
78,22,100,0.1922188933600079,220.0,True,84
78,22,100,0.20591145500223687,235.0,True,84
78,22,100,0.25525052212039184,534.0,True,84
78,22,100,0.22787997956369438,255.0,True,84
79,22,150,0.2241702779099859,290.0,False,119
79,22,150,0.22117087032113755,140.0,False,119
79,22,150,0.20333641949885836,192.0,True,119
79,22,150,0.17740991383026808,195.0,True,119
79,22,150,0.18106254890109552,33.0,False,119
79,22,150,0.16809384621403836,216.0,True,119
79,22,150,0.1706886513560426,102.0,False,119
79,22,150,0.2143899624546369,312.0,False,119
79,22,150,0.1813967267672221,240.0,True,119
79,22,150,0.17041549645364285,48.0,False,119
79,22,150,0.19271871126615084,65.0,False,119
79,22,150,0.240243380451532,434.0,False,119
79,22,150,0.24138650215905288,145.0,True,119
79,22,150,0.16882533491204638,218.0,True,119
79,22,150,0.19348774625195397,225.0,True,119
79,22,150,0.21152206285055294,86.0,False,119
79,22,150,0.1863037868617819,208.0,True,119
79,22,150,0.23034828129040935,137.0,True,119
79,22,150,0.17743531673882915,113.0,False,119
79,22,150,0.18181448179715093,283.0,True,119
79,22,150,0.18370419330697843,189.0,True,119
79,22,150,0.20320985343561593,498.0,False,119
79,22,150,0.22329747188286703,305.0,True,119
79,22,150,0.19111981373783704,222.0,True,119
79,22,150,0.22101636911615913,81.0,False,119
79,22,150,0.1714287348241614,149.0,True,119
79,22,150,0.21064756532467485,233.0,True,119
79,22,150,0.17419618436175843,230.0,True,119
79,22,150,0.17197092234248845,213.0,True,119
79,22,150,0.19882571777637056,278.0,True,119
79,22,150,0.21447000173585756,140.0,True,119
79,22,150,0.17620636642940582,186.0,False,119
79,22,150,0.1855888049026112,182.0,True,119
79,22,150,0.19076993241580814,229.0,True,119
79,22,150,0.1892272138718477,97.0,True,119
79,22,150,0.19379719340777302,498.0,False,119
79,22,150,0.1811713363932467,261.0,True,119
79,22,150,0.23516193027196286,294.0,False,119
79,22,150,0.24996691633419818,415.0,False,119
79,22,150,0.22469211976075995,290.0,True,119
79,22,150,0.20641687385037413,234.0,True,119
79,22,150,0.20824250636636749,129.0,False,119
79,22,150,0.19305243060506624,203.0,True,119
79,22,150,0.19180498473784502,170.0,True,119
79,22,150,0.1923595541497556,246.0,True,119
79,22,150,0.17345248619883746,295.0,True,119
79,22,150,0.21364789631436854,238.0,True,119
79,22,150,0.2486493379189706,191.0,True,119
79,22,150,0.21628663408705312,234.0,True,119
79,22,150,0.2000011981126681,201.0,True,119
79,22,150,0.23385648834793007,136.0,True,119
79,22,150,0.20534167926886987,58.0,False,119
79,22,150,0.19192347620372419,162.0,True,119
79,22,150,0.23421100164409234,113.0,True,119
79,22,150,0.1945863177450441,556.0,False,119
79,22,150,0.2282370600810985,194.0,False,119
79,22,150,0.22309593274428027,274.0,True,119
79,22,150,0.2207080992559592,120.0,False,119
79,22,150,0.31160865609462446,91.0,True,119
79,22,150,0.26283073378137395,158.0,False,119
79,22,150,0.19419666829294172,174.0,True,119
79,22,150,0.2082900801466571,180.0,True,119
79,22,150,0.28301028811162515,31.0,False,119
79,22,150,0.183737086409584,188.0,True,119
79,22,150,0.20847750564265732,198.0,True,119
79,22,150,0.30108028628208017,135.0,True,119
79,22,150,0.24154115306294482,115.0,False,119
79,22,150,0.23541985464192206,124.0,True,119
79,22,150,0.18451081241170567,180.0,True,119
79,22,150,0.5702619992070279,59.0,True,119
79,22,150,0.19579427090345644,153.0,True,119
79,22,150,0.35366070025214336,164.0,False,119
79,22,150,0.17560117024668428,172.0,True,119
79,22,150,0.2297964776446531,182.0,True,119
79,22,150,0.3655784940537141,98.0,True,119
79,22,150,0.18322090770123323,173.0,True,119
79,22,150,0.20584230147642532,197.0,True,119
79,22,150,0.20063516075881022,159.0,True,119
79,22,150,0.21502201120350875,204.0,True,119
79,22,150,0.20315293350198246,222.0,True,119
79,22,150,0.18044456644830378,176.0,True,119
79,22,150,0.1832451252826576,183.0,True,119
79,22,150,0.17064717173820637,244.0,True,119
79,22,150,0.17590990190829464,199.0,True,119
79,22,150,0.26208699602856594,234.0,False,119
79,22,150,0.2072662864025537,231.0,True,119
79,22,150,0.23823302097959456,153.0,False,119
79,22,150,0.17296086650577178,269.0,True,119
79,22,150,0.1756810504360264,147.0,True,119
79,22,150,0.19417715053445792,233.0,True,119
79,22,150,0.17893364559499453,259.0,True,119
79,22,150,0.19082022027389423,185.0,True,119
79,22,150,0.183385593816638,168.0,True,119
79,22,150,0.2072952751462397,152.0,True,119
79,22,150,0.1865586511245588,82.0,True,119
79,22,150,0.18793757878548917,171.0,True,119
79,22,150,0.19538790917177812,218.0,True,119
79,22,150,0.18789322932641353,248.0,True,119
79,22,150,0.17081625051796437,280.0,False,119
79,22,150,0.18834990591451686,186.0,True,119
79,22,150,0.18391609675175435,148.0,True,119
79,22,150,0.23064176609197,127.0,False,119
79,22,150,0.19313125014305116,180.0,True,119
79,22,150,0.1841239416650657,116.0,False,119
79,22,150,0.22834780792017345,368.0,False,119
79,22,150,0.2573769412685239,209.0,True,119
79,22,150,0.1916943299996702,79.0,False,119
79,22,150,0.2217335148335813,364.0,False,119
79,22,150,0.18857901815384154,126.0,True,119
80,23,1,0.17964374639093875,200.0,True,37
80,23,1,0.19557746676570278,177.0,True,37
80,23,1,0.22717278202374777,165.0,True,37
80,23,1,0.23693431844003499,128.0,True,37
80,23,1,0.22014987072310385,312.0,False,37
80,23,1,0.22940281313427247,181.0,True,37
80,23,1,0.25272626032028095,369.0,False,37
80,23,1,0.16465147280826248,179.0,True,37
80,23,1,0.25426274038923596,206.0,True,37
80,23,1,0.206929427718148,197.0,True,37
80,23,1,0.1669048875407443,183.0,True,37
80,23,1,0.2386306964215778,189.0,True,37
80,23,1,0.22953708510974358,145.0,True,37
80,23,1,0.26416581989182114,211.0,True,37
80,23,1,0.2242397199740115,194.0,True,37
80,23,1,0.21254096654328433,187.0,True,37
80,23,1,0.2059826698135491,199.0,True,37
80,23,1,0.3184982317148662,122.0,True,37
80,23,1,0.3117573325876641,113.0,True,37
80,23,1,0.2301092748423569,262.0,True,37
80,23,1,0.21664397838250013,213.0,True,37
80,23,1,0.22953126395677592,154.0,True,37
80,23,1,0.22468899107641643,270.0,False,37
80,23,1,0.21157087917013687,129.0,True,37
80,23,1,0.24069325911237838,235.0,False,37
80,23,1,0.23039935176019316,135.0,True,37
80,23,1,0.21081406527604812,39.0,False,37
80,23,1,0.20824434464940658,52.0,False,37
81,23,10,0.1687378982702891,198.0,True,36
81,23,10,0.18751377541923997,201.0,True,36
81,23,10,0.21796518395242004,194.0,True,36
81,23,10,0.24661332350146323,478.0,False,36
81,23,10,0.24224132513169383,244.0,True,36
81,23,10,0.22208369610638454,145.0,True,36
81,23,10,0.21872172105899998,284.0,False,36
81,23,10,0.23049957778018254,208.0,True,36
81,23,10,0.16299076462059878,178.0,True,36
81,23,10,0.25427926532351053,208.0,False,36
81,23,10,0.23391118496656418,30.0,False,36
81,23,10,0.23050703474988488,191.0,True,36
81,23,10,0.16798919685108146,194.0,True,36
81,23,10,0.21101054267548933,164.0,True,36
81,23,10,0.2534829412610078,242.0,True,36
81,23,10,0.21091587280873025,202.0,True,36
81,23,10,0.22474043087919332,179.0,True,36
81,23,10,0.19538779650787705,206.0,True,36
81,23,10,0.2376226032045996,157.0,True,36
81,23,10,0.22683368133086906,152.0,True,36
81,23,10,0.23317059917851937,172.0,True,36
81,23,10,0.2710857600280919,97.0,True,36
81,23,10,0.21941318449033684,251.0,True,36
81,23,10,0.2193895050283498,318.0,False,36
81,23,10,0.19989855546545196,182.0,True,36
81,23,10,0.19470212496817113,200.0,True,36
81,23,10,0.23132421785876864,231.0,False,36
81,23,10,0.2325983777440883,148.0,True,36
81,23,10,0.22794503005717298,139.0,False,36
82,23,50,0.19091739525062762,267.0,True,45
82,23,50,0.17882230249898776,210.0,True,45
82,23,50,0.21571180154413186,149.0,True,45
82,23,50,0.17329435232612822,180.0,True,45
82,23,50,0.22317495650752298,179.0,True,45
82,23,50,0.21943855509648916,153.0,True,45
82,23,50,0.16291257151130106,147.0,True,45
82,23,50,0.26018888751665753,519.0,False,45
82,23,50,0.21453001610934735,160.0,True,45
82,23,50,0.23387960793034543,206.0,True,45
82,23,50,0.26698818483115155,261.0,True,45
82,23,50,0.23925304797134903,190.0,True,45
82,23,50,0.16385356410288474,213.0,True,45
82,23,50,0.22056593750632783,159.0,True,45
82,23,50,0.23701551521933356,387.0,False,45
82,23,50,0.23158648205392154,162.0,True,45
82,23,50,0.22473853629715038,159.0,True,45
82,23,50,0.22276670360725198,149.0,True,45
82,23,50,0.18382745635296618,168.0,False,45
82,23,50,0.18374604166105943,108.0,True,45
82,23,50,0.27029780279845,80.0,True,45
82,23,50,0.2161261216901681,136.0,True,45
82,23,50,0.2181553380288619,291.0,True,45
82,23,50,0.20402397024325836,39.0,False,45
82,23,50,0.2441717882149963,186.0,True,45
82,23,50,0.22120196677209958,237.0,False,45
82,23,50,0.21275748704204855,194.0,True,45
82,23,50,0.22045575412794774,257.0,True,45
82,23,50,0.21982988694618488,145.0,True,45
82,23,50,0.18292720475908142,181.0,True,45
82,23,50,0.18559681470669695,199.0,True,45
82,23,50,0.18023183756861194,145.0,True,45
82,23,50,0.20378125129744065,172.0,True,45
82,23,50,0.2116534374738767,441.0,False,45
82,23,50,0.16853638039489763,226.0,True,45
82,23,50,0.18441447855964785,186.0,True,45
82,23,50,0.18616603295772505,78.0,True,45
82,23,50,0.2137303817825219,194.0,True,45
82,23,50,0.21499225828382704,171.0,True,45
82,23,50,0.2044465889533361,3.0,False,45
82,23,50,0.21153058365664698,88.0,True,45
83,23,100,0.22698460788611907,83.0,False,55
83,23,100,0.18418247901862211,404.0,False,55
83,23,100,0.22299033135939866,234.0,False,55
83,23,100,0.20871454235458872,191.0,True,55
83,23,100,0.24929994685535736,188.0,False,55
83,23,100,0.17286281494852057,187.0,True,55
83,23,100,0.21673442091306913,184.0,True,55
83,23,100,0.21962950621610103,92.0,False,55
83,23,100,0.19387782648766888,239.0,True,55
83,23,100,0.258258184393247,675.0,False,55
83,23,100,0.23137091778475663,145.0,True,55
83,23,100,0.1794635678331057,216.0,True,55
83,23,100,0.2110302097586743,249.0,True,55
83,23,100,0.22433859895428884,184.0,True,55
83,23,100,0.1975758317953501,195.0,True,55
83,23,100,0.19344910706884116,186.0,True,55
83,23,100,0.2108233393692389,205.0,True,55
83,23,100,0.2050636255970368,182.0,True,55
83,23,100,0.2469851771990458,453.0,True,55
83,23,100,0.19477669106728118,191.0,True,55
83,23,100,0.22409377948835837,172.0,True,55
83,23,100,0.2341414793677952,69.0,False,55
83,23,100,0.23975887917555294,65.0,False,55
83,23,100,0.1944223064127151,209.0,True,55
83,23,100,0.20723104342184168,376.0,False,55
83,23,100,0.258932151493773,113.0,True,55
83,23,100,0.2542779818177223,86.0,False,55
83,23,100,0.22674209718731628,87.0,False,55
83,23,100,0.20211642348690878,316.0,True,55
83,23,100,0.28388700027798497,129.0,True,55
83,23,100,0.23688464215049496,77.0,False,55
83,23,100,0.22970247323866244,54.0,False,55
83,23,100,0.2321580588510356,194.0,True,55
83,23,100,0.23785496333783324,176.0,False,55
83,23,100,0.19092308395566085,156.0,True,55
83,23,100,0.1828667318873238,114.0,True,55
83,23,100,0.24128228946689337,269.0,True,55
83,23,100,0.25248028409595674,208.0,True,55
83,23,100,0.25683941155672074,150.0,False,55
83,23,100,0.22397495150566102,125.0,True,55
83,23,100,0.19124425079409532,127.0,True,55
83,23,100,0.30622415471644626,105.0,True,55
83,23,100,0.3228903333557413,141.0,True,55
83,23,100,0.21192686366692684,209.0,True,55
83,23,100,0.20298831228053932,165.0,False,55
83,23,100,0.206378889824849,366.0,False,55
83,23,100,0.19799418842683644,219.0,True,55
83,23,100,0.21556048594616556,185.0,True,55
83,23,100,0.2259560540318489,150.0,True,55
83,23,100,0.2109610007438825,231.0,True,55
83,23,100,0.19901255988157712,130.0,False,55
83,23,100,0.19550886087947422,36.0,False,55
83,23,100,0.19160644473826013,82.0,False,55
83,23,100,0.2497875969714791,262.0,False,55
83,23,100,0.21879475153222375,196.0,True,55
83,23,100,0.26150485615033914,202.0,False,55
83,23,100,0.18198120913335256,182.0,True,55
83,23,100,0.22492300650430105,315.0,False,55
83,23,100,0.21164794675275392,102.0,False,55
84,23,150,0.21034181722696277,69.0,False,73
84,23,150,0.19752396112307907,160.0,True,73
84,23,150,0.24726409236883326,271.0,False,73
84,23,150,0.1994697279536847,291.0,False,73
84,23,150,0.22555613056386364,239.0,False,73
84,23,150,0.23350148846705754,150.0,False,73
84,23,150,0.21634902365095032,254.0,False,73
84,23,150,0.21534493667622134,146.0,True,73
84,23,150,0.2465268088634624,215.0,False,73
84,23,150,0.19435726560599415,141.0,True,73
84,23,150,0.20276046080114954,191.0,True,73
84,23,150,0.21272975920203202,167.0,True,73
84,23,150,0.2450052772913504,545.0,False,73
84,23,150,0.2148763873811924,198.0,True,73
84,23,150,0.2353915838464614,155.0,True,73
84,23,150,0.17927645392424568,179.0,True,73
84,23,150,0.2597264330233297,217.0,True,73
84,23,150,0.2242961605586628,101.0,False,73
84,23,150,0.2579327051965599,585.0,False,73
84,23,150,0.2178995137413343,192.0,False,73
84,23,150,0.21407345072789627,187.0,True,73
84,23,150,0.21372242061638394,163.0,True,73
84,23,150,0.20586963651473061,171.0,True,73
84,23,150,0.2089587593380409,158.0,True,73
84,23,150,0.26258618944221074,225.0,False,73
84,23,150,0.24242149406955354,210.0,False,73
84,23,150,0.1915161187450091,228.0,True,73
84,23,150,0.17234286578262553,153.0,True,73
84,23,150,0.20630938342078722,243.0,True,73
84,23,150,0.19727461839067764,69.0,False,73
84,23,150,0.1787269608748536,248.0,True,73
84,23,150,0.2557363432091083,548.0,False,73
84,23,150,0.21730860112979009,373.0,True,73
84,23,150,0.23303585075415098,260.0,False,73
84,23,150,0.2117388012219769,258.0,True,73
84,23,150,0.20419408874192707,142.0,False,73
84,23,150,0.21613525740198186,148.0,False,73
84,23,150,0.21295095042372303,259.0,True,73
84,23,150,0.25616181018677625,110.0,True,73
84,23,150,0.216438983284658,310.0,True,73
84,23,150,0.31371490320851725,217.0,False,73
84,23,150,0.206891257252012,175.0,True,73
84,23,150,0.27737123149496906,131.0,False,73
84,23,150,0.25171839725226164,496.0,True,73
84,23,150,0.19816556253603526,42.0,False,73
84,23,150,0.2497925208962482,115.0,False,73
84,23,150,0.2628446777302577,249.0,True,73
84,23,150,0.24221214652061462,277.0,True,73
84,23,150,0.23849236789440934,407.0,False,73
84,23,150,0.24700527034011208,476.0,False,73
84,23,150,0.22279871323852674,141.0,False,73
84,23,150,0.22118609573370146,81.0,False,73
84,23,150,0.21791999756048122,48.0,False,73
84,23,150,0.2180921000592849,85.0,False,73
84,23,150,0.21646023627801156,199.0,True,73
84,23,150,0.1897503187511173,197.0,False,73
84,23,150,0.24521386562221087,268.0,True,73
84,23,150,0.3664056859496567,72.0,False,73
84,23,150,0.4520634764432907,125.0,True,73
84,23,150,0.2748229463513081,52.0,False,73
84,23,150,0.19531453059655485,214.0,True,73
84,23,150,0.1950413739382706,579.0,False,73
84,23,150,0.21029377986605352,104.0,True,73
84,23,150,0.18383970903971839,126.0,False,73
84,23,150,0.1872650937766445,245.0,True,73
84,23,150,0.22620699395543165,412.0,True,73
84,23,150,0.18425739306405134,277.0,False,73
84,23,150,0.17650297514611868,278.0,True,73
84,23,150,0.19544085194082822,170.0,True,73
84,23,150,0.18378937501331855,58.0,False,73
84,23,150,0.19815553681152623,205.0,True,73
84,23,150,0.20434516415281115,265.0,True,73
84,23,150,0.18447741010401508,101.0,False,73
84,23,150,0.1878641101617168,207.0,True,73
84,23,150,0.1832067930372432,128.0,False,73
84,23,150,0.186415717129906,120.0,False,73
84,23,150,0.2010324233196636,187.0,True,73
84,23,150,0.17934474610883322,239.0,True,73
84,23,150,0.17679876602929215,29.0,False,73
84,23,150,0.1992830008174932,319.0,True,73
84,23,150,0.23900912921061226,279.0,False,73
84,23,150,0.17944380454719067,144.0,True,73
84,23,150,0.19479272713642995,131.0,False,73
85,24,1,0.2599421339292152,153.0,True,52
85,24,1,0.24872169341589953,111.0,True,52
85,24,1,0.24173912473700263,286.0,True,52
85,24,1,0.2474243262367791,211.0,True,52
85,24,1,0.2547032743692398,205.0,True,52
85,24,1,0.23202212890247245,231.0,True,52
85,24,1,0.24229818503179493,338.0,False,52
85,24,1,0.23009396402935708,191.0,True,52
85,24,1,0.2516393355987779,199.0,True,52
85,24,1,0.22994144012530646,162.0,True,52
85,24,1,0.23478300877476252,186.0,True,52
85,24,1,0.2311803877941872,152.0,True,52
85,24,1,0.2553983335482313,188.0,True,52
85,24,1,0.25604720559270905,174.0,True,52
85,24,1,0.20398587930387785,193.0,True,52
85,24,1,0.19459760330575804,179.0,True,52
85,24,1,0.17843094057665615,167.0,True,52
85,24,1,0.21152168495695017,179.0,True,52
85,24,1,0.1892824078599612,210.0,True,52
85,24,1,0.18006697030706778,179.0,True,52
85,24,1,0.18948296457529068,138.0,True,52
85,24,1,0.17521900727942183,185.0,True,52
85,24,1,0.18754590906687743,169.0,True,52
85,24,1,0.21358201691978856,152.0,True,52
85,24,1,0.19223791768976078,157.0,True,52
85,24,1,0.20634548854496743,180.0,True,52
85,24,1,0.16856709581155044,182.0,True,52
85,24,1,0.21025528858421713,157.0,True,52
85,24,1,0.19387858445885814,158.0,True,52
85,24,1,0.19597387745637784,176.0,True,52
85,24,1,0.19346162803204997,224.0,True,52
85,24,1,0.24463426802285324,169.0,True,52
85,24,1,0.1922551685537415,174.0,True,52
85,24,1,0.1964379072609082,142.0,True,52
85,24,1,0.23211752601012497,167.0,True,52
85,24,1,0.23601109740279969,210.0,True,52
85,24,1,0.26570896456099075,184.0,False,52
85,24,1,0.24520280279896475,110.0,True,52
85,24,1,0.23637728709376082,212.0,True,52
85,24,1,0.2405769886143172,134.0,True,52
85,24,1,0.24744304937701073,155.0,False,52
85,24,1,0.20080790490046885,221.0,True,52
85,24,1,0.2330569595283603,161.0,True,52
85,24,1,0.20840701621597732,241.0,True,52
85,24,1,0.2325566839426756,200.0,True,52
85,24,1,0.2451887660332628,148.0,True,52
85,24,1,0.2572195674292743,192.0,False,52
85,24,1,0.2375193069245191,149.0,True,52
85,24,1,0.22426736313435766,144.0,True,52
85,24,1,0.18944633144436154,141.0,True,52
86,24,10,0.26174787011559447,179.0,True,63
86,24,10,0.24351438604868375,65.0,False,63
86,24,10,0.23267184292513227,126.0,True,63
86,24,10,0.24197336248098275,156.0,True,63
86,24,10,0.24747795627250538,143.0,True,63
86,24,10,0.22362370817166455,159.0,True,63
86,24,10,0.24724886473876978,153.0,True,63
86,24,10,0.24205931260452404,143.0,True,63
86,24,10,0.2498325034454986,143.0,True,63
86,24,10,0.25501614550749463,150.0,False,63
86,24,10,0.24025964572241432,190.0,True,63
86,24,10,0.24881855245584097,156.0,True,63
86,24,10,0.24116581895699105,192.0,True,63
86,24,10,0.25029396755146044,204.0,True,63
86,24,10,0.23429996972483708,173.0,True,63
86,24,10,0.24342724880606859,194.0,True,63
86,24,10,0.2264684218129045,152.0,True,63
86,24,10,0.2732833726704121,200.0,True,63
86,24,10,0.2609224401548237,167.0,True,63
86,24,10,0.2036103397434534,172.0,True,63
86,24,10,0.2224108699317041,152.0,True,63
86,24,10,0.22264502658263632,152.0,True,63
86,24,10,0.17935591551025262,178.0,True,63
86,24,10,0.19592048349263874,184.0,True,63
86,24,10,0.23313654397856698,146.0,True,63
86,24,10,0.22839217735775585,116.0,True,63
86,24,10,0.18543752855648196,173.0,True,63
86,24,10,0.19143624970717216,134.0,True,63
86,24,10,0.19315368480874465,211.0,True,63
86,24,10,0.17875822357247384,178.0,True,63
86,24,10,0.18310947088818802,76.0,False,63
86,24,10,0.21604966577942386,163.0,True,63
86,24,10,0.18485124488087262,170.0,True,63
86,24,10,0.19641991504109824,208.0,True,63
86,24,10,0.1675838771902147,183.0,True,63
86,24,10,0.19867223873734474,84.0,True,63
86,24,10,0.2134497464559544,174.0,True,63
86,24,10,0.19449911387490976,191.0,True,63
86,24,10,0.1841334407584051,178.0,True,63
86,24,10,0.1997031915373135,193.0,True,63
86,24,10,0.200070926012137,39.0,False,63
86,24,10,0.2385337033205562,180.0,True,63
86,24,10,0.20210579534371695,141.0,True,63
86,24,10,0.19445388755479523,172.0,True,63
86,24,10,0.23864366671843837,171.0,True,63
86,24,10,0.2184022995777902,173.0,True,63
86,24,10,0.26239601535171103,179.0,False,63
86,24,10,0.2420847733815511,195.0,True,63
86,24,10,0.251555554671771,217.0,True,63
86,24,10,0.23553548726168547,165.0,True,63
86,24,10,0.26309795102168776,145.0,False,63
86,24,10,0.21991469187395912,175.0,True,63
86,24,10,0.22906172095830715,199.0,True,63
86,24,10,0.2580154091794027,221.0,False,63
86,24,10,0.22917330151955997,224.0,True,63
86,24,10,0.23283027187826927,178.0,True,63
86,24,10,0.21942245851863515,165.0,False,63
86,24,10,0.25115433919268687,148.0,False,63
86,24,10,0.25665316144202616,94.0,True,63
86,24,10,0.23015579084555307,147.0,True,63
86,24,10,0.19515024463335673,150.0,True,63
86,24,10,0.1954802584044541,158.0,True,63
86,24,10,0.2240174116566777,80.0,False,63
87,24,50,0.20809028615728456,171.0,True,84
87,24,50,0.2244656783203746,215.0,False,84
87,24,50,0.24700117332173843,263.0,False,84
87,24,50,0.20943252748685845,233.0,True,84
87,24,50,0.21156926282439462,227.0,True,84
87,24,50,0.21155271523601407,182.0,True,84
87,24,50,0.21524920080389295,210.0,True,84
87,24,50,0.1959123286638367,178.0,True,84
87,24,50,0.17783892313832217,206.0,True,84
87,24,50,0.21318969561393003,249.0,True,84
87,24,50,0.21281134999460644,198.0,True,84
87,24,50,0.2529510604909488,350.0,True,84
87,24,50,0.19287500925402823,183.0,True,84
87,24,50,0.24213676530122757,250.0,True,84
87,24,50,0.21445500225453942,143.0,True,84
87,24,50,0.18774201266420712,159.0,True,84
87,24,50,0.20342263695330937,257.0,True,84
87,24,50,0.1837385099538615,71.0,False,84
87,24,50,0.22111834764806299,183.0,True,84
87,24,50,0.18050049261042947,95.0,True,84
87,24,50,0.17883269016534253,183.0,True,84
87,24,50,0.22630644666426109,165.0,True,84
87,24,50,0.22148694692094342,306.0,False,84
87,24,50,0.2235526443495379,154.0,True,84
87,24,50,0.17907245972081628,191.0,True,84
87,24,50,0.2126962935967411,139.0,False,84
87,24,50,0.16100443089619662,195.0,True,84
87,24,50,0.19357609360847833,265.0,False,84
87,24,50,0.15945232821909408,179.0,True,84
87,24,50,0.163172780310066,206.0,True,84
87,24,50,0.18976046055279397,216.0,True,84
87,24,50,0.16365398519535354,197.0,True,84
87,24,50,0.16486567861395454,183.0,True,84
87,24,50,0.17467448074523717,219.0,True,84
87,24,50,0.18513992043404742,58.0,False,84
87,24,50,0.1683259425794377,255.0,True,84
87,24,50,0.17428229724088412,178.0,True,84
87,24,50,0.248971627669388,267.0,False,84
87,24,50,0.16829031144643758,231.0,True,84
87,24,50,0.1576390153120372,121.0,True,84
87,24,50,0.17955810754906898,255.0,True,84
87,24,50,0.20341625586152076,120.0,False,84
87,24,50,0.19154389974368047,251.0,True,84
87,24,50,0.18312655873112865,154.0,True,84
87,24,50,0.16452923565279712,181.0,True,84
87,24,50,0.21432226484543399,152.0,True,84
87,24,50,0.18569146030688588,158.0,False,84
87,24,50,0.17418280506381098,193.0,True,84
87,24,50,0.17779294110652877,246.0,True,84
87,24,50,0.1770143444035329,147.0,True,84
87,24,50,0.17896199550617625,216.0,True,84
87,24,50,0.181087453610933,199.0,True,84
87,24,50,0.20731633141207598,243.0,True,84
87,24,50,0.16630225012699762,150.0,True,84
87,24,50,0.19140395100997842,184.0,True,84
87,24,50,0.16470342716588401,217.0,True,84
87,24,50,0.18353972923424508,180.0,True,84
87,24,50,0.17153193453947704,195.0,True,84
87,24,50,0.20871275804895262,179.0,True,84
87,24,50,0.23214547906912142,248.0,True,84
87,24,50,0.25239117192951116,220.0,True,84
87,24,50,0.21090344832816593,213.0,True,84
87,24,50,0.19802508221732246,180.0,True,84
87,24,50,0.21315852328767917,203.0,True,84
87,24,50,0.20371269198755423,240.0,True,84
87,24,50,0.1942091037077133,198.0,True,84
87,24,50,0.17559660682952943,243.0,True,84
87,24,50,0.2063535669424238,137.0,True,84
87,24,50,0.2144452937288222,153.0,True,84
87,24,50,0.18459891729162767,211.0,True,84
87,24,50,0.22204568943586842,116.0,False,84
87,24,50,0.21453964521134566,197.0,True,84
87,24,50,0.22622382488785958,294.0,False,84
87,24,50,0.19961719874371875,235.0,True,84
87,24,50,0.21467980779707432,120.0,True,84
87,24,50,0.16983667093206686,251.0,True,84
87,24,50,0.1786458917846114,236.0,True,84
87,24,50,0.2138832064611571,210.0,True,84
87,24,50,0.19884489042063555,192.0,True,84
87,24,50,0.2089271807613281,208.0,True,84
87,24,50,0.1752834686283338,236.0,True,84
87,24,50,0.1985202307599064,257.0,True,84
87,24,50,0.1940028101950884,200.0,True,84
87,24,50,0.1810636028801043,97.0,True,84
88,24,100,0.2456398965909302,346.0,False,134
88,24,100,0.23714838648902759,371.0,False,134
88,24,100,0.2131061272784358,168.0,True,134
88,24,100,0.2216571675444191,220.0,True,134
88,24,100,0.1924881501704134,186.0,True,134
88,24,100,0.2071000320240132,206.0,True,134
88,24,100,0.18570978578157768,167.0,True,134
88,24,100,0.17237426041819082,202.0,True,134
88,24,100,0.20126465140757235,176.0,True,134
88,24,100,0.21626796478574925,165.0,True,134
88,24,100,0.22207507997604425,203.0,True,134
88,24,100,0.20454426392128594,95.0,True,134
88,24,100,0.15389423424398507,182.0,True,134
88,24,100,0.18501822304659785,181.0,True,134
88,24,100,0.2011328335236577,206.0,True,134
88,24,100,0.25291124596163317,623.0,False,134
88,24,100,0.2076834478655701,159.0,True,134
88,24,100,0.20184974208837603,164.0,True,134
88,24,100,0.18946036165473104,87.0,False,134
88,24,100,0.17670261583636315,178.0,True,134
88,24,100,0.20123675032969443,186.0,True,134
88,24,100,0.1981985605492884,98.0,False,134
88,24,100,0.1786334024636506,229.0,True,134
88,24,100,0.18007992674606016,198.0,True,134
88,24,100,0.17657933364573278,76.0,False,134
88,24,100,0.16476523828560904,219.0,True,134
88,24,100,0.1715588107401011,245.0,False,134
88,24,100,0.2028239426460672,47.0,False,134
88,24,100,0.25087349849087853,175.0,False,134
88,24,100,0.17792155575978247,211.0,True,134
88,24,100,0.1718387757379984,194.0,True,134
88,24,100,0.1712865033497413,180.0,True,134
88,24,100,0.16752896830439568,268.0,False,134
88,24,100,0.21252040747477083,49.0,False,134
88,24,100,0.22585735114207908,134.0,True,134
88,24,100,0.17949849441451976,381.0,False,134
88,24,100,0.17795559420860071,139.0,True,134
88,24,100,0.24039502483858188,142.0,False,134
88,24,100,0.2468944065374871,146.0,False,134
88,24,100,0.24208317322115744,155.0,True,134
88,24,100,0.16564171617648688,332.0,True,134
88,24,100,0.16899734319642531,129.0,True,134
88,24,100,0.16875136863289542,173.0,True,134
88,24,100,0.16695369771785207,180.0,True,134
88,24,100,0.19114829161587885,187.0,True,134
88,24,100,0.1689788731043799,285.0,False,134
88,24,100,0.1763052793279771,155.0,True,134
88,24,100,0.1928340980038047,400.0,False,134
88,24,100,0.17330446459200918,98.0,True,134
88,24,100,0.20907290859354866,90.0,False,134
88,24,100,0.1600172022623675,140.0,True,134
88,24,100,0.16443995061593178,234.0,True,134
88,24,100,0.16874812883243226,285.0,True,134
88,24,100,0.16508112491956398,134.0,False,134
88,24,100,0.17306251672364897,177.0,True,134
88,24,100,0.245256992518355,218.0,False,134
88,24,100,0.17183539629938768,187.0,True,134
88,24,100,0.17433119813601175,84.0,True,134
88,24,100,0.20318027107732697,279.0,False,134
88,24,100,0.23919731106876668,181.0,False,134
88,24,100,0.17872858187183738,224.0,True,134
88,24,100,0.17055679189436362,165.0,True,134
88,24,100,0.2004903937430726,194.0,True,134
88,24,100,0.24416365127684334,217.0,False,134
88,24,100,0.19609473684900686,190.0,True,134
88,24,100,0.16532103594290007,218.0,True,134
88,24,100,0.18894897949169664,136.0,True,134
88,24,100,0.1989630993662609,288.0,True,134
88,24,100,0.18477054971915025,65.0,False,134
88,24,100,0.18695889782589092,226.0,True,134
88,24,100,0.22614959836854628,281.0,True,134
88,24,100,0.20327492878235207,189.0,True,134
88,24,100,0.1756802866808497,208.0,True,134
88,24,100,0.1850018992088735,160.0,True,134
88,24,100,0.17000256833231564,206.0,False,134
88,24,100,0.16322277745653913,181.0,True,134
88,24,100,0.24850792393564633,219.0,True,134
88,24,100,0.174324599646889,226.0,True,134
88,24,100,0.24931664916161958,197.0,False,134
88,24,100,0.24312108435012675,135.0,True,134
88,24,100,0.2716740111803371,711.0,False,134
88,24,100,0.2179691846050867,123.0,True,134
88,24,100,0.16810207232969618,218.0,True,134
88,24,100,0.17932197631924016,157.0,True,134
88,24,100,0.19301268051971088,33.0,False,134
88,24,100,0.21721412009233004,154.0,True,134
88,24,100,0.18629576720809207,262.0,True,134
88,24,100,0.20964044112027908,196.0,False,134
88,24,100,0.1780081092594908,208.0,True,134
88,24,100,0.17575526835086444,192.0,False,134
88,24,100,0.16673719748180715,199.0,True,134
88,24,100,0.19061828321880764,117.0,False,134
88,24,100,0.16393322589778409,194.0,True,134
88,24,100,0.19191756136290475,263.0,False,134
88,24,100,0.17041690968676826,181.0,True,134
88,24,100,0.17568293056437667,142.0,False,134
88,24,100,0.18254714851316653,190.0,True,134
88,24,100,0.18857052775076877,162.0,True,134
88,24,100,0.17781567475101254,333.0,False,134
88,24,100,0.1581808665489897,188.0,True,134
88,24,100,0.20151645168662072,140.0,True,134
88,24,100,0.1912845421754397,325.0,False,134
88,24,100,0.16135602845260275,171.0,True,134
88,24,100,0.17680206132688742,174.0,False,134
88,24,100,0.16842901194753823,163.0,True,134
88,24,100,0.1803775023722994,138.0,True,134
88,24,100,0.17400184324110188,207.0,True,134
88,24,100,0.16071699559688568,154.0,True,134
88,24,100,0.17092206425243808,124.0,False,134
88,24,100,0.15342658726167094,163.0,True,134
88,24,100,0.17292453815876427,118.0,False,134
88,24,100,0.18770761675003803,330.0,False,134
88,24,100,0.16700193037589392,168.0,True,134
88,24,100,0.18829411848595268,190.0,True,134
88,24,100,0.17230865359306335,111.0,True,134
89,24,150,0.2323590921284246,484.0,False,184
89,24,150,0.270444141628023,358.0,True,184
89,24,150,0.21197849919773498,212.0,True,184
89,24,150,0.24661716442732584,210.0,False,184
89,24,150,0.21335162946553987,321.0,False,184
89,24,150,0.1943555553362035,228.0,True,184
89,24,150,0.24308414643548099,249.0,True,184
89,24,150,0.17287766649811107,176.0,True,184
89,24,150,0.16693835009877778,196.0,True,184
89,24,150,0.1895491890443696,225.0,True,184
89,24,150,0.16690169361609858,206.0,True,184
89,24,150,0.17963045827170324,179.0,True,184
89,24,150,0.19492513983399717,143.0,True,184
89,24,150,0.18698761213164758,211.0,True,184
89,24,150,0.18832601979374886,20.0,False,184
89,24,150,0.18785160457765734,222.0,True,184
89,24,150,0.22999565388092738,167.0,True,184
89,24,150,0.25098552685795406,165.0,False,184
89,24,150,0.23871524901925653,138.0,False,184
89,24,150,0.25339328927592136,279.0,True,184
89,24,150,0.207632871510837,213.0,True,184
89,24,150,0.20803724321421613,178.0,True,184
89,24,150,0.1933781231328639,217.0,True,184
89,24,150,0.19184315351627332,223.0,True,184
89,24,150,0.18999087196939132,34.0,False,184
89,24,150,0.16357011551880718,201.0,True,184
89,24,150,0.18153117061818688,103.0,True,184
89,24,150,0.17553923177776984,206.0,True,184
89,24,150,0.1611356993650531,222.0,True,184
89,24,150,0.1893879178290566,240.0,True,184
89,24,150,0.2098659520086489,323.0,True,184
89,24,150,0.2215810215320831,313.0,True,184
89,24,150,0.18316408176217558,338.0,False,184
89,24,150,0.2174369580215878,180.0,True,184
89,24,150,0.27085428617588464,365.0,False,184
89,24,150,0.17442152971351468,148.0,True,184
89,24,150,0.2275508921905603,179.0,False,184
89,24,150,0.22502954857479227,202.0,False,184
89,24,150,0.25431802013228016,155.0,True,184
89,24,150,0.23530587097329478,186.0,True,184
89,24,150,0.17334039949415103,237.0,True,184
89,24,150,0.2080613501032684,243.0,True,184
89,24,150,0.16659616987347167,273.0,True,184
89,24,150,0.1591369052068882,211.0,True,184
89,24,150,0.18198499204339208,185.0,True,184
89,24,150,0.21105677978685725,171.0,True,184
89,24,150,0.20177252768051057,210.0,True,184
89,24,150,0.20297052269264804,177.0,True,184
89,24,150,0.1698467334603319,101.0,False,184
89,24,150,0.17674666874168454,129.0,False,184
89,24,150,0.2000727036169597,35.0,False,184
89,24,150,0.17898055500810658,632.0,False,184
89,24,150,0.18001846596598625,188.0,True,184
89,24,150,0.1965658905073291,168.0,True,184
89,24,150,0.19114770565752512,222.0,True,184
89,24,150,0.25679039734381215,189.0,False,184
89,24,150,0.17838898866097508,211.0,True,184
89,24,150,0.1961193289894324,130.0,True,184
89,24,150,0.17691594846228248,234.0,True,184
89,24,150,0.1828519528854393,167.0,False,184
89,24,150,0.18242681233943264,158.0,True,184
89,24,150,0.17023110735354965,194.0,True,184
89,24,150,0.19225270544057307,92.0,False,184
89,24,150,0.19381467122158022,131.0,False,184
89,24,150,0.2488189660722301,336.0,False,184
89,24,150,0.18651266603830802,251.0,False,184
89,24,150,0.21689689410204935,202.0,True,184
89,24,150,0.1869223100026097,226.0,False,184
89,24,150,0.21606520355836442,438.0,True,184
89,24,150,0.18113532547767347,117.0,False,184
89,24,150,0.1997156323430067,167.0,True,184
89,24,150,0.16969232352279678,229.0,True,184
89,24,150,0.2592752228642619,215.0,False,184
89,24,150,0.22237914606582287,215.0,False,184
89,24,150,0.19969090030899325,206.0,False,184
89,24,150,0.21959950510911116,127.0,False,184
89,24,150,0.20873270307977995,132.0,False,184
89,24,150,0.1866610762227345,203.0,False,184
89,24,150,0.17924767616002457,115.0,False,184
89,24,150,0.183428218588233,32.0,False,184
89,24,150,0.2041631157909121,35.0,False,184
89,24,150,0.18229499738062582,155.0,False,184
89,24,150,0.18003824867275606,229.0,True,184
89,24,150,0.17189638234199361,235.0,True,184
89,24,150,0.20338706983013388,163.0,False,184
89,24,150,0.18491318298781173,188.0,True,184
89,24,150,0.21982663961174095,359.0,False,184
89,24,150,0.18108820352520977,143.0,True,184
89,24,150,0.20381074788478704,130.0,True,184
89,24,150,0.16954763330477104,177.0,True,184
89,24,150,0.1740933084457191,194.0,True,184
89,24,150,0.1982545873097011,175.0,False,184
89,24,150,0.19779023329416912,135.0,False,184
89,24,150,0.1726738008534073,157.0,True,184
89,24,150,0.19170371749821832,51.0,False,184
89,24,150,0.17371981661944164,210.0,True,184
89,24,150,0.18844620826152655,156.0,True,184
89,24,150,0.18811894499014745,269.0,False,184
89,24,150,0.186127013576928,186.0,False,184
89,24,150,0.18559572275262326,128.0,True,184
89,24,150,0.18570083945823115,179.0,True,184
89,24,150,0.21438940415080165,284.0,True,184
89,24,150,0.18687596936631046,153.0,False,184
89,24,150,0.1869032647656767,228.0,True,184
89,24,150,0.17802204449589437,156.0,True,184
89,24,150,0.17743831278437777,193.0,True,184
89,24,150,0.17925856041185784,165.0,True,184
89,24,150,0.17272712671479515,172.0,True,184
89,24,150,0.18941924019136291,207.0,True,184
89,24,150,0.19411187236586575,189.0,False,184
89,24,150,0.19582168772107078,105.0,False,184
89,24,150,0.18913791955352943,214.0,False,184
89,24,150,0.25174818096633356,873.0,False,184
89,24,150,0.19095840606424544,225.0,True,184
89,24,150,0.18097826161732275,240.0,False,184
89,24,150,0.1796706014799203,247.0,False,184
89,24,150,0.189805126545445,151.0,True,184
89,24,150,0.18435434512678683,323.0,False,184
89,24,150,0.16217241673679142,91.0,False,184
89,24,150,0.20065085405160574,121.0,False,184
89,24,150,0.19325345141046188,102.0,False,184
89,24,150,0.23189981826921788,533.0,False,184
89,24,150,0.2031006791242739,164.0,False,184
89,24,150,0.17342299957410984,211.0,True,184
89,24,150,0.19081360216324145,221.0,True,184
89,24,150,0.1917070886603108,270.0,True,184
89,24,150,0.21141738863218398,105.0,True,184
89,24,150,0.16301634593662126,223.0,True,184
89,24,150,0.16774531120763106,170.0,True,184
89,24,150,0.1656326059407244,192.0,True,184
89,24,150,0.1731338584090609,251.0,True,184
89,24,150,0.19093494634239042,196.0,False,184
89,24,150,0.2005141983258313,290.0,False,184
89,24,150,0.24886554822433685,552.0,False,184
89,24,150,0.18661469930694216,63.0,False,184
89,24,150,0.19388281197107138,119.0,False,184
89,24,150,0.18831440487747672,159.0,True,184
89,24,150,0.1727646812484853,239.0,True,184
89,24,150,0.17948983361323675,228.0,True,184
89,24,150,0.19128187398610028,603.0,False,184
89,24,150,0.18798656943890688,139.0,True,184
89,24,150,0.23926002823788187,276.0,True,184
89,24,150,0.21636414273482998,164.0,True,184
89,24,150,0.2224515847896746,213.0,False,184
89,24,150,0.16862252509701844,221.0,True,184
89,24,150,0.18741145427753067,281.0,False,184
89,24,150,0.17424096346746945,141.0,False,184
89,24,150,0.18532194205596622,177.0,True,184
89,24,150,0.21764597103750105,278.0,False,184
89,24,150,0.18112305312404806,221.0,True,184
89,24,150,0.1721353507704205,315.0,True,184
89,24,150,0.18545635673217475,448.0,False,184
89,24,150,0.1951167400715486,53.0,False,184
89,24,150,0.18156297815342745,240.0,True,184
89,24,150,0.2601865282125562,214.0,False,184
89,24,150,0.18109517902708971,104.0,True,184
89,24,150,0.18788429802947945,143.0,True,184
89,24,150,0.18121084791642647,54.0,False,184
89,24,150,0.18358901008424988,166.0,True,184
89,24,150,0.1899986925224463,84.0,True,184
89,24,150,0.18975479621440172,64.0,True,184
90,3,1,0.2609169701250588,41.0,False,59
90,3,1,0.2696848226090272,36.0,False,59
90,3,1,0.25162015803706594,231.0,False,59
90,3,1,0.22023948742186322,68.0,False,59
90,3,1,0.23941197626882318,139.0,True,59
90,3,1,0.22254690439519237,236.0,True,59
90,3,1,0.240504340176851,71.0,False,59
90,3,1,0.2509845794351013,135.0,True,59
90,3,1,0.25492136145746985,129.0,True,59
90,3,1,0.23500456847250462,144.0,False,59
90,3,1,0.2761409650614232,81.0,False,59
90,3,1,0.2036947426733686,134.0,True,59
90,3,1,0.22972716977198918,150.0,True,59
90,3,1,0.22467765756524527,104.0,True,59
90,3,1,0.2402931951607267,144.0,True,59
90,3,1,0.22697808373233547,230.0,True,59
90,3,1,0.24300622978271583,234.0,True,59
90,3,1,0.24741824193481812,114.0,True,59
90,3,1,0.21039313913599864,148.0,True,59
90,3,1,0.22037603659818403,177.0,True,59
90,3,1,0.22612470180489297,43.0,False,59
90,3,1,0.2514949979429895,44.0,False,59
90,3,1,0.24544897410151076,146.0,True,59
90,3,1,0.2226364256450965,159.0,True,59
90,3,1,0.23204165772139598,139.0,True,59
90,3,1,0.25822664279004803,161.0,True,59
90,3,1,0.2227851501050985,159.0,True,59
90,3,1,0.22850121752498975,153.0,True,59
90,3,1,0.2323586988228339,135.0,True,59
90,3,1,0.23368775051755783,156.0,False,59
90,3,1,0.22461844094701716,148.0,True,59
90,3,1,0.2117289363360796,122.0,True,59
90,3,1,0.24741661919085361,181.0,True,59
90,3,1,0.23634986344612005,165.0,True,59
90,3,1,0.24287298803820329,170.0,True,59
90,3,1,0.22987381483148212,163.0,True,59
90,3,1,0.22497318872255295,199.0,True,59
90,3,1,0.22830288477528554,208.0,True,59
90,3,1,0.2772783762835837,154.0,False,59
90,3,1,0.2317771260790965,136.0,True,59
90,3,1,0.23320691287517548,178.0,True,59
90,3,1,0.25872399608294167,45.0,False,59
90,3,1,0.26187701452346074,168.0,True,59
90,3,1,0.25339920487064516,274.0,True,59
90,3,1,0.2093928504041779,231.0,True,59
90,3,1,0.26305686399253486,171.0,True,59
90,3,1,0.2227816962533527,216.0,True,59
90,3,1,0.21752879485792043,245.0,True,59
90,3,1,0.24010908657609067,221.0,True,59
90,3,1,0.25273319768408936,168.0,True,59
90,3,1,0.22197672572077776,205.0,True,59
90,3,1,0.252485398956806,173.0,True,59
90,3,1,0.25323777782117446,164.0,True,59
90,3,1,0.24491358750703318,151.0,True,59
90,3,1,0.23609000921828074,206.0,True,59
90,3,1,0.2508735195733607,192.0,True,59
90,3,1,0.236191612465874,184.0,True,59
90,3,1,0.26748818000778557,160.0,True,59
90,3,1,0.2843694400918834,136.0,True,59
90,3,1,0.2416375797905334,146.0,True,59
90,3,1,0.24834490615002652,235.0,False,59
90,3,1,0.1876089721918106,1.0,False,59
91,3,10,0.24594968171803266,286.0,False,64
91,3,10,0.21655206823790515,54.0,False,64
91,3,10,0.22520497170361606,44.0,False,64
91,3,10,0.23049389615879587,398.0,False,64
91,3,10,0.2307678719361623,180.0,False,64
91,3,10,0.23009875718674627,153.0,True,64
91,3,10,0.26536629879902934,167.0,False,64
91,3,10,0.24913276553153993,50.0,False,64
91,3,10,0.2570875891107173,242.0,True,64
91,3,10,0.2250466094511311,205.0,True,64
91,3,10,0.25806392085405044,81.0,True,64
91,3,10,0.2509558140521958,126.0,True,64
91,3,10,0.2247538431485494,150.0,True,64
91,3,10,0.27674898582619506,308.0,False,64
91,3,10,0.21388146483603818,162.0,True,64
91,3,10,0.22889253245459662,225.0,True,64
91,3,10,0.22100429038206737,90.0,False,64
91,3,10,0.22369800508022308,76.0,False,64
91,3,10,0.22776482487624547,265.0,True,64
91,3,10,0.21313875809216956,157.0,True,64
91,3,10,0.2026258601535181,161.0,True,64
91,3,10,0.2223197466817247,166.0,True,64
91,3,10,0.23011632335908486,165.0,True,64
91,3,10,0.2157088818858905,166.0,True,64
91,3,10,0.19214801811529492,167.0,True,64
91,3,10,0.2160296288419919,166.0,True,64
91,3,10,0.24633403526778197,199.0,False,64
91,3,10,0.21456030885810437,184.0,True,64
91,3,10,0.21107866556931895,141.0,True,64
91,3,10,0.25222195884123205,187.0,True,64
91,3,10,0.2219362376959293,154.0,True,64
91,3,10,0.22648471918973057,165.0,True,64
91,3,10,0.2267400502641766,173.0,True,64
91,3,10,0.26857095585929025,225.0,False,64
91,3,10,0.23793961390664306,158.0,True,64
91,3,10,0.22922407303537642,175.0,True,64
91,3,10,0.17001506755288864,151.0,True,64
91,3,10,0.24392295477614886,138.0,True,64
91,3,10,0.23103344277070278,228.0,True,64
91,3,10,0.23837954737246037,56.0,False,64
91,3,10,0.26245079869097404,182.0,True,64
91,3,10,0.22033094217379887,120.0,True,64
91,3,10,0.2045141603627236,153.0,True,64
91,3,10,0.24836585233951436,174.0,True,64
91,3,10,0.25729556125207026,244.0,True,64
91,3,10,0.23751777590839726,157.0,True,64
91,3,10,0.23593279346823692,144.0,True,64
91,3,10,0.2299314088976154,208.0,True,64
91,3,10,0.21767125867899492,239.0,True,64
91,3,10,0.25116056328018505,192.0,True,64
91,3,10,0.23371853991227004,227.0,True,64
91,3,10,0.24791805354448465,195.0,True,64
91,3,10,0.2446571665562012,176.0,True,64
91,3,10,0.24546573722156986,174.0,True,64
91,3,10,0.2503474276656142,208.0,False,64
91,3,10,0.24774677736487816,123.0,False,64
91,3,10,0.27166192533729744,278.0,False,64
91,3,10,0.25227858282385335,248.0,False,64
91,3,10,0.1946994960308075,1.0,False,64
91,3,10,0.24203967049717903,200.0,True,64
91,3,10,0.2694422094696793,181.0,True,64
91,3,10,0.2788903835007382,197.0,True,64
91,3,10,0.24697474366838826,159.0,True,64
92,3,50,0.244453767736115,623.0,False,81
92,3,50,0.23011840767455552,159.0,False,81
92,3,50,0.24401863340069266,255.0,True,81
92,3,50,0.23959702718464626,173.0,False,81
92,3,50,0.2334407522281011,225.0,True,81
92,3,50,0.27360996929393416,348.0,False,81
92,3,50,0.23623443257350188,260.0,True,81
92,3,50,0.22293097426738645,203.0,True,81
92,3,50,0.2583404994946866,242.0,True,81
92,3,50,0.23228536970340288,130.0,True,81
92,3,50,0.21951176581987694,201.0,True,81
92,3,50,0.2481872773129646,146.0,False,81
92,3,50,0.22641236714466853,216.0,True,81
92,3,50,0.2345338873699684,277.0,True,81
92,3,50,0.21437032127854835,201.0,True,81
92,3,50,0.23511607165060489,449.0,False,81
92,3,50,0.21260808779243612,241.0,True,81
92,3,50,0.22910851416156047,127.0,False,81
92,3,50,0.24274850639410397,277.0,True,81
92,3,50,0.22258898647997877,139.0,True,81
92,3,50,0.23459107153827236,168.0,False,81
92,3,50,0.23345422313401573,304.0,True,81
92,3,50,0.22711128411413747,237.0,False,81
92,3,50,0.23848244645556466,244.0,True,81
92,3,50,0.2309799270828565,150.0,True,81
92,3,50,0.22939118083852988,260.0,True,81
92,3,50,0.23142962322187263,299.0,True,81
92,3,50,0.22334790007391972,201.0,True,81
92,3,50,0.22850012276546064,249.0,True,81
92,3,50,0.22763264745893613,213.0,True,81
92,3,50,0.23494805817802747,180.0,True,81
92,3,50,0.24855716559940425,312.0,True,81
92,3,50,0.22788980832466713,156.0,True,81
92,3,50,0.2282092140650186,254.0,True,81
92,3,50,0.23319418422846613,239.0,True,81
92,3,50,0.23668746299603405,238.0,True,81
92,3,50,0.2161404454076345,217.0,True,81
92,3,50,0.24788687970393744,39.0,False,81
92,3,50,0.24295145677809685,302.0,False,81
92,3,50,0.21521146655425258,174.0,False,81
92,3,50,0.25476669261951257,202.0,True,81
92,3,50,0.22819025990844682,262.0,True,81
92,3,50,0.19619060571862276,189.0,True,81
92,3,50,0.18360933510389196,217.0,True,81
92,3,50,0.17553691052884426,212.0,True,81
92,3,50,0.2201390658968871,227.0,True,81
92,3,50,0.19737175241651306,166.0,True,81
92,3,50,0.23910452181484268,171.0,True,81
92,3,50,0.2486371647566557,160.0,True,81
92,3,50,0.24622625609238943,102.0,False,81
92,3,50,0.23620375916361808,200.0,False,81
92,3,50,0.2396095237195097,151.0,True,81
92,3,50,0.1833965695017322,211.0,True,81
92,3,50,0.17941991277039052,240.0,True,81
92,3,50,0.21155402155322883,262.0,True,81
92,3,50,0.19741347054360617,213.0,True,81
92,3,50,0.2476010610340932,218.0,True,81
92,3,50,0.22805260881071998,210.0,True,81
92,3,50,0.23230895946423213,210.0,True,81
92,3,50,0.20860888290155621,191.0,True,81
92,3,50,0.23273411466933713,303.0,False,81
92,3,50,0.20163063111886456,201.0,True,81
92,3,50,0.2197592251357578,294.0,True,81
92,3,50,0.20005328530810543,194.0,False,81
92,3,50,0.2213127224785941,175.0,True,81
92,3,50,0.22322563474942864,237.0,True,81
92,3,50,0.22685146817330565,178.0,True,81
92,3,50,0.21928910311706906,179.0,True,81
92,3,50,0.20420235094674136,218.0,True,81
92,3,50,0.23183725565308477,164.0,True,81
92,3,50,0.21523675682780508,182.0,True,81
92,3,50,0.21404399886888717,277.0,True,81
92,3,50,0.20457421449912078,173.0,False,81
92,3,50,0.25817105943156826,217.0,False,81
92,3,50,0.23621215530131992,190.0,True,81
92,3,50,0.22787896323137444,179.0,True,81
93,3,100,0.2572520858983495,402.0,False,129
93,3,100,0.25604721504808126,183.0,True,129
93,3,100,0.2515404452295864,153.0,True,129
93,3,100,0.21222585389169596,59.0,False,129
93,3,100,0.21215228849684287,171.0,False,129
93,3,100,0.2262199554739699,177.0,True,129
93,3,100,0.2168969121333715,185.0,True,129
93,3,100,0.2158609855434169,161.0,True,129
93,3,100,0.237712241478802,97.0,False,129
93,3,100,0.22123089129641904,118.0,False,129
93,3,100,0.239859320578121,84.0,False,129
93,3,100,0.22117084340340848,138.0,True,129
93,3,100,0.24165467969302473,203.0,True,129
93,3,100,0.2397756278514862,192.0,False,129
93,3,100,0.20779291675849396,66.0,False,129
93,3,100,0.24513247524792292,106.0,True,129
93,3,100,0.2156331418082118,176.0,True,129
93,3,100,0.1913354403953603,188.0,True,129
93,3,100,0.19866173567348405,304.0,False,129
93,3,100,0.24782807782292365,300.0,True,129
93,3,100,0.21421393201609326,157.0,True,129
93,3,100,0.23431445409854254,36.0,False,129
93,3,100,0.1910082716922291,305.0,False,129
93,3,100,0.18417207801189178,156.0,True,129
93,3,100,0.2029285965520039,228.0,False,129
93,3,100,0.1911316033671884,170.0,False,129
93,3,100,0.2332153595983982,100.0,False,129
93,3,100,0.1816223229305083,238.0,True,129
93,3,100,0.25325127181589097,234.0,False,129
93,3,100,0.2540307087693245,157.0,False,129
93,3,100,0.22190734408271146,71.0,False,129
93,3,100,0.22781261652225815,309.0,True,129
93,3,100,0.27306788140221644,209.0,False,129
93,3,100,0.19350695270330795,193.0,True,129
93,3,100,0.19963187882803143,221.0,True,129
93,3,100,0.18830668685647348,192.0,True,129
93,3,100,0.1971798172363868,260.0,False,129
93,3,100,0.20077914387739004,119.0,False,129
93,3,100,0.20417725334420872,207.0,True,129
93,3,100,0.19004201059314338,176.0,False,129
93,3,100,0.20333850163000602,81.0,True,129
93,3,100,0.18600687526843765,220.0,True,129
93,3,100,0.20093651089979256,230.0,True,129
93,3,100,0.1818197928554383,201.0,True,129
93,3,100,0.21014482965154097,121.0,True,129
93,3,100,0.20245181494111184,149.0,True,129
93,3,100,0.2016537111305015,284.0,False,129
93,3,100,0.1717274843653043,150.0,True,129
93,3,100,0.18306301751833284,178.0,True,129
93,3,100,0.18979786533391338,174.0,True,129
93,3,100,0.16731937951408327,192.0,True,129
93,3,100,0.18053921130863396,185.0,True,129
93,3,100,0.18782316188284215,149.0,True,129
93,3,100,0.1688738464457648,175.0,True,129
93,3,100,0.1740906753560953,171.0,True,129
93,3,100,0.17079940948697084,181.0,True,129
93,3,100,0.17758752950417098,186.0,True,129
93,3,100,0.18320583505065818,190.0,True,129
93,3,100,0.16184816708981664,183.0,True,129
93,3,100,0.1643238438163849,187.0,True,129
93,3,100,0.1697663881819511,263.0,True,129
93,3,100,0.19434819362136754,178.0,True,129
93,3,100,0.18179348414962732,206.0,True,129
93,3,100,0.1781083906250161,237.0,True,129
93,3,100,0.16226693822277916,189.0,True,129
93,3,100,0.2311121095547971,194.0,True,129
93,3,100,0.17659279905655534,207.0,True,129
93,3,100,0.1793979872860501,199.0,True,129
93,3,100,0.17865340215819223,175.0,True,129
93,3,100,0.21516443818223244,102.0,False,129
93,3,100,0.19908072169899016,129.0,True,129
93,3,100,0.22163213232183845,123.0,True,129
93,3,100,0.17494028403196513,373.0,False,129
93,3,100,0.16129907445525224,159.0,True,129
93,3,100,0.17249305340750465,174.0,True,129
93,3,100,0.18006299292375594,197.0,True,129
93,3,100,0.22224749021369256,163.0,True,129
93,3,100,0.16373395837523455,163.0,True,129
93,3,100,0.22423003321247442,224.0,True,129
93,3,100,0.15875511369611844,166.0,True,129
93,3,100,0.1624483384683237,182.0,True,129
93,3,100,0.16524981949809034,169.0,True,129
93,3,100,0.21620535348901654,202.0,True,129
93,3,100,0.21114674855999768,187.0,True,129
93,3,100,0.1639000061823397,196.0,True,129
93,3,100,0.16785287452132805,230.0,True,129
93,3,100,0.22221994919832364,43.0,False,129
93,3,100,0.2177716643897249,233.0,True,129
93,3,100,0.19722511056606276,237.0,True,129
93,3,100,0.16904065969275006,201.0,True,129
93,3,100,0.17656613901943344,239.0,True,129
93,3,100,0.17806493771680887,138.0,True,129
93,3,100,0.24006666866062726,177.0,True,129
93,3,100,0.17234418760834402,173.0,True,129
93,3,100,0.26714831538944966,317.0,False,129
93,3,100,0.20778978066247644,206.0,True,129
93,3,100,0.1857194382410783,65.0,False,129
93,3,100,0.20769014823491927,216.0,False,129
93,3,100,0.19812802898443557,176.0,True,129
93,3,100,0.19676325667694392,166.0,False,129
93,3,100,0.20059957674571446,140.0,True,129
93,3,100,0.1913232613487292,197.0,True,129
93,3,100,0.21602085349150002,192.0,True,129
93,3,100,0.25230235989518496,247.0,True,129
93,3,100,0.21161659019333975,245.0,True,129
93,3,100,0.2241210012441188,226.0,True,129
93,3,100,0.19641888350918052,178.0,True,129
93,3,100,0.21484306901693345,180.0,True,129
93,3,100,0.24002798754027335,236.0,False,129
93,3,100,0.16850193528477678,194.0,True,129
93,3,100,0.17445722813236303,174.0,True,129
93,3,100,0.23203884960077276,348.0,False,129
93,3,100,0.2274998569021038,255.0,True,129
93,3,100,0.25968222351592835,331.0,True,129
93,3,100,0.20863094402565843,168.0,True,129
93,3,100,0.16922105243686814,181.0,True,129
93,3,100,0.17934845865288854,231.0,True,129
93,3,100,0.23771295349958332,172.0,True,129
93,3,100,0.23055370755138851,168.0,True,129
93,3,100,0.20369382487966659,47.0,False,129
93,3,100,0.20127331160686232,132.0,True,129
93,3,100,0.2404506849507763,73.0,False,129
94,3,150,0.24781051487857556,476.0,True,180
94,3,150,0.19289103629333632,252.0,True,180
94,3,150,0.20941753940922872,70.0,False,180
94,3,150,0.2415300882779635,91.0,False,180
94,3,150,0.23957015667528314,223.0,False,180
94,3,150,0.21018976345658302,96.0,False,180
94,3,150,0.19781708538532258,275.0,False,180
94,3,150,0.2224007623837046,184.0,False,180
94,3,150,0.2196058716911536,26.0,False,180
94,3,150,0.2103833743446582,74.0,False,180
94,3,150,0.17270458703822936,247.0,True,180
94,3,150,0.21780158484905537,284.0,True,180
94,3,150,0.19204885181453493,36.0,False,180
94,3,150,0.22314373070028573,221.0,False,180
94,3,150,0.2138076905442887,476.0,False,180
94,3,150,0.24590762223809812,203.0,True,180
94,3,150,0.2205874420959374,290.0,False,180
94,3,150,0.18910545133627377,65.0,False,180
94,3,150,0.18085750892980776,134.0,True,180
94,3,150,0.24408161010622054,258.0,True,180
94,3,150,0.2056051209915516,215.0,True,180
94,3,150,0.2085901938660448,291.0,False,180
94,3,150,0.24395214084446903,377.0,True,180
94,3,150,0.18497044246557148,172.0,True,180
94,3,150,0.18179114254975412,259.0,False,180
94,3,150,0.18062362868766316,244.0,True,180
94,3,150,0.17666571049979238,165.0,True,180
94,3,150,0.2109985826228628,151.0,False,180
94,3,150,0.233229292512505,211.0,False,180
94,3,150,0.2128858101832402,231.0,True,180
94,3,150,0.21793202393584782,144.0,True,180
94,3,150,0.19288042107143918,111.0,False,180
94,3,150,0.23996259265889724,240.0,True,180
94,3,150,0.2253646705208755,164.0,False,180
94,3,150,0.19175734346229317,211.0,True,180
94,3,150,0.2534069325550493,249.0,True,180
94,3,150,0.22416140093751577,230.0,False,180
94,3,150,0.21200693554498934,220.0,False,180
94,3,150,0.20580825348079732,226.0,True,180
94,3,150,0.19956525471261752,186.0,True,180
94,3,150,0.2239782756287755,619.0,False,180
94,3,150,0.17502307754296523,195.0,True,180
94,3,150,0.16888664638207965,242.0,True,180
94,3,150,0.18862252010374653,245.0,True,180
94,3,150,0.18754874281029202,201.0,True,180
94,3,150,0.19057840188495986,262.0,True,180
94,3,150,0.17222273239696567,176.0,False,180
94,3,150,0.16886903558458602,56.0,False,180
94,3,150,0.20422508702096012,144.0,True,180
94,3,150,0.21251836514625794,234.0,True,180
94,3,150,0.18001686907216405,178.0,True,180
94,3,150,0.17202837874694746,245.0,True,180
94,3,150,0.18571135518597623,204.0,True,180
94,3,150,0.22522473151379444,235.0,True,180
94,3,150,0.24055341868042257,173.0,False,180
94,3,150,0.19184778142170827,183.0,True,180
94,3,150,0.17096960102314274,219.0,True,180
94,3,150,0.2615346249192953,160.0,False,180
94,3,150,0.2542190526002719,162.0,True,180
94,3,150,0.22132090048505626,109.0,True,180
94,3,150,0.19459016904944465,189.0,False,180
94,3,150,0.19157716867520178,449.0,True,180
94,3,150,0.18469729630843454,161.0,True,180
94,3,150,0.19407462205205644,175.0,True,180
94,3,150,0.1651237553358078,200.0,True,180
94,3,150,0.18116142727527382,241.0,True,180
94,3,150,0.16776772645803598,221.0,True,180
94,3,150,0.2606666810951143,530.0,False,180
94,3,150,0.20490480698519684,297.0,False,180
94,3,150,0.2081856044460105,219.0,False,180
94,3,150,0.18707216396513912,144.0,True,180
94,3,150,0.19801078157292473,162.0,True,180
94,3,150,0.2083854144844024,184.0,True,180
94,3,150,0.2607992622988447,289.0,True,180
94,3,150,0.18530765856489723,162.0,True,180
94,3,150,0.19451682025502467,232.0,True,180
94,3,150,0.20362393781973448,173.0,True,180
94,3,150,0.22236880728726013,217.0,True,180
94,3,150,0.2254075381804157,148.0,True,180
94,3,150,0.17698588226336598,183.0,True,180
94,3,150,0.1758539359538983,195.0,True,180
94,3,150,0.18973907099588075,274.0,True,180
94,3,150,0.19673357404477104,179.0,False,180
94,3,150,0.18616718581567207,96.0,False,180
94,3,150,0.17801488978120517,212.0,True,180
94,3,150,0.18302468661594828,436.0,False,180
94,3,150,0.17538193813184413,287.0,True,180
94,3,150,0.21080105191994208,193.0,True,180
94,3,150,0.1836713407384722,228.0,True,180
94,3,150,0.18885693890262026,191.0,True,180
94,3,150,0.1886433829863866,270.0,True,180
94,3,150,0.21150466117346398,214.0,True,180
94,3,150,0.24105967303117115,225.0,True,180
94,3,150,0.24435421420882145,192.0,True,180
94,3,150,0.23079430925495484,204.0,True,180
94,3,150,0.20163901060198744,480.0,True,180
94,3,150,0.20906391613451497,224.0,True,180
94,3,150,0.2105712778866291,196.0,False,180
94,3,150,0.2012179145331228,339.0,True,180
94,3,150,0.20703858945836973,199.0,True,180
94,3,150,0.18853877698520266,251.0,True,180
94,3,150,0.1798226760748105,156.0,True,180
94,3,150,0.19378776276837967,279.0,True,180
94,3,150,0.1920691201124679,352.0,True,180
94,3,150,0.25357846370619586,585.0,False,180
94,3,150,0.2051336054126592,233.0,True,180
94,3,150,0.19685626493401504,209.0,True,180
94,3,150,0.21799479521871581,246.0,True,180
94,3,150,0.20383512297781503,205.0,True,180
94,3,150,0.20074009007595955,282.0,True,180
94,3,150,0.20751664327208402,157.0,True,180
94,3,150,0.20264701506433389,192.0,True,180
94,3,150,0.31330085347096126,120.0,False,180
94,3,150,0.1820528125517989,292.0,True,180
94,3,150,0.19584522834083914,257.0,True,180
94,3,150,0.20636998957141917,188.0,True,180
94,3,150,0.19440279696826582,270.0,True,180
94,3,150,0.21338930658928984,222.0,True,180
94,3,150,0.19181804819424264,233.0,True,180
94,3,150,0.22057771910566928,242.0,True,180
94,3,150,0.23100266241750053,215.0,True,180
94,3,150,0.1894094410347821,203.0,True,180
94,3,150,0.3226914923198475,161.0,False,180
94,3,150,0.2029884705269659,370.0,True,180
94,3,150,0.18706290259480052,281.0,True,180
94,3,150,0.18984686297674974,120.0,False,180
94,3,150,0.20803037957276826,162.0,True,180
94,3,150,0.20946230602647187,218.0,True,180
94,3,150,0.26634212034313304,304.0,False,180
94,3,150,0.23917165181289116,432.0,False,180
94,3,150,0.22581108136191255,168.0,True,180
94,3,150,0.2218272619584734,258.0,False,180
94,3,150,0.23004699849030552,136.0,False,180
94,3,150,0.25684477316170207,164.0,False,180
94,3,150,0.1849392086819366,216.0,True,180
94,3,150,0.27021248327361214,450.0,False,180
94,3,150,0.20554094050037727,267.0,True,180
94,3,150,0.21329719889787288,153.0,True,180
94,3,150,0.2019969177958758,276.0,True,180
94,3,150,0.3369532570890758,184.0,False,180
94,3,150,0.20131606981158257,192.0,False,180
94,3,150,0.22782094776630402,153.0,False,180
94,3,150,0.21228655717175476,314.0,True,180
94,3,150,0.20252991166404066,272.0,False,180
94,3,150,0.18315701288078468,191.0,True,180
94,3,150,0.2121050162024276,344.0,True,180
94,3,150,0.18909230790216558,274.0,True,180
94,3,150,0.19549623952094686,287.0,True,180
94,3,150,0.23835403736560576,186.0,True,180
94,3,150,0.18740654515999336,216.0,True,180
94,3,150,0.3697383719973448,82.0,True,180
94,3,150,0.17825666410010932,149.0,False,180
94,3,150,0.18302519246935844,40.0,False,180
94,3,150,0.19404928169998467,255.0,True,180
94,3,150,0.22174914133753262,408.0,False,180
94,3,150,0.1726369923353195,150.0,True,180
94,3,150,0.18879301241926244,185.0,True,180
94,3,150,0.19382959754641996,109.0,True,180
94,3,150,0.254411678923213,184.0,False,180
94,3,150,0.17814633403330632,146.0,True,180
94,3,150,0.21500801936938213,260.0,True,180
94,3,150,0.22643556310371918,198.0,True,180
94,3,150,0.18825251303081,112.0,False,180
94,3,150,0.21657488925848156,128.0,False,180
94,3,150,0.18436827712199266,170.0,True,180
94,3,150,0.1899574499609124,234.0,True,180
94,3,150,0.21899748211363693,308.0,True,180
94,3,150,0.17949987257565928,218.0,True,180
94,3,150,0.2502361825485339,174.0,False,180
94,3,150,0.228146223301556,187.0,True,180
94,3,150,0.23338421863136868,66.0,False,180
94,3,150,0.21072792851067837,153.0,True,180
94,3,150,0.19932447952121052,67.0,False,180
94,3,150,0.19523014838612357,86.0,False,180
94,3,150,0.2062690678260309,278.0,True,180
94,3,150,0.20321062105623158,44.0,False,180
94,3,150,0.18929438944472823,215.0,True,180
94,3,150,0.26110839486614734,121.0,True,180
94,3,150,0.21755574809919512,224.0,True,180
94,3,150,0.2628823752914156,91.0,False,180
94,3,150,0.2632393604037405,87.0,True,180
94,3,150,0.19475906655706207,145.0,False,180
94,3,150,0.1961199137749094,66.0,False,180
95,4,1,0.231703990323101,167.0,True,62
95,4,1,0.22640724532621007,142.0,True,62
95,4,1,0.19641163151015292,182.0,True,62
95,4,1,0.2174814827519761,169.0,True,62
95,4,1,0.23856574626258722,181.0,True,62
95,4,1,0.18632006264966108,145.0,True,62
95,4,1,0.1934731791523051,187.0,True,62
95,4,1,0.18159965028108094,193.0,True,62
95,4,1,0.2303165224602985,197.0,True,62
95,4,1,0.23297474488436457,166.0,True,62
95,4,1,0.2154849578274621,225.0,True,62
95,4,1,0.19100659782301166,167.0,True,62
95,4,1,0.2634272449291669,169.0,True,62
95,4,1,0.2111439838816848,158.0,True,62
95,4,1,0.22011925023177575,116.0,True,62
95,4,1,0.21828671020163587,169.0,True,62
95,4,1,0.2191511727215951,171.0,True,62
95,4,1,0.205343188957934,163.0,True,62
95,4,1,0.2234585670091338,295.0,True,62
95,4,1,0.19504938053725354,199.0,True,62
95,4,1,0.2185572128210749,140.0,False,62
95,4,1,0.2659685206176205,176.0,True,62
95,4,1,0.18124686930674672,183.0,True,62
95,4,1,0.2581187678526526,146.0,True,62
95,4,1,0.2541123216125098,220.0,True,62
95,4,1,0.23272632843837504,164.0,True,62
95,4,1,0.16746856404479438,169.0,True,62
95,4,1,0.21194549458600132,183.0,True,62
95,4,1,0.21064114990368696,142.0,True,62
95,4,1,0.2328075473862035,224.0,True,62
95,4,1,0.24789252826242847,263.0,True,62
95,4,1,0.2532822779312576,194.0,True,62
95,4,1,0.19051640199833228,183.0,True,62
95,4,1,0.19611385304194232,195.0,True,62
95,4,1,0.2018378291811262,203.0,True,62
95,4,1,0.2205718426724498,178.0,True,62
95,4,1,0.262059677067219,149.0,True,62
95,4,1,0.2537781541094635,165.0,True,62
95,4,1,0.25373746156692506,165.0,True,62
95,4,1,0.19097079389861651,196.0,True,62
95,4,1,0.250469411239028,200.0,True,62
95,4,1,0.25892157927155496,60.0,True,62
95,4,1,0.26733269735232934,143.0,True,62
95,4,1,0.20839246446211662,169.0,True,62
95,4,1,0.22787159876745255,183.0,True,62
95,4,1,0.22546805953368163,195.0,True,62
95,4,1,0.23970042741456568,151.0,True,62
95,4,1,0.23512353577603728,236.0,True,62
95,4,1,0.2557019555207455,231.0,False,62
95,4,1,0.2501592098232259,187.0,True,62
95,4,1,0.22861127043428597,163.0,True,62
95,4,1,0.21884655150083396,143.0,True,62
95,4,1,0.2390865473929098,177.0,True,62
95,4,1,0.1871837586737596,208.0,True,62
95,4,1,0.2734811904420891,251.0,True,62
95,4,1,0.2576221533797004,165.0,True,62
95,4,1,0.20362266712897534,185.0,True,62
95,4,1,0.2165614369735923,186.0,True,62
95,4,1,0.21903361623384515,196.0,True,62
95,4,1,0.22883364099001735,159.0,True,62
95,4,1,0.26221132076294845,258.0,True,62
95,4,1,0.2663892881436781,275.0,False,62
96,4,10,0.22851987355361783,173.0,True,69
96,4,10,0.235252557351039,195.0,True,69
96,4,10,0.23869764896822565,81.0,False,69
96,4,10,0.19553641693628565,196.0,True,69
96,4,10,0.2283466159496256,186.0,True,69
96,4,10,0.2364475538333257,180.0,True,69
96,4,10,0.183959401845932,150.0,True,69
96,4,10,0.237018479649716,227.0,True,69
96,4,10,0.24576701425047365,237.0,True,69
96,4,10,0.23327506714044732,188.0,True,69
96,4,10,0.19321156615170382,236.0,True,69
96,4,10,0.24229929100703723,203.0,True,69
96,4,10,0.267992064770725,216.0,True,69
96,4,10,0.187604474643953,229.0,True,69
96,4,10,0.21300535266241316,181.0,True,69
96,4,10,0.22347523515704293,159.0,True,69
96,4,10,0.2318729103304619,172.0,True,69
96,4,10,0.2110102880332205,180.0,True,69
96,4,10,0.23203516201158264,199.0,True,69
96,4,10,0.22902556919490202,361.0,False,69
96,4,10,0.19585400764588956,216.0,True,69
96,4,10,0.18287004057953998,205.0,True,69
96,4,10,0.2782626451655505,187.0,True,69
96,4,10,0.17223849565118224,182.0,True,69
96,4,10,0.2540385182631218,177.0,True,69
96,4,10,0.2714008454538325,281.0,True,69
96,4,10,0.22426863209061002,184.0,True,69
96,4,10,0.21950349870782632,208.0,True,69
96,4,10,0.167195332236588,192.0,True,69
96,4,10,0.20697407453478156,154.0,True,69
96,4,10,0.24564245294006365,212.0,True,69
96,4,10,0.2671281581833249,378.0,False,69
96,4,10,0.25529316970245625,246.0,True,69
96,4,10,0.18488849437934288,188.0,True,69
96,4,10,0.17844280932584536,184.0,True,69
96,4,10,0.2140850346712839,168.0,True,69
96,4,10,0.21155744283585934,185.0,True,69
96,4,10,0.20008952048287462,201.0,True,69
96,4,10,0.2576422467827797,32.0,False,69
96,4,10,0.24629939332423423,247.0,False,69
96,4,10,0.19219002897961665,236.0,True,69
96,4,10,0.2577444096333789,137.0,True,69
96,4,10,0.2545964680748545,273.0,False,69
96,4,10,0.25601020195791796,155.0,True,69
96,4,10,0.22127054024625709,162.0,True,69
96,4,10,0.23120682111175933,202.0,True,69
96,4,10,0.2075958206747355,178.0,True,69
96,4,10,0.24988112513890523,167.0,True,69
96,4,10,0.26761980867013335,160.0,False,69
96,4,10,0.2605090729500118,152.0,False,69
96,4,10,0.20266929858981972,101.0,True,69
96,4,10,0.25455577378390265,244.0,True,69
96,4,10,0.21751277097592167,204.0,False,69
96,4,10,0.2109310395599152,161.0,True,69
96,4,10,0.19956136428985466,147.0,True,69
96,4,10,0.21730759231685903,173.0,True,69
96,4,10,0.19736843995392062,229.0,True,69
96,4,10,0.24232185835188086,165.0,True,69
96,4,10,0.2714845587313175,200.0,True,69
96,4,10,0.24841309851304644,173.0,True,69
96,4,10,0.21115298983123568,198.0,True,69
96,4,10,0.19916202541854647,144.0,True,69
96,4,10,0.2526384713042767,218.0,True,69
96,4,10,0.22032919438047843,220.0,True,69
96,4,10,0.21246429454095617,161.0,True,69
96,4,10,0.2385714422354753,174.0,True,69
96,4,10,0.2704027170205818,272.0,False,69
96,4,10,0.26257258653640747,1.0,False,69
97,4,50,0.20947740570102868,152.0,True,104
97,4,50,0.2159389215402114,39.0,False,104
97,4,50,0.27931251572935206,228.0,False,104
97,4,50,0.18915817889873152,227.0,True,104
97,4,50,0.1941784190443846,234.0,True,104
97,4,50,0.23335952964401985,258.0,True,104
97,4,50,0.1913743787734522,177.0,True,104
97,4,50,0.1809596153385436,223.0,True,104
97,4,50,0.2131512985640281,148.0,True,104
97,4,50,0.19168742836424799,198.0,True,104
97,4,50,0.23015783325983927,156.0,True,104
97,4,50,0.24737740062722346,164.0,False,104
97,4,50,0.18871911072536654,184.0,True,104
97,4,50,0.21978252372987891,184.0,True,104
97,4,50,0.21992156559770756,110.0,False,104
97,4,50,0.25412614314587084,154.0,True,104
97,4,50,0.18814580944868234,182.0,True,104
97,4,50,0.2001288245121638,135.0,True,104
97,4,50,0.2594002853710573,182.0,True,104
97,4,50,0.22824121776380038,190.0,True,104
97,4,50,0.18415021896362305,218.0,True,104
97,4,50,0.1834785216053327,150.0,True,104
97,4,50,0.20831186063103863,231.0,True,104
97,4,50,0.18246879667190496,203.0,True,104
97,4,50,0.2126539791380609,143.0,False,104
97,4,50,0.1750821083487563,201.0,True,104
97,4,50,0.19680163875825143,173.0,True,104
97,4,50,0.21152838709157543,109.0,True,104
97,4,50,0.21480404362719283,234.0,True,104
97,4,50,0.23986672087268934,181.0,True,104
97,4,50,0.18135322118463693,163.0,True,104
97,4,50,0.16476221818556178,188.0,True,104
97,4,50,0.17705267997796104,149.0,True,104
97,4,50,0.24031623309443456,161.0,True,104
97,4,50,0.20312381837204213,131.0,True,104
97,4,50,0.1825666952558926,175.0,True,104
97,4,50,0.1818948418946023,157.0,True,104
97,4,50,0.2259522398370643,172.0,True,104
97,4,50,0.224786325590685,320.0,False,104
97,4,50,0.26753593057016783,79.0,False,104
97,4,50,0.18349655308354068,71.0,False,104
97,4,50,0.1873878305105819,97.0,False,104
97,4,50,0.17823962426521409,213.0,True,104
97,4,50,0.2284738088246458,161.0,True,104
97,4,50,0.18879417937410914,184.0,True,104
97,4,50,0.25873681760969613,147.0,True,104
97,4,50,0.19210107759995895,187.0,True,104
97,4,50,0.17235569513979412,168.0,True,104
97,4,50,0.2564032928597543,248.0,True,104
97,4,50,0.2473921886569745,148.0,True,104
97,4,50,0.2308323758455058,201.0,True,104
97,4,50,0.1704338974404064,176.0,True,104
97,4,50,0.18924538632233937,150.0,True,104
97,4,50,0.19022138485845352,151.0,True,104
97,4,50,0.16292380276249677,205.0,True,104
97,4,50,0.20395836056697936,168.0,True,104
97,4,50,0.1720303584947998,162.0,True,104
97,4,50,0.22560938165686226,177.0,True,104
97,4,50,0.18043672485010964,175.0,True,104
97,4,50,0.19026249339804052,160.0,True,104
97,4,50,0.18631056374730076,299.0,True,104
97,4,50,0.1903399266531131,163.0,True,104
97,4,50,0.1956795966549284,157.0,True,104
97,4,50,0.20581788556617603,171.0,True,104
97,4,50,0.19966490491281583,158.0,True,104
97,4,50,0.22005363615850607,144.0,True,104
97,4,50,0.20486994882424672,150.0,True,104
97,4,50,0.22412251695698382,102.0,True,104
97,4,50,0.2299007740478183,172.0,True,104
97,4,50,0.2299584883124861,146.0,True,104
97,4,50,0.1803236374243058,187.0,True,104
97,4,50,0.2223544436965497,197.0,True,104
97,4,50,0.21312119115975278,121.0,False,104
97,4,50,0.19925715226047444,159.0,True,104
97,4,50,0.2155355424865296,152.0,True,104
97,4,50,0.25280964232626413,168.0,True,104
97,4,50,0.19644022211432458,220.0,True,104
97,4,50,0.19550196930419567,172.0,True,104
97,4,50,0.2156585436533479,170.0,True,104
97,4,50,0.1916317611588219,173.0,True,104
97,4,50,0.23210612569479333,149.0,True,104
97,4,50,0.23496266284698172,158.0,True,104
97,4,50,0.23909709847861935,161.0,True,104
97,4,50,0.232483612073885,143.0,True,104
97,4,50,0.2085840684481156,195.0,True,104
97,4,50,0.19533233884218576,185.0,True,104
97,4,50,0.19189058704657502,178.0,True,104
97,4,50,0.22718886156283802,201.0,True,104
97,4,50,0.23762877383193032,183.0,True,104
97,4,50,0.24809067944685617,174.0,False,104
97,4,50,0.1752472661747904,167.0,True,104
97,4,50,0.2592214048697204,189.0,True,104
97,4,50,0.18157104834129936,152.0,True,104
97,4,50,0.19192675350697389,213.0,True,104
97,4,50,0.19690969040970396,153.0,True,104
97,4,50,0.20923481504490346,162.0,True,104
97,4,50,0.24667101702858915,226.0,True,104
97,4,50,0.22561648585226224,230.0,False,104
97,4,50,0.23244126190741857,120.0,True,104
97,4,50,0.196831418440128,156.0,True,104
97,4,50,0.19350810060277582,160.0,True,104
97,4,50,0.24309223835977414,192.0,True,104
97,4,50,0.2688975554445516,253.0,True,104
98,4,100,0.19367590705318563,169.0,True,150
98,4,100,0.21296077617156653,81.0,True,150
98,4,100,0.2121061361659833,246.0,True,150
98,4,100,0.2275659692314294,222.0,True,150
98,4,100,0.21037522231384834,322.0,False,150
98,4,100,0.2043593515680261,146.0,False,150
98,4,100,0.18862934891030053,214.0,True,150
98,4,100,0.19290132111892466,164.0,True,150
98,4,100,0.18192054125160095,253.0,True,150
98,4,100,0.21713062736295885,217.0,True,150
98,4,100,0.2077287995815277,125.0,False,150
98,4,100,0.21029448503440665,258.0,True,150
98,4,100,0.20255059594032812,255.0,True,150
98,4,100,0.20790792690916648,211.0,True,150
98,4,100,0.1946847245040502,263.0,False,150
98,4,100,0.20482884277951532,193.0,True,150
98,4,100,0.2007343282574388,438.0,False,150
98,4,100,0.2399287078506458,322.0,True,150
98,4,100,0.22242697198027453,223.0,False,150
98,4,100,0.25280684754726995,157.0,False,150
98,4,100,0.21883734055092,163.0,False,150
98,4,100,0.22460279558543805,162.0,True,150
98,4,100,0.22117394783667155,210.0,True,150
98,4,100,0.24301722598900585,159.0,True,150
98,4,100,0.22846117995002052,165.0,False,150
98,4,100,0.21138450048863888,200.0,True,150
98,4,100,0.22205727394117694,209.0,True,150
98,4,100,0.18380853847453468,228.0,True,150
98,4,100,0.21525282173612972,162.0,False,150
98,4,100,0.2077982485004999,103.0,False,150
98,4,100,0.19444839524026084,259.0,True,150
98,4,100,0.19596691997569116,488.0,False,150
98,4,100,0.1850101912610009,233.0,False,150
98,4,100,0.2121503714610029,162.0,False,150
98,4,100,0.22648177530995028,187.0,True,150
98,4,100,0.19117053304835568,254.0,True,150
98,4,100,0.19695680364966392,220.0,True,150
98,4,100,0.19500338144245602,252.0,False,150
98,4,100,0.1924433410167694,144.0,True,150
98,4,100,0.19210127131505447,242.0,True,150
98,4,100,0.25355248631934774,221.0,True,150
98,4,100,0.22789923050118693,159.0,True,150
98,4,100,0.23530614575961742,82.0,False,150
98,4,100,0.18112737760932435,227.0,True,150
98,4,100,0.22955498514296133,158.0,False,150
98,4,100,0.24107939636470466,151.0,True,150
98,4,100,0.2215453220738305,126.0,True,150
98,4,100,0.19036586695703966,145.0,True,150
98,4,100,0.2085163359131132,147.0,True,150
98,4,100,0.227805145829916,140.0,True,150
98,4,100,0.22925958370274685,188.0,True,150
98,4,100,0.24705051101228725,159.0,True,150
98,4,100,0.2644972237555877,115.0,True,150
98,4,100,0.17769607735234638,215.0,False,150
98,4,100,0.23951884065817924,221.0,True,150
98,4,100,0.19496215202036452,244.0,True,150
98,4,100,0.17312082324666206,198.0,False,150
98,4,100,0.23355149838232225,155.0,True,150
98,4,100,0.18252917193784945,205.0,True,150
98,4,100,0.24100543138308403,78.0,False,150
98,4,100,0.1964018770747564,176.0,True,150
98,4,100,0.1838520897954118,255.0,True,150
98,4,100,0.21085192225080857,235.0,True,150
98,4,100,0.2023655806194272,57.0,False,150
98,4,100,0.2452471157358516,336.0,False,150
98,4,100,0.210038070489342,192.0,True,150
98,4,100,0.22365411082282663,160.0,True,150
98,4,100,0.2360178265381943,220.0,True,150
98,4,100,0.18981316713791974,53.0,False,150
98,4,100,0.16299742111912022,154.0,True,150
98,4,100,0.19748673059824687,268.0,True,150
98,4,100,0.21056693902722112,162.0,True,150
98,4,100,0.18401463729579273,287.0,True,150
98,4,100,0.2577815168073487,239.0,True,150
98,4,100,0.21945660359273522,118.0,True,150
98,4,100,0.20223137217139767,221.0,True,150
98,4,100,0.21179912205057583,174.0,False,150
98,4,100,0.2531137035851098,326.0,False,150
98,4,100,0.25833419662840823,188.0,False,150
98,4,100,0.19945759425560633,120.0,True,150
98,4,100,0.19626341212509024,117.0,True,150
98,4,100,0.17440609197164403,174.0,True,150
98,4,100,0.24208975704603417,258.0,True,150
98,4,100,0.19658818851778473,276.0,True,150
98,4,100,0.18857600625717277,165.0,True,150
98,4,100,0.22084022264061443,529.0,False,150
98,4,100,0.26228174498783025,479.0,False,150
98,4,100,0.24496062099933624,216.0,True,150
98,4,100,0.26577168504397075,120.0,False,150
98,4,100,0.2109508684703282,210.0,True,150
98,4,100,0.18183320176661313,199.0,True,150
98,4,100,0.18566147689566467,198.0,True,150
98,4,100,0.17988921710140798,181.0,True,150
98,4,100,0.26241367914174735,285.0,False,150
98,4,100,0.21396066384569642,197.0,True,150
98,4,100,0.2248193810192438,260.0,True,150
98,4,100,0.2558983290590436,166.0,True,150
98,4,100,0.2413709510204404,129.0,True,150
98,4,100,0.20996495270938204,171.0,True,150
98,4,100,0.23728871315717698,150.0,True,150
98,4,100,0.18768120674312416,197.0,True,150
98,4,100,0.19181611188007205,178.0,True,150
98,4,100,0.18597836277367155,243.0,True,150
98,4,100,0.19275245070457458,202.0,True,150
98,4,100,0.1961383045350433,189.0,True,150
98,4,100,0.20417712134277,232.0,True,150
98,4,100,0.2105334977480187,174.0,True,150
98,4,100,0.24130308993160723,200.0,True,150
98,4,100,0.23732024147782638,184.0,True,150
98,4,100,0.22932135103189427,184.0,True,150
98,4,100,0.22208621272673973,195.0,True,150
98,4,100,0.23591728667418163,225.0,True,150
98,4,100,0.24329781764083439,135.0,True,150
98,4,100,0.2166075448633409,204.0,True,150
98,4,100,0.22602982378605777,159.0,True,150
98,4,100,0.21491432865460713,150.0,True,150
98,4,100,0.22114483913256658,211.0,True,150
98,4,100,0.2131648926899351,145.0,True,150
98,4,100,0.2147953223998416,292.0,True,150
98,4,100,0.19701734844071805,242.0,True,150
98,4,100,0.19601129426899982,297.0,True,150
98,4,100,0.20411191850446808,197.0,True,150
98,4,100,0.2300585979070419,195.0,True,150
98,4,100,0.2528068392764865,127.0,True,150
98,4,100,0.29959430517973723,108.0,True,150
98,4,100,0.24645330152217892,138.0,False,150
98,4,100,0.19532444931211926,231.0,True,150
98,4,100,0.22350116786111165,203.0,False,150
98,4,100,0.23469352849286879,211.0,False,150
98,4,100,0.20886914168679438,215.0,True,150
98,4,100,0.20169161120429635,160.0,True,150
98,4,100,0.2533870004360972,153.0,True,150
98,4,100,0.187438250575935,181.0,True,150
98,4,100,0.2121482775002331,154.0,True,150
98,4,100,0.1992515228483655,109.0,True,150
98,4,100,0.2164085420997853,188.0,True,150
98,4,100,0.20040000564343222,185.0,True,150
98,4,100,0.2253099894791684,189.0,True,150
98,4,100,0.19991316772214898,219.0,True,150
98,4,100,0.22420393532677874,146.0,True,150
98,4,100,0.22248099646607383,122.0,True,150
98,4,100,0.2077580660494954,172.0,True,150
98,4,100,0.18367098116933708,202.0,True,150
98,4,100,0.1872221143051768,209.0,True,150
98,4,100,0.21186193402877634,177.0,True,150
98,4,100,0.21692208671783653,223.0,True,150
98,4,100,0.1978103028421096,187.0,True,150
98,4,100,0.23984546124280154,91.0,False,150
99,4,150,0.21538523516444377,317.0,False,204
99,4,150,0.2217176421903647,156.0,False,204
99,4,150,0.1958770453929901,1.0,False,204
99,4,150,0.21129731208549263,193.0,True,204
99,4,150,0.20229130676973647,107.0,False,204
99,4,150,0.2047043889760971,111.0,False,204
99,4,150,0.24993159841512136,207.0,False,204
99,4,150,0.19552039307191832,218.0,True,204
99,4,150,0.20301499384406366,152.0,True,204
99,4,150,0.1926969100789326,287.0,True,204
99,4,150,0.18388407747261226,192.0,True,204
99,4,150,0.1991054679058036,245.0,True,204
99,4,150,0.1900683968948821,96.0,False,204
99,4,150,0.2182021726562519,198.0,True,204
99,4,150,0.22857471302623664,221.0,True,204
99,4,150,0.1983292085416426,197.0,True,204
99,4,150,0.18585147722451775,108.0,False,204
99,4,150,0.20675221374748567,304.0,False,204
99,4,150,0.19170110223703826,151.0,True,204
99,4,150,0.1957010421044657,239.0,True,204
99,4,150,0.21022893191646722,236.0,False,204
99,4,150,0.2136468693246076,162.0,True,204
99,4,150,0.22128311141669374,318.0,False,204
99,4,150,0.21720365018680177,435.0,False,204
99,4,150,0.2517129025773374,167.0,False,204
99,4,150,0.25069764453698606,136.0,False,204
99,4,150,0.1852339206488578,182.0,True,204
99,4,150,0.23610085633811573,151.0,False,204
99,4,150,0.1794311137187599,101.0,False,204
99,4,150,0.21182101092314068,876.0,False,204
99,4,150,0.21573895562398918,271.0,True,204
99,4,150,0.2656413706847363,144.0,True,204
99,4,150,0.2589577716588974,225.0,False,204
99,4,150,0.2084847993643607,236.0,True,204
99,4,150,0.175441159935374,190.0,True,204
99,4,150,0.20480954351503988,242.0,True,204
99,4,150,0.22125244627778345,208.0,False,204
99,4,150,0.21601634855205948,74.0,False,204
99,4,150,0.24464226160730634,175.0,True,204
99,4,150,0.20674514877796174,125.0,False,204
99,4,150,0.18794116450519097,246.0,True,204
99,4,150,0.17395827364201513,149.0,True,204
99,4,150,0.21231820177700783,180.0,True,204
99,4,150,0.1750840834574774,128.0,False,204
99,4,150,0.21330077029903483,161.0,True,204
99,4,150,0.20138405981176186,191.0,True,204
99,4,150,0.21433949193289115,172.0,True,204
99,4,150,0.21583249606192112,192.0,False,204
99,4,150,0.16581389625541498,183.0,True,204
99,4,150,0.23306804577886805,474.0,False,204
99,4,150,0.23630763265756097,303.0,False,204
99,4,150,0.21222536981804296,256.0,False,204
99,4,150,0.1954823766409615,162.0,True,204
99,4,150,0.21068301517516375,192.0,True,204
99,4,150,0.21216802864239134,232.0,False,204
99,4,150,0.22675085247011112,133.0,False,204
99,4,150,0.21269821031735495,182.0,False,204
99,4,150,0.1952031355051068,211.0,True,204
99,4,150,0.19777650688219509,545.0,False,204
99,4,150,0.20944478348561912,157.0,True,204
99,4,150,0.18950662715681668,145.0,True,204
99,4,150,0.1944916340602836,197.0,False,204
99,4,150,0.18836307525634766,158.0,True,204
99,4,150,0.1803754167796592,169.0,True,204
99,4,150,0.20336197798068706,195.0,True,204
99,4,150,0.192600445843291,174.0,False,204
99,4,150,0.17757384567743256,252.0,True,204
99,4,150,0.19123240268230438,250.0,True,204
99,4,150,0.17398955526410556,244.0,True,204
99,4,150,0.2286185520933941,256.0,True,204
99,4,150,0.24136988384902758,213.0,True,204
99,4,150,0.17811486799465984,190.0,True,204
99,4,150,0.1739662822063376,164.0,True,204
99,4,150,0.19191799995428074,167.0,True,204
99,4,150,0.2166516737026327,68.0,False,204
99,4,150,0.19380689381311336,192.0,True,204
99,4,150,0.24279895557625458,202.0,True,204
99,4,150,0.2438098859313308,151.0,True,204
99,4,150,0.19101514658295965,249.0,True,204
99,4,150,0.2555066298481096,193.0,True,204
99,4,150,0.1796429705816311,182.0,True,204
99,4,150,0.16144325782561444,169.0,True,204
99,4,150,0.2235471153666514,161.0,False,204
99,4,150,0.25151614466356853,126.0,True,204
99,4,150,0.22223805024371884,123.0,False,204
99,4,150,0.2035899243128845,153.0,True,204
99,4,150,0.244687105475486,174.0,True,204
99,4,150,0.2006430263734526,216.0,True,204
99,4,150,0.1894139698211183,235.0,True,204
99,4,150,0.23239533592153477,135.0,False,204
99,4,150,0.20724350293477375,300.0,False,204
99,4,150,0.24969166446779226,148.0,True,204
99,4,150,0.19714123664832697,41.0,False,204
99,4,150,0.19561950630004252,218.0,True,204
99,4,150,0.1744474911171457,230.0,True,204
99,4,150,0.25935167560591543,337.0,False,204
99,4,150,0.20667510530593233,161.0,True,204
99,4,150,0.211837315615618,106.0,False,204
99,4,150,0.25293425766898003,1129.0,False,204
99,4,150,0.24993920976177175,188.0,True,204
99,4,150,0.1912126176807869,209.0,True,204
99,4,150,0.21702587341076762,181.0,True,204
99,4,150,0.26828301497685014,279.0,False,204
99,4,150,0.17671860502316403,195.0,True,204
99,4,150,0.16850142374082847,162.0,True,204
99,4,150,0.2388106208344746,223.0,False,204
99,4,150,0.1744685673519321,184.0,True,204
99,4,150,0.20618659721916183,228.0,True,204
99,4,150,0.2132970554754138,80.0,False,204
99,4,150,0.23629801990907817,336.0,False,204
99,4,150,0.21357587567103908,203.0,True,204
99,4,150,0.22535734574365265,272.0,False,204
99,4,150,0.2527806097641587,304.0,False,204
99,4,150,0.19727580673503178,137.0,False,204
99,4,150,0.20993000685292132,68.0,False,204
99,4,150,0.17716627011836414,284.0,True,204
99,4,150,0.19097719014736644,171.0,False,204
99,4,150,0.19136019691563488,114.0,True,204
99,4,150,0.16182481930465312,148.0,True,204
99,4,150,0.1747923527123793,212.0,True,204
99,4,150,0.17718479205523768,186.0,True,204
99,4,150,0.1787230759015623,159.0,True,204
99,4,150,0.1988453648576689,201.0,True,204
99,4,150,0.21426438809055642,194.0,True,204
99,4,150,0.25197646087035536,160.0,False,204
99,4,150,0.19953415289445578,197.0,True,204
99,4,150,0.16971935726500847,185.0,True,204
99,4,150,0.18481443629840785,178.0,True,204
99,4,150,0.1866528750942634,222.0,True,204
99,4,150,0.18193849882622457,193.0,True,204
99,4,150,0.16854726333739395,177.0,True,204
99,4,150,0.1979374240171041,151.0,True,204
99,4,150,0.21771578603621686,66.0,False,204
99,4,150,0.1730555457155607,171.0,True,204
99,4,150,0.23221946228295565,144.0,False,204
99,4,150,0.1778767675961424,149.0,True,204
99,4,150,0.21883279016172444,216.0,True,204
99,4,150,0.2371552570106147,154.0,False,204
99,4,150,0.1741606161488054,213.0,True,204
99,4,150,0.26200097572544345,184.0,True,204
99,4,150,0.21153683017153257,218.0,True,204
99,4,150,0.21241664876671215,152.0,True,204
99,4,150,0.19818940438793203,177.0,True,204
99,4,150,0.2329015719105107,129.0,True,204
99,4,150,0.22786908780756268,247.0,True,204
99,4,150,0.206845562480673,158.0,True,204
99,4,150,0.2755573824528725,279.0,True,204
99,4,150,0.23311786449724628,186.0,True,204
99,4,150,0.32654606143967446,119.0,True,204
99,4,150,0.22398474033801785,155.0,True,204
99,4,150,0.23806348063560748,161.0,True,204
99,4,150,0.1971770583414564,153.0,True,204
99,4,150,0.26797480372821586,595.0,False,204
99,4,150,0.1923953154092205,232.0,True,204
99,4,150,0.22906355841221215,233.0,True,204
99,4,150,0.18648303584169945,181.0,True,204
99,4,150,0.2086322198417735,187.0,True,204
99,4,150,0.19276379130474508,146.0,True,204
99,4,150,0.2471209915276773,167.0,True,204
99,4,150,0.17630001516980037,228.0,False,204
99,4,150,0.19804440941129411,175.0,True,204
99,4,150,0.21247080278893313,264.0,False,204
99,4,150,0.2867656989249191,173.0,True,204
99,4,150,0.1957476986965663,213.0,True,204
99,4,150,0.2272401659283787,64.0,False,204
99,4,150,0.2035181541616718,240.0,True,204
99,4,150,0.19135107919573785,220.0,True,204
99,4,150,0.1867790933077534,48.0,True,204
99,4,150,0.17861089095012428,97.0,True,204
99,4,150,0.29601829760783427,37.0,False,204
99,4,150,0.1967003749262902,217.0,True,204
99,4,150,0.21627056427385616,174.0,True,204
99,4,150,0.170396127262894,196.0,True,204
99,4,150,0.19464434201669212,198.0,True,204
99,4,150,0.17336155650849194,194.0,True,204
99,4,150,0.31122919126198845,130.0,True,204
99,4,150,0.26448492647156,127.0,True,204
99,4,150,0.20296598107802985,202.0,True,204
99,4,150,0.19184608473664239,210.0,True,204
99,4,150,0.22526749618892564,179.0,True,204
99,4,150,0.18298995038332966,173.0,True,204
99,4,150,0.17940512377964823,171.0,True,204
99,4,150,0.16293616323726964,191.0,True,204
99,4,150,0.21001297908444558,155.0,True,204
99,4,150,0.200790346168273,179.0,True,204
99,4,150,0.2658516417920979,459.0,False,204
99,4,150,0.2133223111403055,179.0,True,204
100,5,1,0.2434004957335336,175.0,True,54
100,5,1,0.237595454913325,113.0,True,54
100,5,1,0.23659922645704165,148.0,True,54
100,5,1,0.2692081279819831,256.0,False,54
100,5,1,0.22831313541302314,260.0,True,54
100,5,1,0.26652600717397384,162.0,False,54
100,5,1,0.2628741291248136,144.0,False,54
100,5,1,0.26144251626008636,157.0,True,54
100,5,1,0.24868663777778674,154.0,True,54
100,5,1,0.26110631104343196,121.0,True,54
100,5,1,0.2603305112741409,218.0,True,54
100,5,1,0.23653868612121134,170.0,True,54
100,5,1,0.2917256770046076,217.0,True,54
100,5,1,0.25104373616831643,175.0,True,54
100,5,1,0.23201201839579477,180.0,True,54
100,5,1,0.29758301134256115,374.0,False,54
100,5,1,0.27256937864367947,163.0,True,54
100,5,1,0.24614444407198927,139.0,True,54
100,5,1,0.24613921163161157,181.0,True,54
100,5,1,0.21094394520837434,147.0,True,54
100,5,1,0.24911373130221298,138.0,True,54
100,5,1,0.245756338159722,166.0,True,54
100,5,1,0.2023797169997451,178.0,True,54
100,5,1,0.27780872911214827,50.0,True,54
100,5,1,0.2745608702027725,163.0,True,54
100,5,1,0.2822959706941737,158.0,True,54
100,5,1,0.2530871517712774,153.0,True,54
100,5,1,0.24080602394209968,135.0,True,54
100,5,1,0.22425510591648995,141.0,True,54
100,5,1,0.24803964011981838,183.0,True,54
100,5,1,0.24517653635437625,193.0,True,54
100,5,1,0.20553377281736446,135.0,True,54
100,5,1,0.23569425342627515,162.0,False,54
100,5,1,0.20068033080733283,181.0,True,54
100,5,1,0.19410028689625589,176.0,True,54
100,5,1,0.21704942041528438,167.0,True,54
100,5,1,0.2592611270680275,219.0,True,54
100,5,1,0.23345980510629458,145.0,True,54
100,5,1,0.20002287790015505,182.0,True,54
100,5,1,0.26786750470292514,211.0,True,54
100,5,1,0.2529353117043117,159.0,True,54
100,5,1,0.2428018554958994,173.0,True,54
100,5,1,0.24948641070177857,142.0,True,54
100,5,1,0.26950718812000607,162.0,False,54
100,5,1,0.2663067556344546,169.0,True,54
100,5,1,0.268814245479529,209.0,True,54
101,5,10,0.24117249768713248,138.0,True,56
101,5,10,0.2546071255317186,433.0,True,56
101,5,10,0.24416348009796465,177.0,True,56
101,5,10,0.25313600578478407,70.0,False,56
101,5,10,0.23028224742700976,124.0,True,56
101,5,10,0.2339885529093068,198.0,True,56
101,5,10,0.22424068389267757,145.0,True,56
101,5,10,0.24236113996732803,210.0,True,56
101,5,10,0.2501036043716892,219.0,True,56
101,5,10,0.2564122536033392,200.0,True,56
101,5,10,0.24253376568323814,149.0,False,56
101,5,10,0.25421832012824525,195.0,True,56
101,5,10,0.25225722932435096,188.0,True,56
101,5,10,0.268310337934805,92.0,False,56
101,5,10,0.2848039925522149,211.0,True,56
101,5,10,0.27929887184026564,176.0,True,56
101,5,10,0.2613230816116839,264.0,True,56
101,5,10,0.3008415208009011,261.0,True,56
101,5,10,0.23335322715001663,197.0,True,56
101,5,10,0.23688575493291095,203.0,True,56
101,5,10,0.2614782866650978,339.0,False,56
101,5,10,0.27137449941386477,163.0,True,56
101,5,10,0.26203701907885824,207.0,True,56
101,5,10,0.24925673128285022,161.0,True,56
101,5,10,0.2187359792570914,155.0,True,56
101,5,10,0.23539812526866502,204.0,True,56
101,5,10,0.24496121722317876,168.0,True,56
101,5,10,0.26054878326879666,217.0,True,56
101,5,10,0.26047857922892415,31.0,False,56
101,5,10,0.2603979138167281,38.0,False,56
101,5,10,0.22201018434083253,228.0,True,56
101,5,10,0.26729193205634755,84.0,True,56
101,5,10,0.2821045222251039,190.0,True,56
101,5,10,0.2794422624202875,195.0,True,56
101,5,10,0.2408349517576709,167.0,True,56
101,5,10,0.2572644829357925,76.0,False,56
101,5,10,0.2414319672569725,161.0,True,56
101,5,10,0.2472026021530231,240.0,True,56
101,5,10,0.2434556812532549,246.0,True,56
101,5,10,0.2105168294338953,105.0,True,56
101,5,10,0.19599722078972798,163.0,True,56
101,5,10,0.25066702373379424,278.0,False,56
101,5,10,0.18544136190495522,147.0,True,56
101,5,10,0.20582923452171048,178.0,True,56
101,5,10,0.22449789006967802,185.0,True,56
101,5,10,0.25607767747715116,192.0,True,56
101,5,10,0.2702304580530455,86.0,True,56
101,5,10,0.23732793555223852,133.0,True,56
101,5,10,0.2116646512624729,166.0,True,56
101,5,10,0.2527709826827049,44.0,False,56
101,5,10,0.24505352412545403,215.0,True,56
101,5,10,0.2459623780824355,268.0,False,56
101,5,10,0.23195312267694718,195.0,True,56
101,5,10,0.2269457479317983,129.0,True,56
101,5,10,0.23606008037006684,211.0,True,56
101,5,10,0.24704114859663576,179.0,True,56
101,5,10,0.24276407697413227,202.0,True,56
101,5,10,0.20921223244883796,165.0,True,56
102,5,50,0.21035431545452785,149.0,True,72
102,5,50,0.20903260091153703,202.0,False,72
102,5,50,0.22329884670876168,185.0,False,72
102,5,50,0.2113535200677267,164.0,True,72
102,5,50,0.2191995280657628,129.0,True,72
102,5,50,0.20421098452061415,96.0,False,72
102,5,50,0.19595056927452484,96.0,False,72
102,5,50,0.2228263223035769,220.0,True,72
102,5,50,0.228840777764515,147.0,True,72
102,5,50,0.20055558151668973,135.0,True,72
102,5,50,0.2202448256765351,132.0,True,72
102,5,50,0.18655689743657908,144.0,True,72
102,5,50,0.24037189451344496,203.0,True,72
102,5,50,0.22532998601994922,199.0,True,72
102,5,50,0.25449674156579105,110.0,False,72
102,5,50,0.22028461035261762,188.0,True,72
102,5,50,0.2568315710305186,243.0,True,72
102,5,50,0.21686764514393744,227.0,True,72
102,5,50,0.25922450833185273,229.0,True,72
102,5,50,0.22709088948996445,152.0,True,72
102,5,50,0.22623762525158164,162.0,True,72
102,5,50,0.22704328053724368,269.0,True,72
102,5,50,0.2515453404340989,195.0,True,72
102,5,50,0.21696827828884124,125.0,True,72
102,5,50,0.20948184430599212,115.0,False,72
102,5,50,0.16653739003574147,187.0,True,72
102,5,50,0.23229854012349524,249.0,True,72
102,5,50,0.171167558690776,230.0,True,72
102,5,50,0.21630901250156384,206.0,True,72
102,5,50,0.2526911186793494,315.0,False,72
102,5,50,0.1663708953296437,170.0,True,72
102,5,50,0.24998878687620163,200.0,True,72
102,5,50,0.1742424767935413,174.0,True,72
102,5,50,0.17393693963163778,190.0,True,72
102,5,50,0.2587323027352492,48.0,False,72
102,5,50,0.24102193164297298,158.0,False,72
102,5,50,0.247969865048532,139.0,True,72
102,5,50,0.24224250211435205,170.0,False,72
102,5,50,0.22634834557771683,100.0,False,72
102,5,50,0.21901411400868162,202.0,True,72
102,5,50,0.24602719225265363,135.0,True,72
102,5,50,0.2338706533630173,154.0,True,72
102,5,50,0.23179553672225175,167.0,True,72
102,5,50,0.238749218619231,165.0,True,72
102,5,50,0.20446899525303255,187.0,True,72
102,5,50,0.24418222497810016,176.0,True,72
102,5,50,0.2556241708056581,248.0,False,72
102,5,50,0.20408214393841184,184.0,True,72
102,5,50,0.19129511669367374,167.0,True,72
102,5,50,0.20259230149669882,163.0,True,72
102,5,50,0.21526203897682208,206.0,True,72
102,5,50,0.20819905027747154,116.0,True,72
102,5,50,0.21664648341486253,166.0,True,72
102,5,50,0.2298275728588519,230.0,True,72
102,5,50,0.19812611362029767,174.0,True,72
102,5,50,0.2186972136590995,153.0,True,72
102,5,50,0.2318309914429211,206.0,True,72
102,5,50,0.23188575188673677,168.0,True,72
102,5,50,0.23339568070330463,182.0,True,72
102,5,50,0.20112991491677584,216.0,True,72
102,5,50,0.2734000892304003,313.0,False,72
102,5,50,0.21215895588407999,238.0,True,72
102,5,50,0.20949594759793014,161.0,True,72
102,5,50,0.19612312958472305,216.0,True,72
102,5,50,0.20973006370835579,208.0,True,72
103,5,100,0.24520015770738776,110.0,True,112
103,5,100,0.23637442889376584,117.0,True,112
103,5,100,0.20621575829055575,54.0,False,112
103,5,100,0.24331356914012464,77.0,False,112
103,5,100,0.24725621384687912,78.0,True,112
103,5,100,0.21641398318435834,161.0,True,112
103,5,100,0.20738121030139334,162.0,False,112
103,5,100,0.21175234881016092,109.0,True,112
103,5,100,0.25248537460962933,165.0,False,112
103,5,100,0.25030461962767475,127.0,False,112
103,5,100,0.2591217447494723,291.0,False,112
103,5,100,0.229137215952752,118.0,False,112
103,5,100,0.2274642283921917,219.0,True,112
103,5,100,0.24978523746389766,232.0,True,112
103,5,100,0.23206468918616094,383.0,True,112
103,5,100,0.2384818307930809,299.0,True,112
103,5,100,0.24440353579427065,152.0,False,112
103,5,100,0.24699801960623408,166.0,False,112
103,5,100,0.21953700256237785,217.0,True,112
103,5,100,0.21085745009234907,257.0,True,112
103,5,100,0.22184509489064416,288.0,True,112
103,5,100,0.2284508930573325,241.0,True,112
103,5,100,0.20327634569428382,218.0,True,112
103,5,100,0.19843050561569356,81.0,False,112
103,5,100,0.2291679633337827,168.0,True,112
103,5,100,0.20679360250352133,213.0,True,112
103,5,100,0.21836300022326982,182.0,True,112
103,5,100,0.18597836638650586,155.0,True,112
103,5,100,0.20841700812080996,199.0,True,112
103,5,100,0.19473442736086152,213.0,True,112
103,5,100,0.20137235414290774,207.0,True,112
103,5,100,0.21289215429785288,197.0,True,112
103,5,100,0.25650865387233746,419.0,True,112
103,5,100,0.24462941492145712,44.0,False,112
103,5,100,0.25563665997982027,250.0,True,112
103,5,100,0.2385697520831052,170.0,True,112
103,5,100,0.22999308749356054,176.0,True,112
103,5,100,0.23703074857501163,163.0,True,112
103,5,100,0.21506540181665768,247.0,True,112
103,5,100,0.21203011512449108,194.0,True,112
103,5,100,0.19226005387171513,177.0,True,112
103,5,100,0.2017330985499899,227.0,True,112
103,5,100,0.2251124582428863,345.0,True,112
103,5,100,0.1863332124901753,255.0,True,112
103,5,100,0.22371597011986466,388.0,False,112
103,5,100,0.23286314917507991,279.0,False,112
103,5,100,0.20957916274370736,151.0,False,112
103,5,100,0.1761383107159196,82.0,False,112
103,5,100,0.2670434246786305,183.0,True,112
103,5,100,0.2381600704161041,223.0,True,112
103,5,100,0.17915903787477322,211.0,True,112
103,5,100,0.1645025660908675,158.0,True,112
103,5,100,0.17522914121272387,216.0,True,112
103,5,100,0.177805437461326,228.0,False,112
103,5,100,0.23700162696786323,229.0,False,112
103,5,100,0.24450086320590492,198.0,False,112
103,5,100,0.21179160561864777,173.0,True,112
103,5,100,0.1992759372179325,156.0,True,112
103,5,100,0.2251929465247078,163.0,False,112
103,5,100,0.18792192080269562,163.0,False,112
103,5,100,0.18935874881951706,92.0,True,112
103,5,100,0.2200442766977681,180.0,True,112
103,5,100,0.20824004379847577,131.0,True,112
103,5,100,0.20603583716764684,41.0,False,112
103,5,100,0.2458673045293463,293.0,True,112
103,5,100,0.23684362194367817,70.0,False,112
103,5,100,0.2647816191722707,82.0,True,112
103,5,100,0.19303324254958526,230.0,True,112
103,5,100,0.19759046635478014,207.0,True,112
103,5,100,0.2239737963510884,180.0,False,112
103,5,100,0.18254298466535016,262.0,False,112
103,5,100,0.24129567427767648,90.0,False,112
103,5,100,0.1932128028323253,120.0,False,112
103,5,100,0.21490055878660572,67.0,False,112
103,5,100,0.2518873465485557,309.0,False,112
103,5,100,0.22499306642530878,324.0,True,112
103,5,100,0.2218253720747797,285.0,True,112
103,5,100,0.23141920329811416,107.0,False,112
103,5,100,0.24665189587479405,323.0,False,112
103,5,100,0.26349368605945933,122.0,False,112
103,5,100,0.19707800198100997,167.0,True,112
103,5,100,0.28479632194535137,237.0,False,112
103,5,100,0.3353799283504486,2.0,False,112
103,5,100,0.3530644804239273,5.0,False,112
103,5,100,0.22228032079609958,275.0,False,112
103,5,100,0.21267833113670348,245.0,True,112
103,5,100,0.26466315285019254,230.0,False,112
103,5,100,0.19114634559481544,226.0,True,112
103,5,100,0.20944629340536064,288.0,True,112
103,5,100,0.19686634823679924,200.0,True,112
103,5,100,0.28117675093166966,136.0,True,112
103,5,100,0.18200557795002234,199.0,True,112
103,5,100,0.2472311078030386,81.0,False,112
103,5,100,0.1962106102649035,213.0,True,112
103,5,100,0.19193053529130547,289.0,True,112
103,5,100,0.3342844069004059,70.0,False,112
103,5,100,0.20542331075384504,42.0,False,112
103,5,100,0.21782998996643932,326.0,True,112
103,5,100,0.18856440523737356,190.0,True,112
103,5,100,0.19962870982122718,161.0,True,112
103,5,100,0.1763179066681093,31.0,False,112
103,5,100,0.23005613455405602,182.0,True,112
103,5,100,0.22840705804400524,118.0,False,112
103,5,100,0.23071011030206492,255.0,False,112
103,5,100,0.21915772049564175,226.0,True,112
103,5,100,0.19597616900758044,41.0,False,112
103,5,100,0.19609779936189836,208.0,True,112
103,5,100,0.20236386469630308,215.0,True,112
103,5,100,0.20225027937155504,325.0,False,112
103,5,100,0.21177683516246518,164.0,True,112
103,5,100,0.19166720420927616,185.0,True,112
103,5,100,0.23406183995059315,211.0,True,112
103,5,100,0.18589457492512393,166.0,True,112
103,5,100,0.19272502294824093,237.0,True,112
103,5,100,0.20545739581187566,180.0,True,112
103,5,100,0.18428434326779097,128.0,False,112
103,5,100,0.20188934222799568,207.0,True,112
103,5,100,0.19778947939312524,183.0,True,112
104,5,150,0.2450164035419745,163.0,True,159
104,5,150,0.22989103853702544,150.0,True,159
104,5,150,0.23566762903439148,112.0,True,159
104,5,150,0.20982956132862005,178.0,True,159
104,5,150,0.23074397014247047,90.0,True,159
104,5,150,0.22341369174395231,291.0,False,159
104,5,150,0.20987937658686528,176.0,True,159
104,5,150,0.2442082430377151,165.0,True,159
104,5,150,0.23246685746643278,72.0,False,159
104,5,150,0.21757377049437276,162.0,True,159
104,5,150,0.23429418752590817,90.0,False,159
104,5,150,0.20922373651072038,215.0,True,159
104,5,150,0.20767637511196824,194.0,True,159
104,5,150,0.2025788296585434,163.0,True,159
104,5,150,0.2154393415279987,223.0,True,159
104,5,150,0.23445162734790156,171.0,True,159
104,5,150,0.21729318205244053,161.0,True,159
104,5,150,0.18795653505380763,215.0,True,159
104,5,150,0.21818521544337272,140.0,True,159
104,5,150,0.21174809921021556,51.0,False,159
104,5,150,0.20722383043982767,110.0,True,159
104,5,150,0.19536695932293988,182.0,True,159
104,5,150,0.17343121497995323,360.0,True,159
104,5,150,0.20930651681763784,189.0,False,159
104,5,150,0.2197720324542342,119.0,True,159
104,5,150,0.20752092208213732,261.0,True,159
104,5,150,0.1968286605339485,307.0,True,159
104,5,150,0.18104321350929914,216.0,True,159
104,5,150,0.1873860818713737,179.0,True,159
104,5,150,0.19912655698135495,192.0,True,159
104,5,150,0.21814163650699597,199.0,True,159
104,5,150,0.21679461902851682,139.0,True,159
104,5,150,0.1984400063500566,236.0,False,159
104,5,150,0.21789048768972097,133.0,True,159
104,5,150,0.20853464642848668,223.0,True,159
104,5,150,0.19664811175219052,191.0,True,159
104,5,150,0.1871671382188797,125.0,False,159
104,5,150,0.20952973653872808,150.0,True,159
104,5,150,0.21919122976040153,243.0,True,159
104,5,150,0.2358577746118224,172.0,True,159
104,5,150,0.19207639054635936,89.0,True,159
104,5,150,0.2399936162117051,41.0,False,159
104,5,150,0.2030917926037565,235.0,True,159
104,5,150,0.19538336125728878,184.0,True,159
104,5,150,0.19913140278694044,281.0,True,159
104,5,150,0.19924344531461305,102.0,False,159
104,5,150,0.26586319260959385,237.0,True,159
104,5,150,0.20564789037486825,241.0,True,159
104,5,150,0.24368689880512728,202.0,False,159
104,5,150,0.2021316703982078,208.0,True,159
104,5,150,0.17421500303755247,239.0,True,159
104,5,150,0.19635526656227953,340.0,False,159
104,5,150,0.20739013204971948,222.0,True,159
104,5,150,0.21701470017433167,181.0,True,159
104,5,150,0.18606912914891632,196.0,True,159
104,5,150,0.20203307491281758,115.0,False,159
104,5,150,0.1923872831901279,218.0,True,159
104,5,150,0.20914764050394297,208.0,True,159
104,5,150,0.2027230243576635,101.0,False,159
104,5,150,0.20506448222369683,205.0,True,159
104,5,150,0.21789641591248574,308.0,False,159
104,5,150,0.22684457443654538,200.0,True,159
104,5,150,0.1750174212105134,170.0,True,159
104,5,150,0.1805024106013641,178.0,True,159
104,5,150,0.17698084771312694,186.0,True,159
104,5,150,0.17455869557435622,243.0,True,159
104,5,150,0.23466716978243912,483.0,False,159
104,5,150,0.1718951265274552,193.0,True,159
104,5,150,0.23384451605795042,269.0,False,159
104,5,150,0.20594432009827524,168.0,True,159
104,5,150,0.18663282077759505,240.0,True,159
104,5,150,0.20167637695284452,255.0,True,159
104,5,150,0.20311546300283886,176.0,False,159
104,5,150,0.16795544265731563,123.0,True,159
104,5,150,0.23717791760863052,253.0,True,159
104,5,150,0.23098158657173568,158.0,False,159
104,5,150,0.21891525829279865,189.0,False,159
104,5,150,0.17177672115103085,199.0,True,159
104,5,150,0.24395785821335655,70.0,False,159
104,5,150,0.18971738103148225,231.0,True,159
104,5,150,0.21884126052496095,569.0,True,159
104,5,150,0.19595630513504148,416.0,False,159
104,5,150,0.1820150473538567,204.0,True,159
104,5,150,0.19863520935177803,208.0,False,159
104,5,150,0.25060376658439637,625.0,False,159
104,5,150,0.25327044320958003,70.0,False,159
104,5,150,0.26575712002964635,247.0,False,159
104,5,150,0.22482011394690624,113.0,True,159
104,5,150,0.2591088714276849,506.0,False,159
104,5,150,0.23378002494573594,80.0,False,159
104,5,150,0.2125339045630934,213.0,True,159
104,5,150,0.25379096985769817,263.0,True,159
104,5,150,0.2594379635038464,217.0,False,159
104,5,150,0.18840174876399093,182.0,True,159
104,5,150,0.21929262753795176,323.0,False,159
104,5,150,0.2224352959671925,232.0,True,159
104,5,150,0.19570058141205762,37.0,True,159
104,5,150,0.39666096392528033,258.0,True,159
104,5,150,0.24718384066837257,209.0,False,159
104,5,150,0.23643747846523444,167.0,True,159
104,5,150,0.29793235772882987,171.0,True,159
104,5,150,0.20088585804809223,264.0,False,159
104,5,150,0.18843963025491448,79.0,False,159
104,5,150,0.20788889823200032,278.0,True,159
104,5,150,0.19382571055441677,357.0,False,159
104,5,150,0.18437301896904645,152.0,True,159
104,5,150,0.19162285718612554,164.0,False,159
104,5,150,0.19692045976133907,238.0,True,159
104,5,150,0.25384936685839743,146.0,True,159
104,5,150,0.2113794256001711,144.0,True,159
104,5,150,0.2072757472594579,165.0,True,159
104,5,150,0.19324659890598722,225.0,True,159
104,5,150,0.38361177228836196,519.0,False,159
104,5,150,0.31194831222371594,393.0,False,159
104,5,150,0.2476784479253146,245.0,True,159
104,5,150,0.17173805584510168,60.0,False,159
104,5,150,0.4428522097500595,148.0,True,159
104,5,150,0.19729027342289052,141.0,False,159
104,5,150,0.18400300362935432,130.0,False,159
104,5,150,0.1850681405388907,178.0,False,159
104,5,150,0.1817745566368103,15.0,False,159
104,5,150,0.2567771618833413,74.0,False,159
104,5,150,0.2338993318422496,171.0,False,159
104,5,150,0.19918399462508823,287.0,False,159
104,5,150,0.4398252882740714,55.0,False,159
104,5,150,0.2142224714268733,274.0,True,159
104,5,150,0.18095075368881225,50.0,False,159
104,5,150,0.33578512377593855,723.0,False,159
104,5,150,0.36315723649468745,476.0,False,159
104,5,150,0.3924117446455181,585.0,False,159
104,5,150,0.18916693253572597,215.0,True,159
104,5,150,0.21697255642446753,73.0,False,159
104,5,150,0.2112117108461019,185.0,False,159
104,5,150,0.21880646226530392,211.0,True,159
104,5,150,0.20142907430959303,215.0,True,159
104,5,150,0.28908596476896214,183.0,True,159
104,5,150,0.21025826025103767,126.0,False,159
104,5,150,0.19905399841390994,353.0,True,159
104,5,150,0.23307024777063484,932.0,False,159
104,5,150,0.19040652311273984,112.0,False,159
104,5,150,0.18994192076580865,70.0,False,159
104,5,150,0.20468398477091934,33.0,False,159
104,5,150,0.20469500142480096,248.0,True,159
104,5,150,0.221701245018822,167.0,True,159
104,5,150,0.19471334794472003,174.0,True,159
104,5,150,0.21623767897025825,194.0,False,159
104,5,150,0.19961958613217345,254.0,True,159
104,5,150,0.24121460452568616,556.0,False,159
104,5,150,0.2635233209961477,272.0,False,159
104,5,150,0.2317289131008871,219.0,True,159
104,5,150,0.2635486761923709,153.0,False,159
104,5,150,0.22426939512317504,199.0,False,159
104,5,150,0.21266492341188775,149.0,True,159
104,5,150,0.19948090237280555,242.0,True,159
104,5,150,0.26024796281542095,238.0,False,159
104,5,150,0.1997701545520652,278.0,True,159
104,5,150,0.19816792306821207,363.0,True,159
104,5,150,0.21121131935924814,228.0,True,159
104,5,150,0.20351864797003727,235.0,True,159
105,6,1,0.21549507511012694,170.0,True,46
105,6,1,0.21415651801991578,207.0,True,46
105,6,1,0.2490649783973536,181.0,True,46
105,6,1,0.23023188407303857,122.0,True,46
105,6,1,0.24347402832724832,154.0,True,46
105,6,1,0.23515429369666996,136.0,True,46
105,6,1,0.23515107286603829,19.0,False,46
105,6,1,0.2697086832866594,257.0,True,46
105,6,1,0.27981772608071825,341.0,True,46
105,6,1,0.22826717869390414,158.0,True,46
105,6,1,0.23919753512231315,123.0,True,46
105,6,1,0.22543746759613834,249.0,True,46
105,6,1,0.23401764387057888,144.0,True,46
105,6,1,0.25023351714891545,255.0,True,46
105,6,1,0.20075448821096317,184.0,True,46
105,6,1,0.2489251621067524,140.0,True,46
105,6,1,0.2637150726313221,232.0,True,46
105,6,1,0.26479161691508796,380.0,False,46
105,6,1,0.2396578504576709,183.0,False,46
105,6,1,0.2402400160735508,159.0,True,46
105,6,1,0.19013273048525056,192.0,True,46
105,6,1,0.20208016007938642,149.0,True,46
105,6,1,0.2206068208865952,114.0,True,46
105,6,1,0.26215262507850473,176.0,True,46
105,6,1,0.25555793451411385,140.0,True,46
105,6,1,0.20967140366564263,143.0,True,46
105,6,1,0.2387491959100329,179.0,True,46
105,6,1,0.2619573253363666,202.0,True,46
105,6,1,0.23063903150519705,123.0,True,46
105,6,1,0.24972298565619397,212.0,True,46
105,6,1,0.2212505152618343,176.0,True,46
105,6,1,0.26726268146414056,279.0,True,46
105,6,1,0.24891192535263898,269.0,True,46
105,6,1,0.23365877436462945,169.0,True,46
105,6,1,0.22812176712921686,175.0,True,46
105,6,1,0.23619886233421142,167.0,True,46
105,6,1,0.24570469705517903,172.0,True,46
105,6,1,0.25267297588288784,224.0,True,46
105,6,1,0.2649376756967382,188.0,True,46
105,6,1,0.2675466843290267,153.0,True,46
105,6,1,0.24234272754469582,215.0,True,46
105,6,1,0.24002402405182044,167.0,True,46
105,6,1,0.25231860242259335,142.0,True,46
105,6,1,0.23921499050293976,208.0,True,46
105,6,1,0.2400187688305023,188.0,True,46
105,6,1,0.2551771492265456,179.0,True,46
105,6,1,0.25253231243954766,162.0,True,46
106,6,10,0.2135746255517006,210.0,True,54
106,6,10,0.21794977659980455,252.0,True,54
106,6,10,0.2234715763630906,123.0,True,54
106,6,10,0.24047628514570732,146.0,True,54
106,6,10,0.22595025589631038,159.0,True,54
106,6,10,0.2719931835602211,349.0,False,54
106,6,10,0.24780474329760316,109.0,True,54
106,6,10,0.2702977421928893,364.0,True,54
106,6,10,0.22523634581045174,174.0,True,54
106,6,10,0.23234092867052233,185.0,True,54
106,6,10,0.21948608772998507,264.0,True,54
106,6,10,0.22515232880146074,156.0,True,54
106,6,10,0.2272206821092745,41.0,False,54
106,6,10,0.26715585474318604,246.0,True,54
106,6,10,0.26420413196957027,137.0,True,54
106,6,10,0.2415635616661192,111.0,True,54
106,6,10,0.2162549524211589,162.0,True,54
106,6,10,0.2364800254581496,256.0,True,54
106,6,10,0.2608215428167774,155.0,False,54
106,6,10,0.2619523100162807,152.0,False,54
106,6,10,0.24543657712638378,144.0,True,54
106,6,10,0.2302768843041526,117.0,True,54
106,6,10,0.24723402239583633,148.0,True,54
106,6,10,0.20692889138247617,129.0,True,54
106,6,10,0.2495664951043675,332.0,False,54
106,6,10,0.20474160059678312,196.0,True,54
106,6,10,0.24278364717960357,150.0,True,54
106,6,10,0.19973600713106301,169.0,True,54
106,6,10,0.2248955551625752,164.0,True,54
106,6,10,0.22768359784013736,161.0,True,54
106,6,10,0.2539064767538692,221.0,False,54
106,6,10,0.27078484041967255,138.0,True,54
106,6,10,0.2684290849122425,149.0,True,54
106,6,10,0.24190657478239802,180.0,True,54
106,6,10,0.19976867477321092,179.0,True,54
106,6,10,0.24923096726769986,230.0,True,54
106,6,10,0.2289318003990118,206.0,True,54
106,6,10,0.22390619145092353,179.0,True,54
106,6,10,0.20302877252556614,194.0,True,54
106,6,10,0.224303736652016,189.0,True,54
106,6,10,0.23506449338267832,221.0,True,54
106,6,10,0.23289128229634404,146.0,True,54
106,6,10,0.2419043704867363,164.0,True,54
106,6,10,0.26152648581097826,198.0,True,54
106,6,10,0.2654655592911171,165.0,True,54
106,6,10,0.2402714285840336,234.0,True,54
106,6,10,0.2323623620546781,156.0,True,54
106,6,10,0.23950093303774966,116.0,True,54
106,6,10,0.24451426737049084,193.0,True,54
106,6,10,0.2250045033654681,216.0,True,54
106,6,10,0.24106385254411286,186.0,True,54
106,6,10,0.2419468954282721,193.0,True,54
107,6,50,0.2232840262117429,221.0,True,74
107,6,50,0.23006195407263272,191.0,True,74
107,6,50,0.2511423041041081,208.0,True,74
107,6,50,0.22543001102678703,165.0,True,74
107,6,50,0.2177035859946547,174.0,True,74
107,6,50,0.23697095465772028,213.0,True,74
107,6,50,0.2399002345965097,152.0,False,74
107,6,50,0.24782351795899665,177.0,True,74
107,6,50,0.24421939503896486,143.0,True,74
107,6,50,0.27108370698454726,349.0,True,74
107,6,50,0.2293832137080647,149.0,True,74
107,6,50,0.2479060122230709,149.0,True,74
107,6,50,0.23432218035062155,117.0,False,74
107,6,50,0.21728286241428763,237.0,True,74
107,6,50,0.22090404599905014,50.0,False,74
107,6,50,0.24506260485065226,49.0,False,74
107,6,50,0.25508866572018823,33.0,False,74
107,6,50,0.19948606072245417,185.0,True,74
107,6,50,0.19987758435308933,160.0,True,74
107,6,50,0.236958379248427,283.0,True,74
107,6,50,0.2515256667637643,262.0,True,74
107,6,50,0.22969529901941618,156.0,True,74
107,6,50,0.19789145659592192,177.0,True,74
107,6,50,0.23681492744440055,83.0,True,74
107,6,50,0.25500924881471665,392.0,False,74
107,6,50,0.17990681633193006,186.0,True,74
107,6,50,0.24295131117105484,164.0,True,74
107,6,50,0.2302689851950044,276.0,False,74
107,6,50,0.25441155002444193,226.0,False,74
107,6,50,0.27192390546566103,287.0,False,74
107,6,50,0.22612160335492043,137.0,True,74
107,6,50,0.2174052025573662,251.0,True,74
107,6,50,0.23692044600018725,379.0,True,74
107,6,50,0.25558365162076624,145.0,True,74
107,6,50,0.272579415374332,225.0,True,74
107,6,50,0.22990098380468746,187.0,True,74
107,6,50,0.2568542628008642,162.0,True,74
107,6,50,0.26586351570274147,112.0,True,74
107,6,50,0.2327149842865765,160.0,True,74
107,6,50,0.22553744392735617,175.0,True,74
107,6,50,0.21741874833260813,155.0,True,74
107,6,50,0.2563577059437247,170.0,True,74
107,6,50,0.2615869248836813,142.0,True,74
107,6,50,0.249719209383043,178.0,True,74
107,6,50,0.207216132322655,136.0,True,74
107,6,50,0.2225140826371701,184.0,True,74
107,6,50,0.22315334983460314,154.0,True,74
107,6,50,0.24161028303205967,160.0,True,74
107,6,50,0.22435499371393866,184.0,True,74
107,6,50,0.2298467001153363,180.0,True,74
107,6,50,0.21834890970161983,182.0,True,74
107,6,50,0.22463790393050978,136.0,True,74
107,6,50,0.2197084188289036,173.0,True,74
107,6,50,0.2273605526454987,155.0,True,74
107,6,50,0.21025366646548113,168.0,True,74
107,6,50,0.22913214656929512,177.0,True,74
107,6,50,0.2267918129168127,184.0,True,74
107,6,50,0.24874885734867921,374.0,False,74
107,6,50,0.23874403124685445,181.0,True,74
107,6,50,0.24960805833339691,175.0,True,74
107,6,50,0.26332432464474725,210.0,True,74
107,6,50,0.2378140394970522,177.0,True,74
107,6,50,0.2656116767814665,198.0,False,74
107,6,50,0.27677580511028116,198.0,False,74
107,6,50,0.2434778656153118,204.0,True,74
107,6,50,0.24878416720575888,203.0,True,74
108,6,100,0.22072082854086353,186.0,True,110
108,6,100,0.27983758066381725,280.0,True,110
108,6,100,0.25405093530813855,138.0,False,110
108,6,100,0.23043831168990775,97.0,False,110
108,6,100,0.2327705654833052,234.0,True,110
108,6,100,0.2411782045096637,187.0,True,110
108,6,100,0.22421763422059232,183.0,True,110
108,6,100,0.2274059077881905,166.0,False,110
108,6,100,0.22874034879958793,219.0,False,110
108,6,100,0.21261841990053654,72.0,False,110
108,6,100,0.22197961917316372,176.0,False,110
108,6,100,0.2534068580196556,358.0,False,110
108,6,100,0.2400784391438824,174.0,False,110
108,6,100,0.23428954466901444,216.0,True,110
108,6,100,0.2426243789734379,93.0,True,110
108,6,100,0.2133426640694048,204.0,True,110
108,6,100,0.23892953065110417,82.0,True,110
108,6,100,0.2818535623232742,364.0,True,110
108,6,100,0.2388403548707599,289.0,True,110
108,6,100,0.20298638255869755,183.0,True,110
108,6,100,0.2365404144257701,227.0,True,110
108,6,100,0.2518038260936737,175.0,True,110
108,6,100,0.25374946331644394,143.0,False,110
108,6,100,0.20172278450921252,203.0,True,110
108,6,100,0.21910066495084354,117.0,False,110
108,6,100,0.2307597049511969,96.0,False,110
108,6,100,0.21593053871160978,77.0,False,110
108,6,100,0.19985798711960132,195.0,True,110
108,6,100,0.2725553209060117,380.0,False,110
108,6,100,0.22638096571292565,184.0,False,110
108,6,100,0.20804578308996402,190.0,False,110
108,6,100,0.20537592929143172,52.0,False,110
108,6,100,0.22681806055463363,214.0,True,110
108,6,100,0.19546589032261671,167.0,False,110
108,6,100,0.2491124676676785,164.0,True,110
108,6,100,0.2370764081042709,282.0,True,110
108,6,100,0.24263438693936631,922.0,False,110
108,6,100,0.2567189835157235,359.0,False,110
108,6,100,0.2415009384863397,234.0,True,110
108,6,100,0.20602493063878205,177.0,True,110
108,6,100,0.20640598420913403,130.0,True,110
108,6,100,0.21592062711715698,73.0,False,110
108,6,100,0.26110770476934236,156.0,True,110
108,6,100,0.22234546513896686,253.0,True,110
108,6,100,0.22882425761317826,502.0,False,110
108,6,100,0.1861640639262756,197.0,True,110
108,6,100,0.19711447515452218,269.0,True,110
108,6,100,0.24066575802862644,112.0,True,110
108,6,100,0.2604651833549509,406.0,False,110
108,6,100,0.2135153435743772,117.0,False,110
108,6,100,0.23355537142072405,105.0,False,110
108,6,100,0.21224577144368903,77.0,False,110
108,6,100,0.1943887515200509,45.0,False,110
108,6,100,0.2615865818180667,527.0,False,110
108,6,100,0.20013540434209923,57.0,False,110
108,6,100,0.3319221026882404,238.0,False,110
108,6,100,0.20162249112551192,226.0,True,110
108,6,100,0.22084326401352883,200.0,True,110
108,6,100,0.20165283666100614,215.0,True,110
108,6,100,0.27945596259087324,176.0,True,110
108,6,100,0.21529530952073106,198.0,True,110
108,6,100,0.2068509050210317,75.0,True,110
108,6,100,0.22513183483244043,226.0,True,110
108,6,100,0.2780374340139903,182.0,True,110
108,6,100,0.2109603878015127,39.0,False,110
108,6,100,0.22204037668804327,120.0,True,110
108,6,100,0.21018537820554248,204.0,True,110
108,6,100,0.20009117359402537,87.0,True,110
108,6,100,0.24537286066680875,218.0,False,110
108,6,100,0.25198959309960944,559.0,False,110
108,6,100,0.20608418876980686,182.0,True,110
108,6,100,0.22129690729207913,236.0,True,110
108,6,100,0.1912746401139478,179.0,True,110
108,6,100,0.24327070523270578,223.0,False,110
108,6,100,0.33592229951548097,149.0,True,110
108,6,100,0.21465465360119365,337.0,False,110
108,6,100,0.19460090404078806,169.0,True,110
108,6,100,0.24304709140258499,158.0,True,110
108,6,100,0.2313679395549333,134.0,True,110
108,6,100,0.20331967524119784,175.0,True,110
108,6,100,0.20315979147803853,169.0,True,110
108,6,100,0.21467729001002905,169.0,True,110
108,6,100,0.2072053909971473,178.0,True,110
108,6,100,0.22830966602833497,168.0,True,110
108,6,100,0.2396152775881863,329.0,False,110
108,6,100,0.22924139790783518,259.0,True,110
108,6,100,0.2433882563936044,161.0,True,110
108,6,100,0.21086794976878354,254.0,True,110
108,6,100,0.22692374115728814,184.0,True,110
108,6,100,0.21523090104635498,266.0,False,110
108,6,100,0.20183657070000965,225.0,True,110
108,6,100,0.23160934435506153,117.0,True,110
108,6,100,0.20810191778511536,164.0,True,110
108,6,100,0.2410816444316879,128.0,True,110
108,6,100,0.2214815599807337,204.0,True,110
108,6,100,0.22324606341620287,192.0,True,110
108,6,100,0.22695954576463728,317.0,False,110
108,6,100,0.19010228539506593,216.0,True,110
108,6,100,0.3225863326654256,107.0,True,110
108,6,100,0.22130210773536452,216.0,True,110
108,6,100,0.22295139221374147,167.0,True,110
109,6,150,0.20603476192166165,82.0,False,137
109,6,150,0.20169920228185698,221.0,True,137
109,6,150,0.20311292578224782,216.0,True,137
109,6,150,0.22044231037835818,148.0,False,137
109,6,150,0.19743391828468213,104.0,False,137
109,6,150,0.22401819458812666,157.0,True,137
109,6,150,0.2194958562229542,94.0,False,137
109,6,150,0.19528740018606186,200.0,True,137
109,6,150,0.22470971056955114,197.0,True,137
109,6,150,0.20163012363204888,277.0,True,137
109,6,150,0.19086320624371206,121.0,True,137
109,6,150,0.22797773465698148,243.0,True,137
109,6,150,0.1974156529189431,187.0,True,137
109,6,150,0.19764088414954822,302.0,False,137
109,6,150,0.17865570824721763,145.0,True,137
109,6,150,0.24402353124959128,105.0,False,137
109,6,150,0.18984854348162386,141.0,True,137
109,6,150,0.19820782309398055,32.0,False,137
109,6,150,0.2111572357804276,215.0,True,137
109,6,150,0.18877919789018302,174.0,True,137
109,6,150,0.21601776931096206,264.0,False,137
109,6,150,0.28092751321775133,273.0,True,137
109,6,150,0.20403664051790646,257.0,False,137
109,6,150,0.19952152960184144,246.0,True,137
109,6,150,0.2102694996830189,66.0,False,137
109,6,150,0.19120716633675974,395.0,False,137
109,6,150,0.22615266490129776,162.0,True,137
109,6,150,0.2145343812375233,145.0,True,137
109,6,150,0.24665858811396033,163.0,True,137
109,6,150,0.17890899123684054,31.0,False,137
109,6,150,0.18022561168729379,203.0,True,137
109,6,150,0.20407648178491186,188.0,True,137
109,6,150,0.22799856486645612,66.0,False,137
109,6,150,0.20303771758209105,184.0,True,137
109,6,150,0.1982314967446857,198.0,True,137
109,6,150,0.2250991043794221,181.0,False,137
109,6,150,0.24610098661520544,156.0,False,137
109,6,150,0.2188782167257899,236.0,True,137
109,6,150,0.24939081905274418,179.0,True,137
109,6,150,0.24395533411251513,702.0,False,137
109,6,150,0.26096385755276275,354.0,False,137
109,6,150,0.257089892299331,398.0,False,137
109,6,150,0.1803431862337704,187.0,True,137
109,6,150,0.21757094631685275,321.0,True,137
109,6,150,0.19341802150011062,170.0,True,137
109,6,150,0.2507919005675023,179.0,True,137
109,6,150,0.18957512015881745,207.0,True,137
109,6,150,0.2038450817485432,182.0,True,137
109,6,150,0.22568433978340843,275.0,True,137
109,6,150,0.2338862531427024,207.0,True,137
109,6,150,0.20740602795340587,207.0,True,137
109,6,150,0.24768657105188843,141.0,False,137
109,6,150,0.16932245852073766,217.0,True,137
109,6,150,0.23787321861273322,153.0,True,137
109,6,150,0.1780452173848392,179.0,True,137
109,6,150,0.25421516856230764,679.0,False,137
109,6,150,0.21171588737756833,218.0,True,137
109,6,150,0.2003290279812756,168.0,True,137
109,6,150,0.23180656564235688,250.0,False,137
109,6,150,0.2437690697492115,189.0,False,137
109,6,150,0.21557569207671362,156.0,True,137
109,6,150,0.18813521488763318,202.0,True,137
109,6,150,0.19561585050020644,134.0,True,137
109,6,150,0.25121428086644126,210.0,False,137
109,6,150,0.21249110177159308,200.0,False,137
109,6,150,0.211728597451479,195.0,True,137
109,6,150,0.2452764278067682,133.0,True,137
109,6,150,0.3849942006914439,1633.0,False,137
109,6,150,0.30130897182271,1330.0,False,137
109,6,150,0.3883841748564452,879.0,False,137
109,6,150,0.340715238366895,981.0,False,137
109,6,150,0.26953894333516965,244.0,True,137
109,6,150,0.2274320155998225,387.0,False,137
109,6,150,0.25505755610868963,213.0,False,137
109,6,150,0.2250389209815434,210.0,True,137
109,6,150,0.2642643081122323,152.0,True,137
109,6,150,0.2693565703100628,180.0,True,137
109,6,150,0.22563137430385505,179.0,False,137
109,6,150,0.23303957179754595,158.0,False,137
109,6,150,0.2641024825828416,140.0,False,137
109,6,150,0.3711298373730286,46.0,False,137
109,6,150,0.2064774765897153,268.0,False,137
109,6,150,0.2062820787024167,144.0,True,137
109,6,150,0.2067696476711872,188.0,False,137
109,6,150,0.20816216249056538,99.0,False,137
109,6,150,0.21527495896816254,250.0,True,137
109,6,150,0.2101113970717813,234.0,True,137
109,6,150,0.22275061387858705,167.0,True,137
109,6,150,0.2279492516823003,203.0,True,137
109,6,150,0.21437360905110836,224.0,True,137
109,6,150,0.3250936580908731,193.0,True,137
109,6,150,0.26472044103550463,53.0,False,137
109,6,150,0.2241432575843273,195.0,True,137
109,6,150,0.260316819347667,264.0,False,137
109,6,150,0.2205530535429716,192.0,True,137
109,6,150,0.38604870091738375,116.0,False,137
109,6,150,0.2116356090332071,240.0,True,137
109,6,150,0.23371489251201802,220.0,True,137
109,6,150,0.4166008104619227,38.0,False,137
109,6,150,0.21992641458795828,176.0,True,137
109,6,150,0.19792026798651008,193.0,True,137
109,6,150,0.23238249976059486,145.0,True,137
109,6,150,0.22474345800123716,190.0,True,137
109,6,150,0.27247958962390484,267.0,True,137
109,6,150,0.27339021391978785,238.0,False,137
109,6,150,0.21818161616613577,182.0,True,137
109,6,150,0.1965472390651703,250.0,True,137
109,6,150,0.21927795128923067,142.0,True,137
109,6,150,0.18267593547776717,199.0,True,137
109,6,150,0.22382206766104157,176.0,False,137
109,6,150,0.19606532642781485,239.0,True,137
109,6,150,0.20388533656235336,257.0,True,137
109,6,150,0.23953948726382437,158.0,False,137
109,6,150,0.2146409283513608,115.0,True,137
109,6,150,0.20842316195820318,165.0,True,137
109,6,150,0.1625331210402342,234.0,True,137
109,6,150,0.19394622189658028,175.0,True,137
109,6,150,0.16655154777633632,163.0,True,137
109,6,150,0.22335446174715606,213.0,True,137
109,6,150,0.1710880250473948,304.0,False,137
109,6,150,0.25670225069415376,244.0,True,137
109,6,150,0.18093461129400465,153.0,True,137
109,6,150,0.20285506130005262,161.0,True,137
109,6,150,0.2972950878051611,39.0,False,137
109,6,150,0.2781001301827254,27.0,False,137
109,6,150,0.30001216133435565,9.0,False,137
109,6,150,0.21745109367370605,125.0,True,137
109,6,150,0.178094285144203,174.0,True,137
109,6,150,0.1863077875030668,76.0,False,137
109,6,150,0.21864900049889924,157.0,True,137
109,6,150,0.23343495616028387,62.0,False,137
110,7,1,0.25417534370770617,89.0,True,28
110,7,1,0.2534208479187181,124.0,True,28
110,7,1,0.21208771658960238,129.0,True,28
110,7,1,0.253292691323065,31.0,False,28
110,7,1,0.28240711607460706,106.0,True,28
110,7,1,0.2588134767990264,315.0,False,28
110,7,1,0.24928392451710818,82.0,True,28
110,7,1,0.20484191675980887,153.0,True,28
110,7,1,0.21593994394592617,115.0,True,28
110,7,1,0.25490047086343587,214.0,True,28
110,7,1,0.22138389585649265,170.0,True,28
110,7,1,0.2586639933468063,414.0,False,28
110,7,1,0.23518751842795677,159.0,True,28
110,7,1,0.23542249841349466,140.0,True,28
110,7,1,0.2441012210079602,168.0,True,28
110,7,1,0.2458339241912236,148.0,True,28
110,7,1,0.2422371298951261,170.0,True,28
110,7,1,0.24529596763888215,153.0,True,28
110,7,1,0.23746174115401047,143.0,True,28
110,7,1,0.2502974279415913,156.0,True,28
110,7,1,0.2476976898809274,168.0,True,28
110,7,1,0.2629803276963924,152.0,True,28
110,7,1,0.2644405886128142,185.0,False,28
110,7,1,0.27019458669903024,224.0,True,28
111,7,10,0.25009346025627716,86.0,True,32
111,7,10,0.25255426408156106,46.0,False,32
111,7,10,0.2598443487776986,158.0,False,32
111,7,10,0.23782757894527276,169.0,True,32
111,7,10,0.1783123272057821,169.0,True,32
111,7,10,0.2604565107046741,146.0,True,32
111,7,10,0.2673057404329192,530.0,False,32
111,7,10,0.2405173658956716,162.0,True,32
111,7,10,0.23185403275927272,109.0,True,32
111,7,10,0.19416853508283927,172.0,True,32
111,7,10,0.26108979538959615,170.0,True,32
111,7,10,0.23072403186354143,145.0,True,32
111,7,10,0.20743285487679874,170.0,True,32
111,7,10,0.24430899704113984,39.0,False,32
111,7,10,0.2545116933694495,227.0,True,32
111,7,10,0.2669854121139416,156.0,False,32
111,7,10,0.2395770849707799,156.0,True,32
111,7,10,0.2678075860045394,98.0,False,32
111,7,10,0.21943398888381022,212.0,True,32
111,7,10,0.2162029089385204,178.0,True,32
111,7,10,0.22806933671949012,209.0,True,32
111,7,10,0.26238863579198424,102.0,True,32
111,7,10,0.2459494800227029,175.0,True,32
111,7,10,0.22109493968502575,151.0,True,32
111,7,10,0.22644013561107018,185.0,True,32
111,7,10,0.22537087554281407,165.0,True,32
111,7,10,0.26235960018508425,283.0,True,32
111,7,10,0.24742219775495394,213.0,True,32
111,7,10,0.24408574657780782,175.0,True,32
111,7,10,0.24222498223548983,164.0,True,32
111,7,10,0.2646472388220811,439.0,False,32
112,7,50,0.2596738535346407,165.0,True,41
112,7,50,0.24987707196212397,41.0,False,41
112,7,50,0.2537655273104102,123.0,True,41
112,7,50,0.22448431134223937,175.0,True,41
112,7,50,0.19958309821350864,189.0,True,41
112,7,50,0.22444928728398822,210.0,True,41
112,7,50,0.26199005966913613,141.0,True,41
112,7,50,0.2591950718600016,52.0,False,41
112,7,50,0.2566458271762814,626.0,False,41
112,7,50,0.23574344636025754,176.0,True,41
112,7,50,0.20038726377599644,212.0,True,41
112,7,50,0.2382949236968551,99.0,False,41
112,7,50,0.23696715224672246,135.0,False,41
112,7,50,0.1885754005095669,214.0,True,41
112,7,50,0.2219320002731798,229.0,True,41
112,7,50,0.26410477431779056,388.0,False,41
112,7,50,0.23487295219284332,167.0,True,41
112,7,50,0.2648613450741305,412.0,False,41
112,7,50,0.24512339807906242,265.0,False,41
112,7,50,0.26285920575970695,42.0,False,41
112,7,50,0.2223240417498414,186.0,True,41
112,7,50,0.22202619880829988,152.0,True,41
112,7,50,0.22435069336226923,201.0,True,41
112,7,50,0.2334251333276431,150.0,True,41
112,7,50,0.2632623906388427,66.0,True,41
112,7,50,0.23339733174929383,141.0,False,41
112,7,50,0.24702101126610046,251.0,False,41
112,7,50,0.2238945583050901,220.0,True,41
112,7,50,0.22839339443349413,224.0,True,41
112,7,50,0.2355022976606971,263.0,True,41
112,7,50,0.24267445206642152,170.0,True,41
112,7,50,0.24684052425954078,180.0,True,41
112,7,50,0.26398794764074784,261.0,True,41
112,7,50,0.23261568415417241,189.0,True,41
112,7,50,0.23600070905570247,207.0,True,41
112,7,50,0.25312021956211184,246.0,True,41
112,7,50,0.2648538402190395,204.0,False,41
113,7,100,0.2710261682754961,232.0,False,61
113,7,100,0.23975292066248452,41.0,False,61
113,7,100,0.25062870730956394,36.0,False,61
113,7,100,0.19827481731772423,232.0,True,61
113,7,100,0.21866886096122937,195.0,True,61
113,7,100,0.22442800572699745,177.0,False,61
113,7,100,0.2091894679485935,146.0,False,61
113,7,100,0.2211189521018599,244.0,True,61
113,7,100,0.18698549765107877,223.0,True,61
113,7,100,0.2287092593808969,228.0,True,61
113,7,100,0.17650600278919393,220.0,True,61
113,7,100,0.26810976723102464,437.0,False,61
113,7,100,0.26590007638822405,219.0,True,61
113,7,100,0.2537326469189591,144.0,False,61
113,7,100,0.2283638526092876,33.0,False,61
113,7,100,0.2322224520372622,165.0,True,61
113,7,100,0.21203999712081725,167.0,True,61
113,7,100,0.20446845010175543,295.0,True,61
113,7,100,0.2170242207205814,184.0,True,61
113,7,100,0.23842282115834432,103.0,False,61
113,7,100,0.17867786367086397,276.0,True,61
113,7,100,0.2629843768355222,317.0,False,61
113,7,100,0.2113699160937993,106.0,True,61
113,7,100,0.18418926511021608,181.0,True,61
113,7,100,0.20840239886726653,210.0,True,61
113,7,100,0.2537427519076475,619.0,False,61
113,7,100,0.20993111502113088,224.0,True,61
113,7,100,0.242215187237488,254.0,False,61
113,7,100,0.2188961409070165,197.0,False,61
113,7,100,0.213231845104948,47.0,False,61
113,7,100,0.21580175310373306,200.0,False,61
113,7,100,0.24385438073012564,36.0,False,61
113,7,100,0.2217416616923669,340.0,True,61
113,7,100,0.23255928279832006,32.0,False,61
113,7,100,0.2150562991495846,294.0,True,61
113,7,100,0.22393309092149138,192.0,True,61
113,7,100,0.24745232129798217,68.0,False,61
113,7,100,0.23757962605191602,360.0,False,61
113,7,100,0.25250893223285675,250.0,False,61
113,7,100,0.24152274552273423,146.0,True,61
113,7,100,0.21699885082441372,182.0,True,61
113,7,100,0.2304487698725191,339.0,False,61
113,7,100,0.24931438207626344,100.0,False,61
113,7,100,0.22128912221926908,260.0,True,61
113,7,100,0.25155954055705115,206.0,True,61
113,7,100,0.24365208664322427,181.0,True,61
113,7,100,0.23160272903406798,134.0,True,61
113,7,100,0.2457103123430346,366.0,False,61
113,7,100,0.23443066883998312,157.0,False,61
113,7,100,0.24131475643996886,187.0,True,61
113,7,100,0.2232827227562666,112.0,False,61
113,7,100,0.24298735349847558,285.0,False,61
113,7,100,0.23303842526044904,161.0,True,61
113,7,100,0.24320388196801845,163.0,True,61
113,7,100,0.24384033619957482,149.0,True,61
113,7,100,0.2383875218500574,166.0,True,61
113,7,100,0.25153128359540666,353.0,False,61
113,7,100,0.23990476650722098,198.0,True,61
113,7,100,0.23360687721034754,184.0,True,61
113,7,100,0.24994436691621105,167.0,True,61
113,7,100,0.24800051848093668,30.0,False,61
114,7,150,0.21138090085476002,188.0,True,94
114,7,150,0.23065397323984088,33.0,False,94
114,7,150,0.19279072467406191,199.0,True,94
114,7,150,0.26323782198312806,164.0,True,94
114,7,150,0.258654945237296,175.0,True,94
114,7,150,0.22667760295527323,133.0,True,94
114,7,150,0.20333128137623563,136.0,False,94
114,7,150,0.2318489307529541,229.0,False,94
114,7,150,0.20087863680686843,178.0,True,94
114,7,150,0.21203819327056408,160.0,True,94
114,7,150,0.20641084731648407,233.0,True,94
114,7,150,0.1967054489158815,155.0,True,94
114,7,150,0.21751472846145545,221.0,True,94
114,7,150,0.22823973750210788,292.0,True,94
114,7,150,0.23365972925947137,146.0,True,94
114,7,150,0.23465150787782826,301.0,False,94
114,7,150,0.18739419026225138,223.0,False,94
114,7,150,0.20891197643628934,205.0,True,94
114,7,150,0.258316207112688,132.0,False,94
114,7,150,0.23308634559313457,30.0,False,94
114,7,150,0.22045188355390158,214.0,True,94
114,7,150,0.18949082337411832,162.0,True,94
114,7,150,0.17161855437386203,142.0,True,94
114,7,150,0.16545220686873394,134.0,False,94
114,7,150,0.21713045953887783,146.0,True,94
114,7,150,0.18285427958357567,204.0,True,94
114,7,150,0.18358188276974166,164.0,False,94
114,7,150,0.21876684205543592,207.0,True,94
114,7,150,0.21002476420253516,80.0,True,94
114,7,150,0.25629693424823335,490.0,False,94
114,7,150,0.1821440407074988,256.0,True,94
114,7,150,0.18489453131423414,206.0,True,94
114,7,150,0.17617929926732692,205.0,True,94
114,7,150,0.23282502884538764,234.0,True,94
114,7,150,0.17213511368828618,167.0,True,94
114,7,150,0.22861759066581727,30.0,True,94
114,7,150,0.24859423069726852,105.0,False,94
114,7,150,0.23877813898146472,374.0,False,94
114,7,150,0.23584177870960796,204.0,True,94
114,7,150,0.18226546685249484,171.0,True,94
114,7,150,0.18590518437764225,204.0,True,94
114,7,150,0.19464750675594106,187.0,True,94
114,7,150,0.19147121300920844,64.0,False,94
114,7,150,0.25381780556350386,212.0,True,94
114,7,150,0.19278275596684424,145.0,True,94
114,7,150,0.22620469324998727,221.0,True,94
114,7,150,0.22044450974925447,181.0,True,94
114,7,150,0.1985085811127316,110.0,False,94
114,7,150,0.19035549236066412,66.0,False,94
114,7,150,0.21408265463330528,110.0,False,94
114,7,150,0.19549850284477363,207.0,False,94
114,7,150,0.2135316441831349,159.0,False,94
114,7,150,0.20503729363910767,253.0,True,94
114,7,150,0.216513742736522,149.0,False,94
114,7,150,0.22962165639755575,47.0,False,94
114,7,150,0.23685538712001983,105.0,False,94
114,7,150,0.21206204301637152,230.0,True,94
114,7,150,0.23407499911031912,402.0,False,94
114,7,150,0.2532102544518078,221.0,False,94
114,7,150,0.2617878755643254,210.0,True,94
114,7,150,0.23904492185417428,166.0,True,94
114,7,150,0.25116644983674274,81.0,False,94
114,7,150,0.2211650715393274,147.0,True,94
114,7,150,0.1951392279772819,158.0,True,94
114,7,150,0.2541409912116734,162.0,False,94
114,7,150,0.25258402799845636,267.0,False,94
114,7,150,0.268631785790295,469.0,False,94
114,7,150,0.2620228882879019,152.0,False,94
114,7,150,0.22077859755394594,212.0,False,94
114,7,150,0.22444366361413684,175.0,True,94
114,7,150,0.20025384434259655,183.0,True,94
114,7,150,0.2034778838236648,166.0,False,94
114,7,150,0.268175138009057,799.0,False,94
114,7,150,0.21445372383827452,174.0,True,94
114,7,150,0.2514766191734987,374.0,False,94
114,7,150,0.17791868043555456,176.0,True,94
114,7,150,0.18324808797666003,210.0,True,94
114,7,150,0.21257672039339842,206.0,True,94
114,7,150,0.18414192753178732,196.0,True,94
114,7,150,0.17586720771080738,185.0,True,94
114,7,150,0.22827961094142324,181.0,False,94
114,7,150,0.18186839335621932,156.0,True,94
114,7,150,0.23000115148205172,187.0,True,94
114,7,150,0.2149582858826663,185.0,True,94
115,8,1,0.24819548144005238,320.0,False,66
115,8,1,0.256302981778067,245.0,True,66
115,8,1,0.24280201117782033,68.0,True,66
115,8,1,0.23332752079209862,272.0,True,66
115,8,1,0.2524144073686988,221.0,True,66
115,8,1,0.2593908576255149,188.0,True,66
115,8,1,0.25569689620963554,176.0,False,66
115,8,1,0.27365357652306554,40.0,False,66
115,8,1,0.2602322096271174,196.0,True,66
115,8,1,0.22030430690186922,183.0,True,66
115,8,1,0.21896049245557886,188.0,True,66
115,8,1,0.23119486070105008,168.0,False,66
115,8,1,0.19871717752420415,171.0,True,66
115,8,1,0.232527305748289,151.0,True,66
115,8,1,0.23586202217265964,160.0,True,66
115,8,1,0.2338118515247424,169.0,True,66
115,8,1,0.24535878182485185,116.0,True,66
115,8,1,0.2349998517766025,183.0,True,66
115,8,1,0.2071186422749802,162.0,True,66
115,8,1,0.26873840997784826,177.0,True,66
115,8,1,0.24844103601909953,169.0,True,66
115,8,1,0.2251209338369979,219.0,True,66
115,8,1,0.24439082877202467,110.0,True,66
115,8,1,0.2116067472867623,167.0,False,66
115,8,1,0.23395808324927375,147.0,True,66
115,8,1,0.23149820907503113,234.0,True,66
115,8,1,0.2160361777390203,155.0,True,66
115,8,1,0.2533118763323606,209.0,True,66
115,8,1,0.23009061996013888,155.0,True,66
115,8,1,0.2595786200254224,256.0,True,66
115,8,1,0.24120512727428886,255.0,True,66
115,8,1,0.24392919283774164,144.0,True,66
115,8,1,0.2455959204636829,71.0,True,66
115,8,1,0.27978837294013875,76.0,False,66
115,8,1,0.23390595000801664,165.0,True,66
115,8,1,0.2549006218837602,197.0,False,66
115,8,1,0.20401297746949895,157.0,True,66
115,8,1,0.20274651079041184,157.0,True,66
115,8,1,0.20249947290737313,143.0,True,66
115,8,1,0.19169569930321054,158.0,True,66
115,8,1,0.1943311665843173,123.0,True,66
115,8,1,0.20289206789967454,162.0,True,66
115,8,1,0.21000191196799278,160.0,True,66
115,8,1,0.19807831222272437,184.0,True,66
115,8,1,0.2748793440888513,212.0,True,66
115,8,1,0.23757609665732493,176.0,True,66
115,8,1,0.21898232840123724,183.0,True,66
115,8,1,0.20537934795524296,89.0,False,66
115,8,1,0.21415665351292668,68.0,False,66
115,8,1,0.24038852087772675,137.0,True,66
115,8,1,0.2584837273214803,231.0,True,66
115,8,1,0.22461515102121565,135.0,True,66
115,8,1,0.1832357227611236,156.0,True,66
115,8,1,0.20510408028960228,200.0,True,66
115,8,1,0.2516788241586515,112.0,True,66
115,8,1,0.2686054897872177,148.0,True,66
115,8,1,0.19853896948491565,161.0,True,66
115,8,1,0.21547144369946586,180.0,True,66
115,8,1,0.22713204589154984,45.0,False,66
115,8,1,0.20867316722869872,130.0,True,66
115,8,1,0.22269484367388398,134.0,True,66
115,8,1,0.23498227817514922,163.0,True,66
115,8,1,0.2534064248889342,174.0,True,66
115,8,1,0.25983275579554693,182.0,False,66
115,8,1,0.23141667826308143,162.0,True,66
115,8,1,0.23475895484288534,150.0,True,66
115,8,1,0.2075963278495988,86.0,True,66
115,8,1,0.24943779939312047,118.0,True,66
116,8,10,0.25180193571292836,92.0,True,67
116,8,10,0.2452892505925549,363.0,True,67
116,8,10,0.2533179073457649,279.0,True,67
116,8,10,0.2569145695764784,386.0,True,67
116,8,10,0.24323381996457127,276.0,True,67
116,8,10,0.263458084363442,154.0,True,67
116,8,10,0.25198222419365923,188.0,False,67
116,8,10,0.2755524232549575,103.0,False,67
116,8,10,0.2555526476275472,239.0,True,67
116,8,10,0.21580992390712103,198.0,True,67
116,8,10,0.21730731238174988,173.0,True,67
116,8,10,0.2336335178692016,213.0,False,67
116,8,10,0.1808576136017623,184.0,True,67
116,8,10,0.2168373879938086,242.0,True,67
116,8,10,0.2091222205582787,170.0,True,67
116,8,10,0.25139935406827435,194.0,True,67
116,8,10,0.25184700474755406,146.0,False,67
116,8,10,0.24400528153547874,130.0,True,67
116,8,10,0.25348467141803765,144.0,True,67
116,8,10,0.18766335579397764,193.0,True,67
116,8,10,0.24212059782085005,277.0,False,67
116,8,10,0.24427897156197198,196.0,True,67
116,8,10,0.22590683937677877,197.0,True,67
116,8,10,0.24109433370607872,216.0,True,67
116,8,10,0.21684614229615373,202.0,True,67
116,8,10,0.2776645009042853,236.0,False,67
116,8,10,0.23167114224561974,242.0,True,67
116,8,10,0.24745472831030688,72.0,False,67
116,8,10,0.2143243070181251,197.0,True,67
116,8,10,0.2587110322146189,147.0,False,67
116,8,10,0.21974322810059502,105.0,False,67
116,8,10,0.2103132385652042,103.0,False,67
116,8,10,0.25869299040900334,45.0,False,67
116,8,10,0.2596286081963473,333.0,True,67
116,8,10,0.24608207092835352,299.0,True,67
116,8,10,0.26244907448257226,138.0,True,67
116,8,10,0.22635081323885148,155.0,True,67
116,8,10,0.24209832199799117,186.0,True,67
116,8,10,0.22438269749022366,171.0,True,67
116,8,10,0.22331755117902272,158.0,True,67
116,8,10,0.19784819779905882,159.0,True,67
116,8,10,0.1922113191542314,199.0,True,67
116,8,10,0.2028004116624411,163.0,True,67
116,8,10,0.18266151943022296,168.0,True,67
116,8,10,0.1926433216742795,99.0,False,67
116,8,10,0.22873682759164535,194.0,True,67
116,8,10,0.19427852647645133,175.0,True,67
116,8,10,0.21791664360279447,178.0,True,67
116,8,10,0.22704969048500062,270.0,True,67
116,8,10,0.2556955258855048,272.0,True,67
116,8,10,0.1935517512443589,205.0,True,67
116,8,10,0.22495402949975757,164.0,True,67
116,8,10,0.2217427505620161,199.0,True,67
116,8,10,0.23550649258971873,181.0,True,67
116,8,10,0.2323461806123284,174.0,True,67
116,8,10,0.20034785899851057,198.0,True,67
116,8,10,0.20411247462034227,160.0,True,67
116,8,10,0.17972452412633336,119.0,True,67
116,8,10,0.207254974068039,144.0,True,67
116,8,10,0.19619872863843757,212.0,False,67
116,8,10,0.227417925381225,219.0,True,67
116,8,10,0.22623254559361017,208.0,True,67
116,8,10,0.20427466006949543,160.0,True,67
116,8,10,0.19010027451115055,143.0,True,67
116,8,10,0.23676394101900933,195.0,True,67
116,8,10,0.23820275595554938,130.0,True,67
116,8,10,0.2446582414640868,121.0,True,67
116,8,10,0.25482482225757785,226.0,True,67
116,8,10,0.2318517468917142,157.0,True,67
116,8,10,0.23755568643411,75.0,False,67
116,8,10,0.24538020094235738,45.0,False,67
117,8,50,0.23659201700512955,205.0,True,86
117,8,50,0.25434913473284765,460.0,False,86
117,8,50,0.2520225010028011,380.0,False,86
117,8,50,0.2505827436613482,215.0,True,86
117,8,50,0.2419632853012983,223.0,False,86
117,8,50,0.26763142238963733,66.0,False,86
117,8,50,0.2586677154792207,280.0,True,86
117,8,50,0.25345650129020214,216.0,True,86
117,8,50,0.2520848323548506,197.0,False,86
117,8,50,0.24842422285623716,228.0,True,86
117,8,50,0.21389593515131208,216.0,True,86
117,8,50,0.21594160930092993,232.0,True,86
117,8,50,0.24882098358709692,261.0,True,86
117,8,50,0.2232726352256641,228.0,False,86
117,8,50,0.1717771432761635,168.0,True,86
117,8,50,0.18518458462156956,211.0,True,86
117,8,50,0.22790860453026784,229.0,True,86
117,8,50,0.22637536324919227,187.0,True,86
117,8,50,0.2020046558851997,240.0,True,86
117,8,50,0.24894527696511326,272.0,True,86
117,8,50,0.1881147702631441,206.0,True,86
117,8,50,0.21587761228575425,136.0,True,86
117,8,50,0.23951283333722703,334.0,True,86
117,8,50,0.20964582345702432,220.0,True,86
117,8,50,0.21605841978029772,220.0,True,86
117,8,50,0.21467789375200505,205.0,True,86
117,8,50,0.22996630630007497,108.0,True,86
117,8,50,0.26196989143888155,60.0,False,86
117,8,50,0.21434327942886572,174.0,True,86
117,8,50,0.2225620597600937,58.0,False,86
117,8,50,0.21103520098552908,186.0,True,86
117,8,50,0.239557420364534,198.0,True,86
117,8,50,0.2242782561510217,102.0,False,86
117,8,50,0.26591989122055193,81.0,False,86
117,8,50,0.20153825175879625,203.0,True,86
117,8,50,0.2496737132047085,235.0,True,86
117,8,50,0.25288487811984145,197.0,True,86
117,8,50,0.25085166103194373,229.0,True,86
117,8,50,0.26144823273298917,216.0,True,86
117,8,50,0.2362926739485974,188.0,True,86
117,8,50,0.23499160901808636,231.0,True,86
117,8,50,0.24063738673291307,188.0,True,86
117,8,50,0.23013240799307824,200.0,True,86
117,8,50,0.21957669761729112,187.0,True,86
117,8,50,0.2148933339638998,149.0,True,86
117,8,50,0.19961173092104068,157.0,True,86
117,8,50,0.19158836560589926,133.0,False,86
117,8,50,0.1898115026126118,159.0,False,86
117,8,50,0.20201378661332672,97.0,False,86
117,8,50,0.19579376767461115,104.0,True,86
117,8,50,0.17981555750054762,121.0,True,86
117,8,50,0.18510549621922628,133.0,True,86
117,8,50,0.17739762414198418,154.0,True,86
117,8,50,0.18313243660407189,234.0,False,86
117,8,50,0.22964609400541694,108.0,False,86
117,8,50,0.20462025260239575,226.0,True,86
117,8,50,0.18226903929854885,165.0,True,86
117,8,50,0.22485702793146,174.0,True,86
117,8,50,0.20405995251634454,158.0,True,86
117,8,50,0.26449214738348253,345.0,False,86
117,8,50,0.19273168735111815,158.0,True,86
117,8,50,0.19685981702059507,128.0,False,86
117,8,50,0.2301476239808835,256.0,False,86
117,8,50,0.2604980181455612,250.0,True,86
117,8,50,0.2473441322602458,236.0,True,86
117,8,50,0.19069302127022167,232.0,False,86
117,8,50,0.23549498858566056,167.0,True,86
117,8,50,0.19971752011834984,202.0,True,86
117,8,50,0.18771828825030823,183.0,True,86
117,8,50,0.2013034152950944,177.0,True,86
117,8,50,0.17032492676886116,205.0,False,86
117,8,50,0.19990529830210677,107.0,True,86
117,8,50,0.1822255037578882,153.0,True,86
117,8,50,0.19955883486896542,141.0,True,86
117,8,50,0.18523658237055593,184.0,True,86
117,8,50,0.2507958341240883,250.0,True,86
117,8,50,0.23206214866665906,172.0,True,86
117,8,50,0.23904988357981483,182.0,False,86
117,8,50,0.18593290482842645,172.0,True,86
117,8,50,0.2177370591514607,197.0,True,86
117,8,50,0.2678588596172631,160.0,True,86
117,8,50,0.21356678450186,152.0,True,86
117,8,50,0.18398284263351336,147.0,True,86
117,8,50,0.25582294984523096,264.0,True,86
117,8,50,0.2308183875039359,107.0,True,86
117,8,50,0.21218748797069897,121.0,True,86
117,8,50,0.22796235899248066,169.0,True,86
118,8,100,0.25796655039140837,402.0,True,132
118,8,100,0.2776781398702312,185.0,True,132
118,8,100,0.23082077143885565,141.0,False,132
118,8,100,0.2063169687777966,143.0,True,132
118,8,100,0.18395153471368103,253.0,True,132
118,8,100,0.2397270384015607,488.0,False,132
118,8,100,0.20835541055273654,134.0,False,132
118,8,100,0.2179091684929617,182.0,False,132
118,8,100,0.229192146774155,181.0,False,132
118,8,100,0.23897118143086293,103.0,False,132
118,8,100,0.17192704183241678,252.0,True,132
118,8,100,0.22802033144325468,199.0,True,132
118,8,100,0.25790433248258987,212.0,True,132
118,8,100,0.17594093339961941,239.0,True,132
118,8,100,0.18345744225191954,203.0,True,132
118,8,100,0.1724541481002907,173.0,True,132
118,8,100,0.2222407817441438,224.0,True,132
118,8,100,0.1640107621081733,253.0,True,132
118,8,100,0.2268377531375458,67.0,False,132
118,8,100,0.20362000147142023,221.0,False,132
118,8,100,0.2573485899187944,303.0,True,132
118,8,100,0.24264934339961716,397.0,False,132
118,8,100,0.23304164356036153,139.0,True,132
118,8,100,0.21694681240666297,186.0,True,132
118,8,100,0.21532090698417863,95.0,True,132
118,8,100,0.204788250612541,284.0,False,132
118,8,100,0.20996398252568074,224.0,True,132
118,8,100,0.17925085050937456,234.0,True,132
118,8,100,0.20385686679089324,235.0,True,132
118,8,100,0.24788081125322595,166.0,False,132
118,8,100,0.19815114421257074,138.0,True,132
118,8,100,0.2094694369006902,64.0,False,132
118,8,100,0.17534029909542628,224.0,True,132
118,8,100,0.21378631538700785,174.0,True,132
118,8,100,0.21182392448510812,184.0,True,132
118,8,100,0.24084023847466424,315.0,True,132
118,8,100,0.18418293009744957,256.0,True,132
118,8,100,0.2551240984496753,331.0,False,132
118,8,100,0.1841255535956899,253.0,True,132
118,8,100,0.18568764620327524,224.0,False,132
118,8,100,0.20516526120812145,67.0,False,132
118,8,100,0.20492742163471028,79.0,False,132
118,8,100,0.20339226377183112,276.0,True,132
118,8,100,0.20523863802842104,183.0,True,132
118,8,100,0.1828195590967849,236.0,True,132
118,8,100,0.21431181745825653,193.0,True,132
118,8,100,0.2406091049313545,80.0,False,132
118,8,100,0.17634251609604845,186.0,True,132
118,8,100,0.24431643972419342,106.0,False,132
118,8,100,0.20604809556141435,249.0,False,132
118,8,100,0.25984177083680127,33.0,False,132
118,8,100,0.2637225650095042,478.0,False,132
118,8,100,0.18373028948126247,211.0,True,132
118,8,100,0.18887987778736995,195.0,False,132
118,8,100,0.18246211402299928,123.0,False,132
118,8,100,0.2531115222948691,362.0,False,132
118,8,100,0.2422072166467414,204.0,True,132
118,8,100,0.235651528051025,190.0,True,132
118,8,100,0.22092753984369673,222.0,True,132
118,8,100,0.24618803993263075,113.0,False,132
118,8,100,0.21400308787822722,150.0,True,132
118,8,100,0.21379099777815017,176.0,True,132
118,8,100,0.22784877627749334,176.0,False,132
118,8,100,0.18805680380872458,121.0,True,132
118,8,100,0.21055155447188845,235.0,True,132
118,8,100,0.23013490976313866,169.0,True,132
118,8,100,0.19569970978855414,177.0,True,132
118,8,100,0.20319308783556964,185.0,True,132
118,8,100,0.21718496016480707,154.0,True,132
118,8,100,0.19570519827133,172.0,True,132
118,8,100,0.18863186351526742,174.0,True,132
118,8,100,0.25709492893733643,227.0,False,132
118,8,100,0.22170784367227006,174.0,True,132
118,8,100,0.20985824301054604,152.0,True,132
118,8,100,0.1872611334859925,149.0,False,132
118,8,100,0.21663900197017938,128.0,False,132
118,8,100,0.3321068927276233,121.0,False,132
118,8,100,0.22709401969502613,41.0,False,132
118,8,100,0.25284658199254895,284.0,False,132
118,8,100,0.2167483089658303,246.0,True,132
118,8,100,0.19742258533465962,242.0,True,132
118,8,100,0.2192310577992237,231.0,True,132
118,8,100,0.2420918233692646,84.0,False,132
118,8,100,0.2132153641335003,191.0,True,132
118,8,100,0.24389454396976823,174.0,False,132
118,8,100,0.2447855349150172,163.0,False,132
118,8,100,0.24895038526682628,168.0,False,132
118,8,100,0.2560777435091888,147.0,True,132
118,8,100,0.24904133010266433,335.0,False,132
118,8,100,0.3163006048977684,386.0,False,132
118,8,100,0.29429502449035644,625.0,False,132
118,8,100,0.2157513733421053,112.0,True,132
118,8,100,0.225945227690365,115.0,True,132
118,8,100,0.21911155934236487,245.0,True,132
118,8,100,0.1782190009333571,217.0,True,132
118,8,100,0.17970952307995486,196.0,True,132
118,8,100,0.2680725410313862,391.0,False,132
118,8,100,0.22220494613868777,237.0,True,132
118,8,100,0.17472659919288133,182.0,True,132
118,8,100,0.19002301939602556,174.0,True,132
118,8,100,0.23904784070086602,193.0,True,132
118,8,100,0.2349804730593473,174.0,True,132
118,8,100,0.2725352925526631,77.0,False,132
118,8,100,0.17020448896230436,153.0,False,132
118,8,100,0.20963499836019567,185.0,True,132
118,8,100,0.21487390946008658,152.0,True,132
118,8,100,0.17941960819902267,187.0,True,132
118,8,100,0.26930920041125755,115.0,False,132
118,8,100,0.3125244462699221,57.0,False,132
118,8,100,0.23788490092567124,955.0,False,132
118,8,100,0.23673252277265344,394.0,False,132
118,8,100,0.22290426973199498,276.0,False,132
118,8,100,0.2019300375903785,179.0,True,132
118,8,100,0.1951478567193536,170.0,True,132
118,8,100,0.2055760162674691,121.0,True,132
118,8,100,0.2007750664534194,178.0,True,132
118,8,100,0.2526644951656085,119.0,True,132
118,8,100,0.1938961344775154,229.0,True,132
118,8,100,0.2718997527571285,187.0,True,132
118,8,100,0.3008618851994524,101.0,True,132
118,8,100,0.18904939143416974,208.0,True,132
118,8,100,0.20226630866527556,195.0,True,132
118,8,100,0.22326773397624491,200.0,True,132
118,8,100,0.26669117375727625,124.0,True,132
119,8,150,0.2453233230162442,492.0,False,169
119,8,150,0.23651327127641666,183.0,False,169
119,8,150,0.220540334930621,166.0,True,169
119,8,150,0.23885741013746994,325.0,True,169
119,8,150,0.22520719446353057,134.0,True,169
119,8,150,0.20853936456535993,76.0,False,169
119,8,150,0.2154023831503259,144.0,True,169
119,8,150,0.2155602598023192,107.0,False,169
119,8,150,0.18955833804276254,180.0,True,169
119,8,150,0.2075331175327301,175.0,True,169
119,8,150,0.21675281282460654,347.0,False,169
119,8,150,0.18391122580121416,218.0,True,169
119,8,150,0.19015644934466658,272.0,False,169
119,8,150,0.193765185411694,206.0,False,169
119,8,150,0.1770020155382406,191.0,True,169
119,8,150,0.21728080394221286,255.0,True,169
119,8,150,0.24043873190015985,276.0,True,169
119,8,150,0.19469232106160733,248.0,True,169
119,8,150,0.2222869841257731,75.0,False,169
119,8,150,0.2345978039623107,298.0,True,169
119,8,150,0.18847290539117748,172.0,True,169
119,8,150,0.2526187228086667,273.0,True,169
119,8,150,0.17837002100306076,239.0,False,169
119,8,150,0.23424413665030538,529.0,False,169
119,8,150,0.258397219859692,332.0,True,169
119,8,150,0.20827711544891092,187.0,True,169
119,8,150,0.19696721390332325,202.0,False,169
119,8,150,0.1896099715766327,181.0,True,169
119,8,150,0.24756292582339073,229.0,True,169
119,8,150,0.23283815645944264,472.0,True,169
119,8,150,0.20751325670116677,167.0,False,169
119,8,150,0.20778991182133094,194.0,True,169
119,8,150,0.19584621460312981,363.0,True,169
119,8,150,0.22218961457653744,410.0,False,169
119,8,150,0.18368832209781438,238.0,True,169
119,8,150,0.19666601649739526,220.0,True,169
119,8,150,0.23648182483943733,222.0,False,169
119,8,150,0.21530494748431944,107.0,False,169
119,8,150,0.22001995166687116,73.0,False,169
119,8,150,0.19028184769472273,202.0,True,169
119,8,150,0.2120438906053702,180.0,True,169
119,8,150,0.18577127225304904,380.0,True,169
119,8,150,0.18621211381335007,57.0,False,169
119,8,150,0.2417089137345997,268.0,True,169
119,8,150,0.19625723187516375,205.0,True,169
119,8,150,0.20573582099034235,182.0,False,169
119,8,150,0.21416613459587097,46.0,True,169
119,8,150,0.17202912271022797,1.0,False,169
119,8,150,0.21301351631179863,218.0,True,169
119,8,150,0.21109962033795882,222.0,True,169
119,8,150,0.19262178992866574,266.0,True,169
119,8,150,0.1864534042916208,318.0,False,169
119,8,150,0.20466699715329226,189.0,True,169
119,8,150,0.2080229561842844,167.0,True,169
119,8,150,0.19827762815317881,233.0,True,169
119,8,150,0.20203361845632115,213.0,True,169
119,8,150,0.21587643846433763,171.0,True,169
119,8,150,0.18261049125267534,196.0,True,169
119,8,150,0.1738684611138801,269.0,True,169
119,8,150,0.1827496526946484,355.0,False,169
119,8,150,0.19730933308601378,30.0,False,169
119,8,150,0.17747578909970763,133.0,False,169
119,8,150,0.21547484452074225,55.0,False,169
119,8,150,0.2548554977101664,31.0,False,169
119,8,150,0.2758209256493315,490.0,False,169
119,8,150,0.20533970633038767,216.0,True,169
119,8,150,0.18577301481240233,213.0,True,169
119,8,150,0.1785217964950996,237.0,True,169
119,8,150,0.17351006084810133,184.0,True,169
119,8,150,0.20059648681181083,193.0,True,169
119,8,150,0.2100995299071897,181.0,True,169
119,8,150,0.21069167159735885,219.0,True,169
119,8,150,0.20181406280215905,245.0,True,169
119,8,150,0.2000981397771587,192.0,False,169
119,8,150,0.21461811339533007,185.0,False,169
119,8,150,0.181154075588869,230.0,True,169
119,8,150,0.2073447141313154,239.0,True,169
119,8,150,0.19788346057215694,189.0,True,169
119,8,150,0.1755117983405107,153.0,True,169
119,8,150,0.183113352106563,116.0,True,169
119,8,150,0.20272263808775756,236.0,True,169
119,8,150,0.18034343042156914,110.0,True,169
119,8,150,0.2611962507578952,242.0,True,169
119,8,150,0.19925868415679687,156.0,True,169
119,8,150,0.24935477467390676,313.0,True,169
119,8,150,0.23586378710857336,207.0,False,169
119,8,150,0.1971981306096692,231.0,True,169
119,8,150,0.16769165304653785,272.0,True,169
119,8,150,0.1735214050859213,80.0,False,169
119,8,150,0.18273326469941087,178.0,True,169
119,8,150,0.19429057262292723,205.0,True,169
119,8,150,0.17733871594947928,170.0,True,169
119,8,150,0.17172965457713282,148.0,True,169
119,8,150,0.22136428285586207,190.0,True,169
119,8,150,0.17608479185159817,43.0,False,169
119,8,150,0.21361953893881194,191.0,True,169
119,8,150,0.20724542438983917,122.0,True,169
119,8,150,0.16140126492550125,201.0,True,169
119,8,150,0.2103086556157758,186.0,True,169
119,8,150,0.1770748467672439,126.0,True,169
119,8,150,0.18902646330066195,266.0,True,169
119,8,150,0.20068840776543015,206.0,True,169
119,8,150,0.16735654690909008,189.0,True,169
119,8,150,0.1995872737656177,142.0,True,169
119,8,150,0.19372245436129362,115.0,True,169
119,8,150,0.17344951357160296,175.0,True,169
119,8,150,0.22392334948693002,224.0,False,169
119,8,150,0.2189960412419679,228.0,False,169
119,8,150,0.17789223864058817,121.0,True,169
119,8,150,0.165149913338775,176.0,False,169
119,8,150,0.24685784394090826,275.0,False,169
119,8,150,0.18406190366848654,46.0,False,169
119,8,150,0.1924272248710411,207.0,True,169
119,8,150,0.1953626817890576,126.0,False,169
119,8,150,0.1968210865587196,149.0,False,169
119,8,150,0.15955915662550157,155.0,True,169
119,8,150,0.16744472511032577,186.0,True,169
119,8,150,0.21923414105549455,192.0,True,169
119,8,150,0.1897315509838633,202.0,False,169
119,8,150,0.18881320601854568,195.0,True,169
119,8,150,0.1693979494628452,126.0,True,169
119,8,150,0.21853956158872676,191.0,True,169
119,8,150,0.1647940542863076,166.0,True,169
119,8,150,0.20616804820019752,128.0,False,169
119,8,150,0.1834066798289617,180.0,True,169
119,8,150,0.2556398796538512,156.0,True,169
119,8,150,0.17140630118805786,58.0,False,169
119,8,150,0.2223248916424914,217.0,True,169
119,8,150,0.20394726158404836,147.0,False,169
119,8,150,0.20078856664928582,183.0,False,169
119,8,150,0.19187383268830144,316.0,False,169
119,8,150,0.15693252077025752,31.0,False,169
119,8,150,0.1611575866287405,55.0,False,169
119,8,150,0.22308643058003713,243.0,True,169
119,8,150,0.22767205766223847,188.0,True,169
119,8,150,0.22679745835753587,156.0,True,169
119,8,150,0.24192564689113707,167.0,False,169
119,8,150,0.21977820571597295,393.0,False,169
119,8,150,0.24311053256193796,336.0,True,169
119,8,150,0.24270678120778827,492.0,False,169
119,8,150,0.2191985324992762,231.0,False,169
119,8,150,0.22808155712414113,293.0,False,169
119,8,150,0.20946076876202294,86.0,True,169
119,8,150,0.19428607542067766,48.0,False,169
119,8,150,0.1970148759729722,85.0,True,169
119,8,150,0.1750043187486498,152.0,True,169
119,8,150,0.21839465335492164,155.0,True,169
119,8,150,0.19032320441170172,220.0,False,169
119,8,150,0.25377412081933487,153.0,True,169
119,8,150,0.23593863609225252,215.0,False,169
119,8,150,0.18697018127371795,137.0,False,169
119,8,150,0.18081713893583842,196.0,True,169
119,8,150,0.26054421644334846,173.0,True,169
119,8,150,0.18818642465131624,112.0,False,169
119,8,150,0.20567733863758486,172.0,True,169
119,8,150,0.17807871418339866,175.0,False,169
119,8,150,0.1880016461920343,181.0,True,169
119,8,150,0.1901767447038933,189.0,True,169
119,8,150,0.20787612348794937,194.0,True,169
119,8,150,0.18838172978249149,138.0,True,169
119,8,150,0.1895533405355553,134.0,True,169
119,8,150,0.18578017701347954,139.0,True,169
119,8,150,0.19047892513032444,167.0,False,169
119,8,150,0.22800763558458398,108.0,True,169
119,8,150,0.2048631969977308,54.0,True,169
120,9,1,0.21654266808460007,201.0,True,112
120,9,1,0.22831242152152617,163.0,True,112
120,9,1,0.25526306009668065,127.0,True,112
120,9,1,0.2502143345488847,131.0,False,112
120,9,1,0.21372506301180064,139.0,True,112
120,9,1,0.2174403981603298,194.0,True,112
120,9,1,0.21391435975800016,167.0,True,112
120,9,1,0.2295985349919647,128.0,True,112
120,9,1,0.23667667447947538,208.0,True,112
120,9,1,0.2631649189442396,200.0,True,112
120,9,1,0.2248029536410664,178.0,True,112
120,9,1,0.264171674641596,217.0,True,112
120,9,1,0.19914876481136642,166.0,True,112
120,9,1,0.25153678709484006,166.0,True,112
120,9,1,0.21563648385507567,222.0,True,112
120,9,1,0.2705019697431446,129.0,True,112
120,9,1,0.2651211764501489,115.0,True,112
120,9,1,0.2253520288696028,146.0,True,112
120,9,1,0.21383894684044183,141.0,True,112
120,9,1,0.2586771325288315,221.0,False,112
120,9,1,0.18833098731849385,174.0,True,112
120,9,1,0.21700714379549027,150.0,True,112
120,9,1,0.2488798296317122,133.0,True,112
120,9,1,0.24362963193623477,189.0,True,112
120,9,1,0.19321674659537771,192.0,True,112
120,9,1,0.23495740244785945,120.0,True,112
120,9,1,0.24370584176167062,152.0,True,112
120,9,1,0.2643304943210549,144.0,False,112
120,9,1,0.2094821677676269,140.0,True,112
120,9,1,0.22446003089879304,131.0,True,112
120,9,1,0.21183726955051266,242.0,True,112
120,9,1,0.1908110261839979,170.0,True,112
120,9,1,0.2499640355066907,248.0,False,112
120,9,1,0.2029987834393978,152.0,True,112
120,9,1,0.2500296011567116,60.0,False,112
120,9,1,0.23859854152714702,284.0,False,112
120,9,1,0.25881332076909974,127.0,True,112
120,9,1,0.18758726034845624,35.0,False,112
120,9,1,0.2061234310978935,105.0,False,112
120,9,1,0.2683444510746215,224.0,True,112
120,9,1,0.24571501138344617,142.0,True,112
120,9,1,0.22876886685484463,97.0,True,112
120,9,1,0.25495049064178543,249.0,False,112
120,9,1,0.2311914668314987,180.0,False,112
120,9,1,0.25569902126278193,140.0,True,112
120,9,1,0.19602380650384085,140.0,False,112
120,9,1,0.22028021591490712,174.0,True,112
120,9,1,0.1944615805183935,171.0,True,112
120,9,1,0.22292483233225843,192.0,True,112
120,9,1,0.228809131232843,146.0,True,112
120,9,1,0.21854415827471277,138.0,True,112
120,9,1,0.227514858401957,168.0,True,112
120,9,1,0.2255979317639555,140.0,True,112
120,9,1,0.22531536013096362,143.0,True,112
120,9,1,0.23911261980732282,120.0,True,112
120,9,1,0.22229544818401337,162.0,True,112
120,9,1,0.21730602284272513,195.0,True,112
120,9,1,0.22031736810292515,140.0,True,112
120,9,1,0.2198959860418524,224.0,True,112
120,9,1,0.23102605137560103,225.0,True,112
120,9,1,0.2409015303947092,123.0,True,112
120,9,1,0.21947261498493403,147.0,True,112
120,9,1,0.227306459314567,121.0,True,112
120,9,1,0.22865727886879186,139.0,True,112
120,9,1,0.2641355385505613,243.0,True,112
120,9,1,0.24640164575027546,191.0,True,112
120,9,1,0.2374804960073609,152.0,True,112
120,9,1,0.2333629333678587,243.0,True,112
120,9,1,0.2513789930380881,192.0,True,112
120,9,1,0.2560102255797825,163.0,True,112
120,9,1,0.24259730969225207,124.0,True,112
120,9,1,0.24475773798094855,225.0,True,112
120,9,1,0.2462231093331387,95.0,True,112
120,9,1,0.22814692717332105,195.0,True,112
120,9,1,0.21772443221473112,164.0,True,112
120,9,1,0.2286889882561583,161.0,True,112
120,9,1,0.2444660021092302,186.0,True,112
120,9,1,0.23661545664072037,56.0,True,112
120,9,1,0.22390954453369666,203.0,True,112
120,9,1,0.21029155794531107,160.0,True,112
120,9,1,0.25166746150309116,199.0,False,112
120,9,1,0.2578582484807287,210.0,True,112
120,9,1,0.2566957572022,185.0,True,112
120,9,1,0.24525738077504294,175.0,True,112
120,9,1,0.23243633709674658,172.0,True,112
120,9,1,0.20913264667615294,192.0,True,112
120,9,1,0.22820145879373993,172.0,True,112
120,9,1,0.24549124245780976,243.0,False,112
120,9,1,0.21944028276552274,206.0,True,112
120,9,1,0.19952477033756957,158.0,True,112
120,9,1,0.20890679888959443,112.0,False,112
120,9,1,0.23152396789458995,213.0,True,112
120,9,1,0.2174933467874464,151.0,True,112
120,9,1,0.225614346717966,145.0,True,112
120,9,1,0.26337546433764275,198.0,False,112
120,9,1,0.22997453102043697,175.0,True,112
120,9,1,0.22786271065473557,200.0,True,112
120,9,1,0.24335519518963125,172.0,True,112
120,9,1,0.22052530954991068,140.0,True,112
120,9,1,0.21865208516466803,193.0,True,112
120,9,1,0.2527917429523648,212.0,True,112
120,9,1,0.23179941747118446,170.0,True,112
120,9,1,0.2472463638654777,140.0,True,112
121,9,10,0.21577043469463075,70.0,False,120
121,9,10,0.2648744423320328,207.0,False,120
121,9,10,0.24511767651526456,197.0,True,120
121,9,10,0.20183022982544369,144.0,True,120
121,9,10,0.2683326154947281,49.0,True,120
121,9,10,0.20959994250110217,168.0,True,120
121,9,10,0.22266000047855572,197.0,True,120
121,9,10,0.18519249373401692,153.0,True,120
121,9,10,0.18787759949701913,161.0,True,120
121,9,10,0.21128682836013682,170.0,True,120
121,9,10,0.23181258087031176,244.0,True,120
121,9,10,0.21366904877564485,170.0,True,120
121,9,10,0.26693151732092923,206.0,True,120
121,9,10,0.27027246674125116,89.0,True,120
121,9,10,0.19766084510226584,215.0,True,120
121,9,10,0.27306212628236876,239.0,True,120
121,9,10,0.20013036634376707,188.0,True,120
121,9,10,0.26255249697014804,133.0,True,120
121,9,10,0.25512254956163893,193.0,True,120
121,9,10,0.2626441536478071,273.0,True,120
121,9,10,0.20734349681540978,172.0,True,120
121,9,10,0.18500471644495664,152.0,True,120
121,9,10,0.24559378031736764,156.0,True,120
121,9,10,0.2562351506449578,227.0,False,120
121,9,10,0.18233818340080757,162.0,True,120
121,9,10,0.21678519088949932,149.0,True,120
121,9,10,0.23217986316181893,215.0,True,120
121,9,10,0.19306627159768885,165.0,True,120
121,9,10,0.24208235721475577,233.0,True,120
121,9,10,0.22279308425097527,158.0,True,120
121,9,10,0.22131253353187016,91.0,True,120
121,9,10,0.21079215989602323,151.0,True,120
121,9,10,0.25226429990324817,244.0,True,120
121,9,10,0.19065482433264455,192.0,True,120
121,9,10,0.21486406019899282,178.0,True,120
121,9,10,0.20785723870756936,177.0,True,120
121,9,10,0.2788259652385741,324.0,False,120
121,9,10,0.2478323054109883,234.0,True,120
121,9,10,0.23691593635341396,230.0,True,120
121,9,10,0.21393638563482728,146.0,True,120
121,9,10,0.22116724131283938,135.0,True,120
121,9,10,0.23654140360811923,235.0,False,120
121,9,10,0.24770557552576064,150.0,True,120
121,9,10,0.27178087609785573,81.0,False,120
121,9,10,0.22171965483416858,117.0,True,120
121,9,10,0.24678333794198384,164.0,True,120
121,9,10,0.2282160649453204,163.0,True,120
121,9,10,0.20584955092916635,197.0,True,120
121,9,10,0.21947746322705194,130.0,False,120
121,9,10,0.24154278101289975,170.0,False,120
121,9,10,0.20115584305679526,131.0,True,120
121,9,10,0.21448012147571,142.0,True,120
121,9,10,0.22044851293776954,179.0,True,120
121,9,10,0.21323919718597026,187.0,True,120
121,9,10,0.21985822366550564,160.0,True,120
121,9,10,0.2702466211716334,225.0,True,120
121,9,10,0.21231934988329595,141.0,True,120
121,9,10,0.21329245090118945,163.0,True,120
121,9,10,0.21779807252821579,153.0,True,120
121,9,10,0.20813529943897777,137.0,True,120
121,9,10,0.22495620286131238,143.0,True,120
121,9,10,0.22021351802425507,156.0,True,120
121,9,10,0.2182127222821519,185.0,True,120
121,9,10,0.2296355541880804,262.0,True,120
121,9,10,0.20780321611807898,156.0,False,120
121,9,10,0.2261213593700397,159.0,True,120
121,9,10,0.23379463972388834,138.0,True,120
121,9,10,0.24469479569528677,158.0,True,120
121,9,10,0.24770421995461442,131.0,True,120
121,9,10,0.22401757624286872,156.0,True,120
121,9,10,0.21879626414575776,143.0,True,120
121,9,10,0.260821758667483,274.0,True,120
121,9,10,0.2671998985111713,60.0,False,120
121,9,10,0.24720470023849023,189.0,False,120
121,9,10,0.2475417196417654,179.0,True,120
121,9,10,0.2328686330562983,195.0,True,120
121,9,10,0.2391829876458808,146.0,True,120
121,9,10,0.2655561900234477,187.0,True,120
121,9,10,0.24915436360725138,215.0,True,120
121,9,10,0.23867838127764662,173.0,True,120
121,9,10,0.24139959875381353,165.0,False,120
121,9,10,0.23764646581063667,144.0,True,120
121,9,10,0.22093192176639753,213.0,True,120
121,9,10,0.23196676323573556,209.0,True,120
121,9,10,0.21446075404094436,177.0,True,120
121,9,10,0.23203791622246536,214.0,True,120
121,9,10,0.2244159935663144,120.0,True,120
121,9,10,0.224774646324728,199.0,True,120
121,9,10,0.25336727085790606,331.0,True,120
121,9,10,0.2538843852377707,310.0,True,120
121,9,10,0.25084891266100634,241.0,True,120
121,9,10,0.25596652149168914,242.0,True,120
121,9,10,0.23248388208695595,151.0,True,120
121,9,10,0.26110655420425677,191.0,True,120
121,9,10,0.22558110994952066,210.0,True,120
121,9,10,0.23528862998979846,164.0,True,120
121,9,10,0.2310881308116366,279.0,False,120
121,9,10,0.2396817022515822,258.0,True,120
121,9,10,0.23027729567161387,177.0,True,120
121,9,10,0.255276096701622,250.0,False,120
121,9,10,0.25219554449572706,165.0,False,120
121,9,10,0.24966679959401597,274.0,False,120
121,9,10,0.2747018901717584,151.0,False,120
121,9,10,0.22218072101657774,81.0,False,120
121,9,10,0.22813507233133268,199.0,True,120
121,9,10,0.24811481786170128,271.0,False,120
121,9,10,0.2322805375645035,190.0,True,120
121,9,10,0.23537788949906827,40.0,False,120
121,9,10,0.21599771212308835,195.0,True,120
121,9,10,0.2196522892214531,172.0,True,120
121,9,10,0.2644054131375419,135.0,True,120
121,9,10,0.19882414706728674,220.0,True,120
121,9,10,0.22845869317897777,181.0,True,120
121,9,10,0.26484763730121286,152.0,True,120
121,9,10,0.22178511569897333,108.0,True,120
121,9,10,0.2298174161267908,76.0,False,120
121,9,10,0.22033392667770385,75.0,False,120
122,9,50,0.20566091266008887,101.0,True,163
122,9,50,0.23450717596503778,246.0,False,163
122,9,50,0.21064869494764668,314.0,False,163
122,9,50,0.23944985065328417,199.0,True,163
122,9,50,0.25664210015413713,49.0,True,163
122,9,50,0.1980937993263497,204.0,True,163
122,9,50,0.1845994248658746,182.0,True,163
122,9,50,0.23013835714923012,45.0,False,163
122,9,50,0.21781398802392396,247.0,False,163
122,9,50,0.2178938246472588,179.0,True,163
122,9,50,0.19910545209209426,262.0,True,163
122,9,50,0.18880412956391732,254.0,True,163
122,9,50,0.20678284491984372,197.0,True,163
122,9,50,0.18959146649966685,203.0,True,163
122,9,50,0.23034374545449796,161.0,True,163
122,9,50,0.22863917125880354,163.0,True,163
122,9,50,0.244866615507455,226.0,True,163
122,9,50,0.23417278569267722,196.0,True,163
122,9,50,0.24611821670130074,415.0,False,163
122,9,50,0.2741031256376528,255.0,False,163
122,9,50,0.2564233103530661,197.0,True,163
122,9,50,0.24963000786642656,141.0,True,163
122,9,50,0.23086170160053857,183.0,True,163
122,9,50,0.21763107954789807,179.0,True,163
122,9,50,0.18408466973704493,167.0,True,163
122,9,50,0.2059106126149989,161.0,True,163
122,9,50,0.19089081789933,255.0,True,163
122,9,50,0.20286567500755612,177.0,True,163
122,9,50,0.2074517941286972,222.0,True,163
122,9,50,0.17537809037119964,183.0,True,163
122,9,50,0.19008681283454704,198.0,True,163
122,9,50,0.17456535732044892,170.0,True,163
122,9,50,0.2059271380697426,152.0,True,163
122,9,50,0.19373132959008216,140.0,False,163
122,9,50,0.2114268778679297,194.0,True,163
122,9,50,0.1891287373907772,243.0,True,163
122,9,50,0.24166207889379082,295.0,True,163
122,9,50,0.20077701208934393,146.0,True,163
122,9,50,0.19227218652903702,179.0,True,163
122,9,50,0.2257438783949994,188.0,True,163
122,9,50,0.20878011585919412,182.0,True,163
122,9,50,0.2122345607574672,146.0,True,163
122,9,50,0.24434184064899667,345.0,True,163
122,9,50,0.19622562038046973,210.0,True,163
122,9,50,0.21477186548359253,34.0,False,163
122,9,50,0.20845728013664483,160.0,True,163
122,9,50,0.172167593223411,172.0,True,163
122,9,50,0.16373435113128726,182.0,True,163
122,9,50,0.2049589902162552,155.0,True,163
122,9,50,0.22693650492991524,174.0,True,163
122,9,50,0.19367643411191093,151.0,False,163
122,9,50,0.2288436522441251,140.0,True,163
122,9,50,0.25366758321323535,137.0,False,163
122,9,50,0.19837985034530045,141.0,True,163
122,9,50,0.20120230769472464,224.0,True,163
122,9,50,0.2281183512058369,172.0,True,163
122,9,50,0.22561204877127422,178.0,True,163
122,9,50,0.20549486837414807,172.0,True,163
122,9,50,0.21479480663935344,75.0,False,163
122,9,50,0.18703988551254003,213.0,True,163
122,9,50,0.18166120781463646,159.0,True,163
122,9,50,0.23991736209853579,181.0,True,163
122,9,50,0.254261296264009,173.0,True,163
122,9,50,0.18614935851001357,249.0,True,163
122,9,50,0.19486126606177567,133.0,True,163
122,9,50,0.20084729815115693,61.0,False,163
122,9,50,0.18714956822020284,178.0,True,163
122,9,50,0.2096581738355548,215.0,True,163
122,9,50,0.1866252736465351,148.0,True,163
122,9,50,0.20809347398471142,138.0,True,163
122,9,50,0.22793666119349068,179.0,True,163
122,9,50,0.2027842285429559,205.0,True,163
122,9,50,0.22168218586351965,154.0,True,163
122,9,50,0.22273727922927677,127.0,True,163
122,9,50,0.18828513152897358,200.0,True,163
122,9,50,0.16991556059938293,222.0,True,163
122,9,50,0.17967377441084903,230.0,True,163
122,9,50,0.20808981571878707,280.0,False,163
122,9,50,0.2258316908104747,102.0,True,163
122,9,50,0.1895637975484839,211.0,True,163
122,9,50,0.2173073717526027,210.0,True,163
122,9,50,0.20681308577749022,239.0,True,163
122,9,50,0.21854204495833154,233.0,True,163
122,9,50,0.17257397317707762,267.0,False,163
122,9,50,0.18679708592628005,217.0,True,163
122,9,50,0.20479638086653304,174.0,True,163
122,9,50,0.1938503628937147,186.0,True,163
122,9,50,0.2149950018950871,210.0,True,163
122,9,50,0.22627745636144475,199.0,True,163
122,9,50,0.2004621141348724,216.0,True,163
122,9,50,0.22349645019996733,210.0,True,163
122,9,50,0.24726474240927374,236.0,True,163
122,9,50,0.25891507497510396,74.0,False,163
122,9,50,0.23383105249027086,183.0,True,163
122,9,50,0.22389633676156084,188.0,True,163
122,9,50,0.22737333441481872,204.0,True,163
122,9,50,0.24575892828252852,196.0,True,163
122,9,50,0.232893238987839,228.0,True,163
122,9,50,0.3000794036520852,126.0,False,163
122,9,50,0.22287467066372665,107.0,False,163
122,9,50,0.23469674677952476,230.0,True,163
122,9,50,0.22713120378071988,201.0,True,163
122,9,50,0.21989226935465642,163.0,True,163
122,9,50,0.3117947814365228,84.0,True,163
122,9,50,0.21336752640596335,138.0,True,163
122,9,50,0.21052055917062812,181.0,True,163
122,9,50,0.21198704555819306,158.0,False,163
122,9,50,0.23932846699967797,243.0,True,163
122,9,50,0.21268915636786098,145.0,True,163
122,9,50,0.2730188258669593,220.0,True,163
122,9,50,0.212568369201001,136.0,True,163
122,9,50,0.21804028889602253,319.0,True,163
122,9,50,0.23865378165329007,142.0,True,163
122,9,50,0.24617529080973732,333.0,True,163
122,9,50,0.23287148514519568,138.0,True,163
122,9,50,0.22756770119338693,167.0,True,163
122,9,50,0.22903393170175454,192.0,True,163
122,9,50,0.21237980241958912,195.0,True,163
122,9,50,0.24240110989024,205.0,True,163
122,9,50,0.20812091647838213,161.0,True,163
122,9,50,0.20203763619065285,304.0,True,163
122,9,50,0.23437655141167607,282.0,True,163
122,9,50,0.19259399674760486,206.0,True,163
122,9,50,0.24072460982580532,577.0,False,163
122,9,50,0.25791175970259833,238.0,True,163
122,9,50,0.2203203200073967,171.0,True,163
122,9,50,0.25503709678139,280.0,True,163
122,9,50,0.19333156427191622,179.0,True,163
122,9,50,0.23595381747735175,190.0,True,163
122,9,50,0.21492861572540167,33.0,False,163
122,9,50,0.22752181481366135,201.0,False,163
122,9,50,0.2028621335540499,175.0,True,163
122,9,50,0.20745874478899198,145.0,True,163
122,9,50,0.18018381480051546,147.0,True,163
122,9,50,0.20143112177784378,185.0,True,163
122,9,50,0.2408085778694261,176.0,True,163
122,9,50,0.24601396662183106,256.0,True,163
122,9,50,0.2024424962409131,154.0,False,163
122,9,50,0.1963163021575199,178.0,True,163
122,9,50,0.1896061733365059,180.0,True,163
122,9,50,0.20090300574594613,147.0,True,163
122,9,50,0.22532713687206063,223.0,True,163
122,9,50,0.2560508703304963,176.0,True,163
122,9,50,0.2106519126916822,241.0,False,163
122,9,50,0.20911866756960576,257.0,True,163
122,9,50,0.20023092103071052,179.0,True,163
122,9,50,0.2061833315241484,162.0,True,163
122,9,50,0.2166645714185304,144.0,True,163
122,9,50,0.24558049255478992,137.0,True,163
122,9,50,0.20878843665122987,210.0,True,163
122,9,50,0.18884203663791518,166.0,True,163
122,9,50,0.20830237667962728,166.0,True,163
122,9,50,0.188743800620238,150.0,True,163
122,9,50,0.22037385441362858,80.0,False,163
122,9,50,0.19340349404842822,77.0,False,163
122,9,50,0.21329779373038382,84.0,True,163
122,9,50,0.1817350567064502,44.0,False,163
123,9,100,0.21841426821131454,114.0,False,235
123,9,100,0.23039617715169436,199.0,False,235
123,9,100,0.21121516580996888,178.0,True,235
123,9,100,0.17609516312094295,51.0,True,235
123,9,100,0.23479917270746845,171.0,True,235
123,9,100,0.22078011801530575,116.0,True,235
123,9,100,0.21223456187303677,172.0,True,235
123,9,100,0.2043890239049991,216.0,True,235
123,9,100,0.24839630948774744,33.0,False,235
123,9,100,0.16391252448745802,153.0,True,235
123,9,100,0.16014470754425383,183.0,True,235
123,9,100,0.2359349737333697,215.0,True,235
123,9,100,0.2228589430076992,199.0,False,235
123,9,100,0.17537910534629544,206.0,True,235
123,9,100,0.1911807891997424,165.0,True,235
123,9,100,0.1701425374770651,147.0,True,235
123,9,100,0.18483681838179744,129.0,True,235
123,9,100,0.20989550179050814,310.0,True,235
123,9,100,0.15684477442261802,173.0,True,235
123,9,100,0.1795935269778337,123.0,True,235
123,9,100,0.1657851671156862,223.0,True,235
123,9,100,0.22671689046546817,64.0,False,235
123,9,100,0.22716876026242971,96.0,False,235
123,9,100,0.16149977622208772,108.0,False,235
123,9,100,0.22607603503598106,153.0,True,235
123,9,100,0.16493941850923188,201.0,True,235
123,9,100,0.20616686322016292,202.0,True,235
123,9,100,0.20792568413998294,403.0,True,235
123,9,100,0.18039137200358207,178.0,True,235
123,9,100,0.17657036895935352,195.0,True,235
123,9,100,0.19451053395642706,199.0,True,235
123,9,100,0.16306081750700552,155.0,False,235
123,9,100,0.21470535237055557,195.0,True,235
123,9,100,0.17810430516908457,182.0,True,235
123,9,100,0.16758810893281714,231.0,True,235
123,9,100,0.21171066360182117,229.0,True,235
123,9,100,0.23989297854988015,136.0,True,235
123,9,100,0.216778776422143,160.0,True,235
123,9,100,0.1896071701242937,179.0,True,235
123,9,100,0.19225153470106718,177.0,True,235
123,9,100,0.20931303974460153,255.0,True,235
123,9,100,0.1870342195034027,196.0,True,235
123,9,100,0.20350643902113943,165.0,False,235
123,9,100,0.17411840621269112,165.0,True,235
123,9,100,0.19297423502129893,186.0,True,235
123,9,100,0.19911415540100483,89.0,False,235
123,9,100,0.17484944433658972,174.0,True,235
123,9,100,0.16424133310861447,136.0,True,235
123,9,100,0.1801997831669347,174.0,True,235
123,9,100,0.19199942257897606,174.0,True,235
123,9,100,0.17979993213372059,83.0,False,235
123,9,100,0.20152933398882547,114.0,True,235
123,9,100,0.26125354332092043,364.0,False,235
123,9,100,0.2767750362440341,173.0,False,235
123,9,100,0.19354850209471006,134.0,False,235
123,9,100,0.19899544905322467,129.0,True,235
123,9,100,0.19304375019338396,108.0,False,235
123,9,100,0.20360854202139694,113.0,False,235
123,9,100,0.20401500943634246,180.0,True,235
123,9,100,0.18424975249793504,182.0,True,235
123,9,100,0.20044708194004165,180.0,True,235
123,9,100,0.22729396498203278,125.0,True,235
123,9,100,0.20986792584881186,96.0,True,235
123,9,100,0.24466141466443814,579.0,False,235
123,9,100,0.2446892283187931,323.0,True,235
123,9,100,0.22292791943376264,192.0,True,235
123,9,100,0.20482222817308915,183.0,True,235
123,9,100,0.20242346869781613,160.0,True,235
123,9,100,0.1667100903980526,162.0,True,235
123,9,100,0.2364594307866427,303.0,True,235
123,9,100,0.20474709167673782,148.0,True,235
123,9,100,0.2339358351328088,159.0,False,235
123,9,100,0.20655469506754912,133.0,True,235
123,9,100,0.2176288371261262,211.0,True,235
123,9,100,0.21151354490983776,164.0,True,235
123,9,100,0.1837541777770836,286.0,True,235
123,9,100,0.16317625625150187,143.0,True,235
123,9,100,0.1849605743426922,242.0,True,235
123,9,100,0.19058000056012983,186.0,True,235
123,9,100,0.2336539699743859,253.0,True,235
123,9,100,0.20978454346566097,184.0,True,235
123,9,100,0.21547653168848116,73.0,True,235
123,9,100,0.18010956502479056,92.0,False,235
123,9,100,0.19326671900657508,156.0,True,235
123,9,100,0.21411625668406487,136.0,True,235
123,9,100,0.2042053302243955,173.0,True,235
123,9,100,0.21778243438888142,131.0,False,235
123,9,100,0.16122655845002123,152.0,True,235
123,9,100,0.17488177502084346,168.0,True,235
123,9,100,0.16071120352999677,103.0,False,235
123,9,100,0.1949918061645344,198.0,True,235
123,9,100,0.16609681941064677,133.0,True,235
123,9,100,0.16796252806785658,203.0,True,235
123,9,100,0.19147297861901197,220.0,True,235
123,9,100,0.16160023893628803,210.0,True,235
123,9,100,0.17931699188979897,222.0,True,235
123,9,100,0.24402676720885522,188.0,True,235
123,9,100,0.15794888503021665,180.0,True,235
123,9,100,0.18934040128470894,167.0,True,235
123,9,100,0.18098820388317108,50.0,False,235
123,9,100,0.15447845130680718,187.0,True,235
123,9,100,0.17422964794020498,155.0,True,235
123,9,100,0.17349822121330455,158.0,True,235
123,9,100,0.16886713053437247,138.0,True,235
123,9,100,0.18341534835647563,196.0,True,235
123,9,100,0.1735544033459763,134.0,True,235
123,9,100,0.21092223034703672,203.0,True,235
123,9,100,0.23816631167707308,142.0,False,235
123,9,100,0.16165902396204018,247.0,True,235
123,9,100,0.17560101173440432,217.0,True,235
123,9,100,0.17317392785381117,227.0,True,235
123,9,100,0.1670094126278592,97.0,False,235
123,9,100,0.15460352549950282,180.0,True,235
123,9,100,0.16557995797219602,176.0,True,235
123,9,100,0.1674234261331351,184.0,True,235
123,9,100,0.18299573274647318,205.0,True,235
123,9,100,0.15138177535956418,158.0,True,235
123,9,100,0.17273014225065708,104.0,True,235
123,9,100,0.16437318927924569,218.0,True,235
123,9,100,0.18058939256104342,203.0,True,235
123,9,100,0.16915945916536795,251.0,True,235
123,9,100,0.16676221042871475,202.0,True,235
123,9,100,0.21863126299183838,157.0,False,235
123,9,100,0.19767135987058282,192.0,True,235
123,9,100,0.16521067335838224,246.0,False,235
123,9,100,0.19713040544891988,151.0,True,235
123,9,100,0.20410467384021674,134.0,False,235
123,9,100,0.1769569349639556,187.0,True,235
123,9,100,0.19527024079945463,242.0,False,235
123,9,100,0.1547042080866439,168.0,True,235
123,9,100,0.17283506139865895,181.0,True,235
123,9,100,0.15929583424985097,191.0,True,235
123,9,100,0.17485076810546857,199.0,True,235
123,9,100,0.1800741919794598,185.0,True,235
123,9,100,0.18803004580347435,184.0,True,235
123,9,100,0.17566295452864775,166.0,True,235
123,9,100,0.18099290374163035,185.0,True,235
123,9,100,0.16348871105798968,216.0,True,235
123,9,100,0.19155414202320042,201.0,True,235
123,9,100,0.24129027833685207,207.0,False,235
123,9,100,0.22767353317502773,132.0,True,235
123,9,100,0.23225746745693274,290.0,True,235
123,9,100,0.19058203427121043,160.0,True,235
123,9,100,0.20852731093080765,218.0,True,235
123,9,100,0.2119766879826784,160.0,True,235
123,9,100,0.21731895355530728,81.0,False,235
123,9,100,0.21841336306461617,121.0,True,235
123,9,100,0.22983265882533677,212.0,False,235
123,9,100,0.2262518373402682,220.0,True,235
123,9,100,0.22128938058179295,167.0,True,235
123,9,100,0.20404009605353735,53.0,False,235
123,9,100,0.20255477482178172,183.0,True,235
123,9,100,0.24375448996822038,192.0,True,235
123,9,100,0.22302521246202875,89.0,False,235
123,9,100,0.21482318821880553,180.0,True,235
123,9,100,0.3355049689610799,96.0,False,235
123,9,100,0.2169929455896342,161.0,True,235
123,9,100,0.29160934503858416,269.0,False,235
123,9,100,0.34342837316352265,86.0,False,235
123,9,100,0.222257240334662,164.0,True,235
123,9,100,0.220590940117836,180.0,True,235
123,9,100,0.2200901951360446,186.0,True,235
123,9,100,0.20619351113664694,145.0,False,235
123,9,100,0.20568434244034275,149.0,True,235
123,9,100,0.20054938768347105,132.0,True,235
123,9,100,0.22960004148383936,72.0,False,235
123,9,100,0.16909728166849716,184.0,True,235
123,9,100,0.20564431041300654,167.0,True,235
123,9,100,0.19992172476691258,284.0,True,235
123,9,100,0.19030678771823817,173.0,True,235
123,9,100,0.3377898833253881,91.0,False,235
123,9,100,0.3307661601790675,108.0,False,235
123,9,100,0.23042460523470484,198.0,True,235
123,9,100,0.21018715473738583,231.0,True,235
123,9,100,0.18398505213359992,240.0,True,235
123,9,100,0.18829733345026528,183.0,True,235
123,9,100,0.21132254998951672,187.0,True,235
123,9,100,0.2190719563975807,242.0,True,235
123,9,100,0.3203924361909373,178.0,False,235
123,9,100,0.2040153028567632,225.0,True,235
123,9,100,0.20419416877568936,255.0,True,235
123,9,100,0.21900522301071568,95.0,True,235
123,9,100,0.24104771006565828,130.0,False,235
123,9,100,0.16570428124180547,189.0,True,235
123,9,100,0.19489665724878205,358.0,False,235
123,9,100,0.21132178825791925,256.0,True,235
123,9,100,0.26271937227552866,157.0,True,235
123,9,100,0.2248897150885768,164.0,True,235
123,9,100,0.24202388161280025,127.0,True,235
123,9,100,0.22711733964885153,164.0,True,235
123,9,100,0.19036464041810694,246.0,True,235
123,9,100,0.22236193472382712,177.0,True,235
123,9,100,0.21881003619863829,257.0,True,235
123,9,100,0.2182451198198672,232.0,False,235
123,9,100,0.24798874979350657,187.0,False,235
123,9,100,0.18379057844088773,254.0,True,235
123,9,100,0.18825859800957176,229.0,True,235
123,9,100,0.23275846997334523,318.0,True,235
123,9,100,0.2517536009494969,173.0,True,235
123,9,100,0.23112631332678873,183.0,True,235
123,9,100,0.24591723193104068,288.0,True,235
123,9,100,0.3286055392488729,413.0,False,235
123,9,100,0.2371254527447175,245.0,False,235
123,9,100,0.2457772320508957,150.0,True,235
123,9,100,0.17669767840246184,113.0,False,235
123,9,100,0.1894568736914178,142.0,False,235
123,9,100,0.5156250609592958,33.0,False,235
123,9,100,0.18616147316205575,322.0,True,235
123,9,100,0.1899828456234241,138.0,True,235
123,9,100,0.21151724158219956,398.0,False,235
123,9,100,0.2167803948792089,238.0,True,235
123,9,100,0.24675796128282643,198.0,False,235
123,9,100,0.1977568539648743,236.0,True,235
123,9,100,0.19320279669643628,202.0,True,235
123,9,100,0.22002639935589305,204.0,True,235
123,9,100,0.2482584079529377,235.0,True,235
123,9,100,0.19915488585550686,267.0,True,235
123,9,100,0.3053751102451122,66.0,False,235
123,9,100,0.19639671029290184,256.0,True,235
123,9,100,0.23099395854247584,74.0,False,235
123,9,100,0.24854280854284072,259.0,True,235
123,9,100,0.17876140049525668,280.0,True,235
123,9,100,0.1905769252669218,221.0,True,235
123,9,100,0.2631841590180668,229.0,False,235
123,9,100,0.2185460456499928,228.0,False,235
123,9,100,0.25652492332916993,208.0,False,235
123,9,100,0.21003802773291178,137.0,False,235
123,9,100,0.2145818562379905,112.0,False,235
123,9,100,0.20875927600367317,87.0,False,235
123,9,100,0.20970178885119303,70.0,False,235
123,9,100,0.20086342299526388,66.0,False,235
123,9,100,0.2210915735539268,85.0,True,235
123,9,100,0.21599976910698798,155.0,False,235
123,9,100,0.2121684745473055,201.0,True,235
123,9,100,0.2633165902104871,232.0,True,235
123,9,100,0.21759679559703288,219.0,True,235
123,9,100,0.24036711703609506,287.0,False,235
123,9,100,0.21388129050463017,71.0,False,235
123,9,100,0.2302530968752433,127.0,False,235
123,9,100,0.2109915363454373,107.0,False,235
123,9,100,0.20172100957181002,74.0,False,235
124,9,150,0.20693510703826218,89.0,True,352
124,9,150,0.24156775897741317,500.0,False,352
124,9,150,0.21891598762353745,328.0,False,352
124,9,150,0.21603213995695114,86.0,False,352
124,9,150,0.2154472584787168,190.0,True,352
124,9,150,0.18124049561775,311.0,True,352
124,9,150,0.18717025121601905,181.0,True,352
124,9,150,0.21514105032651853,39.0,False,352
124,9,150,0.1958063639079531,96.0,False,352
124,9,150,0.1729032554863635,191.0,True,352
124,9,150,0.18104753475313243,173.0,True,352
124,9,150,0.19552001357078552,167.0,False,352
124,9,150,0.19668403155162556,119.0,False,352
124,9,150,0.18811073948704235,211.0,False,352
124,9,150,0.1833332694650437,161.0,True,352
124,9,150,0.20511506062545135,178.0,True,352
124,9,150,0.2004867016591809,264.0,True,352
124,9,150,0.18398204377719335,175.0,True,352
124,9,150,0.16180048691374915,140.0,True,352
124,9,150,0.19778789035094682,186.0,True,352
124,9,150,0.21138970595038398,181.0,True,352
124,9,150,0.1759464160484426,170.0,True,352
124,9,150,0.21457330182374243,249.0,True,352
124,9,150,0.18509853298559129,159.0,True,352
124,9,150,0.23906297678769375,241.0,True,352
124,9,150,0.22945509290265054,194.0,True,352
124,9,150,0.20586691936790544,149.0,True,352
124,9,150,0.20415590710686024,207.0,True,352
124,9,150,0.19802510689516536,366.0,True,352
124,9,150,0.1845322105192369,155.0,True,352
124,9,150,0.2018040075999539,147.0,False,352
124,9,150,0.1764856929881404,198.0,True,352
124,9,150,0.2024268607298533,186.0,True,352
124,9,150,0.2153972871246792,210.0,True,352
124,9,150,0.1881490321592851,275.0,True,352
124,9,150,0.19888204405653662,193.0,True,352
124,9,150,0.21803473970956272,144.0,True,352
124,9,150,0.17435808733422706,282.0,False,352
124,9,150,0.16242681000975595,138.0,True,352
124,9,150,0.2629469102337247,210.0,True,352
124,9,150,0.24255973973113637,193.0,True,352
124,9,150,0.22433843232434372,145.0,True,352
124,9,150,0.2186533151374709,124.0,True,352
124,9,150,0.2036755159895688,187.0,True,352
124,9,150,0.19215329723399982,171.0,True,352
124,9,150,0.2405808504377858,178.0,True,352
124,9,150,0.22996931286020714,132.0,True,352
124,9,150,0.21259440383720846,213.0,True,352
124,9,150,0.2211795560531802,154.0,True,352
124,9,150,0.22083685295768532,166.0,True,352
124,9,150,0.23980245804983244,1031.0,False,352
124,9,150,0.22741421798164357,397.0,True,352
124,9,150,0.2496780114638251,172.0,False,352
124,9,150,0.2381267188059117,419.0,False,352
124,9,150,0.24925750731827315,401.0,False,352
124,9,150,0.2350521115895131,211.0,True,352
124,9,150,0.23088184922933577,200.0,True,352
124,9,150,0.24046703059782928,174.0,True,352
124,9,150,0.2473960628530328,974.0,False,352
124,9,150,0.22628935164378094,253.0,True,352
124,9,150,0.23216601414605975,288.0,False,352
124,9,150,0.25080790198118674,177.0,True,352
124,9,150,0.23295559452808634,196.0,True,352
124,9,150,0.24558141144043807,109.0,True,352
124,9,150,0.22844002555651838,415.0,False,352
124,9,150,0.2402545071512688,262.0,True,352
124,9,150,0.20855751836841757,176.0,True,352
124,9,150,0.20828748089463814,276.0,True,352
124,9,150,0.15446656095046624,153.0,False,352
124,9,150,0.16193880866403165,115.0,True,352
124,9,150,0.21061165738351567,194.0,True,352
124,9,150,0.21763621023388408,229.0,True,352
124,9,150,0.18335762003866526,104.0,False,352
124,9,150,0.19661257323647333,121.0,True,352
124,9,150,0.18213622334624538,119.0,True,352
124,9,150,0.22169623844551317,165.0,True,352
124,9,150,0.23009310020728313,188.0,True,352
124,9,150,0.21831336599073292,162.0,True,352
124,9,150,0.2304912981587452,182.0,True,352
124,9,150,0.2449262992340802,526.0,False,352
124,9,150,0.18735634125590894,209.0,True,352
124,9,150,0.17491517425740807,103.0,True,352
124,9,150,0.17762615524080336,196.0,True,352
124,9,150,0.20760971106387474,185.0,True,352
124,9,150,0.18349259571741092,149.0,True,352
124,9,150,0.23201011172304414,146.0,True,352
124,9,150,0.23596029745584185,176.0,True,352
124,9,150,0.20699167060000556,210.0,True,352
124,9,150,0.1956167690117251,88.0,False,352
124,9,150,0.23959707326832272,420.0,False,352
124,9,150,0.2150171761893477,191.0,False,352
124,9,150,0.21520999693251275,154.0,True,352
124,9,150,0.23424774755245795,189.0,True,352
124,9,150,0.2188737538456917,150.0,False,352
124,9,150,0.23046316346153617,160.0,False,352
124,9,150,0.21762068471410773,182.0,False,352
124,9,150,0.25591999360997425,152.0,False,352
124,9,150,0.2250167213380337,220.0,True,352
124,9,150,0.24536080766987328,151.0,False,352
124,9,150,0.22621881082115403,166.0,True,352
124,9,150,0.2247151369815106,143.0,False,352
124,9,150,0.2585500442860078,245.0,True,352
124,9,150,0.1794301347512948,190.0,True,352
124,9,150,0.1856054741467161,203.0,True,352
124,9,150,0.18709268798710596,142.0,True,352
124,9,150,0.22576197143644094,272.0,True,352
124,9,150,0.17508794909173792,154.0,True,352
124,9,150,0.19014819438258806,60.0,False,352
124,9,150,0.22772397931132998,560.0,False,352
124,9,150,0.23112551153424274,415.0,False,352
124,9,150,0.24359543853943502,327.0,False,352
124,9,150,0.2429871085499014,280.0,True,352
124,9,150,0.21785893488574673,185.0,True,352
124,9,150,0.2452554265400032,231.0,True,352
124,9,150,0.2353032032197172,220.0,True,352
124,9,150,0.22307871240007002,177.0,True,352
124,9,150,0.21940308350783128,104.0,True,352
124,9,150,0.24014857295055814,269.0,True,352
124,9,150,0.1812504172059042,112.0,True,352
124,9,150,0.18749490613117814,128.0,False,352
124,9,150,0.1838982750972112,138.0,True,352
124,9,150,0.19533648280977453,159.0,True,352
124,9,150,0.17512882640206717,123.0,True,352
124,9,150,0.2017328270480164,234.0,True,352
124,9,150,0.24225068776583186,490.0,True,352
124,9,150,0.23373888196035325,283.0,True,352
124,9,150,0.21557026322592387,176.0,True,352
124,9,150,0.2026287481188774,190.0,True,352
124,9,150,0.22431477110244727,152.0,False,352
124,9,150,0.22357085402110755,217.0,True,352
124,9,150,0.20269322341465087,166.0,True,352
124,9,150,0.19759635539039186,152.0,True,352
124,9,150,0.21293712862126238,77.0,True,352
124,9,150,0.20751741646774233,63.0,False,352
124,9,150,0.16918578554582858,181.0,True,352
124,9,150,0.17101796542604764,120.0,True,352
124,9,150,0.2382176357602316,189.0,True,352
124,9,150,0.18616327695548535,200.0,True,352
124,9,150,0.16047485219607563,159.0,True,352
124,9,150,0.17028726497665048,160.0,True,352
124,9,150,0.19661149295403602,188.0,True,352
124,9,150,0.21120846883246774,190.0,True,352
124,9,150,0.16647948118021888,137.0,True,352
124,9,150,0.15807789294950425,155.0,True,352
124,9,150,0.23157000557049034,194.0,False,352
124,9,150,0.1787124850377915,157.0,True,352
124,9,150,0.22757257240754303,186.0,False,352
124,9,150,0.1853657894599156,254.0,True,352
124,9,150,0.19921968692153164,169.0,True,352
124,9,150,0.20832479456601116,173.0,True,352
124,9,150,0.17752205737126178,195.0,True,352
124,9,150,0.24750204804752554,280.0,True,352
124,9,150,0.1967743150461679,174.0,True,352
124,9,150,0.17330885934081056,207.0,True,352
124,9,150,0.18991005021062765,220.0,True,352
124,9,150,0.20828803015660635,158.0,True,352
124,9,150,0.22352429550318492,252.0,True,352
124,9,150,0.23075220881661107,242.0,True,352
124,9,150,0.17429981800924124,289.0,False,352
124,9,150,0.20506256378215293,115.0,True,352
124,9,150,0.1837951404352983,228.0,True,352
124,9,150,0.20323501599801552,185.0,True,352
124,9,150,0.18359347127647285,166.0,False,352
124,9,150,0.18812748555342357,375.0,False,352
124,9,150,0.24133474732230523,167.0,True,352
124,9,150,0.22982327945484138,161.0,True,352
124,9,150,0.19069129266079116,159.0,True,352
124,9,150,0.18647999797828893,243.0,True,352
124,9,150,0.18307407128619638,374.0,True,352
124,9,150,0.18859745685823237,289.0,True,352
124,9,150,0.1989940853200407,234.0,True,352
124,9,150,0.17113680659129868,299.0,False,352
124,9,150,0.17539618006894286,142.0,False,352
124,9,150,0.21306314535916146,203.0,True,352
124,9,150,0.18787402879180654,224.0,True,352
124,9,150,0.2163914899097993,149.0,True,352
124,9,150,0.1786739643065984,262.0,True,352
124,9,150,0.1820276285031713,249.0,True,352
124,9,150,0.25246612055409223,133.0,True,352
124,9,150,0.19039444451208237,154.0,True,352
124,9,150,0.16527402194827912,253.0,True,352
124,9,150,0.22918863209331927,147.0,True,352
124,9,150,0.18880979017505434,179.0,True,352
124,9,150,0.17459942978255602,49.0,False,352
124,9,150,0.19656590357118722,49.0,False,352
124,9,150,0.1870658593783107,193.0,True,352
124,9,150,0.2592062784995868,231.0,True,352
124,9,150,0.2522522626312208,239.0,True,352
124,9,150,0.2236496342693345,236.0,True,352
124,9,150,0.18348033794168542,307.0,True,352
124,9,150,0.1950668376612376,166.0,True,352
124,9,150,0.2025399560686843,232.0,True,352
124,9,150,0.222203231322656,218.0,True,352
124,9,150,0.23060800790786742,175.0,False,352
124,9,150,0.22233986195366262,590.0,False,352
124,9,150,0.22088747895231434,51.0,False,352
124,9,150,0.19524995175274937,275.0,True,352
124,9,150,0.19692634379685814,67.0,False,352
124,9,150,0.20184385302035432,380.0,False,352
124,9,150,0.19558807445391443,262.0,True,352
124,9,150,0.20963057112041397,201.0,True,352
124,9,150,0.20462026924473567,206.0,True,352
124,9,150,0.1974464226284145,243.0,True,352
124,9,150,0.20485149351879955,160.0,True,352
124,9,150,0.24376426738353424,162.0,True,352
124,9,150,0.21089377121691325,326.0,True,352
124,9,150,0.2395413432408262,54.0,False,352
124,9,150,0.18090968884794836,251.0,True,352
124,9,150,0.21070648893293542,319.0,False,352
124,9,150,0.268098883330822,134.0,True,352
124,9,150,0.17277130256429243,209.0,True,352
124,9,150,0.1737033062796483,174.0,True,352
124,9,150,0.17047221104470256,239.0,True,352
124,9,150,0.17554867067816537,179.0,True,352
124,9,150,0.17036558523637438,218.0,True,352
124,9,150,0.18281434606327568,172.0,True,352
124,9,150,0.1908368481552764,292.0,True,352
124,9,150,0.1988470923477018,197.0,True,352
124,9,150,0.23684158457780446,254.0,True,352
124,9,150,0.1717693730492458,107.0,True,352
124,9,150,0.18528209421871963,211.0,True,352
124,9,150,0.16288572251796724,175.0,True,352
124,9,150,0.1901522772115411,206.0,True,352
124,9,150,0.17887621000409126,164.0,False,352
124,9,150,0.18242590760900862,210.0,True,352
124,9,150,0.25312753683183253,205.0,True,352
124,9,150,0.3219422491697165,52.0,False,352
124,9,150,0.31953707999653286,54.0,False,352
124,9,150,0.3048075944185257,10.0,False,352
124,9,150,0.2237754412246554,178.0,True,352
124,9,150,0.23649436158219767,193.0,True,352
124,9,150,0.20957431565509754,178.0,True,352
124,9,150,0.2366365012526512,100.0,True,352
124,9,150,0.21064225208051135,202.0,True,352
124,9,150,0.18950694898764292,225.0,True,352
124,9,150,0.18440723346204174,245.0,True,352
124,9,150,0.2006496564256695,212.0,True,352
124,9,150,0.2058011425338733,157.0,True,352
124,9,150,0.1942144151951862,554.0,False,352
124,9,150,0.18677378883437504,189.0,True,352
124,9,150,0.19576075843078555,263.0,True,352
124,9,150,0.21736884770546366,187.0,False,352
124,9,150,0.20713563607798682,225.0,False,352
124,9,150,0.19411865986573199,192.0,True,352
124,9,150,0.19311312800075145,188.0,True,352
124,9,150,0.18988598058266298,168.0,True,352
124,9,150,0.2110738802318261,214.0,True,352
124,9,150,0.1994851471649276,198.0,True,352
124,9,150,0.23316056359755366,76.0,False,352
124,9,150,0.22212377116084098,20.0,False,352
124,9,150,0.19021565609357574,220.0,True,352
124,9,150,0.20295495797412186,217.0,True,352
124,9,150,0.16880244934665306,224.0,True,352
124,9,150,0.22490452292850752,237.0,True,352
124,9,150,0.20751219341421828,272.0,False,352
124,9,150,0.25448792459985364,347.0,False,352
124,9,150,0.23613943775862822,324.0,False,352
124,9,150,0.23100810717133916,187.0,True,352
124,9,150,0.16324488829213676,141.0,True,352
124,9,150,0.21295428657827298,121.0,False,352
124,9,150,0.2027959876335584,195.0,True,352
124,9,150,0.18761349585321213,225.0,True,352
124,9,150,0.17856486555602816,144.0,True,352
124,9,150,0.23840254526397195,396.0,False,352
124,9,150,0.23597920544263792,205.0,True,352
124,9,150,0.22363465605991814,203.0,True,352
124,9,150,0.2469293235600749,237.0,False,352
124,9,150,0.2833077579533281,293.0,False,352
124,9,150,0.16872824171436168,214.0,True,352
124,9,150,0.22364842137282862,239.0,False,352
124,9,150,0.1748631865885414,244.0,True,352
124,9,150,0.19861297289662014,151.0,True,352
124,9,150,0.19228897711787468,156.0,True,352
124,9,150,0.18827945240165878,115.0,False,352
124,9,150,0.18968719724904406,220.0,True,352
124,9,150,0.2283469800227954,405.0,False,352
124,9,150,0.2308564873128992,434.0,False,352
124,9,150,0.21792767834513913,319.0,True,352
124,9,150,0.17808905708235365,215.0,True,352
124,9,150,0.18708623931786725,214.0,True,352
124,9,150,0.18733045849494817,164.0,True,352
124,9,150,0.18575732379697907,197.0,True,352
124,9,150,0.1928499148786068,200.0,True,352
124,9,150,0.19541118243771993,178.0,True,352
124,9,150,0.21105219554292023,137.0,False,352
124,9,150,0.2927474492164545,86.0,False,352
124,9,150,0.18994191494481316,174.0,True,352
124,9,150,0.2183642201710746,191.0,True,352
124,9,150,0.17665340543231545,136.0,False,352
124,9,150,0.24869474027674277,364.0,False,352
124,9,150,0.23480277043096826,357.0,False,352
124,9,150,0.23648434205026161,164.0,False,352
124,9,150,0.22508416363558212,154.0,True,352
124,9,150,0.21250778346101223,181.0,False,352
124,9,150,0.19243800819472032,216.0,True,352
124,9,150,0.22280465522590948,147.0,True,352
124,9,150,0.18970752079186476,254.0,True,352
124,9,150,0.22932104084451319,118.0,True,352
124,9,150,0.21728003256080686,129.0,True,352
124,9,150,0.19870846257108937,331.0,False,352
124,9,150,0.17612134626037196,209.0,True,352
124,9,150,0.18137425496134646,215.0,True,352
124,9,150,0.21145542649500962,218.0,True,352
124,9,150,0.17971081253107604,111.0,False,352
124,9,150,0.17666884415022288,131.0,False,352
124,9,150,0.22647620120676615,186.0,True,352
124,9,150,0.17457798267332253,207.0,True,352
124,9,150,0.20702672639005892,148.0,True,352
124,9,150,0.20295185647731603,344.0,False,352
124,9,150,0.20755405530023077,192.0,True,352
124,9,150,0.18319265271754975,235.0,True,352
124,9,150,0.18447075203313665,118.0,True,352
124,9,150,0.1925497613363452,154.0,True,352
124,9,150,0.19758182843174554,113.0,True,352
